idx,subset,ref,wr_9A_global_rl_heavy,wr_9A_global_balanced,wr_9A_global_rougel_heavy,wr_9B_lugswa_rl_heavy,wr_9B_lugswa_balanced,wr_9B_lugswa_rougel_heavy,wr_9C_direct_BGE_top5,wr_9C_direct_BGE_top10,wr_9C_direct_BGE_top20,wr_9_routed,wr_stage5_routed
5322,Lug_Uga,"Yee, omuwendo gw’Akawuka akaleeta Siriimu mu musaayi gw’omuntu gukola kinene mu busobozi bwe obw'oku",0.74,0.74,0.74,0.74,0.74,0.74,0.74,0.74,0.74,0.74,0.74
5323,Lug_Uga,Eddoboozi lyo likyuka olw’obusannyalaze bw'omubiri obuba bulikolako ng’oli mu myaka gy’obuvubuka nad,0.74,0.74,0.74,0.74,0.74,0.74,0.74,0.74,0.74,0.74,0.74
5324,Lug_Uga,"Omutindo gw'okumanyisa abantu ku Kawuka akaleeta Siriimu, okusomesa, ne kampeyini bisobola okwawukan",0.74,0.74,0.74,0.74,0.74,0.74,0.74,0.74,0.74,0.74,0.74
5325,Lug_Uga,Embeera ekulembera okugenda mu nsonga etegeeza omugatte gw'obubonero obw'omubiri n'ebirowoozo abantu,0.74,0.74,0.74,0.74,0.74,0.74,0.74,0.74,0.74,0.74,0.74
5326,Lug_Uga,Kiramidiya tasobola kusaasaana kuyita mu nkwatagana eya bulijjo n'abantu okugeza okugwangana mu bifu,0.1217,0.1217,0.1217,0.1217,0.1217,0.1217,0.1217,0.1217,0.1217,0.1217,0.1217
5327,Lug_Uga," Obuwangaazi bw’omuntu alina Akawuka akaleeta Siriimu bwawukana okusinziira ku nsonga ez’enjawulo, o",0.1004,0.1282,0.0936,0.74,0.74,0.74,0.0909,0.0909,0.1004,0.74,0.74
5328,Lug_Uga,"Omwaka 2024 we gwatuukidde, tewannabaawo ddagala likakasiddwa kugema kawuka akaleeta Enziku mu nsi y",0.0333,0.0333,0.0333,0.0809,0.0809,0.0809,0.0333,0.0333,0.0333,0.0809,0.0333
5329,Lug_Uga,Okuzimba n'okukuuma enkolagana ennungi kintu kikulu nnyo mu kubeera n'obulamu obumatiza. Bulijjo man,0.074,0.074,0.0965,0.74,0.74,0.74,0.0759,0.0581,0.0447,0.74,0.0965
5330,Lug_Uga,"Singa ozuulwamu Akawuka akaleeta Siriimu, osobola okuzaala abaana abatakalina! Osobola okufuna obujj",0.0936,0.1673,0.0936,0.1045,0.1045,0.1045,0.0936,0.1891,0.1891,0.1045,0.1045
5331,Lug_Uga,"Yee, kisoboka omuntu okubeera n’Akawuka akaleeta Siriimu nga tamira ddagala likaweweeza, naye kijja ",0.1148,0.1148,0.1148,0.74,0.1148,0.1148,0.1148,0.1148,0.1148,0.74,0.1148
5332,Lug_Uga,"Bw'oba okkiriza nti olwanagana n'ekizibu ky'eddoowo ly'okwegatta era ng'oyagala okukivvuunuka, kikul",0.74,0.74,0.74,0.74,0.74,0.74,0.74,0.74,0.74,0.74,0.74
5333,Lug_Uga,"Yee, eddagala erijjanjaba Akawuka akaleeta Siriimu erimu naddala eryo eriweweeza lisobola okugezza o",0.74,0.74,0.74,0.74,0.74,0.74,0.1007,0.74,0.74,0.74,0.1093
5334,Lug_Uga,Obuwuka obuleeta Obulwadde bw'Ekikaba busobola okuleetera abantu ebizibu eby'enjawulo n'ekitundu oku,0.74,0.74,0.0943,0.74,0.74,0.74,0.74,0.74,0.74,0.74,0.1125
5335,Lug_Uga,"Kizimbibwa ku kwesiga, ekitiibwa, n’empuliziganya, ng'abaagalana bombi bawulira nga balina obukuumi ",0.0793,0.0793,0.0793,0.0302,0.0793,0.0793,0.0172,0.0172,0.0172,0.0302,0.0172
5336,Lug_Uga,Okubeera n’Obuwuka obuleeta Obulwadde bw’Ekikaba kisobola okwongera ku katyabaga k'okukwatibwa oba o,0.74,0.74,0.74,0.74,0.74,0.74,0.1659,0.1659,0.74,0.74,0.1659
5337,Lug_Uga,"Bw’oba olowooza nti mukwano gwo munyiikaavu ng'era alowooza ku ky’okwetta, kikulu nnyo okutwala embe",0.74,0.74,0.74,0.74,0.74,0.74,0.74,0.1013,0.1013,0.74,0.74
5338,Lug_Uga,Okukozesa enkola ey'okwekebera Akawuka akaleeta Siriimu/Siriimu kizingiramu emitendera gino wammanga,0.1044,0.1044,0.1044,0.1044,0.1044,0.1044,0.1044,0.1044,0.1044,0.1044,0.1044
5339,Lug_Uga,"Nedda, okubeera omukovvu oba okuba n’ekika ky’omubiri ekimu tekirina kakwate butereevu na mbeera ya ",0.1295,0.0485,0.0485,0.1178,0.1178,0.1178,0.0485,0.1797,0.1797,0.1178,0.1295
5340,Lug_Uga,"Singa Omusujja gw'ekibumba ogwa B tegujjanjabwa, gusobola okunyiinyiitira era ne guleeta ebizibu bin",0.74,0.74,0.74,0.74,0.74,0.74,0.74,0.74,0.74,0.74,0.74
5341,Lug_Uga,Okwaŋŋanga okukozesa ebiragalalagala kusoomooza nnyo naye waliwo emitendera gy'osobola okuyitamu oku,0.74,0.74,0.74,0.74,0.74,0.74,0.74,0.74,0.0643,0.74,0.74
5342,Lug_Uga,"Si kikyamu okugenda okwekebeza oluvannyuma lw’ekiseera ekitono, gamba nga wiiki 2, bw’oba olina enso",0.74,0.74,0.74,0.74,0.74,0.74,0.74,0.74,0.74,0.74,0.74
5343,Lug_Uga,"Akawuka akaleeta Siriimu kasobola okulwaza abantu ssekinnoomu ab’ebibinja by’omusaayi byonna, era te",0.74,0.74,0.74,0.74,0.74,0.74,0.74,0.74,0.74,0.74,0.74
5344,Lug_Uga,"Bw’oba waakamanya embeera yo, funa obudde okulowooza ku mawulire ago nga tonnasalawo kugagabana na m",0.029,0.0529,0.029,0.063,0.063,0.063,0.063,0.063,0.063,0.063,0.0779
5345,Lug_Uga,Akawuka akaleeta Siriimu vvayiraasi esobola okuvaamu Siriimu singa tejjanjabwa. Omuntu bw’amala okuk,0.74,0.74,0.74,0.74,0.74,0.74,0.1637,0.0871,0.1153,0.74,0.07
5346,Lug_Uga,Akawuka akaleeta Siriimu okusinga kasaasaanyizibwa nga kayita mu mazzi ag'omu mubiri agalimu akawuka,0.1413,0.1413,0.1413,0.74,0.74,0.74,0.1413,0.1413,0.1413,0.74,0.74
5347,Lug_Uga,Kya nnaku okuwulira embeera enzibu omulenzi ono gy'ayitamu. Kikulu okumuyamba n'okumulambika mu kise,0.0696,0.0696,0.0696,0.74,0.74,0.74,0.0696,0.0,0.0,0.74,0.076
5348,Lug_Uga,"Genda mu ddwaliro weekebeze amangu ddala kubanga bw'otandika okufuna obujjanjabi amangu, kikuyamba.",0.0462,0.0462,0.0462,0.2018,0.2018,0.2018,0.0462,0.0462,0.0187,0.2018,0.063
5349,Lug_Uga,Okukebera omwana wo Akawuka akaleeta Siriimu y’engeri yokka enkakafu ey’okumanya oba omwana wo alina,0.1263,0.1263,0.1263,0.0831,0.0831,0.0831,0.1537,0.1537,0.1537,0.0831,0.0673
5350,Lug_Uga,"Weewe obudde okuwona, yogerako n’emikwano gy’olina okufuna obuyambi, era essira lisse ku bulamu bwo.",0.0228,0.0228,0.0228,0.037,0.037,0.037,0.0358,0.037,0.0227,0.037,0.0228
5351,Lug_Uga,Okubeera n’Akawuka akaleeta Siriimu tekitegeeza nti ogenda kufa. Olw’enkulaakulana mu bujjanjabi nad,0.1196,0.1106,0.1196,0.1233,0.1233,0.1233,0.1497,0.1233,0.1233,0.1233,0.1233
5352,Lug_Uga,"""Kiramidiya era amanyiddwa ng'Akawuka ka Kiramidiya akalwaza Ebitundu by'ekyama n'omuyitiro gw'omusu",0.1217,0.1217,0.1217,0.74,0.74,0.74,0.1217,0.1533,0.1533,0.74,0.1035
5353,Lug_Uga,Okukola ku nkyukakyuka ezijja ku lususu nga embalabe oba olususu okubaako ekirungo ekiseerera bituuk,0.0748,0.0736,0.0736,0.0736,0.0736,0.0736,0.0736,0.0736,0.0736,0.0736,0.0736
5354,Lug_Uga,"Embeera gy’onnyonnyolako, abantu ssekinnoomu mwe bayinza okubeerera n’emboozi ezikwata ku birowoozo ",0.74,0.74,0.74,0.74,0.74,0.74,0.74,0.74,0.74,0.74,0.74
5355,Lug_Uga,Okwenyigira mu kwegatta n'omuntu awangaala n'Akawuka akaleeta Siriimu tekukuteeka mu katyabaga ka ku,0.74,0.74,0.74,0.74,0.74,0.74,0.74,0.079,0.1314,0.74,0.74
5356,Lug_Uga,Bw’oba weenyigidde mu kwegatta n’omuntu gw’oteebereza oba gw’omanyi nti alina Akawuka akaleeta Sirii,0.1545,0.1545,0.1545,0.1545,0.1545,0.1545,0.1545,0.1545,0.1545,0.1545,0.1545
5357,Lug_Uga,Kiramidiya era amanyiddwa nga Akawuka ka Kiramidiya akalwaza Ebitundu by'ekyama n'omuyitiro gw'omusu,0.74,0.74,0.74,0.74,0.74,0.74,0.0804,0.0804,0.0804,0.74,0.0804
5358,Lug_Uga,"Akawuka akaleeta Siriimu okusinga kasiigirwa mu makubo ag’enjawulo, era akabi k’okusiigibwa okuva ku",0.1138,0.1516,0.084,0.74,0.1516,0.1516,0.1516,0.1516,0.1516,0.74,0.1523
5359,Lug_Uga,"Obulwadde buno obwa Kisipi akwata Ebitundu by'ekyama oba Akawuka ka Vvayiraasi akaleeta Kisipi, era ",0.3042,0.3042,0.3042,0.3042,0.3042,0.3042,0.3042,0.3042,0.3042,0.3042,0.1415
5360,Lug_Uga,Obungi bw'akawuka ka vvayiraasi akali mu musaayi n'omuwendo gw'obutaffaali obulwanyisa Akawuka akale,0.74,0.74,0.74,0.74,0.74,0.74,0.148,0.148,0.2677,0.74,0.74
5361,Lug_Uga,Okuyamba omuntu ow'olubuto awanduse mu ssomero era asanga okuwakanyizikwa okuva mu bazadde be kiyinz,0.74,0.74,0.74,0.74,0.74,0.74,0.74,0.74,0.74,0.74,0.0651
5362,Lug_Uga,"Obulumi obw’amaanyi, omusujja ogw’amaanyi oba okuvaamu omusaayi mu bibuno mu ngeri etaali ya bulijjo",0.111,0.111,0.111,0.0949,0.0949,0.0949,0.0949,0.0949,0.111,0.0949,0.0667
5363,Lug_Uga,"We butuukidde mu 2025, nga tewannabaawo ddagala ligema Kiramidiya oba amanyiddwa nga Akawuka ka Kira",0.152,0.152,0.152,0.74,0.74,0.74,0.1339,0.1339,0.152,0.74,0.3139
5364,Lug_Uga,"Nedda, si kirungi kwegatta nga teweetangidde ng’oli ku ddagala lya PEP. PEP ddagala eriziyiza Akawuk",0.74,0.74,0.74,0.74,0.74,0.74,0.74,0.74,0.74,0.74,0.74
5365,Lug_Uga,Okubeera n'omuntu alina Akawuka akaleeta Siriimu kiyinza okuleeta okusoomoozebwa okw'enjawulo n'emik,0.74,0.74,0.74,0.74,0.74,0.74,0.74,0.74,0.74,0.74,0.74
5366,Lug_Uga,Kino kitegeeza ekiseera okuva lwe wakwatibwa akawuka okutuuka lwe kasobola okuzuulibwa mu mubiri gwo,0.137,0.137,0.137,0.74,0.74,0.74,0.74,0.137,0.137,0.74,0.0529
5367,Lug_Uga,Akatyabaga k'okukwatibwa Akawuka akaleeta Siriimu kasingako nga weegattidde awava obubi n'omuntu aka,0.141,0.141,0.141,0.141,0.141,0.141,0.141,0.141,0.141,0.141,0.141
5368,Lug_Uga,Obusannyalaze bw'omubiri naddala estrogen (abawala) ne testosterone (abalenzi) bukola kinene ku biro,0.1966,0.1966,0.1966,0.1966,0.74,0.1966,0.1966,0.1966,0.1966,0.1966,0.1966
5369,Lug_Uga,Okukwatibwa kw'obuwuka obufunibwa okuyita ku mu kwegatta. Era busobola okusaasaanyizibwa mu biseera ,0.1189,0.1189,0.1189,0.74,0.1189,0.74,0.1189,0.0336,0.0517,0.74,0.0779
5370,Lug_Uga,Okukola eddagala eriwangaala eriwonya Akawuka akaleeta Siriimu kibadde kigendererwa kinene eky’okuno,0.1975,0.1975,0.1975,0.74,0.74,0.74,0.1184,0.74,0.1975,0.74,0.0841
5371,Lug_Uga,Obwetaavu bwo obw'okwekebeza okwekuusa ku by'okwegatta buzinziira ku katyabaga k'olina ak'okufuna Ob,0.1218,0.1106,0.1106,0.1106,0.1106,0.1106,0.0517,0.0712,0.0712,0.1106,0.1106
5372,Lug_Uga,Kiramidiya era amanyiddwa nga Akawuka ka Kiramidiya akalwaza Ebitundu by'ekyama n'omuyitiro gw'omusu,0.74,0.74,0.74,0.74,0.74,0.74,0.74,0.74,0.1039,0.74,0.74
5373,Lug_Uga,Okuwulira nga oli wekka oba nga weeyawudde ku balala mu kiseera ky'okuvubuka kusobola okubaawo olw’e,0.74,0.74,0.74,0.74,0.74,0.74,0.74,0.74,0.74,0.74,0.74
5374,Lug_Uga,Weekebeze olubuto era oyogereko n'omuntu omukulu oba ow'ebyobulamu okufuna obuyambi n'amagezi.,0.0317,0.0317,0.0317,0.1233,0.1233,0.74,0.0569,0.0548,0.0317,0.1233,0.0317
5375,Lug_Uga,Tewali ddagala liwonyeza ddala Kawuka akaleeeta Siriimu ng’oggyeeko eddagala erikaweweezaako. Enkola,0.74,0.74,0.74,0.74,0.74,0.74,0.74,0.74,0.74,0.74,0.74
5376,Lug_Uga,"Okwegatta nga tolina nkola ekiziyiza, gamba nga akapiira, kitera okuyitibwa ""okwegatta kw'obuteetang",0.0905,0.1365,0.0905,0.0967,0.0967,0.0967,0.0763,0.0905,0.1065,0.0967,0.0967
5377,Lug_Uga,"Yee, eddagala erigema erya bacille Calmette-Guérin (BCG) lisobola okukuuma omuntu okuva eri endwadde",0.0844,0.0844,0.0844,0.0661,0.0661,0.0661,0.0661,0.0661,0.0661,0.0661,0.0661
5378,Lug_Uga,"Okubeera n'omuntu alina Akawuka akaleeta Siriimu kyetaagisa okutegeera, okuyamba, n'okubeera omwegen",0.1161,0.1161,0.1161,0.112,0.112,0.112,0.1182,0.1635,0.1142,0.112,0.1182
5379,Lug_Uga,"Yee, Akawuka akaleeta Siriimu/Siriimu bisobola okuleeta enkyukakyuka mu mbeera nga ekimu ku bikosa o",0.1458,0.1458,0.1649,0.74,0.1649,0.1649,0.1649,0.1649,0.1649,0.74,0.1649
5380,Lug_Uga,Obuwuka obuleeta obulwadde bunnakigwanyizi bwe bulwadde obusinga okubalukawo era nga businga kuba bw,0.0884,0.153,0.0884,0.74,0.74,0.74,0.153,0.153,0.153,0.74,0.153
5381,Lug_Uga,Okulumwa omutwe emirundi egiwerako ekiro n’okutuuyana byokka si bubonero bw'Akawuka akaleeta Siriimu,0.1233,0.1123,0.1233,0.74,0.74,0.74,0.74,0.1247,0.1123,0.74,0.74
5382,Lug_Uga,"Yee, gy'okoma okubeera n'ababeezi abangi, gy'okoma okubeera n'emikisa mingi egy'okukwatibwa Obuwuka ",0.1025,0.0257,0.1025,0.1644,0.0612,0.0612,0.0257,0.0257,0.1025,0.1644,0.1644
5383,Lug_Uga,Waliwo ebikozesebwa bingi ebisobola okukozesebwa okufuna obuyambi n'okuyiga ebisingawo ku Kawuka aka,0.74,0.74,0.74,0.74,0.74,0.74,0.74,0.74,0.74,0.74,0.74
5384,Lug_Uga,Okugyisa abalwadde b'Akawuka akaleeta Siriimu mu mbeerabantu kyetaagisa okusobola okukendeeza ku kub,0.0701,0.109,0.1304,0.109,0.109,0.109,0.0813,0.1304,0.1304,0.109,0.0863
5385,Lug_Uga,"Beera wa mazima era omulambulukufu ku ky'owulira, era okakase nti mboozi ya bukkakkamu.",0.0239,0.0315,0.0239,0.1057,0.1057,0.1057,0.0389,0.0239,0.0239,0.1057,0.0548
5386,Lug_Uga,"Engeri esinga ey'okwetangira okukwatibwa Akawuka akaleeta Siriimu kwe kwewala okwegatta. Wabula, bw’",0.1152,0.1152,0.1152,0.1161,0.1161,0.1161,0.1476,0.1476,0.1459,0.1161,0.109
5387,Lug_Uga,Okwemazisa nkola kya bulijjo era ekya bukaba abantu bangi kye beenyigiramu era kitera okutwalibwa ng,0.74,0.74,0.74,0.74,0.74,0.74,0.74,0.74,0.74,0.74,0.74
5388,Lug_Uga,"Nedda, Akawuka akaleeta Siriimu tekasobola kuwonyezebwa mu ssaawa 24 oluvannyuma lw’okwegatta oba ek",0.1781,0.74,0.1091,0.74,0.74,0.74,0.155,0.155,0.155,0.74,0.1091
5389,Lug_Uga,"Okusookera ddala, kyannaku okuwulira nti obuuza ku kino naye ndiwo kukuwa bubaka nga bwe kyetaagisa.",0.0484,0.0484,0.0484,0.74,0.74,0.74,0.74,0.0484,0.0484,0.74,0.0588
5390,Lug_Uga,Ebiseera ebisinga kikubirizibwa abakyala abalina Akawuka akaleeta Siriimu okuzaala mu ngeri ey'obuto,0.1147,0.1147,0.1147,0.74,0.74,0.74,0.1147,0.1147,0.1147,0.74,0.1147
5391,Lug_Uga,"Okukolagana n’emikwano egirina obulwadde obusiigibwa, gamba nga Akawuka akaleeta Siriimu, KKOVIDI-19",0.74,0.74,0.74,0.74,0.74,0.74,0.74,0.1191,0.0967,0.74,0.74
5392,Lug_Uga,"Yee, kisoboka ddala abantu ssekinnoomu okuba nga tebafunangako lubuto era obutafuna lubuto mu kiseer",0.74,0.74,0.74,0.74,0.74,0.74,0.74,0.1037,0.1037,0.74,0.74
5393,Lug_Uga,Okukomolebwa kw'abaami okw'ekisawo kusobola okuwa omwami obukuumi obw’ekitundu obulamu bwe bwonna ok,0.0925,0.0925,0.0925,0.0867,0.148,0.148,0.0925,0.0925,0.0867,0.0867,0.148
5394,Lug_Uga,Engeri yokka ey’okwewalira ddala Kiramidiya era amanyiddwa nga Akawuka ka Kiramidiya akalwaza Ebitun,0.74,0.74,0.74,0.74,0.74,0.74,0.1814,0.1814,0.1814,0.74,0.74
5395,Lug_Uga,"Okuzuula w’oyinza okufuna obujjanjabi bwa Kisipi, weebuuze ku musawo wo ku bujjanjabi ki obuli mu ki",0.0128,0.0459,0.0459,0.74,0.74,0.74,0.0476,0.0297,0.0459,0.74,0.0476
5396,Lug_Uga,"Nedda, Obuwuka obuleeta Obulwadde bw'Ekikaba tebusobola kusaasaanyizibwa kuyita mu masimu; busaasaan",0.2368,0.2368,0.2368,0.2368,0.2368,0.2368,0.2368,0.2368,0.2368,0.2368,0.0881
5397,Lug_Uga,"Akawuka akaleeta Siriimu n'okubeera olubuto bintu bibiri bya njawulo ennyo, era si kituufu kugeraage",0.1057,0.0965,0.0965,0.74,0.74,0.74,0.1336,0.1336,0.1036,0.74,0.0774
5398,Lug_Uga,"Yee, Omusujja gw'ekibumba ogwa B okusinga gusaasaanyizibwa singa omusaayi, amazzi g'ekisajja, oba am",0.1734,0.1734,0.1734,0.74,0.74,0.74,0.3289,0.2186,0.1734,0.74,0.74
5399,Lug_Uga,Kya nnaku okuwulira nti maama wo yafa. Singa weekengera nti maama wo ayinza okuba nga yafa Akawuka a,0.74,0.74,0.74,0.74,0.74,0.74,0.1327,0.1327,0.74,0.74,0.1118
5400,Lug_Uga,"Kikulu okutangaaza nti abantu abawangaala n'Akawuka akaleeta Siriimu/Siriimu mu butuufu, bantu ""ba b",0.1036,0.1036,0.1036,0.74,0.74,0.74,0.1036,0.1036,0.1036,0.74,0.1036
5401,Lug_Uga,Okubeera n'omuntu alina Akawuka akaleeta Siriimu kiyinza okuleeta okusoomoozebwa okw'enjawulo n'emik,0.1176,0.1248,0.1176,0.1726,0.1726,0.1726,0.1726,0.1726,0.1176,0.1726,0.0921
5402,Lug_Uga,Abaami bajja kusabibwanga okuwaayo sampolo y'omusulo oba swab eyinza okukozesebwa okufuna sampolo y',0.0901,0.0901,0.0901,0.0508,0.0508,0.0508,0.0901,0.0625,0.0625,0.0508,0.0508
5403,Lug_Uga,Emyaka gy'okutandikirako okugenda mu nsonga gyawukana okusinziira ku muntu. Gitera kutandika wakati ,0.1491,0.1491,0.1491,0.74,0.74,0.74,0.0915,0.0915,0.147,0.74,0.0915
5404,Lug_Uga,Singa olina Akawuka akaleeta Siriimu era ng’oyagala okuganza oba okukola omukwano ogulimu okwegatta ,0.097,0.097,0.097,0.74,0.74,0.74,0.1402,0.1402,0.74,0.74,0.097
5405,Lug_Uga,Obulwadde bwa Kisipi buleeta ebizibu bingi okusinziira ku mbeera y'omubiri n'embeera y'omuntu akwati,0.1057,0.1057,0.74,0.74,0.74,0.74,0.74,0.74,0.74,0.74,0.74
5406,Lug_Uga,Obusannyalaze bw'omubiri busobola okufuga enneewulira yo ey’okwegomba okwegatta n'obwagazi bwo ng’ol,0.1639,0.1639,0.1639,0.2147,0.2147,0.2147,0.1126,0.1126,0.1126,0.2147,0.1126
5407,Lug_Uga,"Yee, Akawuka akaleeta Siriimu we kali. Akawuka akaleeta Siriimu kanoonyerezeddwako nnyo era nga kaba",0.74,0.74,0.74,0.74,0.74,0.74,0.74,0.1244,0.1244,0.74,0.74
5408,Lug_Uga,Ebiseera ebisinga kikubirizibwa abakyala abalina Akawuka akaleeta Siriimu okuzaala mu ngeri ey'obuto,0.1057,0.1057,0.1057,0.74,0.74,0.74,0.74,0.1221,0.1057,0.74,0.74
5409,Lug_Uga,Obuwuka obuleeta Endwadde z’Ekikaba tebuviirako Siriimu oba Akawuka akamuleeta bwo kennyini. Wabula ,0.1194,0.1194,0.74,0.74,0.74,0.74,0.74,0.74,0.1712,0.74,0.1194
5410,Lug_Uga,Osobola okufuna Kabootongo ng’okwatagana butereevu n’ekiwundu k'oyo amulina. Enkwatagana eno esobola,0.74,0.74,0.74,0.74,0.74,0.74,0.118,0.74,0.74,0.74,0.0705
5411,Lug_Uga,"Yee, Akawuka akaleeta Siriimu kasobola okusiigibwa okuyita mu kwegattira awava obubi  singa embeera ",0.74,0.74,0.74,0.74,0.74,0.74,0.74,0.74,0.74,0.74,0.1362
5412,Lug_Uga,Ekigendererwa ekikulu eky’enkola z’ekizaalaggumba kya kutangira kufuna mbuto. Waliwo enkola z'ekizaa,0.0558,0.0366,0.0558,0.0558,0.0558,0.0558,0.0906,0.0906,0.0558,0.0558,0.07
5413,Lug_Uga,"Okukebera Kiramidiya kuzuula bbakitiiriya ereeta Kiramidiya, Akawuka akaleeta Obulwadde bw'Ekikaba, ",0.74,0.74,0.74,0.74,0.74,0.74,0.0818,0.0818,0.0818,0.74,0.74
5414,Lug_Uga,Akawuka akaleeta Siriimu ne Siriimu mbeera za bujjanjabi ddala nga zirina emitendera egy’enjawulo. E,0.1458,0.1458,0.1458,0.1366,0.1366,0.0802,0.1389,0.1366,0.1366,0.1366,0.1366
5415,Lug_Uga,Amabeere galimu Akawuka akaleeta Siriimu kale kasobola okuyingira mu mubiri gw’omwana singa maama ab,0.0359,0.0359,0.0359,0.74,0.74,0.74,0.2581,0.0359,0.0359,0.74,0.0396
5416,Lug_Uga,Buno bwe bumu ku bukodyo bw'okulabirira enjala n'obuyonjo mu kiseera ky'okuvubuka: Okusala enjala: K,0.74,0.74,0.1067,0.74,0.74,0.74,0.74,0.74,0.74,0.74,0.74
5417,Lug_Uga,"Kya bulijjo okuwulira ng'oyagala omuntu, naye kikulu okuteekawo ensalo n’okussa essira ku misomo gyo",0.0167,0.0167,0.0,0.0228,0.0228,0.0228,0.0228,0.0228,0.0228,0.0228,0.0228
5418,Lug_Uga,Kizibu okuziyiza akafuba kubanga kasobola okukwata omuntu nga kayita mu mpewo. Bw’oba olina Akawuka ,0.1092,0.0848,0.74,0.74,0.74,0.74,0.1092,0.1092,0.0593,0.74,0.054
5419,Lug_Uga,"Okwewala okwegatta nga tonnafumbirwa kikusalawo wa muntu ssekinnoomu okusinziira ku by'oyagala, by'o",0.0666,0.0666,0.0329,0.74,0.74,0.74,0.0416,0.0416,0.0416,0.74,0.0427
5420,Lug_Uga,"Ensawo z'amagi agazaala: Mu kiseera ky’obuvubuka, ensawo z'amagi agazaala zitandika okukula ne ziful",0.74,0.74,0.74,0.74,0.74,0.74,0.0731,0.1099,0.1099,0.74,0.1003
5421,Lug_Uga,"Yee, Obusannyalaze bw'omubiri busobola okukosa enneeyisa yo n’obunnamuntu bwo ng’oli mu myaka gy’obu",0.1498,0.1498,0.1498,0.74,0.74,0.74,0.1498,0.1498,0.1498,0.74,0.1155
5422,Lug_Uga,Obupiira bw'abaami n'abakyala busobola okukola obulungi mu kutangira Akawuka akaleeta Siriimu nga bu,0.74,0.74,0.74,0.74,0.74,0.74,0.74,0.74,0.74,0.74,0.74
5423,Lug_Uga,"Okwenyigira mu kikolwa ky'okwegatta nga teweetangidde kiyinza okubeera n'emiganyulo ate n'obuzibu, e",0.74,0.74,0.74,0.74,0.74,0.74,0.74,0.74,0.0605,0.74,0.74
5424,Lug_Uga,Emboozi y'okwogera ku embeera ku Kawuka akaleeta Siriimu eri omubeezi wo esobola okuba nga ya kwegen,0.74,0.1079,0.1079,0.74,0.74,0.74,0.74,0.74,0.74,0.74,0.74
5425,Lug_Uga,"Okukwatibwa ebika by'Akawuka akaleeta Siriimu ebisukka ku kimu kiyitibwa ""okulwalannakabirye"". Embee",0.1003,0.1003,0.1003,0.1368,0.1368,0.1368,0.1941,0.1368,0.1057,0.1368,0.1368
5426,Lug_Uga,Obwagazi bw'okwegatta kitundu kya butonde era kya bulijjo ku bulamu bw'omutu ne ku bwongo. Kiyinza o,0.149,0.149,0.149,0.74,0.74,0.74,0.74,0.74,0.74,0.74,0.1179
5427,Lug_Uga,Okwongera n'omuntu ku mbeera ye ku  Kawuka akaleeta Siriimu kusobola okuba ensonga y'okukwata n'obwe,0.1229,0.74,0.1229,0.74,0.74,0.74,0.74,0.74,0.74,0.74,0.1184
5428,Lug_Uga,"""P2"" linnya erikozesebwa ennyo ery'enkola ekozesebwa okuziyiza okufuna olubuto, era era erimanyiddwa",0.74,0.1325,0.1652,0.74,0.74,0.74,0.74,0.74,0.1652,0.74,0.74
5429,Lug_Uga,Akawuka akaleeta Siriimu/Siriimu si kya kugereesa; mbeera ya kisawo ewandiikiddwako obulungi era eno,0.0892,0.0892,0.0892,0.74,0.74,0.74,0.1573,0.0892,0.0892,0.74,0.1573
5430,Lug_Uga,"Okusooka, weebuuze ku musawo wo, wadde ng'obujjanjabi bwa Tuliici buzingiramu okukozesa eddagala eri",0.74,0.74,0.74,0.74,0.74,0.74,0.74,0.74,0.74,0.74,0.74
5431,Lug_Uga,Akawuka akaleeta Siriimu okusinga kasiigibwa okuyita mu kukwatagana n’amazzi ag’omubiri ag’enjawulo ,0.74,0.74,0.74,0.74,0.74,0.74,0.74,0.74,0.74,0.74,0.74
5432,Lug_Uga,PEP ow'Akawuka akaleeta Siriimu akubirizibwa nnyo okukozasebwa abantu ssekinnoomu abadde mu mbeera e,0.74,0.74,0.74,0.74,0.74,0.74,0.74,0.74,0.74,0.74,0.74
5433,Lug_Uga,Okusalawo okufuna muganzi wo omulezi mwegatte kya kusalawo kya buntu nnyo era nga tekirina kwesigama,0.74,0.74,0.74,0.74,0.74,0.74,0.74,0.74,0.74,0.74,0.74
5434,Lug_Uga,"Kiramidiya, era amanyiddwa Akawuka ka Kiramidiya akalwaza Ebitundu by'ekyama n'omuyitiro gw'omusulo,",0.74,0.74,0.74,0.74,0.74,0.74,0.74,0.74,0.74,0.74,0.74
5435,Lug_Uga,Ekiseera omuntu omulwadde mw’asobolera okusiiga abalala Akawuka akaleeta Siriimu kiyitibwa ekiseera ,0.1669,0.1669,0.0994,0.74,0.1338,0.74,0.1184,0.1026,0.1781,0.74,0.1416
5436,Lug_Uga,Kiramidiya era amanyiddwa nga Akawuka ka Kiramidiya akalwaza Ebitundu by'ekyama n'omuyitiro gw'omusu,0.74,0.74,0.74,0.74,0.74,0.74,0.74,0.74,0.74,0.74,0.74
5437,Lug_Uga,Endowooza y'okuba nti okwegatta kuli mu kufuuka ekintu ensonga enkukunavu ennyo mu ngeri abantu b'om,0.073,0.073,0.073,0.74,0.74,0.74,0.74,0.74,0.74,0.74,0.74
5438,Lug_Uga,Enkola z'embeerabantu ez'okuziyiza Akawuka akaleeta Siriimu ziraze nti zikola bulungi ddala mu kutan,0.184,0.184,0.184,0.184,0.184,0.184,0.0784,0.0784,0.0784,0.184,0.1028
5439,Lug_Uga,Okumanya oba omuntu alina Akawuka akaleeta Siriimu oba nedda nga tamanyi oba nga takkirizza kikyamu ,0.1259,0.1259,0.1259,0.74,0.1259,0.1259,0.1259,0.1259,0.1644,0.74,0.1259
5440,Lug_Uga,Okutangira okusiigibwa Akawuka akaleeta Siriimu nga weegatta n’omuntu Akawuka akaleeta Siriimu kyeta,0.74,0.1048,0.1048,0.74,0.74,0.74,0.1048,0.1048,0.1443,0.74,0.74
5441,Lug_Uga, Kya nnaku okuwulira embeera mw'oyita. Kikulu okukinogaanya nti bamaama tebakigenderera kusiiga baan,0.0984,0.0984,0.0984,0.74,0.74,0.74,0.74,0.74,0.0925,0.74,0.0885
5442,Lug_Uga,"Bw’oba owulira obutebenkevu n'essanyu, oyinza okuba ng'oli mwetegefu, noolwekyo weesige empulira yo.",0.0,0.0,0.0,0.1644,0.1644,0.1644,0.0,0.0,0.0,0.1644,0.1644
5443,Lug_Uga,Okubeera olubuto kitera okuwerekerwako obubonero obw'enjawulo wadde nga buno butera okukyuka okuva k,0.74,0.74,0.74,0.74,0.74,0.74,0.74,0.74,0.74,0.74,0.0933
5444,Lug_Uga,Enkola eweweeza ku Kawuka akaleeta Siriimu bwe bujjanjabi obw’omutindo eri abantu ssekinnoomu abawan,0.084,0.137,0.084,0.74,0.74,0.74,0.137,0.137,0.084,0.74,0.74
5445,Lug_Uga,Kisipi asobola kuzuulibwa mu ddwaaliro mwokka. Tosobola kumukeberera waka oba ng’okozesa enkola yonn,0.74,0.74,0.0481,0.74,0.74,0.74,0.1165,0.1165,0.1165,0.74,0.74
5446,Lug_Uga,"Okugabana n'omuntu engoye ka kibeere obuwale ezoomunda oba eza bulijjo, kiyinza okukosa obulamu okus",0.74,0.74,0.74,0.74,0.74,0.74,0.1178,0.1178,0.74,0.74,0.0686
5447,Lug_Uga,"Okwasanguza embeera y'omuntu ku Kawuka akaleeta Siriimu kusalawo kwa buntu nnyo, era ng'eddaala ly'o",0.74,0.74,0.74,0.74,0.74,0.74,0.74,0.74,0.74,0.74,0.74
5448,Lug_Uga,Okufuna obulwadde bwa Kisipi ow’ebitundu by’ekyama mu kiseera ng’oli lubuto kikwanyiziddwa n'okuvaam,0.74,0.74,0.74,0.74,0.74,0.74,0.74,0.74,0.74,0.74,0.0969
5449,Lug_Uga,Kiramidiya era amanyiddwa nga Akawuka ka Kiramidiya akalwaza Ebitundu by'ekyama n'omuyitiro gw'omusu,0.178,0.178,0.178,0.74,0.74,0.74,0.74,0.178,0.1299,0.74,0.178
5450,Lug_Uga,Kikulu okukeberebwa Akawuka akaleeta Siriimu ng’omukwano gutandika kubanga mu ngeri eyo ojja kumanya,0.74,0.74,0.74,0.74,0.74,0.74,0.74,0.74,0.74,0.74,0.74
5451,Lug_Uga,"Yee, eddagala erijjanjaba Akawuka akaleeta Siriimu erimu naddala eryo eriweweeza lisobola okugezza o",0.1047,0.1047,0.1047,0.74,0.74,0.74,0.1031,0.0761,0.0835,0.74,0.0835
5452,Lug_Uga,Enzikiriza nti abasajja bali ku kigero kya wansi eky’okukwatibwa Akawuka akaleeta Siriimu si ntuufu ,0.74,0.74,0.74,0.74,0.74,0.74,0.74,0.74,0.74,0.74,0.74
5453,Lug_Uga,Enteekateeka ez'okuwa abawala ppamba w'ekikyala ziyinza okuba n'emiganyulo egiwerako mu kumalawo ebi,0.74,0.74,0.74,0.74,0.74,0.74,0.74,0.74,0.74,0.74,0.74
5454,Lug_Uga,"Nedda, okunaaba mu bukyala ne sooda wa Coca-Cola oba ekyokunywa oba ekintu ekirala kyonna tekujja ku",0.74,0.74,0.74,0.74,0.74,0.74,0.0715,0.0715,0.0715,0.74,0.0567
5455,Lug_Uga,Okuwulira okweraliikirira oba okutya olw’okutandika okuvubuka kya bulijjo ddala. Kiseera kya nkyukak,0.74,0.74,0.74,0.74,0.74,0.74,0.1279,0.74,0.74,0.74,0.74
5456,Lug_Uga,Okugera ekiseera ky'okuddamu okwekebeza okuva ku kukeberebwa okwasooka kwawukana okusinziira ku mbee,0.1254,0.1233,0.1233,0.1525,0.1525,0.1525,0.1125,0.1125,0.1087,0.1525,0.1525
5457,Lug_Uga,"Bw’oba waakamanya embeera yo, funa obudde okulowooza ku mawulire ago nga tonnasalawo kugagabana na m",0.0987,0.0987,0.0987,0.74,0.74,0.74,0.0987,0.0987,0.0987,0.74,0.029
5458,Lug_Uga,"Okubeera n'omuntu alina Akawuka akaleeta Siriimu kyetaagisa okutegeera, okuyamba, n'okubeera omwegen",0.1407,0.1635,0.1635,0.1586,0.1586,0.1586,0.1586,0.1586,0.1635,0.1586,0.1314
5459,Lug_Uga,"Okwekebeza Akawuka akaleeta Siriimu si kya buwaze mu bifo n’embeera ezisinga obungi, naye kirungi nn",0.0668,0.1293,0.1293,0.74,0.74,0.74,0.74,0.74,0.1542,0.74,0.175
5460,Lug_Uga,Omusujja gw'ekibumba ogwa B guyinza okutangirwa nga gugemebwa n'eddagala ettuufu erikola ebitundu ki,0.74,0.74,0.74,0.74,0.74,0.74,0.74,0.74,0.74,0.74,0.0838
5461,Lug_Uga,"Okuvaamu olubuto kwe kufiirwa olubuto ng’omwana alimu tannatuuka kubeera mulamu nga tali mu lubuto, ",0.74,0.74,0.74,0.74,0.74,0.74,0.74,0.74,0.74,0.74,0.74
5462,Lug_Uga,Okukozesa PrEP ne PEP nga bwe kiragiddwa omusawo okutwalira awamu tekulina bulabe era kukola bulungi,0.74,0.74,0.74,0.74,0.74,0.74,0.74,0.74,0.74,0.74,0.74
5463,Lug_Uga,"Mu butonde, si kikyamu okuganza oba okubeera mu mukwano n’omuntu alina Obuwuka obuleeta Endwadde z'E",0.236,0.236,0.236,0.0972,0.0972,0.0972,0.236,0.236,0.236,0.0972,0.0797
5464,Lug_Uga,Ekiseera ekyetaagisa okuwonya oba okujjanjaba obulungi Obuwuka obuleeta Obulwadde bw'Ekikaba kisinzi,0.74,0.74,0.74,0.74,0.74,0.74,0.1041,0.1041,0.1041,0.74,0.1175
5465,Lug_Uga,"Enkazi: Estrogen: Ekolebwa okusinga mu nkwaso, estrogen y’avunaanyizibwa ku kukula kw’engeri z’okweg",0.0718,0.0724,0.0718,0.74,0.0724,0.0724,0.0718,0.0718,0.0718,0.74,0.0724
5466,Lug_Uga,Omwana azaaliddwa ne Kisipi asobola okujjanjabibwa n'atereera. Kisipi tawonera ddala naye asobola ok,0.0925,0.0925,0.0925,0.0925,0.0925,0.0925,0.0949,0.0925,0.0925,0.0925,0.1072
5467,Lug_Uga,"Yee, kya bulijjo okufuna obulumi mu lubuto mu kiseera ky'okubeera mu nsonga z'ekikyala, era kiyitibw",0.0917,0.0917,0.0917,0.74,0.74,0.74,0.74,0.74,0.74,0.74,0.74
5468,Lug_Uga,Empeereza z'okubudaabuda abantu ku Kawuka akaleeta Siriimu ziyinza okubaawo ku bwereere oba ku ssent,0.74,0.1633,0.74,0.74,0.74,0.74,0.74,0.74,0.74,0.74,0.74
5469,Lug_Uga,"Yee, ebintu ebikozesebwa mu kulabirira olususu nga ebiziyinza olususu okukala n'ebiziyiza omusana by",0.74,0.74,0.74,0.74,0.74,0.74,0.74,0.74,0.74,0.74,0.74
5470,Lug_Uga,Enkola eweweeza ku Kawuka akaleeta Siriimu bwe bujjanjabi obw’omutindo eri abantu ssekinnoomu abawan,0.74,0.1394,0.1394,0.74,0.74,0.74,0.184,0.0723,0.1394,0.74,0.184
5471,Lug_Uga,"Bw’otandika okugenda mu nsonga nga toli waka, teweeraliikiriranga! Bino by’osobola okukola: Bw’oba o",0.74,0.74,0.74,0.74,0.74,0.74,0.1052,0.1052,0.1052,0.74,0.1052
5472,Lug_Uga,Enziku ereetebwa akawuka akayitibwa Neisseria. Obuwuka bujjanjbabwa n'eddagala eributta. Omusawo wo ,0.74,0.0,0.0,0.74,0.74,0.74,0.74,0.0,0.0,0.74,0.068
5473,Lug_Uga,"Bw’oba oli lubuto era ng’olina Akawuka akaleeta Siriimu, waliwo enkola ezimanyiddwa obulungi ez’okuk",0.1407,0.1407,0.1407,0.1407,0.1407,0.1407,0.1657,0.1657,0.1657,0.1407,0.1407
5474,Lug_Uga,Akawuka akaleeta Siriimu tekalina bubonero bwa kungulu nga bwoleka ko kokka obusobola okukozesebwa o,0.1158,0.1158,0.1158,0.74,0.74,0.1158,0.1158,0.1158,0.1158,0.74,0.1158
5475,Lug_Uga,"Mu kiseera omuntu w'abeerera n'Akawuka akaleeta Siriimu, abantu bayinza okubeera n'omuwendo gw'akawu",0.74,0.74,0.74,0.74,0.74,0.74,0.148,0.148,0.1092,0.74,0.74
5476,Lug_Uga,"Kituufu, tosobola kusaasaanya Kawuka akaleeta Siriimu singa akawuka akali mu musaayi go tekasobola k",0.74,0.74,0.74,0.74,0.74,0.74,0.74,0.74,0.74,0.74,0.74
5477,Lug_Uga,Singa ggwe n'omubeezi wo mubadde mu mukwano ogutaliimu kubaliga okumala omwaka gumu era nga temulina,0.0993,0.0993,0.0993,0.74,0.74,0.74,0.0972,0.0993,0.0993,0.74,0.74
5478,Lug_Uga,Buli ddagala lirina ebiragiro (amateeka) ku ngeri y’okulimira. Soma ebiragiro era obigoberere bulung,0.0287,0.0287,0.0287,0.74,0.74,0.74,0.0287,0.0287,0.0521,0.74,0.74
5479,Lug_Uga,"Okuzuula nti omubeezi wo alina Akawuka akaleeta Siriimu kusobola okukusoomooza mu ndowooza, naye kik",0.135,0.135,0.135,0.0812,0.1873,0.1873,0.1873,0.1873,0.135,0.0812,0.1873
5480,Lug_Uga,"Yee, osobolera ddala okuwuga n’okukola dduyiro ng'ali mu nsonga zo! Abantu bangi beesanga nga dduyir",0.74,0.74,0.74,0.74,0.74,0.74,0.74,0.74,0.74,0.74,0.74
5481,Lug_Uga,Embeera ekulembera okugenda mu nsonga etegeeza omugatte gw'obubonero obw'omubiri n'ebirowoozo abantu,0.74,0.74,0.74,0.74,0.74,0.74,0.74,0.74,0.74,0.74,0.74
5482,Lug_Uga,"Yee, okukozesa obupiira kukubirizibwa nnyo mu kwegatta, naddala mu bantu abalina  ababeezi abasukka ",0.1184,0.1184,0.1184,0.74,0.74,0.74,0.74,0.74,0.74,0.74,0.74
5483,Lug_Uga,"Yee, okubeera omwesimbu kikulu kubanga kiraga nti naawe ofaayo ku bulamu bwabwe.",0.0361,0.0361,0.0361,0.1057,0.1057,0.1057,0.0,0.0656,0.0656,0.1057,0.0
5484,Lug_Uga,ARV ezijjanjaba Akawuka akaleeta Siriimu okutwalira awamu zisangibwa mu bitundu bingi okwetoloola en,0.74,0.74,0.74,0.74,0.74,0.74,0.74,0.74,0.74,0.74,0.74
5485,Lug_Uga,Nnyonnyola omuntu atalowooza nti yaakwatiddwa akawuka nti kikyetaagisa okukeberebwa kubanga y’engeri,0.74,0.74,0.74,0.74,0.74,0.74,0.74,0.74,0.0724,0.74,0.74
5486,Lug_Uga,"We butuukidde mu 2025, nga tewannabaawo ddagala ligema Tuliici.",0.029,0.0389,0.0389,0.74,0.74,0.74,0.0231,0.029,0.029,0.74,0.0389
5487,Lug_Uga,Obubonero obulaga Obuwuka obuleeta Obulwadde bw'Ekikaba busobola okubaamu okuvaamu amazzi agatali ga,0.74,0.74,0.74,0.74,0.74,0.74,0.74,0.74,0.74,0.74,0.74
5488,Lug_Uga,"Olina okugamba nti nedda era n’otambula n'ovaawo, ng’ojjukira nti kuba kusalawo kwoera nga tewali mu",0.064,0.1208,0.1208,0.0649,0.0846,0.1208,0.0183,0.0183,0.0183,0.0649,0.0846
5489,Lug_Uga,"Singa ozuulwamu Akawuka akaleeta Siriimu, osobola okuzaala abaana abatakalina! Osobola okufuna obujj",0.1195,0.1195,0.1195,0.1316,0.1195,0.1195,0.1195,0.1195,0.1195,0.1316,0.0936
5490,Lug_Uga,Bw’oba weenyigidde mu kwegatta n’omuntu gw’oteebereza oba gw’omanyi nti alina Akawuka akaleeta Sirii,0.1545,0.1545,0.1545,0.1545,0.1545,0.1545,0.1545,0.1545,0.1545,0.1545,0.0925
5491,Lug_Uga,"Yee, okumira obulungi eddagala eriweweeza ku Kawuka akaleeta Siriimu mu kiseera ky'okuba olubuto kit",0.141,0.141,0.141,0.74,0.74,0.74,0.141,0.141,0.141,0.74,0.74
5492,Lug_Uga,Akawuka akaleeta Siriimu n'Obuwuka obuleeta Obulwadde bw'Ekikaba kasobola okulwanyisibwa era n'okuko,0.74,0.74,0.74,0.74,0.74,0.74,0.74,0.74,0.0839,0.74,0.74
5493,Lug_Uga,Abantu abalina Akawuka akaleeta Siriimu balina okukeberebwa akafuba buli kaseera. Waliwo engeri nnyi,0.1253,0.0374,0.1253,0.74,0.74,0.74,0.1253,0.1253,0.1253,0.74,0.1253
5494,Lug_Uga,"Yee, kikulu okubeera omwesimbu eri omubeezi wo ku byobulamu byo okusobola okukuumagana n'okulaga nti",0.1057,0.0,0.1057,0.0809,0.0809,0.0809,0.1057,0.1057,0.1057,0.0809,0.1096
5495,Lug_Uga,"""P2"" kitera okutegeeza enkola y'okuziyiza okufuna olubuto ey'amangu, okutera okumanyibwa nga ""empeke",0.74,0.74,0.74,0.74,0.74,0.74,0.74,0.74,0.74,0.74,0.74
5496,Lug_Uga,"Bwe bukozesebwa mu butuufu bwabwo, bukola ebitundu nga 99% mu kuziyiza embuto.",0.073,0.073,0.073,0.054,0.054,0.054,0.054,0.054,0.054,0.054,0.073
5497,Lug_Uga,"Si bwe kiri n'akatono, abasawo basuubira ebibuuzo nga bino era nga baliwo kukuyamba awatali kukusali",0.0218,0.0218,0.0218,0.0299,0.0299,0.0299,0.0296,0.0,0.0218,0.0299,0.0299
5498,Lug_Uga,Okugimuka bye biseera omubiri gwo we gukulira amangu mu bbanga ettono. Kino kiva ku busannyalaze bw',0.74,0.74,0.74,0.74,0.74,0.74,0.74,0.74,0.74,0.74,0.74
5499,Lug_Uga,"We butuukidde mu 2025, nga tewannabaawo ddagala ligema Kiramidiya oba amanyiddwa nga Akawuka ka Kira",0.0687,0.0687,0.0687,0.74,0.74,0.74,0.152,0.152,0.152,0.74,0.0878
5500,Lug_Uga,Omwana wo alina okukeberebwa amangu ddala okumanya ekiddako okukolebwa. Okugeza nga yaakazaalibwa ob,0.0519,0.0519,0.0519,0.0519,0.0519,0.0519,0.0519,0.0519,0.0888,0.0519,0.0519
5501,Lug_Uga,Obagazi bw'okwegatta n’engeri omuntu gy’akwatamu enneewulira z’afuna mu by’okwegatta bisobola okwawu,0.74,0.74,0.74,0.74,0.74,0.74,0.74,0.74,0.74,0.74,0.74
5502,Lug_Uga,Emikisa gy'okukwatibwa Akawuka akaleeta Siriimu gigenda gyeyongera buli omuwendo gw’abantu be weegat,0.74,0.74,0.74,0.74,0.74,0.74,0.74,0.74,0.74,0.74,0.74
5503,Lug_Uga,"Nedda, okunaaba mu bukyala ne sooda wa Coca-Cola oba ekyokunywa oba ekintu ekirala kyonna tekujja ku",0.74,0.74,0.74,0.74,0.74,0.74,0.74,0.74,0.74,0.74,0.74
5504,Lug_Uga,"Tuliici, Bulwadde bwa Kikaba obuleetebwa akawuka ka pulotozowa/akanyuunyunsi akayitibwa Trichomonas ",0.74,0.74,0.74,0.74,0.74,0.74,0.0322,0.0322,0.0343,0.74,0.0605
5505,Lug_Uga,"Okwogera kuyamba okuggyawo okusosolebwa n'okumanyisa buli omu embeera, era musobola okugabana  ku ma",0.0634,0.0634,0.0634,0.0634,0.0634,0.0634,0.06,0.0634,0.0425,0.0634,0.0634
5506,Lug_Uga,"Sigala ng’oli mukkakkamu era jjukira nti obulamu bwo bwa kyama, noolwekyo fuba okulaba ng’oli bulung",0.037,0.037,0.037,0.037,0.037,0.037,0.037,0.037,0.0561,0.037,0.0
5507,Lug_Uga,Ssente ezisaasaanyizibwa mu bujjanjabi bw'Akawuka akaleeta Siriimu zisobola okwawukana okusinziira k,0.74,0.74,0.74,0.74,0.74,0.74,0.74,0.0838,0.0838,0.74,0.0838
5508,Lug_Uga,"Yee, Obuwuka obuleeta Obulwadde bw'Ekikaba bweyolekera nnyo mu baana abali wansi w'emyaka okuva ku k",0.74,0.74,0.74,0.74,0.74,0.74,0.74,0.74,0.74,0.74,0.74
5509,Lug_Uga,Abantu abalina Enziku balina okubuulira ku babeezi baabwe kiyambe okutangira okusaasaana kw'endwadde,0.0987,0.0507,0.0507,0.0507,0.0333,0.0333,0.0507,0.0507,0.0333,0.0507,0.0507
5510,Lug_Uga,Kisipi bulwadde bwa kikaba obuleetebwa Akawuka ka Vvayiraasi. Okwegatta n’omuntu alina Kisipi ow’ebi,0.065,0.065,0.065,0.1321,0.065,0.0546,0.065,0.065,0.065,0.1321,0.0854
5511,Lug_Uga,"Yee, kisoboka omuntu okuba na Kawuka akaleeta Siriimu naye ne katasuumuka kufuuka Siriimu okumallira",0.2061,0.2061,0.2061,0.74,0.74,0.74,0.74,0.2061,0.2061,0.74,0.74
5512,Lug_Uga,Akawuka akaleeta Siriimu/Siriimu bikkakkanyizibwa okuyita mu kugatta enkola ezigendererwamu okuziyiz,0.0735,0.1101,0.1553,0.1101,0.1101,0.1101,0.0735,0.1101,0.1101,0.1101,0.1101
5513,Lug_Uga,"Okunoonyereza kulaga nti singa akapiira kabeera nga kakozesebwa mu ngeri entuufu, kawa obukuumi obw'",0.1494,0.1494,0.1494,0.74,0.74,0.74,0.1456,0.1456,0.1456,0.74,0.74
5514,Lug_Uga,"Okukendeeza ku kuboolebwa okwekuusa ku Kawuka akaleeta Siriimu kikulu okulumirirwa, okwenyigiramu kw",0.055,0.055,0.055,0.74,0.74,0.74,0.055,0.055,0.1011,0.74,0.74
5515,Lug_Uga,Endowooza y'okuba nti okwegatta kuli mu kufuuka ekintu ensonga enkukunavu ennyo mu ngeri abantu b'om,0.74,0.74,0.74,0.74,0.74,0.74,0.74,0.74,0.74,0.74,0.0862
5516,Lug_Uga,Okuzimba n'okukuuma enkolagana ennungi kintu kikulu nnyo mu kubeera n'obulamu obumatiza. Bulijjo man,0.0451,0.0759,0.0759,0.0719,0.0719,0.0719,0.019,0.0466,0.0651,0.0719,0.0548
5517,Lug_Uga,Akawuka akaleeta Siriimu kasobola okukosa obulamu bw’omuntu singa takajjanjabwa oba singa kakwatibwa,0.135,0.74,0.135,0.74,0.74,0.74,0.74,0.162,0.162,0.74,0.1121
5518,Lug_Uga,Okukebera omwana wo Akawuka akaleeta Siriimu y’engeri yokka enkakafu ey’okumanya oba omwana wo alina,0.148,0.148,0.148,0.148,0.148,0.148,0.148,0.148,0.148,0.148,0.148
5519,Lug_Uga,Kabootongo yeewalika. Engeri esinga ey'okuziyiza Kabootongo kwe kulekera awo okwegatta. Okukozesa ob,0.0797,0.0797,0.0797,0.74,0.74,0.74,0.74,0.74,0.0797,0.74,0.0745
5520,Lug_Uga,Akawuka akaleeta Siriimu kasobola okukwata abantu ssekinnoomu ab’emyaka gyonna omuli n’abaana abali ,0.74,0.74,0.74,0.74,0.74,0.74,0.74,0.74,0.74,0.74,0.74
5521,Lug_Uga,Okubeera n’Obuwuka obuleeta Obulwadde bw’Ekikaba kisobola okwongera ku katyabaga k'okukwatibwa oba o,0.1335,0.1335,0.1335,0.74,0.74,0.74,0.74,0.74,0.74,0.74,0.74
5522,Lug_Uga,Endowooza y'okuba nti okwegatta kuli mu kufuuka ekintu ensonga enkukunavu ennyo mu ngeri abantu b'om,0.74,0.74,0.74,0.74,0.74,0.74,0.74,0.74,0.74,0.74,0.74
5523,Lug_Uga,Okuboolebwa okwetooloolera ku Kawuka akaleeta Siriimu nsonga ya nsi yonna. Ebyembi tetulina buyinza ,0.1144,0.1144,0.1057,0.0975,0.0975,0.0975,0.0588,0.0588,0.0588,0.0975,0.0733
5524,Lug_Uga,Embeera ekulembera okugenda mu nsonga etegeeza omugatte gw'obubonero obw'omubiri n'ebirowoozo abantu,0.74,0.74,0.74,0.74,0.74,0.74,0.74,0.74,0.74,0.74,0.74
5525,Lug_Uga,"Obweraliikirivu busobola okucankalanya obusannyalaze bw'omubiri gwo n'obwagazi bw'okwegatta, nga kin",0.74,0.74,0.74,0.74,0.74,0.74,0.74,0.74,0.74,0.74,0.74
5526,Lug_Uga,"Ppulaani B oba P2, era emanyiddwa nga ""empeke y'oku makya,"" egendererwamu okukozesebwa obw'olumu ne ",0.74,0.74,0.74,0.74,0.74,0.74,0.74,0.74,0.74,0.74,0.74
5527,Lug_Uga,Waliyo enkebera za Tuliici ez'enjawulo era nga mulimu:                                              ,0.1247,0.1247,0.1247,0.74,0.74,0.74,0.74,0.74,0.74,0.74,0.1247
5528,Lug_Uga,"PEP kye kigambo ekitegeeza ""Post-Exposure Prophylaxis."" Eno y'enkola y'ekisawo etangira okukwatibwa ",0.1998,0.1998,0.1998,0.1998,0.1998,0.1998,0.1998,0.1998,0.1998,0.1998,0.161
5529,Lug_Uga,Obutakozesa nkola eweweeza ku Kawuka akaleeta Siriimu ng'owangaala nako kiyinza okuvaamu ebizibu eby,0.74,0.74,0.74,0.74,0.74,0.74,0.74,0.74,0.74,0.74,0.0754
5530,Lug_Uga,Kiramidiya era amanyiddwa nga Akawuka ka Kiramidiya akalwaza Ebitundu by'ekyama n'omuyitiro gw'omusu,0.74,0.1814,0.74,0.74,0.74,0.74,0.74,0.74,0.74,0.74,0.74
5531,Lug_Uga,"Nedda, kisoboka okufuna Tuliici ne bw’oba ng’oli mukomole; okukomolebwa tekukuwa bukuumi bwa nkomere",0.0302,0.0302,0.0302,0.0302,0.0302,0.0302,0.0302,0.0302,0.0592,0.0302,0.013
5532,Lug_Uga,Okukolagana n'abalwadde b'Endwadde z'Ekikaba awatali kubasosola kyetaagisa nnyo okutumbula okusaasir,0.0624,0.0624,0.0624,0.74,0.74,0.74,0.0624,0.0624,0.0624,0.74,0.74
5533,Lug_Uga,Bw’oba omaze emyaka ena nga teweekebeza Kawuka kaleeta Siriimu ng'ate weenyigidde mu bikolwa by’okwe,0.1546,0.1546,0.74,0.1546,0.1546,0.1546,0.1546,0.1546,0.1546,0.1546,0.1546
5534,Lug_Uga,Okuwulira nga oli wekka oba nga weeyawudde ku balala mu kiseera ky'okuvubuka kusobola okubaawo olw’e,0.74,0.74,0.74,0.74,0.74,0.74,0.74,0.74,0.74,0.74,0.74
5535,Lug_Uga,"Akawuka akaleeta Siriimu kasobola okukwata abantu ab’emyaka gyonna, omuli n’abakadde. Wadde emisinde",0.1182,0.1182,0.1182,0.1182,0.1182,0.1182,0.1464,0.208,0.2105,0.1182,0.1182
5536,Lug_Uga,Okwekebeza Akawuka akaleeta Siriimu kikulu nnyo mu kumanya embeera yo n’okuyita mu emitendera egisaa,0.74,0.74,0.74,0.74,0.74,0.74,0.74,0.74,0.74,0.74,0.74
5537,Lug_Uga,Okukozesa akapiira obutayosa era mu butuufu y’emu ku nkola ezisinga okukola obulungi mu kukendeeza k,0.74,0.74,0.74,0.74,0.74,0.74,0.0659,0.0659,0.1744,0.74,0.74
5538,Lug_Uga,"Okwewala okwegatta nga tonnafumbirwa kikusalawo wa muntu ssekinnoomu okusinziira ku by'oyagala, by'o",0.0794,0.1057,0.0794,0.74,0.74,0.74,0.74,0.1057,0.0794,0.74,0.74
5539,Lug_Uga,"Singa ebiva mu kukebera biraga nti olina Kiramidiya, kitegeeza nti ekkeberero lyazudde bbakitiiriya ",0.0701,0.0701,0.06,0.0701,0.0925,0.0925,0.0701,0.0701,0.0701,0.0701,0.0712
5540,Lug_Uga,Oluvannyuma lw'emyaka nga 20 egy'okunoonyereza ku nkola ez'okwanganga n'okutangira Akawuka akaleeta ,0.74,0.74,0.74,0.74,0.74,0.74,0.0874,0.0874,0.0874,0.74,0.74
5541,Lug_Uga,Obusannyalaze bw'omubiri bukola kinene nnyo mu kuleeta obwagazi n'okunyumisa okwegatta. Kikulu nnyo ,0.0784,0.0784,0.0784,0.74,0.74,0.74,0.74,0.74,0.0784,0.74,0.0555
5542,Lug_Uga,Beera wa mazima era omubuulire mu lwatu ng'omubuulira bw'owulira nga naawe bw'owuliriza ebirowoozo b,0.0208,0.029,0.0208,0.74,0.74,0.137,0.0359,0.0359,0.0208,0.74,0.0602
5543,Lug_Uga,"Yee, omuntu alina Akawuka akaleeta Siriimu asobola okuzaala omwana atalina kawuka singa aba alina ob",0.1899,0.1899,0.1899,0.74,0.74,0.74,0.74,0.74,0.74,0.74,0.74
5544,Lug_Uga,"Yee, abakyala abalina Kabootongo atajjanjabiddwa basobola okumusiiga abaana baabwe abali mu mbuto. K",0.1129,0.1129,0.1129,0.74,0.74,0.74,0.1129,0.1023,0.1023,0.74,0.1129
5545,Lug_Uga,Akawuka akaleeta Siriimu tekasiigibwa kuyita mu ndagaluse ya muntu okuva ku bajjajja oba abazadde be,0.74,0.74,0.74,0.74,0.74,0.74,0.74,0.74,0.74,0.74,0.1591
5546,Lug_Uga,Okubeera n’amaka amalungi n’okwezimbira ebiseera eby’omu maaso ebirungi kisoboka ne bw’oba olina Aka,0.74,0.74,0.74,0.74,0.74,0.74,0.74,0.1285,0.1285,0.74,0.74
5547,Lug_Uga,"Okunaaba oluvannyuma lw’okwegatta tekitangira Ndwadde za Kikaba, naye okukozesa obupiira n'obupiira ",0.74,0.74,0.74,0.74,0.74,0.74,0.74,0.0992,0.0992,0.74,0.74
5548,Lug_Uga,Abantu abamu bakkiriza nti osobola okukwatibwa Obuwuka obuleeta Obulwadde bw'Ekikaba okuva ku kaabuy,0.1498,0.1542,0.1542,0.74,0.74,0.74,0.142,0.142,0.142,0.74,0.142
5549,Lug_Uga,Omuwendo gw’okukeberebwa Akawuka akaleeta Siriimu kw’osaanidde okuba okukola okukakasa embeera yo ey,0.1677,0.1677,0.1677,0.1677,0.1677,0.1677,0.1677,0.1677,0.1677,0.1677,0.1677
5550,Lug_Uga,"Enziku esangibwa mu biwandiiko ebyasookera ddala ebyogera ku luse lw'omuntu. Abaluumi, Abayudaaya n’",0.0941,0.0941,0.0941,0.74,0.74,0.74,0.0941,0.0941,0.0941,0.74,0.74
5551,Lug_Uga,"Bw’oba ng'ovaamu omusaayi mungi ng'oli mu nsonga oba ng'okufuna obulumi, kikulu okwogera n’omusawo. ",0.74,0.74,0.74,0.74,0.74,0.74,0.74,0.74,0.74,0.74,0.74
5552,Lug_Uga,Eddoboozi lyo likyuka olw’obusannyalaze bw'omubiri obuba bulikolako ng’oli mu myaka gy’obuvubuka nad,0.74,0.74,0.74,0.74,0.74,0.74,0.74,0.74,0.74,0.74,0.74
5553,Lug_Uga,"Yee, abavubuka bangi batandika okukula enviiri mu ffeesi ne ku mubiri nga bali mu myaka gy’obuvubuka",0.116,0.116,0.116,0.74,0.74,0.74,0.74,0.74,0.74,0.74,0.74
5554,Lug_Uga,Obungi bw'akawuka ka vvayiraasi akali mu musaayi n'omuwendo gw'obutaffaali obulwanyisa Akawuka akale,0.74,0.74,0.74,0.74,0.74,0.74,0.2677,0.2677,0.2677,0.74,0.74
5555,Lug_Uga,Endowooza y'okuba nti okwegatta kuli mu kufuuka ekintu ensonga enkukunavu ennyo mu ngeri abantu b'om,0.0993,0.74,0.74,0.74,0.74,0.74,0.1165,0.1165,0.0801,0.74,0.0993
5556,Lug_Uga,"Okuddukanya embeera y'Akawuka akaleeta Siriimu kuzingiramu enkola ennambulukufu omuli obujjanjabi, o",0.74,0.74,0.74,0.74,0.74,0.74,0.1511,0.1511,0.1511,0.74,0.74
5557,Lug_Uga,Okunywa sigala kulina ebizibu bingi ebikosa obulamu. Abantu abalina Akawuka akaleeta Siriimu abanywa,0.1194,0.1321,0.1194,0.74,0.74,0.74,0.0807,0.1142,0.1194,0.74,0.1321
5558,Lug_Uga,PrEP si kugereesa; nkola ya kwetangira eya ddala era ennungamu ey’okuziyiza Akawuka akaleeta Siriimu,0.1945,0.2682,0.2682,0.74,0.74,0.74,0.1945,0.1945,0.1945,0.74,0.74
5559,Lug_Uga,"Abaami abasinga abalina Kiramidiya basobola okufunyisa omukyala olubuto, wabula, singa tajjanjabibwa",0.0846,0.0846,0.0846,0.0565,0.0565,0.0565,0.0565,0.0565,0.0565,0.0565,0.0661
5560,Lug_Uga,Okubuulira omubeezi wo nti olina Kabootongo kikulu nnyo era kibayamba mwembi. Kabootongo Bulwadde bw,0.071,0.071,0.071,0.071,0.071,0.071,0.2114,0.2114,0.2114,0.071,0.071
5561,Lug_Uga,Okuyiwa obutulututtu oba obubonero bwonna obutali bwa bulijjo mu bitundu by’ekyama oluvannyuma lw’ok,0.74,0.74,0.74,0.74,0.74,0.74,0.74,0.74,0.1002,0.74,0.74
5562,Lug_Uga,"Okwegatta nga tonnafumbirwa, ku bwakyo, tekitegeeza nti ojja kukwatibwa Akawuka akaleeta Siriimu/Sir",0.74,0.74,0.74,0.74,0.74,0.74,0.74,0.74,0.74,0.74,0.74
5563,Lug_Uga,Bw’oba oyagala okukyusa enneeyisa yo n’okwewala okwenyigira mu by’otwala ng’ebikolwa eby’obugwenyufu,0.0913,0.0913,0.0913,0.74,0.1057,0.74,0.1057,0.1057,0.0913,0.74,0.0701
5564,Lug_Uga,Okwetakula (okusiiyibwa) mu bitundu by'ekyama oba ebitundu ebirala by'omubiri kayinza okuba akaboner,0.1057,0.1057,0.1057,0.74,0.74,0.74,0.74,0.74,0.74,0.74,0.74
5565,Lug_Uga,"P2, era emanyiddwa nga ""Ppulaani B"" oba ""empeke y'oku makya,"" kika kya nkola ya kuziyiza kuzaala eko",0.1945,0.1945,0.1945,0.74,0.74,0.74,0.1945,0.1945,0.1945,0.74,0.74
5566,Lug_Uga,"Si kituufu nti; obuvubuka bwa njawulo eri buli muntu, noolwekyo enkyukakyuka mu mubiri gwo ziyinza o",0.1075,0.1075,0.1075,0.1075,0.1075,0.1075,0.1075,0.1075,0.1075,0.1075,0.1075
5567,Lug_Uga,Emu ku njawulo ezisinga obunene wakati w'obubonero bw'Enziku ne Kiramidiya  ge mazzi agava mu bukyal,0.0982,0.0982,0.0982,0.0951,0.0292,0.0982,0.0982,0.0982,0.0949,0.0951,0.0982
5568,Lug_Uga,Kisipi aleetebwa Akawuka ka Vvayiraasi naye nga tajjanjabibwa na ddagala lye limu n'Akawuka akaleeta,0.0789,0.0789,0.074,0.74,0.1233,0.1233,0.0789,0.0789,0.74,0.74,0.0149
5569,Lug_Uga,Akawuka akaleeta Siriimu ye vvayiraasi erumbagana era n'enafuya abasirikale abakuuma omubiri.,0.0892,0.0892,0.0892,0.74,0.74,0.74,0.0694,0.0538,0.0892,0.74,0.0264
5570,Lug_Uga,"Nedda, Akawuka akaleeta Siriimu tekabulawo ku lwako kokka. Akawuka akaleeta Siriimu kawuka ka lukonv",0.1724,0.0716,0.1724,0.74,0.74,0.74,0.74,0.74,0.74,0.74,0.74
5571,Lug_Uga,"Nedda, ne bw’oba owonedde ddala Kabootongo, osobola okuddamu okukwatibwa obulwadde obwo.",0.0281,0.0281,0.0281,0.0281,0.0281,0.0281,0.0728,0.0281,0.0428,0.0281,0.2114
5572,Lug_Uga,Okwekebera Akawuka akaleeta Siriimu okw'okweyambisa obukebera obw'okutonnyezaako omusaayi bwe kuba n,0.0694,0.0694,0.0694,0.0694,0.1384,0.1384,0.1384,0.1384,0.1384,0.0694,0.1597
5573,Lug_Uga,Waliwo abakugu n'abantu  abawerako b'osobola okukubaganya ebirowoozo n'obweraliikirivu bwo ku bikwat,0.74,0.74,0.74,0.74,0.74,0.74,0.74,0.74,0.1319,0.74,0.74
5574,Lug_Uga,"Si kituufu nti; obuvubuka bwa njawulo eri buli muntu, noolwekyo enkyukakyuka mu mubiri gwo ziyinza o",0.0713,0.0713,0.74,0.74,0.74,0.74,0.74,0.74,0.0713,0.74,0.74
5575,Lug_Uga,Ebiva mu kwegatta wakati w’omulenzi ebiseera ebisinga n'omukyala omukulu bisobola okwawukana okusinz,0.74,0.74,0.74,0.74,0.74,0.74,0.142,0.142,0.142,0.74,0.74
5576,Lug_Uga,"Okubeera n'omuntu alina Akawuka akaleeta Siriimu kyetaagisa okutegeera, okuyamba, n'okubeera omwegen",0.1413,0.1635,0.1413,0.1407,0.1635,0.1635,0.1184,0.1184,0.1635,0.1407,0.1294
5577,Lug_Uga,Enziku kawuka akaleeta obulwadde bw'ekikaba ak'ekika kya bbakitiiriya ekeeyoleka ennyo era nga kaziy,0.08,0.08,0.08,0.74,0.74,0.74,0.0791,0.0941,0.0941,0.74,0.0791
5578,Lug_Uga,Abatiini abeenyigira mu bikolwa eby'okwegatta n'abantu abakulu ennyo bayinza okusanga ebizibu eby'en,0.74,0.74,0.74,0.74,0.74,0.74,0.74,0.74,0.74,0.74,0.74
5579,Lug_Uga,Obuvubuka mu basajja: Obuvubuka kye kiseera ky’okukula ng’omubiri gw’omulenzi gukyuka ne gufuuka omu,0.74,0.0723,0.1302,0.74,0.74,0.74,0.1302,0.74,0.74,0.74,0.1302
5580,Lug_Uga,"Okukolola okujjirako ekikolondolwa (eminyira) oba omusaayi okumala wiiki ezisukka mu 3, okulumwa mu ",0.081,0.081,0.0649,0.081,0.081,0.081,0.081,0.081,0.081,0.081,0.081
5581,Lug_Uga,Enziku ey'Olukonvuba kigambo ekikozesebwa okutegeeza ebika by'Enziku ereetebwa akawuka ka bbakitiiri,0.74,0.74,0.0962,0.74,0.74,0.74,0.74,0.74,0.74,0.74,0.74
5582,Lug_Uga,Okwekebera Akawuka akaleeta Siriimu okw'okweyambisa obukebera obw'okutonnyezaako omusaayi bwe kuba n,0.74,0.74,0.74,0.74,0.74,0.74,0.74,0.74,0.1666,0.74,0.74
5583,Lug_Uga,Kisoboka okufuna Akawuka akaleeta Siriimu ng’ofunye akawuka kano omulundi gumu gwokka gw'obeereddemu,0.1166,0.1166,0.0994,0.1166,0.1166,0.1166,0.1166,0.1166,0.1166,0.1166,0.1484
5584,Lug_Uga,"Bw’oba olowooza nti mukwano gwo munyiikaavu ng'era alowooza ku ky’okwetta, kikulu nnyo okutwala embe",0.1013,0.1013,0.1013,0.74,0.74,0.74,0.1182,0.1182,0.1013,0.74,0.74
5585,Lug_Uga,Kabootongo w’omutendera ogusooka n’ogwokubiri alina akakwate n’ebiwundu n’olususu okuyiwa era nga bw,0.74,0.74,0.74,0.74,0.74,0.74,0.74,0.74,0.0854,0.74,0.74
5586,Lug_Uga,"Singa oba mweraliikirivu ku ngeri y'okukuumamu ebyama byo, era nga oyagala okukeberebwa Akawuka akal",0.74,0.74,0.74,0.74,0.74,0.74,0.74,0.1175,0.1175,0.74,0.74
5587,Lug_Uga,"Yee, oluvannyuma lw’okuzaalibwa, abaana bonna abazaalibwa bamaama abalina Akawuka akaleeta Siriimu b",0.1194,0.1194,0.1194,0.74,0.74,0.74,0.0673,0.0673,0.0673,0.74,0.066
5588,Lug_Uga,Kitegeeza nti okukeberebwa Akawuka akaleeta Siriimu kwe wakola kwazuula akawuka mu mubiri gwo. Kino ,0.0786,0.1818,0.0786,0.74,0.74,0.74,0.0786,0.1818,0.1818,0.74,0.0786
5589,Lug_Uga,"Okwogera n’abazadde oba abakuza ku nsonga z’okugenda mu nsonga kusobola okukutiisa, naye jjukira nti",0.74,0.74,0.74,0.74,0.74,0.74,0.1736,0.1736,0.1736,0.74,0.0962
5590,Lug_Uga,Omuntu alina Akawuka akaleeta Siriimu asobola okukasiiga ku mutendera gwonna ogw'akawuka omuli omu k,0.74,0.74,0.74,0.74,0.74,0.74,0.1342,0.0889,0.74,0.74,0.0889
5591,Lug_Uga,"Yee, kisoboka obulwadde bwa Kisipi okukosa obwagazi bw'okwegatta.",0.1644,0.1644,0.1644,0.0485,0.0485,0.0485,0.1644,0.1644,0.1644,0.0485,0.0423
5592,Lug_Uga,"Okukendeeza ku kuboolebwa okwekuusa ku Kawuka akaleeta Siriimu kikulu okulumirirwa, okwenyigiramu kw",0.74,0.74,0.74,0.74,0.74,0.74,0.1121,0.1121,0.1121,0.74,0.74
5593,Lug_Uga,Akawuka akaleeta Kisipi kasobola okusaasaanyizibwa okuva ku bifo ebiba biriko akawuka. Okubeera n’om,0.74,0.74,0.74,0.74,0.74,0.74,0.74,0.0849,0.0849,0.74,0.74
5594,Lug_Uga,"Si bwe kiri, okwogera ku nsonga z'okwegatta kikulu nnyo era kiyinza okubayamba mwembi okubeera mu bu",0.047,0.047,0.094,0.0,0.0,0.0,0.0,0.0529,0.0949,0.0,0.0
5595,Lug_Uga,"Sirina busobozi bwa kukola pulogulaamu za kompyuta, naye nsobola okuwa amawulire n’okuteesa ku ngeri",0.74,0.74,0.74,0.74,0.74,0.74,0.74,0.74,0.74,0.74,0.74
5596,Lug_Uga,"Obujjanjabi obuweweeza ku Kawuka akaleeta Siriimu, obuzingiramu eddagala erijjanjaba Akawuka akaleet",0.74,0.74,0.74,0.74,0.74,0.74,0.1156,0.1177,0.1242,0.74,0.74
5597,Lug_Uga,"Bw’otandika okugenda mu nsonga nga toli waka, teweeraliikiriranga! Bino by’osobola okukola: Bw’oba o",0.74,0.74,0.74,0.74,0.74,0.74,0.0126,0.1279,0.74,0.74,0.1106
5598,Lug_Uga,"P2, era emanyiddwa nga ""Ppulaani B"" oba ""empeke y'oku makya,"" kika kya nkola ya kuziyiza kuzaala eko",0.145,0.145,0.74,0.74,0.74,0.74,0.74,0.74,0.2237,0.74,0.74
5599,Lug_Uga,Emikisa gy'omuntu abadde ku nkola eweweeza Akawuka nga era Akawuka tekakyalabika mu mubiri okusiiga ,0.74,0.74,0.74,0.74,0.74,0.74,0.0712,0.0712,0.0712,0.74,0.74
5600,Lug_Uga,Okukwatibwa n'obutakwatibwa Bulwadde bwa Kikaba si kabonero kalaga buyonjo bwo era okunaaba oluvanny,0.74,0.74,0.74,0.74,0.74,0.74,0.0166,0.0166,0.0166,0.74,0.74
5601,Lug_Uga,Okwekebeza okwa buli kiseera: Genda ew'omusawo buli kiseera okwekebejjebwa n’okukeberebwa obulamu bw,0.0461,0.0461,0.0461,0.0461,0.0461,0.0461,0.0461,0.0461,0.0461,0.0461,0.0677
5602,Lug_Uga,PEP ow'Akawuka akaleeta Siriimu akubirizibwa nnyo okukozasebwa abantu ssekinnoomu abadde mu mbeera e,0.2435,0.2435,0.2435,0.74,0.74,0.74,0.74,0.74,0.74,0.74,0.74
5603,Lug_Uga,Enkola eziteekeddwawo okutangira bamaama abali embuto abalina Akawuka akaleeta Siriimu okukasinga ab,0.0917,0.1685,0.1449,0.0917,0.0917,0.0917,0.0917,0.0917,0.0917,0.0917,0.1241
5604,Lug_Uga,Okukwatibwa n'obutakwatibwa Bulwadde bwa Kikaba si kabonero kalaga buyonjo bwo era okunaaba oluvanny,0.09,0.09,0.09,0.74,0.74,0.74,0.1405,0.1405,0.1405,0.74,0.74
5605,Lug_Uga,"Yee, okwogera n’emikwano kusobola okuyamba, naye kakasa nti nabo bamanyi eky'okukola!",0.0077,0.0807,0.0077,0.74,0.74,0.74,0.74,0.74,0.0186,0.74,0.0
5606,Lug_Uga,Okwaŋŋanga okukozesa ebiragalalagala kusoomooza nnyo naye waliwo emitendera gy'osobola okuyitamu oku,0.74,0.74,0.74,0.74,0.74,0.74,0.74,0.74,0.74,0.74,0.74
5607,Lug_Uga,Obuwuka obukwata Omuyitiro gw'Omusulo tebutera kuleetawo bulumi mu kwegatta. Obulumi mu kwegatta but,0.1427,0.1427,0.1427,0.1427,0.1427,0.1427,0.1427,0.1427,0.1427,0.1427,0.1427
5608,Lug_Uga,Okugimuka bye biseera omubiri gwo we gukulira amangu mu bbanga ettono. Kino kiva ku busannyalaze bw',0.74,0.1195,0.74,0.74,0.74,0.74,0.74,0.74,0.74,0.74,0.0965
5609,Lug_Uga,Akawuka akaleeta Siriimu tekasobola kusaasaanyizibwa kuyita mu kugabana bikozesebwa mu kulya mmere n,0.74,0.3956,0.74,0.74,0.74,0.74,0.1781,0.1781,0.1781,0.74,0.74
5610,Lug_Uga,Okwegatta ng’oli mu nsonga kibeera kya kusalawo kya muntu ssekinnoomu era kusobola obutaba kya bulab,0.1092,0.1092,0.1102,0.1092,0.1092,0.1092,0.1092,0.1092,0.1102,0.1092,0.1144
5611,Lug_Uga,Kisipi asobola kuzuulibwa mu ddwaaliro mwokka. Tosobola kumukeberera waka oba ng’okozesa enkola yonn,0.126,0.126,0.126,0.74,0.74,0.74,0.126,0.126,0.126,0.74,0.126
5612,Lug_Uga,Eddagala lyombi eryesiigibwa mu nkwawa obutawunya n’okuziyiza entuuyo osobola okulikozesa ng’oli mu ,0.74,0.74,0.74,0.74,0.74,0.74,0.74,0.74,0.74,0.74,0.74
5613,Lug_Uga,"Okuyonsa ng’olina Akawuka akaleeta Siriimu nsonga nzibu esinziira ku bintu ebiwerako, omuli obujjanj",0.1372,0.1372,0.1372,0.74,0.74,0.74,0.1085,0.144,0.144,0.74,0.74
5614,Lug_Uga,Okukozesa eby’okuzannyisa eby’okwegatta ng’engeri y’okumatiza obwagazi n’okwewala okwegatta n’abantu,0.74,0.74,0.74,0.74,0.74,0.74,0.068,0.068,0.068,0.74,0.74
5615,Lug_Uga,Okwekebeza okwa buli kiseera: Genda ew'omusawo buli kiseera okwekebejjebwa n’okukeberebwa obulamu bw,0.0461,0.0461,0.0461,0.0962,0.0962,0.0962,0.0962,0.0962,0.0962,0.0962,0.0677
5616,Lug_Uga,Eddagala lyombi eryesiigibwa mu nkwawa obutawunya n’okuziyiza entuuyo osobola okulikozesa ng’oli mu ,0.74,0.74,0.74,0.74,0.74,0.74,0.74,0.74,0.74,0.74,0.74
5617,Lug_Uga,Buli ddagala lirina ebiragiro (amateeka) ku ngeri y’okulimira. Soma ebiragiro era obigoberere bulung,0.0156,0.74,0.0156,0.74,0.74,0.74,0.0587,0.0587,0.0587,0.74,0.0634
5618,Lug_Uga,"Okubeerawo kw’eddagala lya Siriimu ery’obwereere, eritera okuyitibwa eddagala eriziyiza Akawuka akal",0.0827,0.0827,0.0827,0.1405,0.1405,0.1405,0.1405,0.1405,0.1225,0.1405,0.1637
5619,Lug_Uga,Okusalawo oba okukuuma oba okugenda mu maaso n’enkolagana n’omwagalwa alina Akawuka akaleeta Siriimu,0.128,0.128,0.128,0.74,0.74,0.74,0.128,0.128,0.128,0.74,0.0991
5620,Lug_Uga,"Obuwuka obumu obuleeta Obulwadde bw'Ekikaba busobola okukosa obusobozi bw'okuzaala, naye singa bujja",0.0979,0.0979,0.0979,0.1741,0.1741,0.1741,0.0979,0.0979,0.0979,0.1741,0.2467
5621,Lug_Uga,"Yee, kikulu okukuuma akamwa nga kayonjo kiseera ky'okuvubuka, kubanga enkyukakyuka mu busannyalaze b",0.74,0.74,0.74,0.74,0.74,0.74,0.74,0.74,0.74,0.74,0.74
5622,Lug_Uga,Obuleega (obw’abawala) n'obuwale bw'omunda (bw’abalenzi) buwa obuwagizi buyamba n'okutenkeza omubiri,0.74,0.74,0.74,0.74,0.74,0.74,0.74,0.74,0.74,0.74,0.0639
5623,Lug_Uga,Okuwummuzaamu okumira eddagala era ekimanyiddwa nga okutaataaganyizibwa kw'obujjanjabi kuzingiramu o,0.74,0.74,0.74,0.74,0.74,0.74,0.74,0.74,0.74,0.74,0.74
5624,Lug_Uga,"Obuwuka bungi obuleeta Obulwadde bw'Ekikaba busbola obutalaga bubonero, ekitegeeza nti omuntu asobol",0.1057,0.1057,0.1057,0.1057,0.1057,0.1057,0.1671,0.1057,0.1057,0.1057,0.0
5625,Lug_Uga, Ekigambo okuddamu okufuuka embeerera si kya kisawo oba si kya ssaayansi wabula kya kinywi oba kya b,0.74,0.74,0.74,0.74,0.74,0.74,0.74,0.74,0.74,0.74,0.74
5626,Lug_Uga,Akawuka akaleeta Siriimu kasobola okukosa obulamu bw’omuntu singa takajjanjabwa oba singa kakwatibwa,0.1896,0.1896,0.1896,0.74,0.74,0.74,0.1896,0.1896,0.1896,0.74,0.1896
5627,Lug_Uga,"Yee, kya bulijjo okufuna enkyukakyuka mu mbeera zo oba okukyuka mu birowoozo mu kiseera ky'okubeera ",0.74,0.74,0.74,0.74,0.74,0.74,0.2294,0.74,0.74,0.74,0.74
5628,Lug_Uga,Eddagala eriwonya Akawuka akaleeta Siriimu terinnazuulibwa. Akawuka akaleeta Siriimu kabadde kakyali,0.0999,0.0884,0.0884,0.0999,0.0999,0.0999,0.0919,0.0919,0.071,0.0999,0.0999
5629,Lug_Uga,"Akawuka akaleeta Omusujja gw'ekibumba ogwa B kalimu ebika bisatu nga bino mulimu acute, ak'olukonvub",0.1111,0.1111,0.1111,0.74,0.74,0.74,0.1111,0.1111,0.1111,0.74,0.1308
5630,Lug_Uga,Obubonero bulina okubula mu ssabbiiti bbiri ng'oli ku bujjanjabi. Singa obubonero bw’omuntu bugaana ,0.1266,0.1266,0.1266,0.1266,0.1266,0.1266,0.073,0.073,0.1266,0.1266,0.1266
5631,Lug_Uga,"Okuwangaala n'okuweeweeza Akawuka akaleeta Siriimu kisobokera ddala n'obujjanjabi obutuufu, obujjanj",0.0959,0.0959,0.0959,0.74,0.74,0.74,0.74,0.74,0.74,0.74,0.2236
5632,Lug_Uga,Emirundi gy’okweyonja oba okunaaba ng’oli mu kiseera ky'okuvubuka gisobola okwawukana okusinziira ku,0.0796,0.0796,0.0796,0.74,0.74,0.099,0.0796,0.0796,0.0796,0.74,0.099
5633,Lug_Uga,Buno bwe bukodyo bw’okuddukanya ebiva mu nkyukakyuka mu busannyalaze bw'omubiri: Entambuza y'obulamu,0.0876,0.0876,0.0876,0.1064,0.1064,0.1064,0.1064,0.1064,0.1064,0.1064,0.0495
5634,Lug_Uga,Beera wa mazima era omubuulire mu lwatu ng'omubuulira bw'owulira nga naawe bw'owuliriza ebirowoozo b,0.0569,0.0569,0.0569,0.0226,0.0245,0.0381,0.0477,0.0477,0.0477,0.0226,0.0378
5635,Lug_Uga,"Bw’oba olina Akawuka akaleeta Siriimu era ng’oyagala okufuna eddagala ng’abooluganda lwo tebamanyi, ",0.74,0.74,0.74,0.74,0.74,0.74,0.74,0.74,0.74,0.74,0.74
5636,Lug_Uga,"Okwegatta n’omuwala omuto oba omuntu omulala yenna, awatali kufaayo ku myaka, nga teweetangidde n’ok",0.1176,0.1176,0.1176,0.1916,0.1916,0.1916,0.1176,0.1176,0.13,0.1916,0.0793
5637,Lug_Uga,"Yee, kisoboka omuntu okuba na Kawuka akaleeta Siriimu naye ne katasuumuka kufuuka Siriimu okumallira",0.74,0.74,0.74,0.74,0.74,0.74,0.74,0.74,0.74,0.74,0.74
5638,Lug_Uga,"Kabootongo, singa aba tajjanjabiddwa, ayita mu mitendera okutuuka mu mutendera ogusembayo ekiyinza o",0.1104,0.1104,0.1104,0.1104,0.1104,0.1104,0.0622,0.1287,0.1287,0.1104,0.1104
5639,Lug_Uga,Kookolo nga ye si Bulwadde bwa Kikaba. Wabula waliwo Endwadde z'Ekikaba ezongera ku mikisa gy'omuntu,0.74,0.74,0.74,0.74,0.74,0.74,0.74,0.74,0.74,0.74,0.74
5640,Lug_Uga,"Bw'ozuulibwa nti olina Akawuka akaleeta Siriimu, ebintu ebikulu ebiwerako bibaawo, era kikulu nnyo o",0.0973,0.0973,0.0773,0.74,0.74,0.74,0.0973,0.0973,0.0973,0.74,0.74
5641,Lug_Uga,"Kikulu okunywerera ku ky’okkiririzaamu nti kye kituufu, era singa wabaawo akupikiriza, ako kabeera k",0.74,0.74,0.74,0.74,0.74,0.74,0.74,0.74,0.0811,0.74,0.0804
5642,Lug_Uga,Kubanga bw'oteegatta tosobola kukwatibwa Buwuka buleeta Bulwadde bwa Kikaba.,0.0,0.0,0.0,0.0,0.0,0.0,0.0,0.0,0.0,0.0,0.0
5643,Lug_Uga,"Okutundira eddagala mu matundiro gaalyo, omuli ery'okuziyiza embuto okw'amangu (EC) eri abavubuka ku",0.74,0.1498,0.1498,0.74,0.74,0.74,0.74,0.74,0.74,0.74,0.74
5644,Lug_Uga,"Yee, Endwadde ez’Ekikaba nnyingi, ng’oggyeeko Akawuka akaleeta Siriimu, zirina eddagala eriziwonya o",0.1009,0.1009,0.1009,0.74,0.74,0.74,0.1009,0.1009,0.0569,0.74,0.0569
5645,Lug_Uga,"Nedda, teri ddagala lyakakasibwa kugema kawuka akaleeta Siriimu.",0.037,0.037,0.037,0.2691,0.037,0.037,0.0306,0.037,0.037,0.2691,0.0306
5646,Lug_Uga,Enziku kawuka akaleeta obulwadde bw'ekikaba ak'ekika kya bbakitiiriya ekeeyoleka ennyo era nga kaziy,0.077,0.077,0.077,0.74,0.74,0.74,0.0791,0.077,0.077,0.74,0.74
5647,Lug_Uga,Abantu abamu balowooza nti tebali mu katyabaga ka kukwatibwa kawuka ate abalala batya okumanya ebivu,0.0647,0.0647,0.0647,0.74,0.74,0.74,0.74,0.0462,0.0458,0.74,0.74
5648,Lug_Uga,"Bw'oba okkiriza nti olwanagana n'ekizibu ky'eddoowo ly'okwegatta era ng'oyagala okukivvuunuka, kikul",0.0955,0.0955,0.0955,0.74,0.74,0.74,0.74,0.0955,0.1309,0.74,0.74
5649,Lug_Uga,Tewali ddagala liwonyeza ddala Kawuka akaleeeta Siriimu ng’oggyeeko eddagala erikaweweezaako. Enkola,0.1206,0.1206,0.1206,0.0961,0.0961,0.0961,0.111,0.1206,0.1206,0.0961,0.0961
5650,Lug_Uga,Akawuka akaleeta Siriimu tekatwalibwa kuba nti nga kawona mu ngeri nti akawuka kano kasobola okumali,0.1488,0.1488,0.1488,0.74,0.74,0.74,0.1205,0.1165,0.1181,0.74,0.1586
5651,Lug_Uga,"Yee, okwongereza ku kukozesa obupiira, waliwo engeri endala nnyingi ez'okuziyiza okusaasaana kw'obuw",0.74,0.74,0.74,0.74,0.74,0.74,0.74,0.74,0.74,0.74,0.74
5652,Lug_Uga,Okulabula omuntu ku katyabaga k'okwegatta n’abantu abalina Akawuka akaleeta Siriimu oba abalina Obuw,0.0822,0.115,0.1181,0.115,0.115,0.115,0.115,0.115,0.0666,0.115,0.0779
5653,Lug_Uga,Tewali mmere ntongole esobola kuwonya oba okujjanjaba obutereevu Endwadde z’Ekikaba oba okukubisa mu,0.74,0.74,0.74,0.74,0.74,0.74,0.74,0.74,0.74,0.74,0.1088
5654,Lug_Uga,"Nedda, okukwatagana obukwataganyi n’omuntu alina Akawuka akaleeta Siriimu tekusobola kuvaako kusiigi",0.74,0.74,0.74,0.74,0.74,0.74,0.74,0.74,0.74,0.74,0.1023
5655,Lug_Uga,Okukola enkwaso: Enkwaso zikolebwa mu nsigo z'abasajja nga ziyita mu nkola eyitibwa okukula kw'enkwa,0.0437,0.0437,0.0882,0.0529,0.0529,0.0529,0.0529,0.0529,0.0529,0.0529,0.0529
5656,Lug_Uga,"Bw’oba ozuuliddwa nti olina Akawuka akaleeta Siriimu, kikulu okukola emitendera egiwerako egy’amangu",0.74,0.74,0.74,0.74,0.74,0.74,0.74,0.74,0.74,0.74,0.74
5657,Lug_Uga,"PEP kye kigambo ekitegeeza ""Post-Exposure Prophylaxis."" Eno y'enkola y'ekisawo etangira okukwatibwa ",0.74,0.74,0.74,0.74,0.74,0.74,0.74,0.74,0.74,0.74,0.1591
5658,Lug_Uga,"Faayo ku kuvaamu amazzi agatali ga bulijjo, okusiiyibwa, okubabuukirirwa ng'ofuuyisa, amabwa, era ng",0.0608,0.0608,0.0617,0.2041,0.2041,0.2041,0.2041,0.0608,0.0608,0.2041,0.2041
5659,Lug_Uga,Kya nnaku okuwulira nti maama wo yafa. Singa weekengera nti maama wo ayinza okuba nga yafa Akawuka a,0.74,0.74,0.74,0.74,0.74,0.74,0.74,0.1233,0.1233,0.74,0.74
5660,Lug_Uga,Akawuka akaleeta Siriimu/Siriimu kaweweezebwa ne ARVs ng'oluusi zigattibwa wamu n'eddagala eddala er,0.0885,0.0866,0.0885,0.0685,0.0685,0.0685,0.0885,0.0885,0.0487,0.0685,0.0613
5661,Lug_Uga,Okukebera omwana wo Akawuka akaleeta Siriimu y’engeri yokka enkakafu ey’okumanya oba omwana wo alina,0.1057,0.1273,0.0831,0.1317,0.1317,0.1317,0.0831,0.1317,0.148,0.1317,0.1317
5662,Lug_Uga,Obuwuka obuleeta Endwadde z’Ekikaba tebuviirako Siriimu oba Akawuka akamuleeta bwo kennyini. Wabula ,0.74,0.74,0.74,0.74,0.74,0.74,0.1712,0.1712,0.1712,0.74,0.1712
5663,Lug_Uga,"Okukolola okujjirako ekikolondolwa (eminyira) oba omusaayi okumala wiiki ezisukka mu 3, okulumwa mu ",0.74,0.74,0.74,0.74,0.74,0.74,0.1057,0.1057,0.1057,0.74,0.1057
5664,Lug_Uga,Si bwe kiri yadde n'akatono; sampolo ekuŋŋaanyizibwa okuyita mu kukufumitako ku kasongezo k'olugalo ,0.0298,0.0442,0.0442,0.0285,0.04,0.0285,0.0285,0.04,0.0298,0.0285,0.0712
5665,Lug_Uga,"Yee, Akawuka akaleeta Siriimu kasobola okukosa obwongo bw'omuntu mu ngeri ez’enjawulo. Enkosa y'Akaw",0.74,0.74,0.74,0.74,0.74,0.74,0.74,0.74,0.74,0.74,0.74
5666,Lug_Uga,Singa omuntu yeenyigidde mu kwegatta okutaliimu kwetangira era nga tamanyi mbeera ya bulamu bwa mube,0.1064,0.74,0.1064,0.74,0.74,0.74,0.74,0.74,0.74,0.74,0.74
5667,Lug_Uga,Okuwulira ensonyi oba okuswala ku nsonga ezikwata ku myaka gy’obuvubuka kya bulijjo olw’emizizo gy'e,0.74,0.74,0.74,0.74,0.74,0.74,0.74,0.74,0.74,0.74,0.74
5668,Lug_Uga,"Obulwadde bw'Ekikaba kitegeeza “obulwadde obusiigibwa nga buyita mu kwegatta,” ate Obuwuka obuleeta ",0.0866,0.1133,0.1133,0.0935,0.1104,0.0935,0.0935,0.1321,0.1113,0.0935,0.0785
5669,Lug_Uga,Okwaŋŋanga okwennyamira n'okweraliikirira kiyinza okuba ekizibu naye wasobola okubaawo enkola ennung,0.0661,0.0931,0.0661,0.74,0.74,0.74,0.0467,0.0467,0.0746,0.74,0.0467
5670,Lug_Uga,Babeererewo bubeerezi era obamanyise nti ofaayo.,0.029,0.029,0.0336,0.74,0.74,0.74,0.1741,0.0336,0.0257,0.74,0.0198
5671,Lug_Uga,Eky’okuddamu kya kino kisinziira ku ggwe ng'omuntu. Olina okulonda abantu be weesigira ddala n’abant,0.0649,0.0649,0.0649,0.74,0.74,0.74,0.0977,0.0977,0.0325,0.74,0.74
5672,Lug_Uga,"Nedda, okubeera n’Akawuka akaleeta Siriimu tekitegeeza nti tekyewalika kuba nti ojja kufa akawuka ka",0.74,0.74,0.74,0.74,0.74,0.74,0.0797,0.0797,0.74,0.74,0.1797
5673,Lug_Uga,"Nsonyiwa, naye sirina busobozi bwa kutuuka ku biwe eby'enjawulo ebiraga omuwendo gw'abayizi abaakwat",0.1226,0.1226,0.1226,0.74,0.74,0.74,0.74,0.0846,0.0846,0.74,0.74
5674,Lug_Uga,"Embeera ng’omu ku baagalana alina Akawuka akaleeta Siriimu, ate ng'omulala takalina ya bulijjo. Wali",0.0359,0.0359,0.0359,0.74,0.74,0.74,0.74,0.0359,0.0359,0.74,0.74
5675,Lug_Uga,"Okukwatibwa ebika by'Akawuka akaleeta Siriimu ebisukka ku kimu kiyitibwa ""okulwalannakabirye"". Embee",0.129,0.129,0.1069,0.74,0.74,0.74,0.74,0.1069,0.1069,0.74,0.1047
5676,Lug_Uga,Okugyisa abalwadde b'Akawuka akaleeta Siriimu mu mbeerabantu kyetaagisa okusobola okukendeeza ku kub,0.74,0.74,0.74,0.74,0.74,0.74,0.74,0.74,0.74,0.74,0.74
5677,Lug_Uga,Kisipi asobola kuzuulibwa mu ddwaaliro mwokka. Tosobola kumukeberera waka oba ng’okozesa enkola yonn,0.126,0.126,0.126,0.74,0.74,0.74,0.126,0.1333,0.1333,0.74,0.126
5678,Lug_Uga,Emikisa gy'okubaana abooluaganda abazaalibwa taata alina Akawuka akaleeta Siriimu ne maama atakalina,0.74,0.74,0.74,0.74,0.74,0.74,0.74,0.74,0.74,0.74,0.74
5679,Lug_Uga,Ekitongole ky’Ebyobulamu mu Nsi yonna kikola omulimu munene mu kulwanyisa Akawuka akaleeta Siriimu/S,0.74,0.74,0.74,0.74,0.74,0.74,0.74,0.74,0.74,0.74,0.74
5680,Lug_Uga,Kino kitegeeza ekiseera okuva lwe wakwatibwa akawuka okutuuka lwe kasobola okuzuulibwa mu mubiri gwo,0.74,0.74,0.74,0.74,0.74,0.74,0.1215,0.1215,0.1215,0.74,0.74
5681,Lug_Uga,Okusalawo okugabanako ne mikwano gyo ebikwata ku mbeera yo ku Kawuka akaleeta Siriimu oba obutakikol,0.0854,0.0854,0.0854,0.74,0.74,0.74,0.74,0.74,0.0509,0.74,0.74
5682,Lug_Uga,Osobola okufuna eddagala eriziyiza okufuna olubuto okuva mu bifo eby'enjawulo n'awali enkola z'kizaa,0.0514,0.0514,0.0514,0.74,0.74,0.74,0.0514,0.0514,0.0514,0.74,0.0514
5683,Lug_Uga,"Yee, abasajja basobola okukwatibwa Obuwuka obuleeta Obulwadde bw'Ekikaba ng’abakyala, kale buli munt",0.74,0.74,0.74,0.74,0.74,0.74,0.4163,0.4163,0.4163,0.74,0.74
5684,Lug_Uga,"Singa ozuulwamu Akawuka akaleeta Siriimu, osobola okuzaala abaana abatakalina! Osobola okufuna obujj",0.1682,0.1682,0.1682,0.1045,0.1045,0.1045,0.1447,0.1051,0.1195,0.1045,0.1045
5685,Lug_Uga,Singa omuntu ssekinnoomu azuulwamu Akawuka akaleeta Siriimu naye ng’akaluubirirwa okukiriziganya n'e,0.0876,0.0876,0.0876,0.0876,0.0876,0.74,0.0876,0.0876,0.0876,0.0876,0.0876
5686,Lug_Uga,Singa omuntu ssekinnoomu azuulwamu Akawuka akaleeta Siriimu naye ng’akaluubirirwa okukiriziganya n'e,0.091,0.091,0.091,0.74,0.74,0.74,0.091,0.091,0.091,0.74,0.0804
5687,Lug_Uga,1. Tuliici akwata omuyitiro gw'omusulo n'ebitundu by'ekyama.2. Tuliici akwata Akamwa.3. Tuliici akwa,0.0361,0.0361,0.0361,0.74,0.74,0.74,0.0705,0.0705,0.0586,0.74,0.0705
5688,Lug_Uga,Kiramidiya era amanyiddwa nga Akawuka ka Kiramidiya akalwaza Ebitundu by'ekyama n'omuyitiro gw'omusu,0.0776,0.1711,0.0776,0.74,0.74,0.74,0.74,0.74,0.74,0.74,0.1233
5689,Lug_Uga,Obuvubuka mu basajja: Obuvubuka kye kiseera ky’okukula ng’omubiri gw’omulenzi gukyuka ne gufuuka omu,0.1088,0.1088,0.1088,0.1903,0.1903,0.1903,0.0876,0.1088,0.1088,0.1903,0.1903
5690,Lug_Uga,"Abantu abatalaga bubonero bwa Kawuka kaleeta Siriimu abatera okuyitibwa ""Bassekinnoomu abalina Akawu",0.74,0.74,0.74,0.74,0.74,0.74,0.167,0.74,0.74,0.74,0.167
5691,Lug_Uga,"Obuyonjo obulungi buyamba, naye tebudda mu kifo kya bwetaavu bwa kwetangira na bupiira.",0.0457,0.0457,0.0457,0.74,0.74,0.74,0.0457,0.0457,0.0457,0.74,0.0457
5692,Lug_Uga,Akawuka akaleeta Siriimu okusinga kasiigibwa okuyita mu kukwatagana n’amazzi ag’omubiri ag’enjawulo ,0.74,0.74,0.74,0.74,0.74,0.74,0.2051,0.74,0.74,0.74,0.1573
5693,Lug_Uga,"Okusinziira ku kye nnasembyeyo okumanya, tewali ddagala ligema Kawuka akaleeta Siriimu eryakakasiddw",0.74,0.74,0.74,0.74,0.74,0.74,0.74,0.74,0.74,0.74,0.74
5694,Lug_Uga,Ekitongole ky’Ebyobulamu mu Nsi yonna kikola omulimu munene mu kulwanyisa Akawuka akaleeta Siriimu/S,0.1312,0.1312,0.1312,0.74,0.74,0.74,0.74,0.74,0.74,0.74,0.74
5695,Lug_Uga,Akawuka akaleeta Siriimu tekasobola kusaasaanyizibwa kuyita mu kugabana bikopo oba kukwata ku bikoze,0.2691,0.2691,0.2691,0.74,0.74,0.74,0.2083,0.1158,0.1708,0.74,0.74
5696,Lug_Uga,Okuvumbula okwakasembayo mu nzijanjaba eweweeza ku Kawuka akaleeta Siriimu evuddemu okutondawo enkol,0.0816,0.0816,0.0816,0.74,0.74,0.74,0.062,0.0816,0.0816,0.74,0.1043
5697,Lug_Uga,Kikulu nnyo okukimanya nti okuwulira ennaku oba emmeeme okwennyika oluusi n’oluusi kya bulijjo nadda,0.0799,0.1436,0.74,0.74,0.74,0.74,0.0799,0.0799,0.0799,0.74,0.74
5698,Lug_Uga,Oba kirungi abavubuka okwenyigira mu bikolwa eby’okwegatta oba nedda kisinziira ku bintu ebitali bim,0.74,0.74,0.74,0.74,0.74,0.74,0.74,0.74,0.74,0.74,0.1499
5699,Lug_Uga,Kisipi asobola kuzuulibwa mu ddwaaliro mwokka. Tosobola kumukeberera waka oba ng’okozesa enkola yonn,0.1138,0.1138,0.1138,0.74,0.74,0.74,0.74,0.126,0.126,0.74,0.0804
5700,Lug_Uga,"Tuliici, Bulwadde bwa Kikaba obuleetebwa akawuka ka pulotozowa/akanyuunyunsi akayitibwa Trichomonas ",0.74,0.74,0.74,0.74,0.74,0.74,0.74,0.74,0.74,0.74,0.0747
5701,Lug_Uga,"Kisobola okubeera eky'obulabe, kubanga bw’omala okusindika ekintu, obeera tokyakirinako buyinza ku w",0.0187,0.0,0.0365,0.74,0.74,0.74,0.0365,0.0365,0.0365,0.74,0.0365
5702,Lug_Uga,"Nedda, okunaaba mu bukyala ne sooda wa Coca-Cola oba ekyokunywa oba ekintu ekirala kyonna tekujja ku",0.74,0.74,0.74,0.74,0.74,0.74,0.74,0.74,0.74,0.74,0.74
5703,Lug_Uga,Enkola z'okwegatta ezitangira okusaasaanyizibwa kw'Omusujja gw'ekibumba ogwa B mulimu okuba omwesigw,0.74,0.74,0.74,0.74,0.74,0.74,0.0905,0.74,0.74,0.74,0.0943
5704,Lug_Uga,Okwekebeza Akawuka akaleeta Siriimu kikulu nnyo mu kumanya embeera yo n’okuyita mu emitendera egisaa,0.74,0.74,0.74,0.74,0.74,0.74,0.74,0.74,0.74,0.74,0.74
5705,Lug_Uga,"Bw’oba ng'ovaamu omusaayi mungi ng'oli mu nsonga oba ng'okufuna obulumi, kikulu okwogera n’omusawo. ",0.081,0.081,0.081,0.0283,0.1003,0.0283,0.1003,0.081,0.081,0.0283,0.081
5706,Lug_Uga,Akawuka akaleeta Siriimu kasobola okukosa obulamu bw’omuntu singa takajjanjabwa oba singa kakwatibwa,0.74,0.74,0.74,0.74,0.74,0.74,0.74,0.74,0.162,0.74,0.1005
5707,Lug_Uga,"Okusinziira ku kitongole kya Centers for Disease Control and Prevention, obubonero bw'Akawuka akalee",0.1494,0.1494,0.1494,0.74,0.74,0.74,0.74,0.74,0.74,0.74,0.086
5708,Lug_Uga,Kiramidiya oba Akawuka ka Kiramidiya akalwaza Ebitundu by'ekyama n'omuyitiro gw'omusulo Kawuka akale,0.1886,0.1886,0.1886,0.74,0.74,0.74,0.1439,0.1439,0.1439,0.74,0.0835
5709,Lug_Uga,"Akawuka akaleeta Siriimu bulwadde bwa bulamu bwonna, naye singa omuntu afuna okulabirirwa n’obujjanj",0.1035,0.1035,0.1035,0.0685,0.0685,0.0685,0.0685,0.1159,0.1159,0.0685,0.1035
5710,Lug_Uga,"PEP kye kigambo ekitegeeza ""Post-Exposure Prophylaxis."" Eno y'enkola y'ekisawo etangira okukwatibwa ",0.1591,0.1591,0.1591,0.1998,0.1998,0.1138,0.1998,0.1998,0.1998,0.1998,0.161
5711,Lug_Uga,"Nedda, okubeera omukovvu oba okuba n’ekika ky’omubiri ekimu tekirina kakwate butereevu na mbeera ya ",0.0893,0.0893,0.0893,0.1995,0.1995,0.1995,0.1995,0.1995,0.1995,0.1995,0.1147
5712,Lug_Uga,Ekiseera ky'okumira eddagala eriziyiza Akawuka akaleeta Siriimu oluvannyuma lw'okwetaba mu mbeera ek,0.2224,0.2224,0.185,0.74,0.74,0.74,0.74,0.2224,0.2224,0.74,0.089
5713,Lug_Uga,Okusalawo ddi n’engeri y’okutegeeza maama wo oba omuntu yenna ow’omu maka nti olina Akawuka akaleeta,0.74,0.74,0.74,0.74,0.74,0.74,0.74,0.74,0.74,0.74,0.74
5714,Lug_Uga,"Yingira mu nsonga bw’oba osobola okukikola nga tekireese buzibu, oba funa obuyambi okuva eri omuntu ",0.0749,0.0749,0.0749,0.74,0.0714,0.0714,0.0714,0.0714,0.0714,0.74,0.0714
5715,Lug_Uga,"Akawuka akaleeta Siriimu okusinga kakosa abaserikale b’omubiri, nga kagenderera okwonoona obutoffaal",0.74,0.74,0.74,0.74,0.74,0.74,0.74,0.74,0.74,0.74,0.74
5716,Lug_Uga,"Yee, kya bulijjo nnyo okugejja ng’oli mu myaka gy’obuvubuka. Omubiri gwo guyita mu nkyukakyuka nnyin",0.0853,0.0853,0.0853,0.74,0.74,0.74,0.74,0.74,0.74,0.74,0.74
5717,Lug_Uga,Akawuka akaleeta Siriimu kasobola obutalagirawo bubonero mu ngeri nnyingi. Obubonero bwe bweyoleka b,0.74,0.74,0.74,0.74,0.74,0.74,0.0845,0.0845,0.0845,0.74,0.0845
5718,Lug_Uga,Emboozi y'okwogera ku embeera ku Kawuka akaleeta Siriimu eri omubeezi wo esobola okuba nga ya kwegen,0.1128,0.1128,0.1128,0.74,0.74,0.74,0.1128,0.1128,0.1128,0.74,0.74
5719,Lug_Uga,"Bw’ofuna obubonero obutali bwa bulijjo ng'oli mu nsonga z'ekikyala, kikulu okufaayo ku mubiri gwo n’",0.74,0.74,0.74,0.74,0.74,0.74,0.74,0.74,0.74,0.74,0.74
5720,Lug_Uga,"Kiramidiya, era amanyiddwa Akawuka ka Kiramidiya akalwaza Ebitundu by'ekyama n'omuyitiro gw'omusulo,",0.0869,0.1558,0.0869,0.0228,0.0228,0.0869,0.0431,0.0431,0.1558,0.0228,0.0357
5721,Lug_Uga,Okubeera n’Akawuka akaleeta Siriimu tekitegeeza nti ogenda kufa. Olw’enkulaakulana mu bujjanjabi nad,0.1836,0.1836,0.1836,0.1836,0.1836,0.1836,0.1836,0.1652,0.1519,0.1836,0.1836
5722,Lug_Uga,"Bw'oba olina Akawuka akaleeta Siriimu ng'oli lubuto, waliwo enkola ez'enjawulo ezikozesebwa okukakas",0.1159,0.1159,0.1159,0.74,0.74,0.74,0.74,0.74,0.74,0.74,0.74
5723,Lug_Uga,Okukwatibwa n'obutakwatibwa Bulwadde bwa Kikaba si kabonero kalaga buyonjo bwo era okunaaba oluvanny,0.0522,0.0166,0.0522,0.74,0.74,0.74,0.0305,0.0288,0.0375,0.74,0.0305
5724,Lug_Uga,"Okuwa obuyambi bw’emmere, omuli n’obuwunga bw’obuugi, eri abantu ssekinnoomu abalina Akawuka akaleet",0.0983,0.0983,0.0983,0.0992,0.0992,0.0992,0.0992,0.084,0.0733,0.0992,0.0992
5725,Lug_Uga,Abantu bakulu bonna abalina Enziku bajjanjabwa na ddagala eritta obuwuka bwa bbakitiiriya. Eddagala ,0.1303,0.1303,0.1303,0.0909,0.0753,0.0753,0.0753,0.0798,0.0462,0.0909,0.0798
5726,Lug_Uga,Akawuka kano kajja kuzuulibwa oluvannyuma lwa kiseera eky'akawuka mwe kabeera katannatuuka kuzuulibw,0.0713,0.0713,0.0713,0.0553,0.0553,0.0553,0.0553,0.0553,0.0548,0.0553,0.0553
5727,Lug_Uga,"Yee, waliwo emikutu gya yintaneeti n'ebifo ebijjanjabirwamu eby'omu kitundu ebisobola okukuwa ebikoz",0.0529,0.0529,0.0529,0.0308,0.0308,0.0308,0.0529,0.0529,0.0529,0.0308,0.0218
5728,Lug_Uga,"Nedda, Panadol tasobola kuziyiza kukwatibwa Kawuka akaleeta Siriimu. Panadol ddagala eriweweeza ku b",0.74,0.74,0.74,0.74,0.74,0.74,0.1015,0.74,0.74,0.74,0.0957
5729,Lug_Uga,"Yee, kya bulijjo okufuna enkyukakyuka mu mbeera z'enneewulira mu kiseera ky'okuvubuka. Obusannyalaze",0.74,0.74,0.74,0.74,0.74,0.74,0.74,0.74,0.74,0.74,0.152
5730,Lug_Uga,Abantu abalina Akawuka akaleeta Siriimu basobola okwennyamira. Obubonero bw'okwennyamira mulimu okuw,0.1227,0.1227,0.1227,0.1233,0.1233,0.1233,0.1233,0.133,0.133,0.1233,0.1233
5731,Lug_Uga,Bw’oba n’Akawuka akaleeta Obulwadde bw'Ekikaba nga Kiramidiya obeera mu katyabaga ka maanyi okukwati,0.74,0.74,0.74,0.74,0.74,0.74,0.0607,0.0607,0.0607,0.74,0.74
5732,Lug_Uga,Abantu abamu balowooza nti tebali mu katyabaga ka kukwatibwa kawuka ate abalala batya okumanya ebivu,0.0878,0.0878,0.0878,0.74,0.1013,0.1013,0.1013,0.1013,0.1013,0.74,0.1013
5733,Lug_Uga,Singa omuntu yeenyigidde mu kwegatta okutaliimu kwetangira era nga tamanyi mbeera ya bulamu bwa mube,0.74,0.74,0.74,0.74,0.74,0.74,0.1043,0.1043,0.1043,0.74,0.74
5734,Lug_Uga,"Mazima ddala, abasawo weebali okukuyamba, era bamanyi bulungi ebibuuzo bino.",0.0673,0.0673,0.0673,0.1423,0.1423,0.1423,0.0694,0.0694,0.0077,0.1423,0.1423
5735,Lug_Uga,Si bwe kiri n'akatono; kitundu ku kubeera n'obuvunaanyizibwa n'okukuuma mwembi nga temuli mu katyaba,0.0435,0.0435,0.0435,0.1057,0.0529,0.1057,0.0529,0.0,0.1057,0.1057,0.0529
5736,Lug_Uga,Omubeezi wo ajja kufuna obumu ku bubonero bw'obulwadde bwa Kiramidiya okugeza okulumizibwa ng'afuuyi,0.0911,0.0911,0.0911,0.0911,0.0911,0.0911,0.0911,0.0911,0.0911,0.0911,0.0911
5737,Lug_Uga,"Kya bulijjo okukyuka mu ndabika y'omubiri mu kiseera ky'okuvubuka, era kisobola okutwala ekiseera ok",0.1156,0.1156,0.74,0.74,0.74,0.74,0.0987,0.1156,0.1156,0.74,0.0987
5738,Lug_Uga,Okwemazisa kikolwa kya bulijjo abantu bangi kye beenyigiramu mu bulamu bwabwe bwonna. Eri abantu aba,0.3192,0.3192,0.3192,0.3192,0.3192,0.3192,0.1313,0.1313,0.1313,0.3192,0.0508
5739,Lug_Uga,"Obuwangwa busobola okufuga engeri gye tutunuuliramu okwegatta n’omukwano, era nga kikulu okufa ku mp",0.0925,0.0925,0.0925,0.12,0.0622,0.0622,0.0622,0.148,0.148,0.12,0.0622
5740,Lug_Uga,"Kiyinza okwongera ku katyabaga k'okukwatibwa Obulwadde bw'Ekikaba, noolwekyo kirungi okukeberebwanga",0.11,0.11,0.11,0.0296,0.0296,0.0296,0.0617,0.11,0.11,0.0296,0.0296
5741,Lug_Uga,"Yee, omuwendo gw’Akawuka akaleeta Siriimu mu musaayi gw’omuntu gukola kinene mu busobozi bwe obw'oku",0.74,0.74,0.74,0.74,0.74,0.74,0.74,0.74,0.74,0.74,0.74
5742,Lug_Uga,Okwogera ne bazadde bo oba abakulabirira ku birowoozo byo n’ebikweraliikiriza ng’oli mu kiseera ky'o,0.74,0.74,0.0817,0.74,0.74,0.74,0.74,0.74,0.74,0.74,0.74
5743,Lug_Uga,Oyinza okwetaaga okukwekebeza Kabootongo singa:1. Ggwe oba omuntu gwe weegatta naye mubeera n'obubon,0.1003,0.1003,0.1003,0.74,0.74,0.74,0.0826,0.0826,0.0826,0.74,0.0826
5744,Lug_Uga,"Yee, kirungi okukeberebwa Akawuka akaleeta Siriimu ng’oli lubuto, ne bw’oba wakeberebwako nga tonnaf",0.74,0.74,0.74,0.1265,0.1265,0.1265,0.2392,0.74,0.74,0.1265,0.1265
5745,Lug_Uga,"Yee, kya bulijjo nnyo okugejja ng’oli mu myaka gy’obuvubuka. Omubiri gwo guyita mu nkyukakyuka nnyin",0.0827,0.0827,0.1189,0.74,0.74,0.74,0.74,0.74,0.0941,0.74,0.74
5746,Lug_Uga,"Okumanya nti omuntu yeegasse nsonga ya kyama era eba yiye nga omuntu, era erina okwesigamizibwa ku y",0.1185,0.1185,0.1185,0.1185,0.1185,0.1185,0.1185,0.1185,0.1185,0.1185,0.0759
5747,Lug_Uga,Okumira eddagala eriweweeza ku Kawuka akaleeta Siriimu ng'oli ku ssomero kisobola okukolebwa obulung,0.74,0.74,0.74,0.74,0.74,0.74,0.74,0.74,0.74,0.74,0.74
5748,Lug_Uga,"Kitegeeza okwenyigira mu bikolwa byonna eby'okwegatta, omuli okunywegera, okwekwatirira, oba okwegat",0.0267,0.0267,0.0267,0.0267,0.0267,0.0267,0.0267,0.023,0.023,0.0267,0.0267
5749,Lug_Uga,"Yee, eddagala eriweweeza ku Kawuka akaleeta Siriimu likozesebwa okukakkakkanya n'okukajjanjaba. Liya",0.1156,0.1156,0.1156,0.74,0.74,0.74,0.74,0.74,0.74,0.74,0.1156
5750,Lug_Uga,Okukola ku nkyukakyuka ezijja ku lususu nga embalabe oba olususu okubaako ekirungo ekiseerera bituuk,0.74,0.74,0.74,0.74,0.74,0.74,0.74,0.74,0.74,0.74,0.74
5751,Lug_Uga,Akawuka akaleeta Siriimu tekasobola kusaasaanyizibwa kuyita mu misale gya jjirita oba emisale egiva ,0.4023,0.4023,0.4023,0.74,0.74,0.74,0.74,0.4023,0.0851,0.74,0.1905
5752,Lug_Uga,"Yee, enkola z'ekizaalaggumba ziziyiza okufuna olubuto naye tezikutangira kukwatibwa Buwuka buleeta B",0.5453,0.5453,0.5453,0.5453,0.5453,0.5453,0.5453,0.5453,0.5453,0.5453,0.5453
5753,Lug_Uga,"Enziku bw'etajjanjabwa esobola okukwata nnabaana, ebisawo by'amagi agazaala n'enseke. Kino kisobola ",0.0218,0.0218,0.0105,0.0218,0.0604,0.0218,0.0105,0.0105,0.0105,0.0218,0.0218
5754,Lug_Uga,"Yee, okukebera omusaayi kusobola okuzuula oba omuntu alina Akawuka akaleeta Siriimu oba takalina era",0.089,0.1306,0.074,0.74,0.74,0.074,0.089,0.089,0.1357,0.74,0.0772
5755,Lug_Uga,Kino kye kiseera w’obeerera ng'olina Akawuka akaleeta Siriimu n’Akafuba mu kiseera kye kimu.,0.1708,0.1708,0.1708,0.74,0.74,0.74,0.74,0.74,0.0617,0.74,0.1708
5756,Lug_Uga,Engeri yokka ey’okwewalira ddala Kiramidiya era amanyiddwa nga Akawuka ka Kiramidiya akalwaza Ebitun,0.0925,0.0925,0.0925,0.74,0.74,0.74,0.0925,0.0925,0.0925,0.74,0.74
5757,Lug_Uga,"Kisingako okwewala okunywegera omuntu alina ebbwa essajjufu ku mumwa, kubanga Kisipi asobola okusaas",0.1893,0.1893,0.1893,0.1893,0.1893,0.1893,0.0185,0.1893,0.1893,0.1893,0.1003
5758,Lug_Uga,Akawuka akaleeta Tuliici kagwa mu kibinja kya pulotozowa ekisangibwa mu nsolo ne mu bantu. Kaava mu ,0.74,0.74,0.74,0.74,0.74,0.74,0.0733,0.0733,0.0733,0.74,0.74
5759,Lug_Uga,Okubeera mu kisaawe ky'ebyobulamu okumala ebbanga eddene kitegeeza nti abasawo bawulidde ebibuuzo eb,0.74,0.74,0.74,0.74,0.74,0.74,0.74,0.74,0.74,0.74,0.74
5760,Lug_Uga,"PrEP etera okukozesebwa nga embeera eteeka omuntu mu katyabaga k'okukwatibwa Siriimu tennabaawo, sso",0.74,0.74,0.74,0.74,0.74,0.74,0.74,0.74,0.74,0.74,0.74
5761,Lug_Uga,Engeri yokka ey’okwewalira ddala Kiramidiya era amanyiddwa nga Akawuka ka Kiramidiya akalwaza Ebitun,0.1589,0.1589,0.1589,0.74,0.74,0.74,0.1589,0.1814,0.1814,0.74,0.1814
5762,Lug_Uga,Enziku kawuka akaleeta obulwadde bw'ekikaba ak'ekika kya bbakitiiriya ekeeyoleka ennyo era nga kaziy,0.74,0.74,0.74,0.74,0.74,0.74,0.0941,0.0941,0.0941,0.74,0.74
5763,Lug_Uga,Okukomola abaami kuzzenga kulagibwa nti kukendeeza ku mikisa gy’okusaasaanya Kabootongo mu kunoonyer,0.0577,0.0577,0.0577,0.0577,0.0577,0.0577,0.0577,0.0577,0.0577,0.0577,0.0577
5764,Lug_Uga,Okukolagana n'abalwadde b'Endwadde z'Ekikaba awatali kubasosola kyetaagisa nnyo okutumbula okusaasir,0.0624,0.0624,0.0624,0.74,0.74,0.74,0.0624,0.0,0.0,0.74,0.74
5765,Lug_Uga,Embeera eyeetooloolera ku kubalukawo n’okusaasaana ennyo okw’obulwadde bwa Kabootongo mu Bulaaya ey’,0.74,0.74,0.74,0.74,0.74,0.74,0.74,0.74,0.74,0.74,0.1248
5766,Lug_Uga,"Yee, eddagala erigema erya bacille Calmette-Guérin (BCG) lisobola okukuuma omuntu okuva eri endwadde",0.0914,0.0914,0.0914,0.1076,0.1076,0.1076,0.0529,0.0914,0.0661,0.1076,0.1076
5767,Lug_Uga,Kiramidiya era amanyiddwa nga Akawuka ka Kiramidiya akalwaza Ebitundu by'ekyama n'omuyitiro gw'omusu,0.0944,0.0944,0.1039,0.74,0.74,0.74,0.74,0.74,0.74,0.74,0.1439
5768,Lug_Uga,Obulwadde bwa Kisipi busobola okukeberebwa n’okukakasibwa mu ddwaaliro mwokka. Tosobola kumukeberera,0.5103,0.5103,0.5103,0.74,0.74,0.74,0.5103,0.5103,0.5044,0.74,0.5103
5769,Lug_Uga,Ekitongole ky’Ebyobulamu mu Nsi yonna kikola omulimu munene mu kulwanyisa Akawuka akaleeta Siriimu/S,0.1312,0.74,0.1312,0.74,0.74,0.74,0.0929,0.0929,0.0929,0.74,0.1312
5770,Lug_Uga,"Okubeera omwetegefu okwegatta kitegeeza okubeera omutebenkevu mu birowoozo ne mu mubiri, okutegeera ",0.74,0.74,0.74,0.74,0.74,0.74,0.74,0.74,0.74,0.74,0.74
5771,Lug_Uga,"Nedda, Enziku bulwadde bwa kikaba. Obufuna weegasse na muntu alina akawuka akagireeta. Oyinza okuba ",0.74,0.74,0.74,0.74,0.74,0.74,0.0673,0.0673,0.0673,0.74,0.74
5772,Lug_Uga,Abavubuka abalina Akawuka akaleeta Siriimu boolekagana n'okusoomoozebwa okw'enjawulo okuyinza okukos,0.0949,0.0949,0.0949,0.74,0.74,0.74,0.131,0.74,0.1026,0.74,0.74
5773,Lug_Uga,"Nedda, tewali bujulizi bulaga nti obujjanjabi bw'Akawuka akaleeta Siriimu bukwatagana n'eddagala eri",0.74,0.74,0.74,0.74,0.74,0.74,0.74,0.74,0.74,0.74,0.0947
5774,Lug_Uga,Okukola eddagala erigema Akawuka akaleeta Siriimu erikola obulungi kizuuliddwa nti kizibu nnyo olw’e,0.74,0.74,0.74,0.74,0.74,0.74,0.74,0.74,0.1715,0.74,0.74
5775,Lug_Uga,"Si kituufu nti; obuvubuka bwa njawulo eri buli muntu, noolwekyo enkyukakyuka mu mubiri gwo ziyinza o",0.74,0.74,0.74,0.74,0.74,0.74,0.1016,0.1075,0.1075,0.74,0.0958
5776,Lug_Uga,Bw’oba weegatta n’omuntu alina Akawuka akaleeta Siriimu era ng’afaayo ku mbeera yo naye ng’otya okwe,0.1545,0.1545,0.74,0.74,0.74,0.74,0.1545,0.1545,0.1545,0.74,0.1545
5777,Lug_Uga,Akawuka akaleeta Siriimu si kibonerezo kya kufa. Osobola okuwangaalira mu bulamu obulungi era n'otuu,0.1361,0.1361,0.1361,0.0972,0.1758,0.1758,0.1758,0.0972,0.0972,0.0972,0.1361
5778,Lug_Uga,"Gendako ew'omusawo okukeberebwa n'okujjanjabibwa, tolinda!",0.0,0.0,0.0,0.0,0.0,0.0,0.0,0.0,0.0,0.0,0.0
5779,Lug_Uga,Okuyiga engeri ennungi ez'okwolesaamu ebirowoozo byo n'okukwatamu obutakkaanya kikulu nnyo mu kiseer,0.1167,0.1167,0.1167,0.74,0.74,0.74,0.1201,0.1167,0.1167,0.74,0.74
5780,Lug_Uga,PEP kwe kujjanjaba okukolebwa mu bwangu okukendeeza ku bulabe bw’okukwatibwa Akawuka akaleeta Siriim,0.1552,0.1552,0.1552,0.74,0.74,0.74,0.1499,0.1499,0.1499,0.74,0.74
5781,Lug_Uga,"Okuwakula oba okuggyamu olubuto, oba okuggyawo olubuto, kusobola okubaawo olw’ensonga ez’enjawulo, e",0.74,0.74,0.74,0.74,0.74,0.74,0.74,0.74,0.74,0.74,0.74
5782,Lug_Uga,Okukozesa enkola ey'okwekebera Akawuka akaleeta Siriimu/Siriimu kizingiramu emitendera gino wammanga,0.093,0.093,0.093,0.093,0.093,0.093,0.1228,0.1267,0.1044,0.093,0.1228
5783,Lug_Uga,Engeri yokka ey’okwewalira ddala Kiramidiya era amanyiddwa nga Akawuka ka Kiramidiya akalwaza Ebitun,0.1814,0.1814,0.1814,0.74,0.74,0.74,0.1814,0.1814,0.1814,0.74,0.74
5784,Lug_Uga,Obulwadde obujjawo olw'omubiri okukwatibwa Akawuka akaleeta Siriimu zireetebwa obuwuka obw'enjawulo ,0.74,0.74,0.74,0.74,0.74,0.74,0.74,0.74,0.74,0.74,0.74
5785,Lug_Uga,Embeerabantu okwagazisa abantu okukozesa obupiira kugendererwamu okwongera ku kumanyibwa kw'obupiira,0.0994,0.0994,0.0994,0.74,0.74,0.74,0.0714,0.0794,0.0794,0.74,0.74
5786,Lug_Uga,"Okukola ku ky'okupikirizibwa emikwano n'ebikusuubirwamu abantu kusobola okuba eky'okusoomooza, naye ",0.74,0.74,0.74,0.74,0.74,0.74,0.1057,0.1165,0.1165,0.74,0.74
5787,Lug_Uga,Obuleega (obw’abawala) n'obuwale bw'omunda (bw’abalenzi) buwa obuwagizi buyamba n'okutenkeza omubiri,0.74,0.74,0.74,0.74,0.74,0.74,0.0846,0.74,0.74,0.74,0.74
5788,Lug_Uga,Obuwuka obuleeta Obulwadde bw'Ekikaba busobola okuleetera abantu ebizibu eby'enjawulo n'ekitundu oku,0.74,0.74,0.74,0.74,0.74,0.74,0.74,0.0984,0.0984,0.74,0.74
5789,Lug_Uga,"Yee, kubanga teziyiza kusaasaana kwa Buwuka buleeta Bulwadde bwa Kikaba, era , era okukozesa obupiir",0.229,0.28,0.229,0.28,0.28,0.28,0.28,0.28,0.28,0.28,0.0285
5790,Lug_Uga,Buli ddagala lirina ebiragiro (amateeka) ku ngeri y’okulimira. Soma ebiragiro era obigoberere bulung,0.74,0.74,0.74,0.74,0.74,0.74,0.0372,0.0634,0.0578,0.74,0.74
5791,Lug_Uga,Okuteekawo embeera ey'obwerufu era etasala musango mu kukubaganya ebirowoozo ku Kawuka akaleeta Siri,0.74,0.74,0.74,0.74,0.74,0.74,0.74,0.74,0.74,0.74,0.74
5792,Lug_Uga,Singa mukwano gwo aba alina obweraliikirivu ku busobozi obw'okubeera mu katyabaga k'okukwatibwa Akaw,0.1026,0.1026,0.1026,0.2176,0.2176,0.2176,0.1044,0.17,0.17,0.2176,0.1177
5793,Lug_Uga,"Yee, okubeera omwesimbu kikulu kubanga kiraga nti naawe ofaayo ku bulamu bwabwe.",0.0322,0.0493,0.0322,0.0548,0.0548,0.74,0.0493,0.0493,0.0493,0.0548,0.0448
5794,Lug_Uga,"Yee, kisoboka omuntu okukwatibwa Obuwuka obuleeta Obulwadde bw'Ekikaba oba Endwadde z'Ekikaba emirun",0.74,0.74,0.74,0.74,0.74,0.74,0.74,0.74,0.74,0.74,0.74
5795,Lug_Uga,"Yee, mboozi nkulu esobola okuyamba okukuuma mwembi nga temuli mu katyabaga.",0.037,0.037,0.037,0.0548,0.0548,0.0548,0.0,0.0,0.0759,0.0548,0.0548
5796,Lug_Uga,Olw’enkolagana y’obulwadde obusaasaana wakati w'Akawuka akaleeta Siriimu n’okukozesa ebiragalalagala,0.1066,0.1066,0.1066,0.74,0.74,0.74,0.1066,0.1066,0.1066,0.74,0.74
5797,Lug_Uga,"Okutwalira awamu, Obuwuka obuleeta Obulwadde bw'Ekikaba obusinga obungi tebulaga bubonero, nga noolw",0.1451,0.1451,0.1451,0.1451,0.1388,0.1388,0.1451,0.1321,0.0748,0.1451,0.0
5798,Lug_Uga,Bw’oba weegasse n’omuntu alina Akawuka akaleeta Siriimu oba Akawuka akaleeta Obulwadde bw'Ekikaba ak,0.167,0.167,0.167,0.74,0.74,0.74,0.167,0.167,0.167,0.74,0.167
5799,Lug_Uga,"Obulwadde buno obwa Kisipi akwata Ebitundu by'ekyama oba Akawuka ka Vvayiraasi akaleeta Kisipi, era ",0.188,0.188,0.188,0.188,0.188,0.188,0.188,0.188,0.164,0.188,0.2421
5800,Lug_Uga,"Mu kiseera kino, Omusujja gw'ekibumba ogwa B tegulina ddagala; obujjanjabi businziira ku ddaala ly'o",0.74,0.74,0.74,0.74,0.74,0.74,0.74,0.74,0.74,0.74,0.74
5801,Lug_Uga,Kikkirizibwa ddala era kikubirizibwa okunoonya okulambikibwa n'amagezi okuva mu bantu abakulu abeesi,0.184,0.184,0.184,0.184,0.184,0.1002,0.184,0.184,0.184,0.184,0.1002
5802,Lug_Uga,"Yee, Kiramidiya atajjanjabiddwa asobola okuvaako obuzibu obuyinza okuleetera omwami okulumizibwa ng'",0.0858,0.0858,0.0858,0.0858,0.0858,0.0858,0.0858,0.0858,0.0602,0.0858,0.0342
5803,Lug_Uga,Okubeera n’Obuwuka obuleeta Obulwadde bw’Ekikaba kisobola okwongera ku katyabaga k'okukwatibwa oba o,0.74,0.74,0.74,0.74,0.74,0.74,0.74,0.74,0.74,0.74,0.74
5804,Lug_Uga,Obusannyalaze bw'omubiri busobola okufuga enneewulira yo ey’okwegomba okwegatta n'obwagazi bwo ng’ol,0.162,0.162,0.162,0.74,0.74,0.74,0.162,0.162,0.162,0.74,0.1126
5805,Lug_Uga,"Okukwatibwa ebika by'Akawuka akaleeta Siriimu ebisukka ku kimu kiyitibwa ""okulwalannakabirye"". Embee",0.0915,0.0915,0.1009,0.74,0.74,0.74,0.1246,0.1246,0.1581,0.74,0.0872
5806,Lug_Uga,Okwetakula (okusiiyibwa) mu bitundu by'ekyama oba ebitundu ebirala by'omubiri kayinza okuba akaboner,0.0688,0.0688,0.0688,0.74,0.74,0.74,0.74,0.74,0.74,0.74,0.0632
5807,Lug_Uga,Bwe kiba bwe kityo oyinza okuba nga olaba abasawo babiri. Kikulu abasawo bombi okumanya eddagala ly’,0.083,0.083,0.0736,0.74,0.74,0.74,0.083,0.083,0.083,0.74,0.74
5808,Lug_Uga,Kya nnaku okuwulira embeera enzibu omulenzi ono gy'ayitamu. Kikulu okumuyamba n'okumulambika mu kise,0.74,0.74,0.74,0.74,0.74,0.74,0.74,0.74,0.74,0.74,0.063
5809,Lug_Uga,Ensonga lwaki abantu abamu abamanyi embeera yaabwe ey’Akawuka akaleeta Siriimu bagenda mu maaso n'ok,0.74,0.74,0.74,0.74,0.74,0.74,0.74,0.74,0.74,0.74,0.74
5810,Lug_Uga,"Ebbanga erimalibwa mu nsonga litera okumala wakati w'ennaku 3 ne 7, naye era, lino lisobola okwawuka",0.1672,0.1672,0.1672,0.1672,0.1672,0.1672,0.1672,0.1672,0.1093,0.1672,0.1672
5811,Lug_Uga,Okubeera olubuto kitera okuwerekerwako obubonero obw'enjawulo wadde nga buno butera okukyuka okuva k,0.74,0.74,0.74,0.74,0.74,0.74,0.74,0.74,0.1057,0.74,0.0868
5812,Lug_Uga,Obujjanjabi obutuufu buwonya Enziku era kikulu okumira eddagala lyonna eriwereddwa abasawo okusobola,0.0506,0.0506,0.0506,0.0506,0.0506,0.0506,0.0506,0.0506,0.0506,0.0506,0.0685
5813,Lug_Uga,Okukozesa obupiira n'okugemebwa Akawuka ka Vvayiraasi akaleeta Ensundo zombi nkola nnungi ez'okutang,0.0536,0.0536,0.0536,0.0536,0.0536,0.0536,0.0536,0.0536,0.0536,0.0536,0.0536
5814,Lug_Uga,"Okulya emmere erimu ebiriisa byonna kikulu eri buli muntu, nga mw'otwalidde n'abo abalina Akawuka ak",0.0906,0.74,0.0906,0.74,0.74,0.74,0.74,0.74,0.74,0.74,0.1022
5815,Lug_Uga,"Singa omuntu akabassanyizibwa oba okusobezebwako omuntu alina Akawuka akaleeta Siriimu, kikulu nnyo ",0.1096,0.1233,0.1096,0.74,0.74,0.74,0.1533,0.74,0.1355,0.74,0.74
5816,Lug_Uga,Omusujja gw'ekibumba ogwa B gukakasibwa okuyita mu kebera okw'enjawulo okw'akawuka akaguleeta. Waliw,0.0992,0.0992,0.0992,0.0888,0.0888,0.0888,0.0785,0.0992,0.0992,0.0888,0.0888
5817,Lug_Uga,"Abantu abatalaga bubonero bwa Kawuka kaleeta Siriimu abatera okuyitibwa ""Bassekinnoomu abalina Akawu",0.1138,0.1291,0.1578,0.1578,0.1189,0.1189,0.1595,0.1595,0.177,0.1578,0.15
5818,Lug_Uga,Obutakozesa nkola eweweeza ku Kawuka akaleeta Siriimu ng'owangaala nako kiyinza okuvaamu ebizibu eby,0.0754,0.0754,0.0754,0.74,0.74,0.74,0.1306,0.1306,0.1306,0.74,0.74
5819,Lug_Uga,"Yogerako n’omuntu gwe weesiga oba wandiika enneewulira zo, kubanga toli wekka.",0.0231,0.0231,0.0231,0.0231,0.0231,0.0231,0.0,0.0099,0.0099,0.0231,0.0231
5820,Lug_Uga,"Obuwuka bungi obuleeta Obulwadde bw'Ekikaba busbola obutalaga bubonero, ekitegeeza nti omuntu asobol",0.1254,0.1254,0.1254,0.74,0.0498,0.74,0.0522,0.0498,0.0498,0.74,0.0
5821,Lug_Uga,"Enkola eweweeza Akawuka akaleeta Siriimu, nga buno bwe bujjanjabi obw’omutindo eri Akawuka akaleeta ",0.0917,0.1432,0.0917,0.1432,0.1226,0.1226,0.74,0.1661,0.1661,0.1432,0.1432
5822,Lug_Uga,"Yee, abavubuka bangi batandika okukula enviiri mu ffeesi ne ku mubiri nga bali mu myaka gy’obuvubuka",0.74,0.74,0.74,0.74,0.74,0.74,0.74,0.74,0.74,0.74,0.74
5823,Lug_Uga,"Muwulirize buwuliriza, beerawo, era omuyambe okufuna ebikozesebwa ebituufu oba omusawo.",0.0569,0.0569,0.0569,0.0156,0.0156,0.0156,0.0156,0.0569,0.0569,0.0156,0.0156
5824,Lug_Uga,"Okuzuula nti omubeezi wo alina Akawuka akaleeta Siriimu kusobola okukusoomooza mu ndowooza, naye kik",0.132,0.132,0.132,0.1873,0.1873,0.1873,0.1873,0.1873,0.135,0.1873,0.1873
5825,Lug_Uga,Okwekebera Akawuka akaleeta Siriimu okw'okweyambisa obukebera obw'okutonnyezaako omusaayi bwe kuba n,0.1378,0.1378,0.1378,0.74,0.74,0.74,0.74,0.1378,0.1378,0.74,0.74
5826,Lug_Uga,"Okulya emmere erimu ebiriisa byonna kikulu eri buli muntu, nga mw'otwalidde n'abo abalina Akawuka ak",0.74,0.74,0.74,0.74,0.74,0.74,0.74,0.74,0.74,0.74,0.0993
5827,Lug_Uga,"Engeri esinga ey'okwetangira okukwatibwa Akawuka akaleeta Siriimu kwe kwewala okwegatta. Wabula, bw’",0.0714,0.74,0.74,0.74,0.74,0.74,0.103,0.74,0.74,0.74,0.1439
5828,Lug_Uga,"Bw’oba ozibuwalirwa okumalako n'enkyukakyuka mu busannyalaze bw'omubiri, wano waliwo emitendera gy’o",0.132,0.132,0.141,0.74,0.74,0.74,0.74,0.74,0.1487,0.74,0.74
5829,Lug_Uga,Akawuka akaleeta Siriimu vvayiraasi erwaza wamu n'okwekubisiza mu butaffaali bw'obwerinzi bw'omubiri,0.1122,0.1122,0.1122,0.74,0.74,0.74,0.74,0.1176,0.0932,0.74,0.74
5830,Lug_Uga,"Okwewala okwegatta nga tonnafumbirwa kikusalawo wa muntu ssekinnoomu okusinziira ku by'oyagala, by'o",0.1057,0.1057,0.1057,0.74,0.74,0.74,0.1337,0.74,0.74,0.74,0.0731
5831,Lug_Uga,Okugimuka bye biseera omubiri gwo we gukulira amangu mu bbanga ettono. Kino kiva ku busannyalaze bw',0.1088,0.74,0.74,0.74,0.74,0.74,0.74,0.74,0.74,0.74,0.74
5832,Lug_Uga,Okwekebeza okwa buli kiseera: Genda ew'omusawo buli kiseera okwekebejjebwa n’okukeberebwa obulamu bw,0.0882,0.0882,0.0882,0.082,0.0532,0.082,0.0532,0.0532,0.0532,0.082,0.0692
5833,Lug_Uga,"Bw’oba okeberebwa obulwadde bw’ekikaba, obutamanyibwa mannya oluusi kikulu nnyo. Amalwaliro agamu ol",0.1065,0.1065,0.1028,0.734,0.734,0.734,0.1028,0.1065,0.0384,0.734,0.1028
5834,Lug_Uga,"Akawuka akaleeta Siriimu kasobola okulwaza abantu ssekinnoomu ab’ebibinja by’omusaayi byonna, era te",0.1556,0.1556,0.1556,0.74,0.74,0.1968,0.1556,0.74,0.74,0.74,0.1968
5835,Lug_Uga,"Tuliici ayinza obutalaga bubonero mu baami, naye mu bakyala, buno buyinza okubaamu amazzi agawunya o",0.74,0.74,0.74,0.74,0.74,0.74,0.74,0.1313,0.0747,0.74,0.74
5836,Lug_Uga," Yee, kisoboka omuntu alina Akawuka akaleeta Siriimu oba Siriimu okufumbiriganwa oba okubeera n’amak",0.74,0.74,0.74,0.74,0.74,0.74,0.74,0.74,0.74,0.74,0.74
5837,Lug_Uga,Okukwatibwa n'obutakwatibwa Bulwadde bwa Kikaba si kabonero kalaga buyonjo bwo era okunaaba oluvanny,0.1405,0.1405,0.1405,0.74,0.74,0.74,0.0411,0.0411,0.0411,0.74,0.0474
5838,Lug_Uga,"Yee, kyetaagisa omwana wo okukeberebwa Akawuka akaleeta Siriimu ne bw’oba wamira eddagala ng’oli lub",0.74,0.74,0.74,0.74,0.74,0.74,0.74,0.74,0.74,0.74,0.74
5839,Lug_Uga,"Bw’oba oli lubuto era ng’olina Akawuka akaleeta Siriimu, waliwo enkola ezimanyiddwa obulungi ez’okuk",0.1407,0.1407,0.1175,0.1721,0.1407,0.1407,0.1657,0.1175,0.1175,0.1721,0.1407
5840,Lug_Uga,Okwegatta okutateeka bulamu mu katyabaga ze nkola ezikendeeza ku katyabaga k'okusaasaanya Obuwuka ob,0.74,0.74,0.74,0.74,0.74,0.74,0.1721,0.1005,0.1005,0.74,0.74
5841,Lug_Uga,"Obulwadde bwa Kisipi, singa tebujjanjabibwa, busobola okuvaako embeera eziyinza okutta omuntu. Mu ba",0.1251,0.1251,0.1251,0.1251,0.1251,0.1251,0.0453,0.1251,0.1251,0.1251,0.1251
5842,Lug_Uga,Okukyusa engoye n’obuwale obwomunda buli kiseera kikulu mu kukuuma obuyonjo. Bino bye bimu ku biragi,0.74,0.74,0.74,0.74,0.74,0.74,0.74,0.74,0.74,0.74,0.1519
5843,Lug_Uga,"Okubeera n'omuntu alina Akawuka akaleeta Siriimu kyetaagisa okutegeera, okuyamba, n'okubeera omwegen",0.1635,0.1635,0.1635,0.74,0.74,0.74,0.1635,0.1635,0.74,0.74,0.1284
5844,Lug_Uga,Kisipi akwata Ebitundu by'ekyama asinga kusiigibwa ng'omuntu akwataganye n'Akawuka ka Vvayiraasi aka,0.74,0.74,0.1981,0.74,0.74,0.74,0.74,0.74,0.1981,0.74,0.74
5845,Lug_Uga,Ekiseera akawuka ka vvayiraasi gamba nga Akaleeta Siriimu kye kamala okusaasaana mu mubiri oluvannyu,0.0893,0.0893,0.0893,0.74,0.74,0.74,0.74,0.0893,0.0664,0.74,0.74
5846,Lug_Uga,Obulwadde bwa kabootongo bulina obubonero obw’enjawulo okusinziira ku mutendera gw’obulwadde buno. O,0.1133,0.1133,0.1133,0.1133,0.1133,0.1133,0.0859,0.0859,0.0801,0.1133,0.0585
5847,Lug_Uga,"Yee, okukebera omusaayi kusobola okuzuula oba omuntu alina Akawuka akaleeta Siriimu oba takalina era",0.0873,0.1345,0.0873,0.74,0.74,0.74,0.1345,0.1278,0.1276,0.74,0.1345
5848,Lug_Uga,Okukola ku nkyukakyuka ezijja ku lususu nga embalabe oba olususu okubaako ekirungo ekiseerera bituuk,0.74,0.74,0.74,0.74,0.74,0.74,0.74,0.74,0.74,0.74,0.74
5849,Lug_Uga,"Yee, yogerako n'omubeezi wo era mugende mwembi mu ddwaliro okwekebeza n'okufuna obujjanjabi.",0.0419,0.0529,0.0419,0.74,0.74,0.74,0.0529,0.0197,0.0197,0.74,0.74
5850,Lug_Uga,ARV ezijjanjaba Akawuka akaleeta Siriimu okutwalira awamu zisangibwa mu bitundu bingi okwetoloola en,0.74,0.74,0.74,0.74,0.74,0.74,0.74,0.74,0.74,0.74,0.74
5851,Lug_Uga,Waliwo abakugu n'abantu  abawerako b'osobola okukubaganya ebirowoozo n'obweraliikirivu bwo ku bikwat,0.105,0.105,0.105,0.74,0.74,0.74,0.105,0.105,0.105,0.74,0.1051
5852,Lug_Uga,Okufuna obubonero ng’obunafu oba okulumwa omutwe oluvannyuma lw’okwegatta tekitegeeza nti olina Akaw,0.74,0.74,0.74,0.74,0.74,0.74,0.74,0.74,0.74,0.74,0.74
5853,Lug_Uga,Kubanga okumanya obulamu bw’okwegatta kuyamba buli muntu okusalawo obulungi n’okusigala nga talina b,0.2176,0.2176,0.2176,0.2176,0.2176,0.74,0.2176,0.2176,0.2176,0.2176,0.2176
5854,Lug_Uga,Nakati tetumanyi oba abantu abalina Akawuka akaleeta Siriimu era nga bakoseddwa ekirwadde kya KOVIDI,0.1516,0.1516,0.1516,0.74,0.74,0.74,0.1516,0.1764,0.1764,0.74,0.74
5855,Lug_Uga,Okwegatta ng’oli mu nsonga kibeera kya kusalawo kya muntu ssekinnoomu era kusobola obutaba kya bulab,0.1102,0.1102,0.1102,0.74,0.74,0.74,0.74,0.74,0.74,0.74,0.1112
5856,Lug_Uga,Okwekuuma okwenyigira mu kwegatta nga teweetangidde naddala wadde nga owulidde obwagazi kikulu nnyo ,0.1207,0.1018,0.1207,0.0878,0.0878,0.0878,0.0878,0.0878,0.1207,0.0878,0.0878
5857,Lug_Uga,Obwetaavu bwo obw'okwekebeza okwekuusa ku by'okwegatta buzinziira ku katyabaga k'olina ak'okufuna Ob,0.0815,0.0815,0.0815,0.0517,0.0517,0.0517,0.0517,0.0517,0.0517,0.0517,0.0708
5858,Lug_Uga,Okukeberebwa Akawuka akaleeta Siriimu kwa bwereere era kusangibwa mu malwaliro agasinga obungi bwe k,0.11,0.11,0.11,0.74,0.74,0.74,0.74,0.74,0.0937,0.74,0.1818
5859,Lug_Uga,"Waliwo obusannyalaze bw'omubiri obw'enjawulo obwetooloolerwako okuvubuka, buli kamu nga kalina omuli",0.1104,0.1104,0.1104,0.1104,0.74,0.1396,0.1104,0.1104,0.1104,0.1104,0.1104
5860,Lug_Uga,"Singa ebiva mu kukebera biraga nti tolina kawuka, osobola okufuna obubaka ku ngeri gy'oyinza okusiga",0.1045,0.1045,0.1045,0.0548,0.0548,0.0548,0.0548,0.0822,0.1045,0.0548,0.1184
5861,Lug_Uga,Akawuka akaleeta Siriimu/Siriimu katwalibwa ng’embeera ey'olukonvuba era eyinza okutta omuntu kubang,0.74,0.74,0.74,0.74,0.74,0.74,0.1321,0.1321,0.102,0.74,0.74
5862,Lug_Uga,"Bwe kiri, Obuwuka obuleeta Obulwadde bw'Ekikaba tebuyita mu kukwatagana kwa bulijjo, noolwekyo okyas",0.0322,0.148,0.148,0.148,0.148,0.148,0.2775,0.2775,0.0322,0.148,0.148
5863,Lug_Uga,Osobola okufuna Kabootongo ng’okwatagana butereevu n’ekiwundu k'oyo amulina. Enkwatagana eno esobola,0.74,0.74,0.74,0.74,0.74,0.74,0.1289,0.1289,0.1289,0.74,0.1289
5864,Lug_Uga,Embalabe zeeyoleka nnyo mu kiseera ky’obuvubuka olw’enkyukakyuka mu busannyalaze bw'omubiri. Obusann,0.0627,0.0627,0.0627,0.0245,0.0245,0.0245,0.0533,0.0533,0.0949,0.0245,0.0513
5865,Lug_Uga,Kya nnaku okuwulira ng'oli mu mbeera eno enzibu era ey'obunkenke. Kikulu nnyo obulungi bwo n'obulamu,0.74,0.74,0.74,0.74,0.74,0.74,0.74,0.74,0.74,0.74,0.74
5866,Lug_Uga,Akawuka akaleeta Siriimu tekasobola kusaasaanyizibwa kuyita mu misale gya jjirita oba emisale egiva ,0.1287,0.1287,0.1287,0.1287,0.1287,0.74,0.1287,0.1185,0.1185,0.1287,0.1047
5867,Lug_Uga,Okunywa sigala kulina ebizibu bingi ebikosa obulamu. Abantu abalina Akawuka akaleeta Siriimu abanywa,0.088,0.0863,0.0863,0.1261,0.1086,0.1261,0.1261,0.1259,0.1259,0.1261,0.0939
5868,Lug_Uga,"Yee, Akawuka akaleeta Siriimu/Siriimu bisobola okuleeta enkyukakyuka mu mbeera nga ekimu ku bikosa o",0.74,0.74,0.74,0.74,0.74,0.74,0.74,0.74,0.74,0.74,0.74
5869,Lug_Uga,Kubanga okumanya obulamu bw’okwegatta kuyamba buli muntu okusalawo obulungi n’okusigala nga talina b,0.0175,0.0175,0.0175,0.74,0.74,0.74,0.0175,0.0175,0.0175,0.74,0.0286
5870,Lug_Uga,"Okukola ku mabala agava mu nsonga kusobola okuzibuwala, naye gano ge magezi g'osobola okusala: Kola ",0.74,0.74,0.74,0.74,0.74,0.74,0.74,0.74,0.74,0.74,0.1146
5871,Lug_Uga,"Nedda, si kituufu nti omuntu okuggyamu olubuto omulundi ogumu kijja kulemesa omuntu okuzaala omwana ",0.74,0.74,0.74,0.74,0.74,0.74,0.74,0.74,0.74,0.74,0.1354
5872,Lug_Uga,"Embeera gy’onnyonnyolako, abantu ssekinnoomu mwe bayinza okubeerera n’emboozi ezikwata ku birowoozo ",0.74,0.74,0.74,0.74,0.74,0.74,0.74,0.74,0.74,0.74,0.74
5873,Lug_Uga,"Okubeera n'omuntu alina Akawuka akaleeta Siriimu kyetaagisa okutegeera, okuyamba, n'okubeera omwegen",0.74,0.1586,0.74,0.1586,0.1586,0.74,0.1586,0.1586,0.74,0.1586,0.1586
5874,Lug_Uga,Akafuba bbakitiiriya era kasobola okukosa amawuggwe go oba omumiro gwo. Era kasobola n'okukosa ebitu,0.0,0.0,0.0,0.74,0.74,0.74,0.0638,0.0638,0.0638,0.74,0.0638
5875,Lug_Uga,Okubeera n'omuntu alina Akawuka akaleeta Siriimu kiyinza okuleeta okusoomoozebwa okw'enjawulo n'emik,0.74,0.74,0.74,0.74,0.74,0.74,0.74,0.74,0.74,0.74,0.74
5876,Lug_Uga,"Yee, okubeera omwesimbu kikulu kubanga kiraga nti naawe ofaayo ku bulamu bwabwe.",0.058,0.058,0.058,0.74,0.74,0.74,0.058,0.0656,0.0656,0.74,0.1184
5877,Lug_Uga,Abantu ssekinnoomu abazaaliddwa n’Akawuka akaleeta Siriimu era nga bazuuliddwamu akawuka kano basobo,0.1194,0.1194,0.1194,0.74,0.74,0.74,0.1194,0.1194,0.1194,0.74,0.74
5878,Lug_Uga,Obuwuka obuleeta obulwadde bunnakigwanyizi bwe bulwadde obusinga okubalukawo era nga businga kuba bw,0.153,0.153,0.153,0.74,0.74,0.74,0.1791,0.1276,0.1276,0.74,0.138
5879,Lug_Uga,"Emyaka ""emituufu"" egy'okwenyigira mu kwegatta gijja kwawukana okuva ku muntu omu okudda ku mulala ok",0.74,0.74,0.74,0.74,0.74,0.74,0.74,0.74,0.74,0.74,0.74
5880,Lug_Uga,"Akawuka akaleeta Siriimu asobola okusaasaanyizibwa okuyita mu kwegatta, ne bwe kiba nti tewali ku ba",0.1194,0.1194,0.1194,0.74,0.74,0.74,0.74,0.1531,0.1039,0.74,0.74
5881,Lug_Uga,Singa omuntu abeera nga yeekakasiza ddala nti talina Kawuka kaleeta Siriimu (ekitegeeza nti yakebere,0.1412,0.1412,0.1412,0.74,0.74,0.74,0.1412,0.1412,0.1412,0.74,0.1412
5882,Lug_Uga,"Yee, okubeera omwesimbu kikulu kubanga kiraga nti naawe ofaayo ku bulamu bwabwe.",0.019,0.019,0.019,0.74,0.74,0.74,0.019,0.019,0.019,0.74,0.74
5883,Lug_Uga,Emboozi y'okunnyonnyola omwana nti alina Akawuka akaleeta Siriimu ebeera esoomooza era ng'esaana kuk,0.74,0.74,0.74,0.74,0.74,0.74,0.74,0.74,0.74,0.74,0.74
5884,Lug_Uga,"Nedda, okukubibwa ekifaananyi kya X-ray tekiwonya oba okutta Akawuka akaleeta Siriimu. Akawuka akale",0.74,0.74,0.74,0.74,0.74,0.74,0.74,0.74,0.74,0.74,0.0947
5885,Lug_Uga,Akawuka akaleeta Siriimu/Siriimu katwalibwa ng’embeera ey'olukonvuba era eyinza okutta omuntu kubang,0.74,0.1226,0.1226,0.74,0.74,0.74,0.74,0.153,0.1226,0.74,0.74
5886,Lug_Uga,Akawuka akaleeta Siriimu okusinga kasiigibwa okuyita mu kukwatagana n’amazzi ag’omubiri ag’enjawulo ,0.74,0.74,0.74,0.74,0.74,0.74,0.1538,0.2051,0.74,0.74,0.1285
5887,Lug_Uga,Abantu abasinga abalina Akawuka akaleeta Siriimu beetaaga okwetooloolwa enkola esobola okubayamba mu,0.1026,0.1026,0.0691,0.1131,0.1131,0.1131,0.1096,0.1131,0.1131,0.1131,0.0773
5888,Lug_Uga,Mazima ddala si kya tteeka kwekebeza Akawuka akaleeta Siriimu. Okusalawo okwekebeza kusalawo kwa bun,0.0899,0.0899,0.0899,0.1542,0.1542,0.1239,0.1582,0.1239,0.1094,0.1542,0.1542
5889,Lug_Uga,"Tuliici asobola okwewalibwa mu ngeri zino: okwewala okwegatta, okukozesa obupiira mu ngeri entuufu e",0.03,0.03,0.03,0.74,0.74,0.74,0.74,0.03,0.03,0.74,0.74
5890,Lug_Uga,Okwekebera Akawuka akaleeta Siriimu okw'okweyambisa obukebera obw'okutonnyezaako omusaayi bwe kuba n,0.0663,0.0663,0.0663,0.74,0.74,0.74,0.74,0.156,0.156,0.74,0.74
5891,Lug_Uga,Wadde nga waliwo enkola z'okwetangira n’eddagala erisobola okukendeereza ddala ku katyabaga k'okukwa,0.1031,0.0809,0.74,0.74,0.74,0.74,0.0809,0.0809,0.0809,0.74,0.74
5892,Lug_Uga,Okukwatibwa kw'obuwuka obufunibwa okuyita ku mu kwegatta. Era busobola okusaasaanyizibwa mu biseera ,0.0404,0.0404,0.0404,0.74,0.74,0.74,0.0224,0.0224,0.0404,0.74,0.0961
5893,Lug_Uga,Okunywa sigala kulina ebizibu bingi ebikosa obulamu. Abantu abalina Akawuka akaleeta Siriimu abanywa,0.74,0.74,0.74,0.74,0.74,0.74,0.1233,0.1233,0.74,0.74,0.0807
5894,Lug_Uga,Okuwakisa eggi: Okuzaala kubaawo ng’obutoffaali bw’enkwaso busisinkanye akatoffaali k’eggi mu emu ku,0.0893,0.0893,0.0893,0.0893,0.0893,0.0893,0.0685,0.0893,0.0893,0.0893,0.0893
5895,Lug_Uga,Kiramidiya era amanyiddwa nga Akawuka ka Kiramidiya akalwaza Ebitundu by'ekyama n'omuyitiro gw'omusu,0.0841,0.0841,0.0841,0.74,0.74,0.74,0.0841,0.0841,0.0841,0.74,0.1217
5896,Lug_Uga,Okumira eddagala eriweweeza ku Kawuka akaleeta Siriimu ng'oli ku ssomero kisobola okukolebwa obulung,0.74,0.74,0.74,0.74,0.74,0.74,0.74,0.74,0.74,0.74,0.74
5897,Lug_Uga,"Ebiseera by’okutuuka mu myaka gy’obuvubuka bisobola okwawukana ennyo okusinziira ku muntu, era enson",0.74,0.74,0.74,0.74,0.74,0.74,0.74,0.74,0.74,0.74,0.74
5898,Lug_Uga,Akawuka akaleeta Siriimu tekakwata bibinja bya bantu bitongole byokka. Kyetaagisa okukeberebwa oluus,0.0747,0.0747,0.0747,0.0747,0.0747,0.0747,0.0683,0.0934,0.0934,0.0747,0.0683
5899,Lug_Uga,Okufuna obubonero ng’obunafu oba okulumwa omutwe oluvannyuma lw’okwegatta tekitegeeza nti olina Akaw,0.0883,0.0883,0.0883,0.74,0.74,0.74,0.74,0.74,0.74,0.74,0.1514
5900,Lug_Uga,"Abantu abatalaga bubonero bwa Kawuka kaleeta Siriimu abatera okuyitibwa ""Bassekinnoomu abalina Akawu",0.74,0.74,0.74,0.74,0.74,0.74,0.74,0.74,0.74,0.74,0.15
5901,Lug_Uga,"Obulwadde buno obwa Kisipi akwata Ebitundu by'ekyama oba Akawuka ka Vvayiraasi akaleeta Kisipi, era ",0.1415,0.1415,0.2421,0.2421,0.2421,0.2421,0.2421,0.2421,0.2421,0.2421,0.2421
5902,Lug_Uga,"Nedda, okwegatta si y’engeri yokka ey’okukwatibwa Akawuka akaleeta Siriimu. Akawuka akaleeta Siriimu",0.1002,0.1002,0.74,0.74,0.74,0.74,0.74,0.1069,0.1426,0.74,0.1426
5903,Lug_Uga,"Okukozesa enkola ya kizaalaggumba ey'obwangu entakera oba buli kiseera, nga P2, tekubirizibwa kubeer",0.74,0.74,0.74,0.74,0.74,0.74,0.1418,0.1418,0.1418,0.74,0.74
5904,Lug_Uga,"Faayo ku bubonero obulungi, gamba ng'okumwenya, okunyumya, n'okukkiriza okucakalirako awamu.",0.0308,0.0308,0.0,0.74,0.0643,0.0643,0.0643,0.0,0.0308,0.74,0.0643
5905,Lug_Uga,Akawuka akaleeta Siriimu kasobola okukwata abantu ssekinnoomu ab’emyaka gyonna omuli n’abaana abali ,0.1103,0.1103,0.1103,0.74,0.1222,0.74,0.1103,0.1103,0.1103,0.74,0.1103
5906,Lug_Uga,"Eddagala erijjanjaba Kisipi terimuwonyeza ddala, era kisoboka okubeera ne Kisipi okumala omwaka ogus",0.148,0.148,0.148,0.148,0.148,0.148,0.148,0.148,0.148,0.148,0.148
5907,Lug_Uga,"Akawuka akaleeta Siriimu bulwadde bwa bulamu bwonna, naye singa omuntu afuna okulabirirwa n’obujjanj",0.118,0.118,0.118,0.118,0.118,0.062,0.1756,0.1498,0.118,0.118,0.1265
5908,Lug_Uga,"Nedda, abantu ssekinnoomu abalina Akawuka akaleeta Siriimu tebalina kugaba musaayi. Okugaba omusaayi",0.74,0.74,0.74,0.74,0.74,0.74,0.74,0.74,0.74,0.74,0.74
5909,Lug_Uga,"Okutundira eddagala mu matundiro gaalyo, omuli ery'okuziyiza embuto okw'amangu (EC) eri abavubuka ku",0.74,0.74,0.74,0.74,0.74,0.74,0.74,0.74,0.74,0.74,0.74
5910,Lug_Uga,"Wasobola okubaawo ensonga nnyingi, gamba nga okweraliikirira oba okukulungutana, era nga kya bulijjo",0.0308,0.0308,0.0285,0.74,0.74,0.0308,0.0285,0.0272,0.0308,0.74,0.0462
5911,Lug_Uga,"PEP kye kigambo ekitegeeza ""Post-Exposure Prophylaxis."" Eno y'enkola y'ekisawo etangira okukwatibwa ",0.74,0.74,0.74,0.74,0.74,0.74,0.74,0.74,0.74,0.74,0.74
5912,Lug_Uga,Okubuulira omubeezi wo ebikwata ku Kawuka akaleeta Siriimu kusobola okukendeeza ku nneewulira embi g,0.0842,0.0842,0.0842,0.74,0.74,0.74,0.74,0.0705,0.0842,0.74,0.74
5913,Lug_Uga,Embalabe zeeyoleka nnyo mu kiseera ky’obuvubuka olw’enkyukakyuka mu busannyalaze bw'omubiri. Obusann,0.74,0.74,0.74,0.74,0.74,0.74,0.74,0.74,0.74,0.74,0.74
5914,Lug_Uga,Obulungi bw'okukola kw'eddagala ly'ekinnansi oba omuddo ebikozesebwa abasawo b’ekinnansi mu kuziyiza,0.1486,0.1486,0.1486,0.74,0.74,0.74,0.1486,0.1486,0.1486,0.74,0.74
5915,Lug_Uga,"Okwewala ebikolwa by’okwegatta mu kiseera kyo ng’omuyizi kya kusalawo kya muntu nga ye, era kikulu o",0.0647,0.0647,0.0647,0.74,0.74,0.74,0.0766,0.0766,0.0647,0.74,0.74
5916,Lug_Uga,Akawuka akaleeta Siriimu vvayiraasi erwaza wamu n'okwekubisiza mu butaffaali bw'obwerinzi bw'omubiri,0.0932,0.0932,0.0958,0.74,0.74,0.74,0.1122,0.1122,0.0958,0.74,0.74
5917,Lug_Uga,"Nedda tokibuusa maaso kubanga gayinza okutegeeza nti olina obuwuka obuleeta obulwadde, olina okugend",0.0069,0.0069,0.094,0.0069,0.0069,0.0069,0.0211,0.0211,0.094,0.0069,0.0
5918,Lug_Uga,Yee: Kisipi akwata Ebitundu by'ekyama (ekika kya I oba II) asobola okusiigibwa okuyita mu kwegatta k,0.1468,0.1468,0.1468,0.1468,0.1468,0.1468,0.1468,0.1468,0.1468,0.1468,0.1468
5919,Lug_Uga,Abantu ssekinnoomu abazaaliddwa n’Akawuka akaleeta Siriimu era nga bazuuliddwamu akawuka kano basobo,0.74,0.74,0.74,0.74,0.74,0.74,0.1244,0.74,0.74,0.74,0.74
5920,Lug_Uga,"Okukolola okujjirako ekikolondolwa (eminyira) oba omusaayi okumala wiiki ezisukka mu 3, okulumwa mu ",0.1057,0.1057,0.1057,0.74,0.74,0.74,0.1067,0.1057,0.1057,0.74,0.0646
5921,Lug_Uga,"Yee, era okyayinza okukwatibwa Obuwuka obuleeta Obulwadde bw'Ekikaba okuyita mu kwegattira mu kamwa,",0.0994,0.0994,0.0994,0.0994,0.0994,0.0994,0.1374,0.1374,0.1374,0.0994,0.0994
5922,Lug_Uga,"Okumanya obungi bw’Akawuka akaleeta Siriimu akali mu musaayi gwo, weetaaga okukola ekika ky'okukeber",0.74,0.74,0.74,0.74,0.74,0.74,0.74,0.74,0.74,0.74,0.74
5923,Lug_Uga,Obulungi bw'okukola kw'eddagala ly'ekinnansi oba omuddo ebikozesebwa abasawo b’ekinnansi mu kuziyiza,0.74,0.74,0.74,0.74,0.74,0.74,0.74,0.74,0.74,0.74,0.74
5924,Lug_Uga,Toteekeddwa; kino kiri bwe kiti kubanga eddagala eritta obuwuka bwa bbakitiiriya litwala obudde okuk,0.0931,0.0931,0.0931,0.0931,0.0931,0.0931,0.074,0.0931,0.0931,0.0931,0.1041
5925,Lug_Uga,"Obulwadde bwa Kisipi akwata Ebitundu by'ekyama oba Akawuka ka Vvayiraasi akaleeta Kisipi, era obuman",0.2137,0.2137,0.2137,0.74,0.74,0.74,0.2137,0.74,0.74,0.74,0.2137
5926,Lug_Uga,"Mazima ddala, abasawo baliwo kuyamba na kukuuma buli kimu nga kya kyama.",0.029,0.029,0.0,0.74,0.74,0.74,0.0,0.029,0.0,0.74,0.0
5927,Lug_Uga,Akawuka akaleeta Omusujja gw'ekibumba ogwa B bulwadde bwa kikaba akasobola okwanguwa okusaasaanyizib,0.1521,0.1521,0.1414,0.1414,0.1414,0.1414,0.1414,0.1414,0.1521,0.1414,0.1414
5928,Lug_Uga,"Nedda, Panadol tasobola kuziyiza kukwatibwa Kawuka akaleeta Siriimu. Panadol ddagala eriweweeza ku b",0.74,0.74,0.74,0.74,0.74,0.74,0.74,0.74,0.74,0.74,0.74
5929,Lug_Uga,"Nedda, si kirungi kwegatta nga teweetangidde ng’oli ku ddagala lya PEP. PEP ddagala eriziyiza Akawuk",0.74,0.74,0.74,0.74,0.74,0.74,0.74,0.74,0.74,0.74,0.74
5930,Lug_Uga,Emirundi gy’okweyonja oba okunaaba ng’oli mu kiseera ky'okuvubuka gisobola okwawukana okusinziira ku,0.74,0.74,0.74,0.74,0.74,0.74,0.74,0.74,0.74,0.74,0.74
5931,Lug_Uga,Akatyabaga k'okukwatibwa Akawuka akaleeta Siriimu ng’oyita mu kwegatta kasinziira ku nsonga eziwerak,0.74,0.74,0.1509,0.74,0.74,0.74,0.1509,0.1509,0.1509,0.74,0.74
5932,Lug_Uga,"Kikulu okwewala okuzingira awamu ebikwata ku nneeyisa y'abantu abalina Akawuka akaleeta Siriimu, kub",0.0933,0.0933,0.0933,0.1452,0.0841,0.1452,0.0783,0.0841,0.0841,0.1452,0.0841
5933,Lug_Uga,"Yee, kikulu okukuuma akamwa nga kayonjo kiseera ky'okuvubuka, kubanga enkyukakyuka mu busannyalaze b",0.0795,0.0795,0.0634,0.74,0.74,0.74,0.0938,0.0938,0.0938,0.74,0.0795
5934,Lug_Uga,Omuntu alina Akawuka akaleeta Siriimu asobola okukasiiga ku mutendera gwonna ogw'akawuka omuli omu k,0.1011,0.1011,0.1011,0.0602,0.0602,0.0602,0.0602,0.1192,0.0856,0.0602,0.0602
5935,Lug_Uga,"Yee, waliwo emikutu gya yintaneeti n'ebifo ebijjanjabirwamu eby'omu kitundu ebisobola okukuwa ebikoz",0.0231,0.0231,0.0231,0.74,0.74,0.0435,0.0435,0.0435,0.0435,0.74,0.0435
5936,Lug_Uga,Okwaŋŋanga okwennyamira n'okweraliikirira kiyinza okuba ekizibu naye wasobola okubaawo enkola ennung,0.0613,0.74,0.74,0.74,0.74,0.74,0.74,0.74,0.74,0.74,0.74
5937,Lug_Uga,"Nedda, si kituufu nti omuntu okuggyamu olubuto omulundi ogumu kijja kulemesa omuntu okuzaala omwana ",0.74,0.74,0.74,0.74,0.74,0.74,0.74,0.74,0.74,0.74,0.74
5938,Lug_Uga,"PrEP, ekitegeeza Pre-Exposure Prophylaxis, ye nkola ey'okwetangira ekendeeza ku katyabaga k’okukwati",0.2059,0.2059,0.2059,0.74,0.74,0.74,0.2059,0.2059,0.2059,0.74,0.74
5939,Lug_Uga,Enfumo ezikwata ku kawuka akaleeta Siriimu za bulabe nnyo kubanga zitaataaganya obujjanjabi bw'akawu,0.74,0.74,0.74,0.74,0.74,0.74,0.1222,0.74,0.74,0.74,0.74
5940,Lug_Uga,"Bw'oba ng'owulirira emirembe mu kubeera ky'oli era ng'oyagala okukwatagana n'omuntu omulala, oyinza ",0.0334,0.0334,0.74,0.74,0.74,0.74,0.74,0.0334,0.0334,0.74,0.0318
5941,Lug_Uga,Okumira eddagala ly'Akawuka akaleeta Siriimu ye ngeri esinga obulungi ey'okwetangiramu okukwatibwa o,0.14,0.14,0.14,0.14,0.14,0.14,0.14,0.14,0.14,0.14,0.14
5942,Lug_Uga,"Gendako ew'omusawo okukeberebwa n'okujjanjabibwa, tolinda!",0.0,0.0,0.0,0.0,0.0,0.0,0.0,0.0,0.0,0.0,0.0
5943,Lug_Uga,"Bwe kituuka ku kulonda ekika ky'akapiira, okusalawo kusinziira ku muntu ssekinnoomu ky’ayagala, ebye",0.1143,0.1143,0.1143,0.74,0.74,0.74,0.1143,0.1143,0.1143,0.74,0.1143
5944,Lug_Uga,Ekitongole ky’Ebyobulamu mu Nsi yonna kikola omulimu munene mu kulwanyisa Akawuka akaleeta Siriimu/S,0.74,0.74,0.74,0.74,0.74,0.74,0.74,0.74,0.74,0.74,0.74
5945,Lug_Uga,Engeri yokka ey’okwewalira ddala Kiramidiya era amanyiddwa nga Akawuka ka Kiramidiya akalwaza Ebitun,0.0925,0.0925,0.0925,0.74,0.74,0.74,0.0925,0.0925,0.0925,0.74,0.74
5946,Lug_Uga,Ekiseera ky’okwalula kw'Obulwadde bw'Ekikaba kyawukana okusinziira ku bulwadde ki. Ekiseera ky’okwal,0.0813,0.066,0.0813,0.74,0.74,0.74,0.74,0.1873,0.0813,0.74,0.74
5947,Lug_Uga,"Si bwe kiri yadde n'akatono; abantu babeera beetegefu mu biseera eby’enjawulo, era ekyo kya bulijjo ",0.0766,0.0893,0.0766,0.74,0.74,0.74,0.0,0.051,0.0408,0.74,0.0398
5948,Lug_Uga,"Singa oba mweraliikirivu ku ngeri y'okukuumamu ebyama byo, era nga oyagala okukeberebwa Akawuka akal",0.0673,0.74,0.0673,0.74,0.74,0.74,0.1442,0.1442,0.1417,0.74,0.74
5949,Lug_Uga,"Nedda, Obuwuka obuleeta Obulwadde bw'Ekikaba tebuyita mu mazzi, noolwekyo tobeera mu katyabaga ka ku",0.1878,0.1878,0.1878,0.1878,0.1878,0.1878,0.1878,0.1878,0.1878,0.1878,0.068
5950,Lug_Uga,Akawuka akaleeta Tuliici kagwa mu kibinja kya pulotozowa ekisangibwa mu nsolo ne mu bantu. Kaava mu ,0.0714,0.0714,0.0714,0.74,0.74,0.74,0.1299,0.0733,0.0733,0.74,0.74
5951,Lug_Uga,"Eddagala eritta bbakitiiriya erya Penicillin, bwe liba nga likozeseddwa bulungi era mu ddoozi entuuf",0.0854,0.0854,0.0854,0.74,0.74,0.74,0.0854,0.0854,0.0854,0.74,0.0361
5952,Lug_Uga,Emboozi y'okwogera ku embeera ku Kawuka akaleeta Siriimu eri omubeezi wo esobola okuba nga ya kwegen,0.0705,0.0705,0.0705,0.74,0.74,0.74,0.74,0.74,0.74,0.74,0.74
5953,Lug_Uga,Obulabe bw’okusaasaanya Akawuka akaleeta Siriimu businziira ku nsonga eziwerako omuli ekikolwa eky'o,0.0925,0.0925,0.0925,0.74,0.74,0.74,0.74,0.1417,0.1758,0.74,0.1445
5954,Lug_Uga,"Nedda, si kituufu nti okubeera n’Akawuka akaleeta Siriimu kitegeeza nti ddala ojja kufa. Akawuka aka",0.74,0.74,0.74,0.74,0.74,0.74,0.74,0.74,0.74,0.74,0.74
5955,Lug_Uga,Okukozesa akapiira akaayitako kwongera ku katyabaga k'akapiira okwabika oba okulemererwa wakati mu k,0.193,0.193,0.193,0.74,0.74,0.74,0.193,0.193,0.193,0.74,0.74
5956,Lug_Uga,"Tuliici ayinza obutalaga bubonero mu baami, naye mu bakyala, buno buyinza okubaamu amazzi agawunya o",0.74,0.74,0.74,0.74,0.74,0.74,0.0747,0.0747,0.0747,0.74,0.74
5957,Lug_Uga,Akawuka akaleeta Siriimu kawuka akaava mu bisolo ne kasiigibwa abantu. Keefaanaanyiriza nnyo n'akawu,0.0799,0.0799,0.0799,0.74,0.74,0.74,0.74,0.74,0.74,0.74,0.0772
5958,Lug_Uga,"Akawuka akaleeta Omusujja gw'ekibumba ogwa B kalimu ebika bisatu nga bino mulimu acute, ak'olukonvub",0.1438,0.1438,0.1438,0.74,0.74,0.74,0.1438,0.1111,0.1111,0.74,0.1438
5959,Lug_Uga, PEP akolera ddala bulungi mu kuziyiza okukwatibwa Akawuka akaleeta Siriimu singa abeera ng'aweeredd,0.74,0.74,0.74,0.74,0.74,0.74,0.1085,0.1085,0.1085,0.74,0.74
5960,Lug_Uga,"Mu kiseera kino, Omusujja gw'ekibumba ogwa B tegulina ddagala; obujjanjabi businziira ku ddaala ly'o",0.1336,0.1336,0.1336,0.1343,0.1343,0.74,0.1336,0.1336,0.1405,0.1343,0.1343
5961,Lug_Uga,Obuwuka obuleeta obulwadde obwekuusa ku Kawuka akaleeta Siriimu busobola okukwata omuntu singa obwer,0.1791,0.1791,0.1791,0.1791,0.1791,0.1791,0.1114,0.1791,0.1791,0.1791,0.0958
5962,Lug_Uga,Obulwadde bwa kabootongo bulina obubonero obw’enjawulo okusinziira ku mutendera gw’obulwadde buno. O,0.0801,0.0801,0.0801,0.0909,0.0909,0.0909,0.0801,0.0801,0.0801,0.0909,0.0767
5963,Lug_Uga,"Kyogereko mu lwatu, wesomese n’abalala, era kukubiriza okukubaganya ebirowoozo awatali kusala musang",0.0336,0.0336,0.0336,0.74,0.74,0.74,0.0176,0.0396,0.0396,0.74,0.74
5964,Lug_Uga,"Okukozesa obupiira mu kwegatta kulina ebivaamu ebiwerako,  ebirungi era ebitangira, ebirina kye biga",0.74,0.74,0.74,0.74,0.74,0.74,0.74,0.74,0.74,0.74,0.108
5965,Lug_Uga,Enkola z'embeerabantu ez'okuziyiza Akawuka akaleeta Siriimu ziraze nti zikola bulungi ddala mu kutan,0.1725,0.1725,0.1725,0.74,0.74,0.74,0.1725,0.1725,0.184,0.74,0.74
5966,Lug_Uga,Si buli kiseera; Obuwuka obuleeta Obulwadde bw'Ekikaba obumu busobola okubeera nga tebulaga bubonero,0.2532,0.2532,0.2532,0.2532,0.2532,0.2532,0.2532,0.2532,0.2532,0.2532,0.0911
5967,Lug_Uga,"Okugabana n'omuntu engoye ka kibeere obuwale ezoomunda oba eza bulijjo, kiyinza okukosa obulamu okus",0.1473,0.1473,0.0736,0.74,0.74,0.74,0.74,0.74,0.1473,0.74,0.74
5968,Lug_Uga,"Okukebera Kiramidiya kuzuula bbakitiiriya ereeta Kiramidiya, Akawuka akaleeta Obulwadde bw'Ekikaba, ",0.1037,0.74,0.1037,0.74,0.74,0.74,0.74,0.74,0.0842,0.74,0.74
5969,Lug_Uga,"Nedda, Akawuka akaleeta Siriimu tekabulawo ku lwako kokka. Akawuka akaleeta Siriimu kawuka ka lukonv",0.74,0.74,0.74,0.74,0.74,0.74,0.74,0.74,0.74,0.74,0.74
5970,Lug_Uga,Okuyamba mukwano gwo alina Akawuka akaleeta Siriimu kiyinza okuleeta enjawulo ey’amaanyi mu bulamu b,0.1827,0.146,0.146,0.74,0.74,0.74,0.74,0.146,0.146,0.74,0.1827
5971,Lug_Uga,Eddaala ly'okutya n'obweraliikirivu ebireetebwa Akawuka akaleeta Siriimu ne KOVIDI-19 bisobola okwaw,0.094,0.74,0.74,0.74,0.74,0.74,0.094,0.094,0.094,0.74,0.74
5972,Lug_Uga,Okulumwa omutwe emirundi egiwerako ekiro n’okutuuyana byokka si bubonero bw'Akawuka akaleeta Siriimu,0.1156,0.1156,0.1156,0.74,0.74,0.74,0.104,0.104,0.0971,0.74,0.049
5973,Lug_Uga,"Kisipi akwata Ebitundu by'ekyama oba Akawuka ka Vvayiraasi akaleeta Kisipi, era amanyiddwa nga Kisip",0.74,0.74,0.74,0.74,0.74,0.74,0.74,0.74,0.74,0.74,0.74
5974,Lug_Uga,Abantu abasinga abalina Akawuka akaleeta Siriimu beetaaga okwetooloolwa enkola esobola okubayamba mu,0.0648,0.0648,0.0648,0.0648,0.0648,0.0648,0.0648,0.0648,0.0648,0.0648,0.0648
5975,Lug_Uga,"""Okukwatibwa kwa Kiramidiya mu bantu kutulubawazibwa okusinziira ku nsaasaana y'ekimuleeta, ebika by",0.1381,0.1381,0.1381,0.1381,0.1381,0.1381,0.1381,0.1381,0.1381,0.1381,0.1381
5976,Lug_Uga,"Yee, kisoboka omuwala okufuna olubuto singa yeegatta ng’ali mu nsonga, wadde ng’emikisa gy’okufuna o",0.74,0.74,0.74,0.74,0.74,0.74,0.74,0.74,0.74,0.74,0.74
5977,Lug_Uga,Kikkirizibwa ddala era kikubirizibwa okunoonya okulambikibwa n'amagezi okuva mu bantu abakulu abeesi,0.74,0.74,0.74,0.74,0.74,0.74,0.74,0.74,0.74,0.74,0.74
5978,Lug_Uga,Okubeera n’obwagazi bw'okwegatta kya butonde era kya bulijjo mu bantu. Tewali kikyamu oba muze gwonn,0.74,0.74,0.74,0.74,0.74,0.74,0.74,0.0837,0.0837,0.74,0.0796
5979,Lug_Uga,"Eddagala eritta bbakitiiriya erya Penicillin, bwe liba nga likozeseddwa bulungi era mu ddoozi entuuf",0.74,0.74,0.74,0.74,0.74,0.74,0.74,0.74,0.74,0.74,0.74
5980,Lug_Uga,"Nga tonnabuulirako balala, beera n’amawulire ag’ebuziba agakwata ku Kawuka akaleeta Siriimu. Omuntu ",0.74,0.74,0.74,0.74,0.74,0.74,0.74,0.74,0.0498,0.74,0.0653
5981,Lug_Uga,Kisipi akwata Ebitundu by'ekyama asinga kusiigibwa ng'omuntu akwataganye n'Akawuka ka Vvayiraasi aka,0.74,0.74,0.1981,0.74,0.74,0.74,0.74,0.74,0.74,0.74,0.74
5982,Lug_Uga,Obutakozesa nkola eweweeza ku Kawuka akaleeta Siriimu ng'owangaala nako kiyinza okuvaamu ebizibu eby,0.0831,0.0897,0.0763,0.74,0.74,0.74,0.0763,0.0763,0.0904,0.74,0.137
5983,Lug_Uga,Pulogulaamu z'okukyusa empiso ezijjanjaba zibadde ziragibwa okuba nga zikola bulungi mu kukendeeza k,0.0867,0.0867,0.0867,0.74,0.74,0.74,0.1057,0.0609,0.0685,0.74,0.74
5984,Lug_Uga,Enziku kawuka akaleeta obulwadde bw'ekikaba ak'ekika kya bbakitiiriya ekeeyoleka ennyo era nga kaziy,0.0848,0.0848,0.0848,0.74,0.74,0.74,0.0848,0.0858,0.0858,0.74,0.74
5985,Lug_Uga,Omuntu alina Akawuka akaleeta Siriimu asobola okukasiiga ku mutendera gwonna ogw'akawuka omuli omu k,0.0871,0.1279,0.0871,0.74,0.74,0.74,0.74,0.1279,0.1279,0.74,0.0949
5986,Lug_Uga,Abantu ssekinnoomu abazaaliddwa n’Akawuka akaleeta Siriimu era nga bazuuliddwamu akawuka kano basobo,0.1363,0.1363,0.1104,0.74,0.74,0.74,0.1533,0.1533,0.1365,0.74,0.74
5987,Lug_Uga,Okukebera obutoffaali obulwanyisa endwadde nga tebukwatagana bulungi na kawuka ka bbakitiiriya kalee,0.0296,0.0296,0.0296,0.0414,0.0414,0.0414,0.0296,0.107,0.107,0.0414,0.0296
5988,Lug_Uga,"Akawuka akaleeta Siriimu kasobola okusaasaanyizibwa mu makubo ag’enjawulo ag’okukwatagana, era tekik",0.74,0.74,0.74,0.74,0.74,0.74,0.74,0.74,0.74,0.74,0.74
5989,Lug_Uga,"Yee, Obuwuka obuleeta oObulwadde bw’Ekikaba busobola okusaasaanyizibwa mu ngeri yonna ey’okwegatta o",0.141,0.141,0.74,0.74,0.74,0.74,0.141,0.0858,0.0858,0.74,0.74
5990,Lug_Uga,"Ebiseera by’okutuuka mu myaka gy’obuvubuka bisobola okwawukana ennyo okusinziira ku muntu, era enson",0.74,0.74,0.0958,0.74,0.74,0.74,0.74,0.74,0.74,0.74,0.1138
5991,Lug_Uga,"Bw’oba olina Akawuka akaleeta Siriimu era ng’oyagala okufuna eddagala ng’abooluganda lwo tebamanyi, ",0.1227,0.1227,0.1227,0.1227,0.0859,0.0871,0.1202,0.1202,0.0871,0.1227,0.0871
5992,Lug_Uga,"Bwe kituuka ku by'okwegattira mu kamwa n'omubeezi wo, kisoboka:•        Okukwatibwa Kiramidiya ow'ob",0.0607,0.0607,0.0607,0.1025,0.1025,0.1025,0.1025,0.1025,0.1283,0.1025,0.0783
5993,Lug_Uga,"Okusalawo okuggyamu embuto kisinziira ku muntu era kizibu, era kifugibwa embeera ez’enjawulo, omuli ",0.0736,0.74,0.74,0.74,0.74,0.74,0.0736,0.0582,0.0582,0.74,0.0736
5994,Lug_Uga,"Obulwaliro bw'ebyobulamu bw'okwegatta bukebera, okujjanjaba, n'okusomesa ku Buwuka obuleeta Obulwadd",0.0893,0.0435,0.0442,0.74,0.74,0.74,0.74,0.74,0.0893,0.74,0.0301
5995,Lug_Uga,"Okukebera Kiramidiya kuzuula bbakitiiriya ereeta Kiramidiya, Akawuka akaleeta Obulwadde bw'Ekikaba, ",0.74,0.74,0.74,0.74,0.74,0.74,0.1085,0.0933,0.0933,0.74,0.74
5996,Lug_Uga,"Nedda, olufumo n'amawulire amakyamu bifaanaganamu naye si  bye bimu. Olufumo lubeera luba n'ensibuko",0.1033,0.1033,0.0569,0.0396,0.0396,0.0396,0.1033,0.1033,0.1033,0.0396,0.1033
5997,Lug_Uga,Kiramidiya era amanyiddwa nga Akawuka ka Kiramidiya akalwaza Ebitundu by'ekyama n'omuyitiro gw'omusu,0.74,0.74,0.74,0.74,0.74,0.74,0.1711,0.1711,0.185,0.74,0.1589
5998,Lug_Uga,"Akawuka akaleeta Siriimu asobola okusaasaanyizibwa okuyita mu kwegatta, ne bwe kiba nti tewali ku ba",0.1119,0.1119,0.1119,0.74,0.74,0.74,0.74,0.74,0.74,0.74,0.1119
5999,Lug_Uga,"""Kiramidiya era amanyiddwa ng'Akawuka ka Kiramidiya akalwaza Ebitundu by'ekyama n'omuyitiro gw'omusu",0.1323,0.1323,0.1323,0.74,0.74,0.74,0.1323,0.1323,0.1323,0.74,0.1323
6000,Lug_Uga,"PEP kye kigambo ekitegeeza ""Post-Exposure Prophylaxis."" Eno y'enkola y'ekisawo etangira okukwatibwa ",0.1591,0.1591,0.1591,0.74,0.74,0.74,0.1591,0.1591,0.1591,0.74,0.74
6001,Lug_Uga,Emikisa gy’omuntu okukwatibwa Akawuka akaleeta Siriimu mu kiseera ky’okwegatta omulundi gumu giyinza,0.74,0.74,0.74,0.74,0.74,0.74,0.74,0.74,0.74,0.74,0.74
6002,Lug_Uga,"PEP ne PrEP zonna nkola za nzijajnjaba za kuziyiza kukwatibwa kwa Kawuka akaleeta Siriimu, naye nga ",0.2007,0.74,0.2007,0.74,0.74,0.74,0.1659,0.1659,0.1659,0.74,0.031
6003,Lug_Uga,Akawuka akaleeta Siriimu kasobola okukosa obulamu bw’omuntu singa takajjanjabwa oba singa kakwatibwa,0.0944,0.0944,0.0944,0.0944,0.0944,0.0944,0.0944,0.0944,0.74,0.0944,0.0837
6004,Lug_Uga,"Yee, kya bulijjo nnyo okubeera n'ennaku z'ogenderako mu nsonga ezikyukakyuka. Ennaku z'okugenda mu n",0.74,0.74,0.74,0.74,0.74,0.74,0.74,0.74,0.74,0.74,0.74
6005,Lug_Uga,Abantu abalina Akawuka akaleeta Siriimu balina okukeberebwa akafuba buli kaseera. Waliwo engeri nnyi,0.1079,0.1079,0.1079,0.74,0.74,0.74,0.1079,0.74,0.063,0.74,0.1079
6006,Lug_Uga,"Okulya emmere erimu ebiriisa byonna kikulu eri buli muntu, nga mw'otwalidde n'abo abalina Akawuka ak",0.1341,0.1341,0.1341,0.74,0.74,0.74,0.74,0.74,0.74,0.74,0.74
6007,Lug_Uga,Akawuka akaleeta Siriimu ne Siriimu bisobola okukosa ennyo obulamu bw’omuntu mu ngeri ez’enjawulo mu,0.2018,0.1998,0.2018,0.74,0.74,0.74,0.2018,0.74,0.74,0.74,0.1767
6008,Lug_Uga,"Obujjanjabi obuweweeza ku Kawuka akaleeta Siriimu, obuzingiramu eddagala erijjanjaba Akawuka akaleet",0.149,0.149,0.149,0.74,0.74,0.74,0.149,0.149,0.149,0.74,0.74
6009,Lug_Uga,Obulwadde bwa Kabootongo Bulwadde bwa Kikaba obuleetebwa akawuka ka bbakitiiriya. Obulwadde bwa Kabo,0.1023,0.1023,0.1023,0.74,0.74,0.74,0.1088,0.1088,0.1023,0.74,0.74
6010,Lug_Uga,"Nedda, okumira eddagala eriweweeza ku bulumi oba eddagala lyonna ly'oguze okuva ku ttundiro ly'eddag",0.74,0.74,0.74,0.74,0.74,0.74,0.74,0.74,0.74,0.74,0.74
6011,Lug_Uga,"Okuzuulibwa nti olina Akawuka akaleeta Siriimu kiyinza okukusoomooza mu bwongo, era kya bulijjo okwe",0.1689,0.1689,0.1689,0.1689,0.1689,0.1689,0.1689,0.1689,0.1751,0.1689,0.1689
6012,Lug_Uga,"Kya bulijjo okuwulira ng’otya, noolwekyo gezaako okuleeta mukwano gwo akuwe obuwagizi.",0.0,0.0,0.0,0.0477,0.0477,0.0,0.0,0.0,0.0,0.0477,0.0235
6013,Lug_Uga,"Kikulu okunnyonnyola nti okukozesa obuweke obuziyiza okufuna olubuto obw'embeera ey'amangu, okumanyi",0.74,0.74,0.74,0.74,0.74,0.74,0.74,0.74,0.74,0.74,0.74
6014,Lug_Uga,Okusalawo ddi n’engeri y’okutegeeza maama wo oba omuntu yenna ow’omu maka nti olina Akawuka akaleeta,0.74,0.74,0.74,0.74,0.74,0.74,0.74,0.74,0.74,0.74,0.74
6015,Lug_Uga,"Yee, olina eddembe okweyongerayo n'emisomo gyo ne mu kiseera ng'oli lubuto.",0.05,0.05,0.05,0.74,0.74,0.74,0.0272,0.0272,0.0272,0.74,0.0272
6016,Lug_Uga,"Yee, ddala, bw’oba obaddeko mu kwegatta okutaliimu kwetangira mazima ddala, olina okukeberebwa Akawu",0.07,0.07,0.07,0.74,0.74,0.74,0.1016,0.0942,0.0942,0.74,0.74
6017,Lug_Uga,Sisobola kuwa butereevu mikutu gya mutimbagano kusangibwa kubudaabudibwa ku by'Akawuka akaleeta Siri,0.1262,0.74,0.1262,0.74,0.74,0.74,0.1357,0.1357,0.74,0.74,0.74
6018,Lug_Uga,"Okwogera mu lwatu ku bulamu bw’okwegatta kiyamba abantu okufuna amawulire amatuufu, okukendeeza ku k",0.2467,0.2467,0.2467,0.2467,0.2467,0.2467,0.2467,0.0539,0.0539,0.2467,0.2467
6019,Lug_Uga,"Obubonero busobola okwawukana okuva ku muntu okudda ku mulala. Wadde nga tewali bubonero bulabika, k",0.74,0.74,0.74,0.74,0.74,0.74,0.74,0.1278,0.1278,0.74,0.74
6020,Lug_Uga,Kabootongo w’omutendera ogusooka n’ogwokubiri alina akakwate n’ebiwundu n’olususu okuyiwa era nga bw,0.0725,0.0725,0.0725,0.74,0.74,0.74,0.1301,0.1301,0.0972,0.74,0.74
6021,Lug_Uga,Okwenyigira mu kikolwa ky'okwegatta n’omuntu alina Akawuka akaleeta Siriimu nga teweetangidde kikute,0.1388,0.1388,0.1388,0.74,0.74,0.74,0.1388,0.2381,0.74,0.74,0.1388
6022,Lug_Uga,Okwetangira naddala ng'okozesa obupiira mu kwegatta ngeri nnungi ey’okukendeeza ku katyabaga k’okufu,0.0789,0.0789,0.0789,0.24,0.24,0.24,0.08,0.08,0.08,0.24,0.08
6023,Lug_Uga,"Ekyo kya bulimba; omuntu yenna eyeegatta asobola okukwatibwa Obuwuka obuleeta Obulwadde bw'Ekikaba, ",0.2467,0.2467,0.2467,0.74,0.74,0.74,0.2467,0.2467,0.2467,0.74,0.74
6024,Lug_Uga,Ggwe n'omubeezi wo tubakubiriza okwewala okwegatta okumala waakiri ennaku musanvu nga mumazeeyo obuj,0.0728,0.0728,0.0728,0.0728,0.0728,0.0728,0.0728,0.0728,0.0728,0.0728,0.0172
6025,Lug_Uga,"Okuwa obuyambi bw’emmere, omuli n’obuwunga bw’obuugi, eri abantu ssekinnoomu abalina Akawuka akaleet",0.74,0.74,0.74,0.74,0.74,0.74,0.74,0.74,0.094,0.74,0.74
6026,Lug_Uga,"Okuyonsa ng’olina Akawuka akaleeta Siriimu nsonga nzibu esinziira ku bintu ebiwerako, omuli obujjanj",0.119,0.119,0.119,0.74,0.74,0.74,0.1431,0.119,0.119,0.74,0.1233
6027,Lug_Uga,"Okumanya nti omuntu yeegasse nsonga ya kyama era eba yiye nga omuntu, era erina okwesigamizibwa ku y",0.1341,0.1341,0.1341,0.1341,0.1341,0.1341,0.1099,0.1099,0.1341,0.1341,0.0759
6028,Lug_Uga,Obagazi bw'okwegatta n’engeri omuntu gy’akwatamu enneewulira z’afuna mu by’okwegatta bisobola okwawu,0.1708,0.1708,0.1708,0.1708,0.1708,0.1708,0.1708,0.1708,0.1708,0.1708,0.1708
6029,Lug_Uga,PEP kwe kujjanjaba okukolebwa mu bwangu okukendeeza ku bulabe bw’okukwatibwa Akawuka akaleeta Siriim,0.74,0.74,0.74,0.74,0.74,0.74,0.74,0.74,0.74,0.74,0.1302
6030,Lug_Uga,Ebiva mu kukebera ebiroopa okubeera kw'obutaffaali obulwanyisa obulwadde mu musaayi bitegeeza nti ok,0.74,0.74,0.74,0.74,0.74,0.74,0.74,0.74,0.74,0.74,0.74
6031,Lug_Uga,PrEP nkola ya ddagala eritangira abantu ssekinnoomu abali mu katyabaga ak’amaanyi ak’okukwatibwa Aka,0.1376,0.0477,0.0477,0.1246,0.1246,0.1246,0.1246,0.1246,0.1246,0.1246,0.0484
6032,Lug_Uga,Okuwulira akazito okuva mu mikwano gyo nga gukipukiriza  okwenyigira mu bikolwa by’okwegatta kusobol,0.74,0.74,0.0855,0.74,0.74,0.74,0.74,0.74,0.74,0.74,0.0937
6033,Lug_Uga,Okwetangira naddala ng'okozesa obupiira mu kwegatta ngeri nnungi ey’okukendeeza ku katyabaga k’okufu,0.148,0.148,0.148,0.074,0.074,0.074,0.074,0.074,0.074,0.074,0.08
6034,Lug_Uga,Okwenyigira mu kikolwa ky'okwegatta n’omuntu alina Akawuka akaleeta Siriimu nga teweetangidde kikute,0.74,0.74,0.74,0.74,0.74,0.74,0.74,0.74,0.74,0.74,0.74
6035,Lug_Uga,"Yee, kya bulijjo ddala okuba n’ebibuuzo oba ebikweraliikiriza ku by’okwegatta n’omukwano mu kiseera ",0.74,0.74,0.74,0.74,0.74,0.74,0.74,0.74,0.74,0.74,0.74
6036,Lug_Uga,"Yee, kijja kusoboka, naye kakasa nti omwana wo amira bulungi eddagala lye buli lunaku. Awatali bujja",0.74,0.1117,0.74,0.74,0.74,0.74,0.1173,0.1173,0.0974,0.74,0.74
6037,Lug_Uga,Okubeera n’endowooza ez’enjawulo ezeekuusa ku nkola z'okwegatta kiyinza okuba ekizibu mu mukwano. Wa,0.043,0.043,0.0892,0.0892,0.043,0.0892,0.0892,0.0892,0.0892,0.0892,0.0656
6038,Lug_Uga,"Okwegatta n'abantu abangi nga teweetangidde, naddala nga waliwo akatyabaga k'okukusaasaanya Akawuka ",0.0784,0.0784,0.0784,0.74,0.74,0.74,0.1394,0.1505,0.1505,0.74,0.74
6039,Lug_Uga,Okwetakula (okusiiyibwa) mu bitundu by'ekyama oba ebitundu ebirala by'omubiri kayinza okuba akaboner,0.74,0.74,0.74,0.74,0.74,0.74,0.74,0.74,0.74,0.74,0.0632
6040,Lug_Uga,"Nedda, Eddagala ly'Omusujja gw'ekibumba ogwa B n'ery'akawuka akaleeta siriimu si lye limu, ebifaanan",0.4111,0.4111,0.4111,0.4111,0.4111,0.4111,0.4111,0.4111,0.4111,0.4111,0.0696
6041,Lug_Uga,"Kibeera kizibu okukimanya, naye empuliziganya ey'olwatu kye kikulu; buuza ebibuuzo era weesige ebiro",0.0208,0.0208,0.0206,0.02,0.02,0.02,0.02,0.02,0.0357,0.02,0.0384
6042,Lug_Uga,"Kisobola okukendeeza ku nkola yaako, noolwekyo gezaako okamire amangu ddala nga waakajjukira era oyo",0.0255,0.0255,0.0592,0.0634,0.0634,0.0634,0.0634,0.0634,0.0634,0.0634,0.0673
6043,Lug_Uga,"Mazima ddala, nsobola okuwa obubaka obusingawo ku by’okwegatta. Okwegatta kintu kikulu mu bulamu bw’",0.74,0.74,0.74,0.74,0.74,0.74,0.74,0.74,0.0653,0.74,0.74
6044,Lug_Uga,Kisoboka okufuna Akawuka akaleeta Siriimu ng’ofunye akawuka kano omulundi gumu gwokka gw'obeereddemu,0.1855,0.1855,0.1855,0.1361,0.1361,0.1361,0.1361,0.1855,0.1607,0.1361,0.1361
6045,Lug_Uga,"Okwegatta n’omuwala omuto oba omuntu omulala yenna, awatali kufaayo ku myaka, nga teweetangidde n’ok",0.1168,0.1168,0.1168,0.74,0.74,0.74,0.74,0.74,0.74,0.74,0.1443
6046,Lug_Uga,Obuvubuka mu basajja: Obuvubuka kye kiseera ky’okukula ng’omubiri gw’omulenzi gukyuka ne gufuuka omu,0.1227,0.1227,0.1227,0.1195,0.1195,0.1227,0.08,0.1227,0.1227,0.1195,0.1107
6047,Lug_Uga,"Teweegattira mu bukyala, awava obubi oba mukamwa okutuusa ggwe n'omubeezi wo nga mumaze okujjanjabib",0.1119,0.1119,0.1345,0.0768,0.0822,0.0768,0.1345,0.1345,0.1345,0.0768,0.0389
6048,Lug_Uga,Omwana wo alina okukeberebwa amangu ddala okumanya ekiddako okukolebwa. Okugeza nga yaakazaalibwa ob,0.068,0.068,0.068,0.0888,0.0888,0.0888,0.0673,0.0673,0.0888,0.0888,0.1177
6049,Lug_Uga,Okugaana okwegatta kusalawo okukolebwa okusinziira ku muntu ssekinnoomu era kisinziira ku mbeera omu,0.051,0.051,0.0987,0.0987,0.0987,0.0987,0.055,0.0713,0.0771,0.0987,0.0987
6050,Lug_Uga,Bw’oba weegatta n’omuntu alina Akawuka akaleeta Siriimu era ng’afaayo ku mbeera yo naye ng’otya okwe,0.1545,0.74,0.1009,0.74,0.74,0.74,0.1009,0.1501,0.1501,0.74,0.74
6051,Lug_Uga,Wadde ng'abantu abamu abalina obulwadde buno obwa Kisipi akwata Ebitundu by'ekyama oba Akawuka ka Vv,0.74,0.1805,0.1805,0.74,0.74,0.74,0.74,0.1805,0.1805,0.74,0.1506
6052,Lug_Uga,Obuwuka obuleeta Endwadde z'Ekikaba si bwa nsikirano nga embeera endala ezisikirwa okuva ku mugigi o,0.0796,0.0796,0.0796,0.74,0.74,0.74,0.0722,0.0722,0.1734,0.74,0.0796
6053,Lug_Uga,Lagaana n'omusawo oba akalwaliro ku lunaku lw'okwekebeza oba okujjanjabibwa bwe kiba kyetaagisizza.,0.0378,0.0378,0.0965,0.0592,0.0592,0.0592,0.0965,0.0965,0.0229,0.0592,0.0346
6054,Lug_Uga,"Okuwangaala n'okuweeweeza Akawuka akaleeta Siriimu kisobokera ddala n'obujjanjabi obutuufu, obujjanj",0.1143,0.1143,0.74,0.74,0.74,0.74,0.74,0.74,0.74,0.74,0.1143
6055,Lug_Uga,"Obwetaavu bwo obw'okukeberebwa businziira ku katyabaga k'oli ng'omuntu ak'okukwatibwa Kiramidiya, ob",0.74,0.74,0.74,0.74,0.74,0.74,0.74,0.74,0.74,0.74,0.74
6056,Lug_Uga,"Si bwe kiri, okubeera n'Akawuka akaleeta Siriimu tekutegeeza nti ojja kufuna embeera z'obulamu endal",0.74,0.74,0.74,0.74,0.74,0.74,0.74,0.74,0.74,0.74,0.74
6057,Lug_Uga,Okuzuulwamu akawuka kaleeta Nziku kitegeeza nti olina Enziku era weetaaga okujjanjabibwa n'eddagala ,0.0506,0.0506,0.0506,0.0506,0.0506,0.0506,0.1378,0.0904,0.0599,0.0506,0.0529
6058,Lug_Uga,"Kabootongo takosa butereevu busobozi bwa muntu bwa kuyima, wabula asobola okubaako engeri gy'akosaam",0.0521,0.0521,0.0521,0.0688,0.0955,0.0538,0.0955,0.0955,0.0521,0.0688,0.0661
6059,Lug_Uga,"Yee, kya bulijjo nnyo okubeera n'ennaku z'ogenderako mu nsonga ezikyukakyuka. Ennaku z'okugenda mu n",0.74,0.74,0.74,0.74,0.74,0.74,0.74,0.74,0.74,0.74,0.1107
6060,Lug_Uga,Endowooza egamba nti okwegatta kuzza omuntu obuto si ntuufu n'akamu. Okwenyigira mu kikolwa eky’okwe,0.74,0.1318,0.74,0.74,0.74,0.74,0.74,0.1318,0.1318,0.74,0.74
6061,Lug_Uga,Singa olina Akawuka akaleeta Siriimu era ng’oyagala okuganza oba okukola omukwano ogulimu okwegatta ,0.74,0.74,0.74,0.74,0.74,0.74,0.74,0.74,0.74,0.74,0.1311
6062,Lug_Uga,Obupiira bw'abaami n'abakyala busobola okukola obulungi mu kutangira Akawuka akaleeta Siriimu nga bu,0.077,0.077,0.077,0.74,0.74,0.74,0.113,0.113,0.1506,0.74,0.113
6063,Lug_Uga,Kirabika okuba nga weebuuza oba ng'okwenyigira mu kwegatta n’omuntu alina obulemu kusobola okumalawo,0.115,0.1072,0.1277,0.74,0.74,0.74,0.1032,0.1032,0.1032,0.74,0.1125
6064,Lug_Uga,Obuwuka obuleeta obulwadde bunnakigwanyizi bwe bulwadde obusinga okubalukawo era nga businga kuba bw,0.74,0.74,0.74,0.74,0.74,0.74,0.74,0.74,0.74,0.74,0.74
6065,Lug_Uga,Empeereza z'okubudaabuda abantu ku Kawuka akaleeta Siriimu ziyinza okubaawo ku bwereere oba ku ssent,0.74,0.74,0.74,0.74,0.74,0.74,0.1357,0.74,0.74,0.74,0.74
6066,Lug_Uga,Okukwatibwa Akawuka akaleeta Siriimu ng’oli lubuto kyeraliikiriza nnyo eri omwana ali mu lubuto ne m,0.1102,0.1102,0.1102,0.74,0.74,0.74,0.74,0.1102,0.1102,0.74,0.74
6067,Lug_Uga,"Yee, kya bulijjo okufuna enkyukakyuka mu mbeera zo oba okukyuka mu birowoozo mu kiseera ky'okubeera ",0.74,0.74,0.74,0.74,0.74,0.74,0.74,0.74,0.74,0.74,0.74
6068,Lug_Uga,Okufuna obujjanjabi obw’okukendeeza ku kukatyaga k’okukwatibwa Akawuka akaleeta Siriimu nga tonneeta,0.74,0.1957,0.74,0.74,0.74,0.74,0.74,0.74,0.74,0.74,0.74
6069,Lug_Uga,"Yee, waliwo enkola eziwerako ezikola obulungi mu kuziyiza okusaasaana kw'Akawuka akaleeta Siriimu ng",0.74,0.74,0.74,0.74,0.74,0.74,0.74,0.74,0.74,0.74,0.74
6070,Lug_Uga,Okuwulira akazito okuva mu mikwano gyo nga gukipukiriza  okwenyigira mu bikolwa by’okwegatta kusobol,0.74,0.74,0.74,0.74,0.74,0.74,0.74,0.74,0.74,0.74,0.0687
6071,Lug_Uga,Okulumizibwa mu binywa kwakati mu kwegatta oba oluvannyuma lw’okwegatta si kabonero aka bulijjo mu m,0.0843,0.0843,0.0843,0.74,0.74,0.74,0.0843,0.0843,0.0843,0.74,0.74
6072,Lug_Uga,Obulwadde obujjawo olw'omubiri okukwatibwa Akawuka akaleeta Siriimu zireetebwa obuwuka obw'enjawulo ,0.74,0.74,0.74,0.74,0.74,0.74,0.1289,0.1289,0.1289,0.74,0.74
6073,Lug_Uga,Okuyamba omuntu alina Akawuka akaleeta Siriimu mu by’obujjanjabi kuzingiramu okulaba ng’afuna endabi,0.74,0.74,0.74,0.74,0.74,0.74,0.084,0.74,0.74,0.74,0.0722
6074,Lug_Uga,Waliwo obubonero obuwerako obulaga nti okugenda mu nsonga kwo kuyinza okuba nga kuli mu kkubo: Amabe,0.1238,0.1285,0.1238,0.74,0.74,0.74,0.1238,0.1285,0.1285,0.74,0.0705
6075,Lug_Uga,"Abalwadde b'Akawuka akaleeta Siriimu, okufaananako abantu bonna, balina eddembe ly’obwebange n’obuku",0.74,0.74,0.74,0.74,0.74,0.74,0.0871,0.74,0.74,0.74,0.74
6076,Lug_Uga,"Kikulu okwewala okuzingira awamu ebikwata ku nneeyisa y'abantu abalina Akawuka akaleeta Siriimu, kub",0.1631,0.1678,0.1631,0.74,0.74,0.74,0.74,0.74,0.74,0.74,0.1678
6077,Lug_Uga,"Yee, okukozesa obupiira kukubirizibwa nnyo mu kwegatta, naddala mu bantu abalina  ababeezi abasukka ",0.1184,0.1184,0.1184,0.74,0.74,0.74,0.1184,0.1184,0.1184,0.74,0.74
6078,Lug_Uga,"""Okukwatibwa kwa Kiramidiya mu bantu kutulubawazibwa okusinziira ku nsaasaana y'ekimuleeta, ebika by",0.74,0.74,0.74,0.74,0.74,0.74,0.74,0.74,0.74,0.74,0.74
6079,Lug_Uga,"Okuwangaala n'okuweeweeza Akawuka akaleeta Siriimu kisobokera ddala n'obujjanjabi obutuufu, obujjanj",0.74,0.74,0.74,0.74,0.74,0.74,0.74,0.74,0.74,0.74,0.1198
6080,Lug_Uga,"Okukendeeza ku kuboolebwa okwekuusa ku Kawuka akaleeta Siriimu kikulu okulumirirwa, okwenyigiramu kw",0.74,0.74,0.74,0.74,0.74,0.74,0.74,0.74,0.74,0.74,0.74
6081,Lug_Uga,"Nedda, abantu ssekinnoomu abalina Akawuka akaleeta Siriimu tebalina kugaba musaayi. Okugaba omusaayi",0.1339,0.74,0.1339,0.74,0.74,0.74,0.74,0.74,0.74,0.74,0.74
6082,Lug_Uga,"Yee, omuntu alina Akawuka akaleeta Siriimu asobola okuzaala omwana atalina kawuka singa aba alina ob",0.1298,0.1298,0.1298,0.74,0.74,0.74,0.278,0.1298,0.1298,0.74,0.278
6083,Lug_Uga,Engeri yokka ey’okwewalira ddala Kiramidiya era amanyiddwa nga Akawuka ka Kiramidiya akalwaza Ebitun,0.74,0.1814,0.1814,0.74,0.74,0.74,0.1814,0.0925,0.0925,0.74,0.74
6084,Lug_Uga,"Bw’oba walina ku Nziku n'ogijjanjaba, ekyasobola okuddamu okukukwata. Kino kibaawo singa weegatta n'",0.1048,0.0664,0.0664,0.0455,0.0455,0.0455,0.1156,0.0664,0.0664,0.0455,0.0854
6085,Lug_Uga,Emikisa gy'okukwatibwa Akawuka akaleeta Siriimu oba Endwadde z'Ekikaba oluvannyuma lw’okwegatta n’om,0.74,0.74,0.74,0.74,0.74,0.74,0.74,0.74,0.74,0.74,0.74
6086,Lug_Uga,PrEP ekola bulungi mu kuziyiza okusaasaana kw'Akawuka akaleeta Siriimu naye tekuwa bukuumi ku Buwuka,0.1609,0.2098,0.1609,0.0845,0.0625,0.0625,0.1767,0.0998,0.0998,0.0845,0.1767
6087,Lug_Uga,Tewaliiwo katyabaga ka kukwatibwa Kawuka kaleeta Siriimu kayita mu kulamusa oba kukwatagana na muntu,0.2096,0.2096,0.2096,0.2018,0.148,0.2018,0.2096,0.1222,0.1222,0.2018,0.134
6088,Lug_Uga,Akawuka akaleeta Siriimu/Siriimu katwalibwa ng’embeera ey'olukonvuba era eyinza okutta omuntu kubang,0.153,0.153,0.1084,0.74,0.74,0.74,0.1218,0.1218,0.1218,0.74,0.74
6089,Lug_Uga,Okukulaakulanya enkolagana ennungi n’emikwano mu kiseera ky’obuvubuka kyetaagisa nnyo ku lw'obulungi,0.74,0.74,0.74,0.1253,0.1253,0.1253,0.1253,0.74,0.74,0.1253,0.1253
6090,Lug_Uga,"Bw’oba ozibuwalirwa okumalako n'enkyukakyuka mu busannyalaze bw'omubiri, wano waliwo emitendera gy’o",0.0779,0.132,0.0779,0.0779,0.0779,0.0779,0.0779,0.0779,0.0779,0.0779,0.0779
6091,Lug_Uga,"Enziku bulwadde bwa kikaba obusaasaanyizibwa mu kwegattira mu bukyala, mu kamwa oba ewava obubi nga ",0.74,0.74,0.74,0.74,0.74,0.74,0.0,0.0562,0.0562,0.74,0.74
6092,Lug_Uga,Singa muganzi wo atera okulaga okweraliikirira oba obutali butebenkevu ku ngeri gy’ayinza okuba n’Ak,0.0709,0.0709,0.0709,0.74,0.74,0.74,0.0702,0.0702,0.0652,0.74,0.0702
6093,Lug_Uga,Obupiira bw'abaami n'abakyala busobola okukola obulungi mu kutangira Akawuka akaleeta Siriimu nga bu,0.113,0.113,0.113,0.113,0.113,0.113,0.113,0.113,0.113,0.113,0.113
6094,Lug_Uga,Abakyala bangi abakeberebwa nga balina Akawuka akaleeta Siriimu nga bali embuto tebamanyi nti balina,0.74,0.74,0.74,0.74,0.74,0.74,0.0888,0.74,0.74,0.74,0.74
6095,Lug_Uga,"Yee, kibayamba okukulabirira obulungi, era buli kimu bakikuuma nga kyama!",0.0462,0.0462,0.0643,0.74,0.74,0.74,0.0,0.0,0.0182,0.74,0.74
6096,Lug_Uga,Okumira eddagala ly'Akawuka akaleeta Siriimu ye ngeri esinga obulungi ey'okwetangiramu okukwatibwa o,0.0863,0.0863,0.0863,0.1218,0.1218,0.1218,0.0863,0.0863,0.0863,0.1218,0.0639
6097,Lug_Uga,Tewali bujulizi bwa ssaayansi buwagira kigambibwa nti omuddo oba eddagala ly’ebimera lisobola okuwon,0.0874,0.0874,0.0874,0.74,0.74,0.74,0.202,0.202,0.202,0.74,0.74
6098,Lug_Uga,"Obusannyalaze bw'omubiri bulinga babaka mu mubiri gwo. Mu kiseera ky’obuvubuka, bukola emirimu emiku",0.74,0.74,0.74,0.74,0.74,0.74,0.74,0.74,0.74,0.74,0.1155
6099,Lug_Uga,Okusalawo oba okukuuma oba okugenda mu maaso n’enkolagana n’omwagalwa alina Akawuka akaleeta Siriimu,0.74,0.74,0.74,0.74,0.74,0.74,0.74,0.74,0.74,0.74,0.74
6100,Lug_Uga,Singa oba weekengedde nti muganzi wo omuwala ayinza okuba n'Akawuka akaleeta Siriimu ng'ate weegasse,0.1526,0.1526,0.1526,0.1526,0.1526,0.1526,0.1526,0.1543,0.1543,0.1526,0.1526
6101,Lug_Uga,"Okwemazisa kwo kwennyini tekuleeta bulwadde mu mubiri. Mu butuufu, okwemazisa kikolwa kya kwegatta k",0.74,0.74,0.74,0.74,0.74,0.74,0.74,0.74,0.74,0.74,0.74
6102,Lug_Uga,"Okwewala okwenyigira mu bikolwa by'okwegatta kya kyeyagalire, era engeri gy'oyinza okwewalamu okwega",0.0574,0.1337,0.1337,0.74,0.74,0.74,0.1337,0.1337,0.1337,0.74,0.0574
6103,Lug_Uga,Tewali ddagala liwonyeza ddala Kawuka akaleeeta Siriimu ng’oggyeeko eddagala erikaweweezaako. Enkola,0.0813,0.0813,0.0813,0.74,0.74,0.74,0.1307,0.1307,0.1307,0.74,0.74
6104,Lug_Uga,Abantu bangi abalina Akawuka akaleeta Siriimu basobola okusuubira okuwangaala nga bannaabwe abatakal,0.1233,0.1233,0.1233,0.74,0.74,0.74,0.74,0.1233,0.1233,0.74,0.1221
6105,Lug_Uga,Ekiseera ky'okumira eddagala eriziyiza Akawuka akaleeta Siriimu oluvannyuma lw'okwetaba mu mbeera ek,0.1615,0.1552,0.1036,0.74,0.74,0.74,0.1615,0.1615,0.1615,0.74,0.0978
6106,Lug_Uga,Okumanya embeera yo kikakasa okukuumibwa kw'obulamu bw'omubeezi wo. Bw’oba n’obulwadde buno osobola ,0.0324,0.0301,0.0324,0.0324,0.0324,0.0324,0.0324,0.0324,0.0324,0.0324,0.0324
6107,Lug_Uga,"Okwewala okwegatta nga tonnafumbirwa kikusalawo wa muntu ssekinnoomu okusinziira ku by'oyagala, by'o",0.74,0.74,0.74,0.74,0.74,0.74,0.0868,0.74,0.74,0.74,0.74
6108,Lug_Uga,"Omutindo gw'okumanyisa abantu ku Kawuka akaleeta Siriimu, okusomesa, ne kampeyini bisobola okwawukan",0.0946,0.0946,0.0946,0.74,0.74,0.74,0.74,0.74,0.74,0.74,0.1157
6109,Lug_Uga,Ebiseera ebisinga kikubirizibwa abakyala abalina Akawuka akaleeta Siriimu okuzaala mu ngeri ey'obuto,0.1147,0.1147,0.1147,0.74,0.74,0.74,0.1147,0.1147,0.1147,0.74,0.1147
6110,Lug_Uga,Obagazi bw'okwegatta n’engeri omuntu gy’akwatamu enneewulira z’afuna mu by’okwegatta bisobola okwawu,0.74,0.1708,0.1247,0.74,0.74,0.74,0.128,0.74,0.74,0.74,0.0658
6111,Lug_Uga,"""Kiramidiya era amanyiddwa ng'Akawuka ka Kiramidiya akalwaza Ebitundu by'ekyama n'omuyitiro gw'omusu",0.74,0.74,0.74,0.74,0.74,0.74,0.1035,0.74,0.74,0.74,0.1473
6112,Lug_Uga,"Ppulaani B oba P2, era emanyiddwa nga ""empeke y'oku makya,"" egendererwamu okukozesebwa obw'olumu ne ",0.74,0.74,0.74,0.74,0.74,0.74,0.1416,0.1416,0.74,0.74,0.2237
6113,Lug_Uga,"Enziku bulwadde bwa kikaba obusaasaanyizibwa mu kwegattira mu bukyala, mu kamwa oba ewava obubi nga ",0.0761,0.0761,0.0761,0.12,0.12,0.12,0.12,0.12,0.12,0.12,0.12
6114,Lug_Uga,"Yee, kisobola okukosa obulamu bwo n'okusoma kwo, noolwekyo kiba kirungi okwetegeka n'okubeera mu mbe",0.0462,0.0462,0.0462,0.0462,0.0462,0.0462,0.0192,0.0462,0.0462,0.0462,0.0192
6115,Lug_Uga,Bw’oba olina Akawuka akaleeta Siriimu waliwo emitendera mingi gy’oyinza okuyitamu okukuuma obulamu b,0.1202,0.1202,0.1202,0.1427,0.1427,0.1427,0.0793,0.0793,0.1202,0.1427,0.1427
6116,Lug_Uga,Tosobola kujjanjaba Nziku nga weegulira eddagala oba okwejjanjabira awaka. Singa olowooza nti olina ,0.0945,0.0945,0.0945,0.0945,0.0945,0.0529,0.0315,0.0387,0.0945,0.0945,0.0387
6117,Lug_Uga,Kituufu abantu bangi abalina Akawuka akaleeta Siriimu basobola okuwangaala ekiseera ekiwanvu era nga,0.124,0.124,0.124,0.124,0.124,0.124,0.124,0.0959,0.0959,0.124,0.1329
6118,Lug_Uga,"Okukozesa enkola eriziyiza okufuna olubuto, singa ebeera ekozeseddwa bulungi nga bwe kiragirwa omusa",0.0798,0.0798,0.0798,0.74,0.74,0.74,0.0812,0.74,0.1416,0.74,0.1041
6119,Lug_Uga,Enziku ey'Olukonvuba kitegeeza ekika kya bbakitiiriya ya Neisseria ekirina obusobozi bw'obutawulira ,0.74,0.74,0.74,0.74,0.74,0.74,0.74,0.74,0.74,0.74,0.74
6120,Lug_Uga,Endowooza y’okuba nti okukozesa obupiira kukosa okunyumirwa okwegatta kya kweraliikirira kya maanyi ,0.74,0.74,0.74,0.74,0.74,0.74,0.74,0.0995,0.0995,0.74,0.74
6121,Lug_Uga,Omusujja gw'ekibumba ogwa B guyinza okutangirwa nga gugemebwa n'eddagala ettuufu erikola ebitundu ki,0.1057,0.1057,0.1057,0.74,0.74,0.74,0.74,0.1057,0.1057,0.74,0.1057
6122,Lug_Uga,Waliyo enkebera za Tuliici ez'enjawulo era nga mulimu:                                              ,0.0754,0.0754,0.0754,0.0754,0.74,0.74,0.0754,0.0754,0.0754,0.0754,0.0754
6123,Lug_Uga,"Okwogera n’abazadde oba abakuza ku nsonga z’okugenda mu nsonga kusobola okukutiisa, naye jjukira nti",0.74,0.74,0.74,0.74,0.74,0.74,0.1736,0.1202,0.1202,0.74,0.1736
6124,Lug_Uga,"Ppulaani B oba P2, era emanyiddwa nga ""empeke y'oku makya,"" egendererwamu okukozesebwa obw'olumu ne ",0.2454,0.2454,0.2454,0.74,0.74,0.74,0.2237,0.74,0.74,0.74,0.1416
6125,Lug_Uga,Omusujja gw'ekibumba ogwa B n'akawuka akaleeta siriimu byombi bireetebwa akawuka ka vvayiraasi obuyi,0.1962,0.1962,0.1962,0.1962,0.1962,0.1962,0.1962,0.1962,0.1962,0.1962,0.1962
6126,Lug_Uga,"Okusinziira ku kye nnasembyeyo okumanya, tewali ddagala ligema Kawuka akaleeta Siriimu eryakakasiddw",0.74,0.74,0.74,0.74,0.74,0.74,0.74,0.74,0.1416,0.74,0.74
6127,Lug_Uga,Singa omuntu abeera yeenyigidde mu bikolwa eby’okwegatta oluvannyuma n’akwatibwa Akawuka akaleeta Si,0.0628,0.0628,0.0628,0.0822,0.1117,0.1117,0.0857,0.0908,0.0766,0.0822,0.0719
6128,Lug_Uga,"Okusinziira ku kye nnasembyeyo okumanya, tewali ddagala ligema Kawuka akaleeta Siriimu eryakakasiddw",0.74,0.74,0.74,0.74,0.74,0.74,0.74,0.74,0.74,0.74,0.74
6129,Lug_Uga,"Waliwo obusannyalaze bw'omubiri obw'enjawulo obwetooloolerwako okuvubuka, buli kamu nga kalina omuli",0.1233,0.1233,0.1233,0.1233,0.1233,0.1233,0.1233,0.1233,0.1028,0.1233,0.1233
6130,Lug_Uga,Akawuka akaleeta Siriimu/Siriimu kaleetebwa kawuka ka vvayiraasi. Akawuka akaleeta Siriimu kika kya ,0.0481,0.0481,0.0987,0.0995,0.0995,0.0995,0.0995,0.074,0.074,0.0995,0.0782
6131,Lug_Uga,PrEP talina bulabe bwonna. Tewali buzibu bwa maanyi ku bulamu bulabiddwa mu bantu abatalina Kawuka k,0.74,0.74,0.74,0.74,0.74,0.74,0.74,0.74,0.74,0.74,0.74
6132,Lug_Uga,Emikisa gy’omuntu okukwatibwa Akawuka akaleeta Siriimu mu kiseera ky’okwegatta omulundi gumu giyinza,0.1333,0.1333,0.1333,0.74,0.74,0.74,0.1506,0.1333,0.1333,0.74,0.1282
6133,Lug_Uga,"Mazima ddala, nsobola okuwa obubaka obusingawo ku by’okwegatta. Okwegatta kintu kikulu mu bulamu bw’",0.086,0.0947,0.0947,0.74,0.74,0.74,0.74,0.0947,0.0947,0.74,0.086
6134,Lug_Uga,"Obuvubuka kiseera kya kukula mu mubiri n’okukulaakulana mu bwongo okw'amangu, mu mubiri ne mu birowo",0.74,0.74,0.1488,0.1488,0.1488,0.1488,0.1356,0.1356,0.74,0.1488,0.1297
6135,Lug_Uga,"Yee, omukyala alina Akawuka akaleeta Siriimu asobola okuzaala omwana ng’omukyala omulala yenna. Wabu",0.74,0.1651,0.1651,0.74,0.74,0.74,0.74,0.74,0.74,0.74,0.74
6136,Lug_Uga,"Yee, kisoboka omuntu okukwatibwa Obuwuka obuleeta Obulwadde bw'Ekikaba oba Endwadde z'Ekikaba emirun",0.74,0.74,0.74,0.74,0.74,0.74,0.74,0.74,0.74,0.74,0.74
6137,Lug_Uga,"Yee, okwogera n’emikwano kusobola okuyamba, naye kakasa nti nabo bamanyi eky'okukola!",0.0,0.0,0.0,0.0,0.0643,0.0643,0.74,0.0617,0.0223,0.0,0.0643
6138,Lug_Uga,Tuliici asobola okusaasaanyizibwa okuyita mu kwegatta okutaliimu kwetangira n’omuntu alina akawuka a,0.0735,0.0735,0.0735,0.74,0.74,0.74,0.74,0.0735,0.0735,0.74,0.1328
6139,Lug_Uga,"Yee, okusinziira ku nkola y'ekizaalaggumba gy'okozesa, osobola okufuna Obuwuka obuleeta Obulwadde bw",0.1189,0.1558,0.1558,0.1083,0.1083,0.1083,0.1083,0.1083,0.1558,0.1083,0.1083
6140,Lug_Uga,Akawuka akaleeta Siriimu kasobola okukwata abantu ssekinnoomu ab’emyaka gyonna omuli n’abaana abali ,0.74,0.74,0.74,0.74,0.74,0.74,0.74,0.74,0.74,0.74,0.74
6141,Lug_Uga,Akafuba akoolese obubonero kumpi bulijjo kasobola okuwonyezebwa n’eddagala eritta bbakitiiriya. Ku K,0.74,0.74,0.74,0.0485,0.74,0.74,0.0723,0.0723,0.74,0.0485,0.06
6142,Lug_Uga,Oyinza okwetaaga okukwekebeza Kabootongo singa:1. Ggwe oba omuntu gwe weegatta naye mubeera n'obubon,0.2563,0.2563,0.74,0.74,0.74,0.74,0.74,0.74,0.74,0.74,0.74
6143,Lug_Uga,Buno bwe bukodyo bw’okunaaba obulungi omubiri gwo ng’oli mu kiseera ky'okuvubuka: Kozesa ssabbuuni a,0.0806,0.0806,0.0806,0.74,0.74,0.74,0.077,0.74,0.74,0.74,0.0806
6144,Lug_Uga,Tuliici asobola okusaasaanyizibwa okuyita mu kwegatta okutaliimu kwetangira n’omuntu alina akawuka a,0.1313,0.1313,0.1313,0.74,0.74,0.74,0.0735,0.0735,0.0735,0.74,0.0735
6145,Lug_Uga,Akawuka akaleeta Siriimu tekalina bubonero bwa kungulu nga bwoleka ko kokka obusobola okukozesebwa o,0.74,0.74,0.74,0.74,0.74,0.74,0.1257,0.1158,0.1158,0.74,0.1277
6146,Lug_Uga,Obusannyalaze bw'omubiri busobola okukosa ennyo amaanyi go n’enneebaka yo ng’oli mu myaka gy’obuvubu,0.1308,0.1308,0.1308,0.1308,0.1308,0.1308,0.1386,0.1386,0.1386,0.1308,0.1308
6147,Lug_Uga,Enkola z'embeerabantu ez'okuziyiza Akawuka akaleeta Siriimu ziraze nti zikola bulungi ddala mu kutan,0.1527,0.1657,0.1527,0.0994,0.0994,0.0994,0.0994,0.0994,0.0994,0.0994,0.1057
6148,Lug_Uga,Okuyamba omuntu alina Akawuka akaleeta Siriimu asosolebwa abantu kikulu okumuyamba okugumira ebizibu,0.1737,0.1345,0.74,0.74,0.74,0.74,0.0769,0.0769,0.0769,0.74,0.0862
6149,Lug_Uga,Okufuna obujjanjabi obw’okukendeeza ku kukatyaga k’okukwatibwa Akawuka akaleeta Siriimu nga tonneeta,0.0627,0.74,0.0627,0.74,0.74,0.74,0.0716,0.1293,0.1136,0.74,0.1239
6150,Lug_Uga,"Enziku bulwadde bwa kikaba obusaasaanyizibwa mu kwegattira mu bukyala, mu kamwa oba ewava obubi nga ",0.74,0.0939,0.0939,0.74,0.74,0.74,0.74,0.74,0.0775,0.74,0.74
6151,Lug_Uga,Si kya bulijjo nti ekika ky'enzijanjaba ekozesebwa ku Kawuka akaleeta Siriimu mu baana abato erina o,0.1421,0.1421,0.1421,0.74,0.74,0.74,0.74,0.071,0.071,0.74,0.1135
6152,Lug_Uga,"Okulya emmere erimu ebiriisa byonna kikulu eri buli muntu, nga mw'otwalidde n'abo abalina Akawuka ak",0.0828,0.0828,0.0828,0.74,0.74,0.74,0.74,0.74,0.0907,0.74,0.74
6153,Lug_Uga,"Okusiiga Akawuka akaleeta Siriimu okuva ku maama okudda ku mwana, era amanyiddwa ng'okusiigibwa okw'",0.1244,0.0901,0.1244,0.74,0.74,0.74,0.74,0.74,0.74,0.74,0.74
6154,Lug_Uga,"Okwewala ebikolwa by’okwegatta mu kiseera kyo ng’omuyizi kya kusalawo kya muntu nga ye, era kikulu o",0.1584,0.1584,0.1584,0.74,0.74,0.74,0.1584,0.1584,0.1584,0.74,0.0874
6155,Lug_Uga,"Nedda, Obuwuka obuleeta Obulwadde bw'Ekikaba tebujja kugenda ku bwabwo, noolwekyo weetaaga okulaba o",0.0432,0.0432,0.0432,0.74,0.74,0.74,0.0444,0.0432,0.0432,0.74,0.0444
6156,Lug_Uga,Okuwulira ensonyi oba okuswala ku nsonga ezikwata ku myaka gy’obuvubuka kya bulijjo olw’emizizo gy'e,0.74,0.74,0.74,0.74,0.74,0.74,0.74,0.74,0.74,0.74,0.74
6157,Lug_Uga,"Bw'oba okkiriza nti olwanagana n'ekizibu ky'eddoowo ly'okwegatta era ng'oyagala okukivvuunuka, kikul",0.74,0.74,0.74,0.74,0.74,0.74,0.74,0.74,0.74,0.74,0.74
6158,Lug_Uga,Kino kye kiseera omukyala ow’olubuto alina Akawuka akaleeta Siriimu w’asobolera okusiiga omwana we a,0.74,0.74,0.1244,0.74,0.74,0.74,0.1244,0.1244,0.1244,0.74,0.1244
6159,Lug_Uga,"Nedda, endowooza nti omuntu alina Akawuka akaleeta Siriimu asobola okuwona nga yeegatta n'omwana omu",0.74,0.74,0.74,0.74,0.74,0.74,0.0838,0.0838,0.74,0.74,0.74
6160,Lug_Uga,Okubeera n'omuntu alina Akawuka akaleeta Siriimu kiyinza okuleeta okusoomoozebwa okw'enjawulo n'emik,0.1268,0.1268,0.0948,0.74,0.74,0.74,0.74,0.0915,0.1857,0.74,0.1074
6161,Lug_Uga,Abasawo bakebera amazzi go agava mu mubiri okusobola okuzuulamu akawuka ka Neisseria akaleeta Enziku,0.104,0.104,0.104,0.74,0.74,0.74,0.077,0.74,0.74,0.74,0.085
6162,Lug_Uga,Singa mukwano gwo aba alina obweraliikirivu ku busobozi obw'okubeera mu katyabaga k'okukwatibwa Akaw,0.2091,0.2091,0.2091,0.74,0.74,0.74,0.74,0.74,0.74,0.74,0.74
6163,Lug_Uga,Bw’oba weegatta n’omwagalwa wo nga teweetangidde era ng'oteebereza nti ayinza okuba n’Akawuka akalee,0.0634,0.0634,0.0634,0.74,0.74,0.74,0.1291,0.1057,0.1057,0.74,0.1057
6164,Lug_Uga,Okuyiwa obutulututtu oba obubonero bwonna obutali bwa bulijjo mu bitundu by’ekyama oluvannyuma lw’ok,0.74,0.74,0.74,0.74,0.74,0.74,0.74,0.74,0.74,0.74,0.74
6165,Lug_Uga,"Bwe muba nga mwembi muli bulungi era nga mukkiriziganyizza, kale mugende mu maaso!",0.0651,0.0651,0.0651,0.0308,0.0308,0.0308,0.0308,0.0308,0.0651,0.0308,0.0308
6166,Lug_Uga,"Akawuka akaleeta Siriimu mbeera eyeetaaga obujjanjabi obw'amaanyi, naye tekitegeeza nti erina kuviir",0.111,0.111,0.111,0.111,0.111,0.111,0.111,0.111,0.111,0.111,0.111
6167,Lug_Uga,"Yee, kisoboka omuntu okubeera n’Akawuka akaleeta Siriimu nga tamira ddagala likaweweeza, naye kijja ",0.74,0.74,0.74,0.74,0.74,0.74,0.74,0.74,0.1113,0.74,0.74
6168,Swa_Ken,Uendelezaji wa kuacha ngono kama mkakati wa afya ya ngono ni mojawapo ya mbinu kadhaa za kuzuia mimb,0.1693,0.1693,0.1693,0.1547,0.1547,0.1547,0.1457,0.1457,0.1457,0.1547,0.1457
6169,Swa_Ken,Maambukizi ya Ukimwi (Virusi vya Upungufu wa Kinga ya Binadamu) yanaweza kutokea mwanzoni bila dalil,0.74,0.74,0.74,0.74,0.74,0.74,0.3524,0.3524,0.2272,0.74,0.74
6170,Swa_Ken,Kuzuia magonjwa ya zinaa (STIs) kunahusisha kufuata mazoea salama ya kujamiiana na kufanya maamuzi s,0.74,0.74,0.74,0.74,0.74,0.74,0.74,0.74,0.74,0.74,0.74
6171,Swa_Ken,Uzoefu wa ngono ni wa mtu binafsi na unaweza kutofautiana kwa kiasi kikubwa kutoka kwa mtu hadi mtu.,0.1279,0.1279,0.1279,0.1859,0.1859,0.1859,0.1977,0.1977,0.1977,0.1859,0.1859
6172,Swa_Ken,Virusi vitagunduliwa tu baada ya kipindi cha dirisha. Kipindi hiki kinategemea aina ya kipimo unaofa,0.1175,0.1175,0.1175,0.1175,0.0673,0.0649,0.1175,0.1175,0.0797,0.1175,0.0579
6173,Swa_Ken,"Hapana, maambukizi ya njia ya mkojo (UTI) hayaainishwi kama maambukizo ya zinaa (STI). UTI husababis",0.74,0.74,0.74,0.74,0.74,0.74,0.74,0.74,0.74,0.74,0.1764
6174,Swa_Ken,Kwa kawaida hupendekezwa kuwa wanawake walio na virusi vya ukimwi wajifungue kwa njia ya kawaida (ku,0.1218,0.1218,0.1218,0.74,0.74,0.74,0.74,0.74,0.74,0.74,0.74
6175,Swa_Ken,Ikiwa umefanya ngono isiyo salama (ngono bila kondomu au njia nyingine ya kizuizi) na mtu na una was,0.74,0.74,0.74,0.74,0.74,0.74,0.74,0.74,0.74,0.74,0.74
6176,Swa_Ken,"Punyeto yenyewe haisababishi maambukizo mwilini. Kwa kweli, kupiga punyeto ni shughuli ya kawaida ya",0.74,0.74,0.74,0.74,0.74,0.74,0.74,0.74,0.74,0.74,0.74
6177,Swa_Ken,"Unyanyapaa unaohusiana na Ukimwi/UKIMWI ni kikwazo kikubwa kwa kinga, matunzo na msaada kwa watu wan",0.74,0.74,0.74,0.74,0.74,0.74,0.74,0.74,0.74,0.74,0.74
6178,Swa_Ken,"Ukimwi, virusi vinavyosababisha UKIMWI (Acquired Immunodeficiency Syndrome), kimsingi hupitishwa kup",0.74,0.74,0.74,0.74,0.74,0.74,0.74,0.1352,0.1352,0.74,0.74
6179,Swa_Ken,Akina mama walio na Virusi Vya Ukimwi wanaopata matibabu wakati wa ujauzito wana nafasi ndogo zaidi ,0.18,0.18,0.18,0.74,0.74,0.74,0.1716,0.1357,0.1887,0.74,0.074
6180,Swa_Ken,"Dalili za kimaumbile za maambukizo makali ya virusi vya ukimwi, pia hujulikana kama acute retroviral",0.74,0.74,0.74,0.74,0.74,0.74,0.2697,0.2697,0.2697,0.74,0.74
6181,Swa_Ken,Tamaa ya shughuli za ngono ni sehemu ya asili na ya kawaida ya biolojia na saikolojia ya binadamu. I,0.74,0.74,0.74,0.74,0.74,0.74,0.74,0.74,0.74,0.74,0.74
6182,Swa_Ken,Ukimwi (Virusi vya Upungufu wa Kinga ya Mwanadamu) huambukizwa kupitia viowevu maalum vya mwili amba,0.1458,0.1458,0.1458,0.2454,0.2454,0.2454,0.2454,0.2454,0.2454,0.2454,0.1458
6183,Swa_Ken,"Samahani sana kusikia kwamba mtu fulani anahisi hivi, lakini siwezi kutoa usaidizi unaohitajika. Ni ",0.127,0.127,0.127,0.1823,0.1823,0.1823,0.127,0.127,0.127,0.1823,0.1383
6184,Swa_Ken,"Ndiyo, kuna mchakato wa kupata Pre-Exposure Prophylaxis (PrEP), ambayo ni dawa ya kuzuia kupunguza h",0.74,0.74,0.74,0.74,0.74,0.74,0.74,0.74,0.74,0.74,0.74
6185,Swa_Ken,"Wagonjwa wa Ukimwi/UKIMWI, kama watu wote, wana haki za kimsingi za binadamu na ulinzi wa kisheria. ",0.74,0.74,0.74,0.74,0.74,0.74,0.74,0.74,0.74,0.74,0.74
6186,Swa_Ken,Ikiwa umewahi kujamiiana na mtu ambaye ana Ukimwi na anajali hali yako mwenyewe lakini unaogopa kupi,0.74,0.182,0.74,0.74,0.74,0.74,0.1708,0.1708,0.74,0.74,0.1708
6187,Swa_Ken,Kujua hali yako ni jambo la manufaa sana kwa maana kwamba utaweza kuanza matibabu mapema ikiwa una c,0.1331,0.1331,0.1331,0.1581,0.1581,0.1331,0.1132,0.1581,0.1581,0.1581,0.1589
6188,Swa_Ken,"Ndiyo, Ukimwi (Virusi vya Upungufu wa Kinga Mwilini) vinaweza kuathiri afya ya akili ya mtu kwa njia",0.1271,0.1271,0.1271,0.2078,0.2078,0.2078,0.1367,0.1271,0.1271,0.2078,0.2078
6189,Swa_Ken,Ni binadamu pekee wanaoweza kusambaza Virusi Vya Ukimwi kwa binadamu wengine. Mbu hawawezi kusambaza,0.1261,0.1941,0.74,0.74,0.74,0.74,0.1261,0.0949,0.74,0.74,0.0673
6190,Swa_Ken,"Kwa ufahamu wangu wa mwisho hakuna chanjo inayopatikana kwa wingi, iliyoidhinishwa kimataifa. Uundaj",0.74,0.74,0.74,0.74,0.74,0.74,0.74,0.74,0.74,0.74,0.74
6191,Swa_Ken,Shirika la Afya Ulimwenguni (WHO) linaendelea kuchukua jukumu kubwa katika kukabiliana na janga la U,0.74,0.74,0.74,0.74,0.74,0.74,0.74,0.74,0.74,0.74,0.74
6192,Swa_Ken,Matarajio ya maisha ya mtu anayeishi na Ukimwi ambaye anatumia tiba ya kurefusha maisha (ART) yameon,0.1959,0.1959,0.1959,0.1959,0.1959,0.1959,0.1797,0.1797,0.1947,0.1959,0.1959
6193,Swa_Ken,Ukimwi haiwezi kukuzwa au kukuzwa nje ya mwili wa binadamu katika mazingira ya maabara kwa njia sawa,0.74,0.74,0.74,0.74,0.74,0.74,0.74,0.74,0.74,0.74,0.74
6194,Swa_Ken,"Kuepuka shughuli za ngono wakati wako kama mwanafunzi ni chaguo la kibinafsi, na ni muhimu kutanguli",0.74,0.74,0.74,0.74,0.74,0.74,0.74,0.74,0.74,0.74,0.74
6195,Swa_Ken,Kushiriki tendo la ngono na mpenzi ambaye ana maambukizi ya magonjwa ya zinaa (STI) kunaweza kuleta ,0.74,0.74,0.74,0.74,0.74,0.74,0.74,0.74,0.74,0.74,0.74
6196,Swa_Ken,"Kuishi na virusi vya ukimwi (Virusi vya Upungufu wa Kinga ya Mwili) kunaweza kudhibitiwa, na watu wa",0.2562,0.2562,0.2562,0.74,0.74,0.74,0.2562,0.2562,0.2562,0.74,0.2562
6197,Swa_Ken,"Matumizi ya vidhibiti mimba, kama vile kondomu au njia za homoni, kimsingi yanalenga kuzuia mimba zi",0.1455,0.1455,0.1455,0.2783,0.2783,0.2783,0.136,0.2783,0.2783,0.2783,0.2783
6198,Swa_Ken,"Ili kuepuka magonjwa ya zinaa (STIs) na kukuza afya ya ngono, ni muhimu kuchukua hatua za kuzuia na,",0.1722,0.1722,0.1722,0.74,0.74,0.74,0.74,0.74,0.74,0.74,0.74
6199,Swa_Ken,Kuzuia maambukizi ya Ukimwi kunahusisha mchanganyiko wa mikakati inayolenga kupunguza hatari ya kuam,0.1092,0.1092,0.1092,0.1092,0.1092,0.1092,0.1092,0.1092,0.1092,0.1092,0.0937
6200,Swa_Ken,"Uuzaji wa dawa za madukani, ikiwa ni pamoja na uzazi wa mpango wa dharura (EC), kwa vijana kwa kawai",0.74,0.74,0.74,0.74,0.74,0.74,0.74,0.74,0.74,0.74,0.74
6201,Swa_Ken,Kuzuia Ukimwi/UKIMWI kunahusisha mchanganyiko wa mikakati inayolenga kupunguza hatari ya maambukizi ,0.1577,0.1577,0.1577,0.74,0.74,0.74,0.74,0.74,0.74,0.74,0.74
6202,Swa_Ken,Uongo. Watu wengine wanaweza kuamini kuwa matumizi ya kondomu ni mchakato mgumu na wa kupoteza wakat,0.1554,0.74,0.74,0.74,0.74,0.74,0.1554,0.0914,0.0914,0.74,0.1554
6203,Swa_Ken,"Umri ""sahihi"" wa kushiriki ngono utatofautiana kati ya mtu na mtu kulingana na imani za kitamaduni, ",0.74,0.74,0.74,0.74,0.74,0.74,0.1216,0.1216,0.1216,0.74,0.74
6204,Swa_Ken,Si lazima. Kuwa na Virusi haimaanishi moja kwa moja kwamba utapata hali nyingine za afya (wakati ful,0.74,0.74,0.74,0.74,0.74,0.74,0.74,0.74,0.74,0.74,0.74
6205,Swa_Ken,Hatari ya kumwambukiza Ukimwi kutoka kwa mama kwenda kwa mtoto ambaye hajazaliwa (maambukizi ya wima,0.1925,0.1925,0.1925,0.74,0.74,0.74,0.74,0.74,0.2615,0.74,0.74
6206,Swa_Ken,"Ikiwa mtu ana Ukimwi na ni mjamzito, inawezekana kupunguza hatari ya kueneza Ukimwi kwa mtoto mchang",0.221,0.221,0.221,0.74,0.74,0.74,0.74,0.74,0.74,0.74,0.74
6207,Swa_Ken,"Kutoa msaada wa chakula, ikiwa ni pamoja na unga kwa ajili ya uji, kwa watu wanaoishi na Ukimwi/UKIM",0.74,0.74,0.74,0.74,0.74,0.74,0.74,0.74,0.74,0.74,0.74
6208,Swa_Ken,Ikiwa mtu hana Ukimwi (ikimaanisha kuwa amepima hana Ukimwi na hajajishughulisha na shughuli zozote ,0.74,0.74,0.74,0.74,0.74,0.74,0.74,0.74,0.74,0.74,0.1698
6209,Swa_Ken,Maambukizi ya Ukimwi wakati wa ujauzito ni wasiwasi mkubwa kwa mtoto ambaye hajazaliwa na mwanamke m,0.74,0.74,0.74,0.74,0.74,0.74,0.74,0.74,0.74,0.74,0.74
6210,Swa_Ken,Matarajio ya maisha ya mtu aliye na Ukimwi yameongezeka sana kwa miaka mingi kutokana na maendeleo y,0.1809,0.1809,0.1809,0.1809,0.1809,0.1809,0.1086,0.1274,0.1255,0.1809,0.1809
6211,Swa_Ken,"Unyanyapaa unaohusiana na Ukimwi/UKIMWI ni kikwazo kikubwa kwa kinga, matunzo na msaada kwa watu wan",0.74,0.74,0.74,0.74,0.74,0.74,0.74,0.74,0.74,0.74,0.74
6212,Swa_Ken,"Hapana, mfiduo wa X-ray hautibu au kuua virusi vya UKIMWI. Ukimwi ni retrovirus ambayo huambukiza se",0.74,0.74,0.74,0.74,0.74,0.74,0.74,0.74,0.74,0.74,0.74
6213,Swa_Ken,Kumsaidia mjamzito ambaye ameacha shule na anakabiliwa na upinzani kutoka kwa wazazi wao inaweza kuw,0.1465,0.1465,0.1465,0.1465,0.1465,0.1465,0.1096,0.1096,0.1096,0.1465,0.0771
6214,Swa_Ken,"Samahani sana kusikia kwamba mtu fulani anahisi hivi, lakini siwezi kutoa usaidizi unaohitajika. Ni ",0.1383,0.1823,0.1823,0.1383,0.1383,0.1383,0.1823,0.1823,0.1823,0.1383,0.1383
6215,Swa_Ken,"Ndiyo, inawezekana kabisa kuishi na Ukimwi (Virusi vya Upungufu wa Kinga Mwilini). Ukimwi ni ugonjwa",0.1785,0.1785,0.1785,0.74,0.74,0.74,0.74,0.74,0.74,0.74,0.2511
6216,Swa_Ken,Kumsaidia ndugu au rafiki ambaye ana maambukizi ya magonjwa ya zinaa (STI) inaweza kuwa hali nyeti n,0.74,0.74,0.74,0.74,0.74,0.74,0.74,0.74,0.74,0.74,0.74
6217,Swa_Ken,Kumfungulia mwenzi wako hali yako ya virusi vya ukimwi inaweza kuwa mazungumzo nyeti na yenye changa,0.1467,0.1467,0.1467,0.1239,0.74,0.74,0.1467,0.1467,0.1467,0.1239,0.1467
6218,Swa_Ken,Watu wote wenye Virusi Vya Ukimwi na wasio na Virusi Vya Ukimwi wana mambo wanayoweza kufanya ili ku,0.1146,0.1146,0.1146,0.2085,0.1603,0.1146,0.2085,0.0899,0.1315,0.2085,0.1422
6219,Swa_Ken,Kuamua kama rafiki ana virusi vya ukimwi kunapaswa kuegemezwa kwenye mawasiliano ya wazi na ya uamin,0.1922,0.1922,0.1922,0.74,0.74,0.74,0.1745,0.1745,0.152,0.74,0.0994
6220,Swa_Ken,Kuvaa vizuri kondomu ni njia nzuri ya kujilinda dhidi ya Virusi Vya Ukimwi. Kondomu huzuia shahawa (,0.74,0.74,0.1164,0.74,0.74,0.74,0.146,0.1164,0.1164,0.74,0.146
6221,Swa_Ken,"Hapana, ngono sio njia pekee ya kuambukizwa Ukimwi (Virusi vya Upungufu wa Kinga ya Binadamu). Ukimw",0.74,0.74,0.74,0.74,0.74,0.74,0.74,0.74,0.74,0.74,0.74
6222,Swa_Ken,Hali yako ya virusi vya ukimwi ni yako kushiriki na hupaswi kuhisi shinikizo kumwambia mtu yeyote. H,0.1175,0.1175,0.1175,0.1175,0.1175,0.1175,0.74,0.74,0.1057,0.1175,0.1175
6223,Swa_Ken,"Kwa matokeo ya vipimo mbaya, rudia baada ya miezi mitatu kwa sababu hatua ya dirisha itakuwa imekami",0.0961,0.0961,0.0961,0.74,0.74,0.74,0.74,0.141,0.141,0.74,0.0961
6224,Swa_Ken,Hakuna chanjo inayopatikana kwa sasa kuzuia virusi.,0.74,0.74,0.74,0.74,0.74,0.74,0.74,0.74,0.74,0.74,0.74
6225,Swa_Ken,Iwapo unaishi na virusi vya ukimwi na unapenda kuchumbiana au kuanzisha uhusiano wa kimapenzi na was,0.1833,0.1833,0.1833,0.74,0.74,0.74,0.74,0.1806,0.1806,0.74,0.1833
6226,Swa_Ken,"Kuoga baada ya kujamiiana hakuzuii magonjwa ya zinaa, lakini kondomu na kondomu za ndani. Mojawapo y",0.74,0.74,0.74,0.74,0.74,0.74,0.74,0.74,0.74,0.74,0.74
6227,Swa_Ken,"Maambukizi nyemelezi husababishwa na aina mbalimbali za vijidudu (virusi, bakteria, fangasi na vimel",0.74,0.74,0.74,0.74,0.74,0.74,0.74,0.74,0.74,0.74,0.74
6228,Swa_Ken,"Ndiyo, Ukimwi vinatibika na kumekuwa na maboresho yanayotia matumaini katika matibabu ya Ukimwi. Ina",0.1561,0.2277,0.1561,0.2445,0.2445,0.2445,0.2445,0.2445,0.2445,0.2445,0.2445
6229,Swa_Ken,"Kukuza kujistahi kwa mgonjwa wa UKIMWI ni muhimu kwa ustawi wao kwa ujumla, kwani kunaweza kuathiri ",0.74,0.74,0.74,0.74,0.74,0.74,0.74,0.74,0.74,0.74,0.74
6230,Swa_Ken,"Ikiwa wewe ni mjamzito na una Ukimwi, kuna mbinu zilizowekwa vizuri za kupunguza hatari ya kumwambuk",0.2176,0.2176,0.2176,0.74,0.74,0.74,0.1925,0.2437,0.2176,0.74,0.74
6231,Swa_Ken,"Iwapo utagunduliwa kuwa na virusi vya ukimwi (Virusi vya Upungufu wa Kinga Mwilini), mambo kadhaa mu",0.74,0.74,0.74,0.74,0.74,0.74,0.74,0.74,0.74,0.74,0.74
6232,Swa_Ken,"Ndiyo, ni muhimu kumjulisha mtu wako muhimu kuhusu hali yako ya Virusi Vya Ukimwi. Kutumia kondomu h",0.0649,0.0649,0.0649,0.1342,0.1016,0.1016,0.1239,0.1342,0.1342,0.1342,0.1097
6233,Swa_Ken,Hapana. Vidonge vya uzazi wa mpango husaidia kuzuia mimba lakini si kusambaza virusi vya ukimwi. Iki,0.74,0.74,0.74,0.74,0.74,0.74,0.1066,0.0998,0.74,0.74,0.1066
6234,Swa_Ken,"Kwa hakika si lazima kupima Ukimwi. Kuchagua kupimwa ni uamuzi wa kibinafsi unaotegemea wewe, tabia ",0.74,0.74,0.74,0.74,0.74,0.74,0.74,0.74,0.74,0.74,0.74
6235,Swa_Ken,"""Mwanamke anayeishi na virusi vya ukimwi anaweza kumwambukiza mtoto wake virusi wakati wa ujauzito, ",0.74,0.74,0.74,0.74,0.74,0.74,0.74,0.74,0.74,0.74,0.74
6236,Swa_Ken,Wakati mtu anayeishi na virusi vya ukimwi anatumia tiba ya kurefusha maisha ya kurefusha maisha (ART,0.74,0.74,0.74,0.74,0.74,0.74,0.2917,0.2917,0.1535,0.74,0.74
6237,Swa_Ken,Hakuna mlo maalum unaoweza kutibu au kutibu magonjwa ya zinaa (STDs) au kuongeza kinga kwa njia ya k,0.74,0.74,0.74,0.74,0.74,0.74,0.74,0.74,0.74,0.74,0.74
6238,Swa_Ken,"Ndiyo, kuna mbinu kadhaa za ufanisi za kuzuia maambukizi ya Ukimwi mbali na kujizuia na kumeza vidon",0.1471,0.3051,0.1597,0.3051,0.1916,0.3051,0.3051,0.3051,0.3051,0.3051,0.1227
6239,Swa_Ken,Kuna wataalamu kadhaa na watu binafsi unaoweza kujadiliana nao masuala yanayohusiana na virusi vya u,0.74,0.74,0.74,0.74,0.74,0.74,0.74,0.74,0.74,0.74,0.74
6240,Swa_Ken,"Hapana, huwezi kupata virusi vya ukimwi (Virusi vya Upungufu wa Kinga Mwilini) kwa kushiriki vyombo,",0.74,0.74,0.74,0.74,0.74,0.74,0.74,0.74,0.74,0.74,0.74
6241,Swa_Ken,Ni muhimu kupima virusi vya ukimwi mwanzoni mwa uhusiano kwa sababu kwa njia hiyo utajua hali yako n,0.74,0.74,0.74,0.74,0.74,0.74,0.1617,0.1617,0.74,0.74,0.74
6242,Swa_Ken,Ni kweli kwamba watu wengi wanaoishi na virusi vya ukimwi wanaweza kuishi maisha marefu na yenye afy,0.74,0.74,0.74,0.74,0.74,0.74,0.74,0.2246,0.2246,0.74,0.74
6243,Swa_Ken,Virusi vitagunduliwa tu baada ya kipindi cha dirisha. Kipindi hiki kinategemea aina ya kipimo unaofa,0.1306,0.1306,0.1306,0.1306,0.1306,0.1306,0.1306,0.1306,0.1306,0.1306,0.1306
6244,Swa_Ken,Tiba ya kurefusha maisha (ART) ni matibabu ya kawaida kwa watu wanaoishi na Ukimwi (Virusi vya Upung,0.74,0.74,0.74,0.74,0.74,0.74,0.1492,0.1492,0.1492,0.74,0.74
6245,Swa_Ken,Ufanisi wa tiba asilia au mitishamba inayotumiwa na waganga wa kienyeji kwa ajili ya kuzuia mimba (k,0.74,0.74,0.74,0.74,0.74,0.74,0.74,0.74,0.2023,0.74,0.1627
6246,Swa_Ken,"Hapana, mfiduo wa X-ray hautibu au kuua virusi vya UKIMWI. Ukimwi ni retrovirus ambayo huambukiza se",0.74,0.74,0.74,0.74,0.74,0.74,0.74,0.74,0.74,0.74,0.74
6247,Swa_Ken,Ishara na dalili zinaweza kutofautiana kutoka kwa mtu hadi mtu. Hata bila dalili na dalili zinazojul,0.74,0.74,0.74,0.74,0.74,0.74,0.74,0.74,0.74,0.74,0.74
6248,Swa_Ken,Ni muhimu kuelewa kwamba hakuna njia ya kubainisha hali yako ya Ukimwi bila kupima Ukimwi. Ukimwi ni,0.74,0.74,0.74,0.74,0.74,0.74,0.74,0.74,0.74,0.74,0.74
6249,Swa_Ken,Maziwa ya mama yana virusi vya ukimwi hivyo inaweza kupita ndani ya mwili wa mtoto ikiwa mama atanyo,0.0645,0.0687,0.0645,0.74,0.74,0.74,0.74,0.0673,0.0645,0.74,0.74
6250,Swa_Ken,"Ulimwenguni kote, njia mbili za kawaida ambazo Virusi Vya Ukimwi hupitishwa kutoka kwa mtu mmoja had",0.1533,0.1533,0.1533,0.1904,0.1904,0.1904,0.1904,0.1904,0.1904,0.1904,0.14
6251,Swa_Ken,Wizara ya Afya (MoH) inatafuta njia za kuhamasisha ufumbuzi endelevu wa kifedha ili kudhibiti kundi ,0.1134,0.1351,0.1134,0.1351,0.1351,0.1351,0.1351,0.1003,0.1003,0.1351,0.1351
6252,Swa_Ken,"Kwa sasa hakuna tiba ya virusi vya ukimwi, maana yake virusi haviwezi kuondolewa kabisa mwilini. Hat",0.096,0.096,0.096,0.0722,0.0722,0.0722,0.1172,0.1172,0.1172,0.0722,0.1172
6253,Swa_Ken,"virusi vya ukimwi (Virusi vya Upungufu wa Kinga ya Mwanadamu) huathiri kimsingi mfumo wa kinga, hasw",0.74,0.74,0.74,0.74,0.74,0.74,0.74,0.74,0.74,0.74,0.74
6254,Swa_Ken,Hakuna ushahidi wa kisayansi wa kuunga mkono matumizi ya virutubishi vya lishe au virutubishi kama n,0.74,0.74,0.74,0.74,0.74,0.74,0.74,0.74,0.74,0.74,0.74
6255,Swa_Ken,Hakuna tiba ya virusi vya ukimwi (Virusi vya Upungufu wa Kinga Mwilini) au magonjwa mengi ya zinaa (,0.74,0.74,0.74,0.74,0.74,0.74,0.74,0.74,0.74,0.74,0.74
6256,Swa_Ken,"Kugundulika kuwa na Ukimwi kunaweza kuwa changamoto kihisia, na ni kawaida kupata hisia mbalimbali, ",0.74,0.74,0.74,0.74,0.74,0.74,0.74,0.74,0.74,0.74,0.74
6257,Swa_Ken,"Mimi si mtaalamu wa matibabu, lakini ninaweza kutoa maelezo ya jumla kuhusu mada hii. Ni muhimu kuta",0.74,0.74,0.1525,0.74,0.74,0.74,0.1525,0.1525,0.1525,0.74,0.1693
6258,Swa_Ken,"Kukubaliana na utambuzi wa virusi vya ukimwi inaweza kuwa mchakato mgumu na wa kihisia, lakini ni ha",0.1606,0.185,0.1606,0.74,0.74,0.74,0.1973,0.0713,0.0713,0.74,0.1973
6259,Swa_Ken,Ikiwa rafiki yako ana wasiwasi juu ya uwezekano wa kuambukizwa virusi vya ukimwi (Ukinde) kutokana n,0.74,0.74,0.74,0.74,0.74,0.74,0.74,0.74,0.74,0.74,0.74
6260,Swa_Ken,Ukimwi (virusi vya upungufu wa kinga ya binadamu) haizingatiwi kutibika kwa maana kwamba virusi vina,0.74,0.74,0.74,0.74,0.74,0.74,0.74,0.74,0.74,0.74,0.74
6261,Swa_Ken,"Kuamua ni nani wa kushiriki naye maelezo ya kibinafsi au mada nyeti ni uamuzi muhimu, kwani unaweza ",0.74,0.74,0.74,0.74,0.74,0.74,0.74,0.74,0.74,0.74,0.74
6262,Swa_Ken,Ikiwa umefanya ngono bila kinga na mwenzi wako na unashuku kuwa anaweza kuwa na Ukimwi au ana maambu,0.74,0.1501,0.1512,0.74,0.74,0.2121,0.2121,0.2121,0.1561,0.74,0.2121
6263,Swa_Ken,"Vijana wanaoshiriki ngono na watu wazee zaidi wanaweza kukabiliwa na matokeo mbalimbali ya kisheria,",0.74,0.74,0.74,0.74,0.74,0.74,0.74,0.74,0.74,0.74,0.74
6264,Swa_Ken,Samahani kusikia kuhusu kifo cha mama yako. Ikiwa unashuku kuwa mama yako anaweza kuwa amefariki kut,0.1663,0.1663,0.1663,0.1533,0.1693,0.1867,0.1867,0.1867,0.185,0.1533,0.0881
6265,Swa_Ken,Kuzuia maambukizi ya Ukimwi/UKIMWI kunahusisha mchanganyiko wa mikakati zaidi ya matumizi ya kondomu,0.74,0.2225,0.2225,0.74,0.74,0.74,0.2225,0.2225,0.2225,0.74,0.74
6266,Swa_Ken,"Unyanyapaa unaohusishwa na Ukimwi/UKIMWI ni suala tata lenye mizizi mirefu ya kihistoria, kitamaduni",0.74,0.74,0.74,0.74,0.74,0.74,0.74,0.74,0.74,0.74,0.74
6267,Swa_Ken,"Ili kupata maelezo sahihi kuhusu virusi vya ukimwi/UKIMWI nchini Kenya, unaweza kurejelea vyanzo vin",0.74,0.74,0.74,0.74,0.74,0.74,0.74,0.74,0.74,0.74,0.74
6268,Swa_Ken,Maambukizi ya Ukimwi (Virusi vya Upungufu wa Kinga ya Binadamu) hayana sifa maalum za nje ambazo zin,0.74,0.74,0.74,0.74,0.74,0.74,0.74,0.1729,0.1554,0.74,0.1671
6269,Swa_Ken,Vipimo vya kingamwili kawaida hugundua virusi siku 23 - 90 baada ya kuambukizwa. ,0.0942,0.0942,0.0942,0.0996,0.0996,0.0996,0.0996,0.0996,0.0996,0.0996,0.0902
6270,Swa_Ken,"Ndio, ili ujue kama una virusi vya ukimwi kabla ya kujamiiana bila kinga na mwenzi wako ili upate mi",0.2284,0.2284,0.2284,0.74,0.74,0.74,0.2284,0.2284,0.2284,0.74,0.2284
6271,Swa_Ken,Kupiga punyeto kwa ujumla huchukuliwa kuwa shughuli ya ngono ya kawaida na yenye afya kwa watu wengi,0.3078,0.3078,0.3078,0.74,0.74,0.74,0.2009,0.2009,0.2009,0.74,0.3078
6272,Swa_Ken,Watu wazima zaidi ya miaka 15 wanaopokea ART nchini Kenya ni kati ya 72% - 92%.,0.4485,0.4485,0.4485,0.3931,0.3931,0.3931,0.4485,0.4485,0.4485,0.3931,0.3931
6273,Swa_Ken,Uuzaji wa kijamii wa kondomu unalenga kuongeza umaarufu wa kondomu kwa kutumia matangazo na vyombo v,0.1425,0.1425,0.1425,0.74,0.74,0.74,0.74,0.1425,0.1425,0.74,0.74
6274,Swa_Ken,PEP na PrEP zote ni dawa zinazotumiwa kuzuia kuenea kwa Ukimwi lakini huchukuliwa kwa nyakati tofaut,0.74,0.74,0.74,0.74,0.74,0.74,0.74,0.74,0.74,0.74,0.74
6275,Swa_Ken,Kuna rasilimali nyingi zinazopatikana kwa ajili ya kupata usaidizi na kujifunza zaidi kuhusu Ukimwi ,0.74,0.74,0.74,0.74,0.74,0.74,0.74,0.74,0.74,0.74,0.74
6276,Swa_Ken,"Kwa sasa hakuna tiba ya virusi vya ukimwi, maana yake virusi haviwezi kuondolewa kabisa mwilini. Hat",0.3618,0.3618,0.3618,0.3618,0.3618,0.3618,0.3618,0.1289,0.1172,0.3618,0.3618
6277,Swa_Ken,"Vidhibiti mimba kimsingi huzuia mimba zisizotarajiwa, wakati hatua za kupunguza hatari ya magonjwa y",0.74,0.74,0.74,0.74,0.74,0.74,0.1955,0.1955,0.1955,0.74,0.74
6278,Swa_Ken,Kujua hali yako ni jambo la manufaa sana kwa maana kwamba utaweza kuanza matibabu mapema ikiwa una c,0.1542,0.1542,0.1542,0.1542,0.1542,0.1542,0.1589,0.1542,0.1542,0.1542,0.1528
6279,Swa_Ken,"Kugundua kuwa mwenzi wako ana Ukimwi inaweza kuwa changamoto ya kihisia, lakini ni muhimu kukumbuka ",0.1863,0.1863,0.1863,0.74,0.74,0.74,0.1863,0.1863,0.1863,0.74,0.74
6280,Swa_Ken,"Maumivu wakati wa kujamiiana, pia inajulikana kama dyspareunia, inaweza kuwa na sababu mbalimbali, n",0.74,0.74,0.74,0.74,0.74,0.74,0.1584,0.1584,0.1584,0.74,0.1177
6281,Swa_Ken,virusi vya ukimwi (Virusi vya Upungufu wa Kinga ya Mwanadamu) huambukizwa kupitia viowevu fulani vya,0.1213,0.1213,0.1213,0.74,0.74,0.74,0.74,0.74,0.74,0.74,0.1213
6282,Swa_Ken,Kupiga punyeto kwa ujumla huchukuliwa kuwa shughuli ya ngono ya kawaida na yenye afya kwa watu wengi,0.3078,0.3078,0.3078,0.74,0.74,0.74,0.3078,0.2009,0.2009,0.74,0.3078
6283,Swa_Ken,"Afya ya akili inahusiana na mawazo na hisia zako. Unapokuwa na afya nzuri ya kiakili, inakuwezesha k",0.74,0.74,0.74,0.74,0.74,0.74,0.74,0.74,0.74,0.74,0.74
6284,Swa_Ken,"Kufichua hali yako ya Ukimwi ni uamuzi wa kibinafsi, na kiwango cha faraja cha watu na ufichuzi huto",0.74,0.74,0.74,0.74,0.74,0.74,0.74,0.74,0.74,0.74,0.74
6285,Swa_Ken,Kusaidia mtu aliyeathiriwa na virusi vya ukimwi/UKIMWI kunaweza kuleta mabadiliko makubwa katika ust,0.166,0.166,0.166,0.166,0.166,0.166,0.166,0.166,0.166,0.166,0.166
6286,Swa_Ken,"Ikiwa mtu anakataa kutumia kondomu wakati wa kujamiiana na mpenzi ambaye ana virusi vya ukimwi, kuna",0.2215,0.2215,0.2215,0.74,0.74,0.74,0.2215,0.2402,0.74,0.74,0.74
6287,Swa_Ken,"Iwapo utapata utambuzi mzuri wa virusi vya ukimwi, ni muhimu kuchukua hatua kadhaa za haraka ili kuh",0.74,0.74,0.74,0.74,0.74,0.74,0.74,0.74,0.74,0.74,0.74
6288,Swa_Ken,"Maambukizi ya Ukimwi yanaweza kutokea kupitia ngono, ikiwa ni pamoja na kujamiiana na watu wa jinsia",0.2285,0.2285,0.1202,0.74,0.74,0.74,0.1176,0.1176,0.1176,0.74,0.1176
6289,Swa_Ken,Kumwambia mpenzi wako kwamba una virusi vya ukimwi ni mazungumzo muhimu na mara nyingi yenye changam,0.74,0.74,0.74,0.74,0.74,0.74,0.74,0.74,0.74,0.74,0.74
6290,Swa_Ken,"Kudhibiti uraibu wa ngono au tabia ya kujamiiana ya kulazimishwa inaweza kuwa changamoto, lakini kwa",0.74,0.74,0.74,0.74,0.74,0.74,0.74,0.74,0.74,0.74,0.74
6291,Swa_Ken,"Ndiyo, inawezekana kwa mtu anayeishi na Ukimwi kuzaa mtoto ambaye pia ana Ukimwi. Hata hivyo, kwa ut",0.74,0.74,0.74,0.74,0.74,0.74,0.74,0.74,0.74,0.74,0.74
6292,Swa_Ken,virusi vya ukimwi (Virusi vya Upungufu wa Kinga Mwilini) na UKIMWI (Upungufu wa Kinga Mwilini) ni ha,0.74,0.74,0.74,0.74,0.74,0.74,0.3218,0.3218,0.3218,0.74,0.74
6293,Swa_Ken,Matokeo chanya ya kipimo yanamaanisha kuwa kuna virusi vya ukimwi vinavyoweza kugunduliwa katika mko,0.1668,0.1668,0.1668,0.74,0.74,0.74,0.74,0.74,0.74,0.74,0.1668
6294,Swa_Ken,"Kushiriki tendo la ngono na wapenzi wengi bila kutumia kinga (k.m., kondomu) kunaweza kuongeza hatar",0.1527,0.1992,0.1527,0.74,0.74,0.74,0.1325,0.1325,0.1325,0.74,0.74
6295,Swa_Ken,"Ndiyo, Ukimwi/UKIMWI inaweza kuwa hali ya kutishia maisha ikiwa haitadhibitiwa ipasavyo. Ukimwi (Vir",0.2012,0.2012,0.2012,0.2012,0.2271,0.2271,0.2012,0.2012,0.2012,0.2012,0.2271
6296,Swa_Ken,Dalili za maambukizi ya Virusi Vya Ukimwi haziwezi kuonekana kwa miezi au hata miaka baada ya mtu ku,0.74,0.74,0.74,0.74,0.74,0.74,0.2072,0.2072,0.2072,0.74,0.0917
6297,Swa_Ken,Ndiyo. Vijana walio na virusi vya ukimwi ambao wamezidi umri wa idhini wanaweza kufanya ngono. Kuna ,0.1016,0.1016,0.1016,0.74,0.74,0.74,0.1016,0.1016,0.1016,0.74,0.1586
6298,Swa_Ken,Huduma za ushauri nasaha kuhusu Ukimwi/UKIMWI zinaweza kupatikana bila malipo au kwa gharama iliyopu,0.74,0.74,0.74,0.74,0.74,0.74,0.74,0.74,0.74,0.74,0.74
6299,Swa_Ken,Iwapo wewe na mpenzi wako mmekuwa na uhusiano wa mke mmoja kwa mwaka mmoja bila kushiriki tendo la n,0.1606,0.1622,0.1622,0.74,0.74,0.74,0.74,0.74,0.74,0.74,0.74
6300,Swa_Ken,"Muda unaochukua kwa virusi, kama vile Ukimwi (Virusi vya Upungufu wa Kinga Mwilini), kuenea ndani ya",0.74,0.74,0.74,0.74,0.74,0.74,0.74,0.1366,0.1366,0.74,0.74
6301,Swa_Ken,Asubuhi baada ya dawa imeundwa kwa matumizi ya mara kwa mara na si kwa matumizi ya mara kwa mara. Zi,0.74,0.74,0.74,0.74,0.74,0.74,0.1942,0.1942,0.1942,0.74,0.74
6302,Swa_Ken,Vijana wangeweza kupata virusi vya ukimwi kutoka kwa mama zao wakati wa kujifungua au kunyonyesha. I,0.74,0.74,0.74,0.74,0.74,0.74,0.74,0.74,0.74,0.74,0.74
6303,Swa_Ken,Ufanisi wa tiba asilia au mitishamba inayotumiwa na waganga wa kienyeji kwa ajili ya kuzuia mimba (k,0.74,0.74,0.74,0.74,0.74,0.74,0.74,0.74,0.74,0.74,0.74
6304,Swa_Ken,"Ndiyo, Kenya ina aina mbalimbali za simu za usaidizi, kliniki, na mifumo ya rufaa ya Ukimwi na magon",0.74,0.74,0.74,0.74,0.74,0.74,0.1026,0.74,0.74,0.74,0.74
6305,Swa_Ken,"Ukimwi (Virusi vya Upungufu wa Kinga Mwilini) huendelea kwa hatua mbalimbali, na isipotibiwa, inawez",0.74,0.74,0.74,0.74,0.74,0.74,0.1677,0.74,0.74,0.74,0.1245
6306,Swa_Ken,Utambuzi wa virusi vya ukimwi/UKIMWI unaweza kuwa na athari kubwa ya kihisia kwa watu binafsi na una,0.2433,0.74,0.2433,0.74,0.74,0.74,0.2433,0.74,0.74,0.74,0.2433
6307,Swa_Ken,Wanawake wengi wanaopima virusi vya ukimwi wakiwa wajawazito hawajui kuwa wana virusi vya ukimwi. Hu,0.185,0.185,0.185,0.74,0.74,0.74,0.185,0.185,0.185,0.74,0.185
6308,Swa_Ken,Kushiriki hali yako ya magonjwa ya zinaa na marafiki kunaweza kuwa uamuzi wa kibinafsi na wenye chan,0.74,0.1755,0.74,0.74,0.74,0.74,0.74,0.74,0.74,0.74,0.74
6309,Swa_Ken,Hatua zinazochukuliwa kuzuia maambukizi ya Ukimwi kutoka kwa mama kwenda kwa mtoto (PMTCT) kimsingi ,0.2087,0.2087,0.2087,0.74,0.74,0.74,0.74,0.74,0.74,0.74,0.74
6310,Swa_Ken,"Ndiyo, inawezekana kwa mtu kuishi na Ukimwi bila kutumia tiba ya kurefusha maisha (ART), lakini inak",0.74,0.74,0.74,0.74,0.74,0.74,0.74,0.74,0.74,0.74,0.74
6311,Swa_Ken,"Kuwa na Virusi Vya Ukimwi kunaweza kuwa chanzo cha mfadhaiko mkubwa, kunaweza kuleta changamoto kati",0.74,0.74,0.74,0.74,0.74,0.74,0.74,0.74,0.74,0.74,0.74
6312,Swa_Ken,Kumwonya mtu kuhusu hatari ya kufanya ngono na watu walio na Ukimwi au magonjwa mengine ya zinaa (ST,0.74,0.74,0.74,0.74,0.74,0.74,0.74,0.74,0.74,0.74,0.1867
6313,Swa_Ken,"Kushiriki tendo la ngono na mwenzi ambaye ana Ukimwi bila kupata Ukimwi kunawezekana, lakini inahita",0.1572,0.2495,0.1572,0.4669,0.2495,0.2495,0.4669,0.4669,0.4669,0.4669,0.2495
6314,Swa_Ken,Kupiga punyeto ni njia ya kawaida na yenye afya kwa watu binafsi kuchunguza miili yao wenyewe na kup,0.74,0.2726,0.74,0.74,0.74,0.74,0.74,0.74,0.74,0.74,0.74
6315,Swa_Ken, Seli nyeupe za damu za maji ya mwili wa binadamu ndio eneo kuu la Virusi Vya Ukimwi. Seli hizi ndiz,0.74,0.74,0.74,0.74,0.74,0.74,0.1057,0.1057,0.1099,0.74,0.74
6316,Swa_Ken,Mchakato wa utafiti bado uko katika hatua ya awali lakini unatia matumaini. Wanasayansi wanafanyia k,0.74,0.74,0.74,0.74,0.74,0.74,0.74,0.74,0.74,0.74,0.74
6317,Swa_Ken,"Ndiyo. Inawezekana kabisa kwa watu wenye virusi vya ukimwi kuwa katika mahusiano ya kiutendaji, kufa",0.0507,0.0507,0.0507,0.74,0.74,0.74,0.1151,0.1151,0.1151,0.74,0.74
6318,Swa_Ken,"Mimba inaweza kuhusishwa na ishara na dalili mbalimbali, lakini ni muhimu kutambua kwamba hizi zinaw",0.74,0.74,0.74,0.74,0.74,0.74,0.74,0.74,0.74,0.74,0.74
6319,Swa_Ken,Ni muhimu kudumisha uhusiano mzuri na mipaka na wengine ili kuepuka kujisikia vibaya au kutoridhika ,0.1323,0.74,0.1323,0.74,0.74,0.74,0.74,0.74,0.74,0.74,0.74
6320,Swa_Ken,UKIMWI unasimama kwa ugonjwa wa upungufu wa kinga mwilini na ni hatua ya mwisho na kali zaidi ya maa,0.2467,0.2467,0.2467,0.74,0.74,0.74,0.2467,0.2467,0.2467,0.74,0.1461
6321,Swa_Ken,"Ni muhimu kufafanua kwamba watu wanaoishi na virusi vya ukimwi/UKIMWI ni watu wa ""kawaida"" kwa maana",0.74,0.74,0.74,0.74,0.74,0.74,0.74,0.74,0.74,0.74,0.74
6322,Swa_Ken,Hatari ya maambukizi ya Ukimwi kutoka kwa mshirika ambaye amekuwa akitumia tiba ya kurefusha maisha ,0.74,0.74,0.74,0.74,0.74,0.74,0.74,0.74,0.74,0.74,0.74
6323,Swa_Ken,Virusi vitagunduliwa tu baada ya kipindi cha dirisha. Kipindi hiki kinategemea aina ya kipimo unaofa,0.1175,0.1175,0.1175,0.1175,0.0549,0.0549,0.0549,0.0549,0.0549,0.1175,0.1432
6324,Swa_Ken,Kutiwa damu mishipani kunaweza kuwa njia tata na inayoweza kuokoa uhai kwa mtu aliye na UKIMWI au ha,0.1179,0.1179,0.1179,0.74,0.74,0.74,0.74,0.74,0.74,0.74,0.74
6325,Swa_Ken,"Maambukizi ya zinaa (STIs), pia yanajulikana kama magonjwa ya zinaa (STDs), ni magonjwa ambayo kawai",0.74,0.2213,0.74,0.74,0.74,0.74,0.1674,0.1416,0.1416,0.74,0.74
6326,Swa_Ken,"Watu kadhaa mashuhuri wamejisafisha na kufichua hadharani hali zao za Ukimwi. Kwa miaka mingi, wamek",0.74,0.74,0.74,0.74,0.74,0.74,0.74,0.74,0.74,0.74,0.74
6327,Swa_Ken,"UKIMWI (Acquired Immunodeficiency Syndrome) hauambukizwi yenyewe; badala yake, ni hatua ya mwisho ya",0.74,0.74,0.74,0.74,0.74,0.74,0.2368,0.2368,0.1411,0.74,0.1565
6328,Swa_Ken,"Ikiwa kondomu itapasuka wakati wa kujamiiana, kuna uwezekano wa hatari ya kuambukizwa Ukimwi ikiwa m",0.74,0.74,0.74,0.74,0.74,0.74,0.222,0.222,0.222,0.74,0.74
6329,Swa_Ken,Watu wengi walio na Ukimwi wanahitaji mfumo wa usaidizi karibu nao ili kuwasaidia katika kukabiliana,0.74,0.74,0.74,0.74,0.74,0.74,0.74,0.74,0.74,0.74,0.74
6330,Swa_Ken,Virusi vya UKIMWI (Virusi vya Upungufu wa Kinga ya Mwanadamu) huambukizwa kupitia viowevu maalum vya,0.2109,0.2109,0.2109,0.74,0.74,0.74,0.2109,0.2109,0.2109,0.74,0.2109
6331,Swa_Ken,PEP haipatikani kila mahali. Unapaswa kuangalia mtandaoni au umuulize mtoa huduma wako wapi PEP inap,0.3068,0.74,0.3068,0.74,0.74,0.74,0.74,0.74,0.74,0.74,0.3068
6332,Swa_Ken,"Kutoa, pia inajulikana kama njia ya ""kuvuta nje"", inahusisha mtu kutoa uume wake kutoka kwa uke wa m",0.5354,0.5354,0.74,0.74,0.74,0.74,0.74,0.5354,0.2703,0.74,0.74
6333,Swa_Ken,"P2, pia inajulikana kama ""Plan B"" au ""kidonge cha asubuhi,"" ni aina ya uzazi wa mpango wa dharura un",0.74,0.3109,0.74,0.74,0.74,0.74,0.3109,0.74,0.74,0.74,0.2096
6334,Swa_Ken,Watoto wenye umri kati ya miaka 0 - 14 ambao wameambukizwa hivi karibuni na virusi vya ukimwi ni kat,0.5045,0.5045,0.5045,0.5045,0.5045,0.5045,0.5045,0.5045,0.5045,0.5045,0.5045
6335,Swa_Ken,Hatari ya kumwambukiza Ukimwi kutoka kwa mama kwenda kwa mtoto ambaye hajazaliwa (maambukizi ya wima,0.2615,0.2615,0.2615,0.2615,0.74,0.2615,0.2615,0.2615,0.2615,0.2615,0.2615
6336,Swa_Ken,"Mtu anapoambukizwa virusi vya ukimwi kwa bahati mbaya, kuna hatua kadhaa muhimu za kuchukua ili kupu",0.74,0.74,0.74,0.74,0.74,0.74,0.74,0.74,0.74,0.74,0.74
6337,Swa_Ken,Seti za kupima Ukimwi za kujitathmini zinaweza kutoa matokeo sahihi zinapotumiwa kwa usahihi na kwa ,0.15,0.15,0.15,0.0721,0.0721,0.0721,0.1975,0.1975,0.1844,0.0721,0.0721
6338,Swa_Ken,Uhusiano kati ya maambukizo ya virusi vya ukimwi (Virusi vya Upungufu wa Kinga Mwilini) na hamu ya n,0.74,0.74,0.74,0.74,0.74,0.74,0.74,0.74,0.74,0.74,0.74
6339,Swa_Ken,Madhara ya shughuli za ngono kati ya mvulana (kawaida mdogo au mtu wa umri mdogo) na mwanamke mzee y,0.1939,0.1939,0.74,0.74,0.74,0.74,0.74,0.74,0.74,0.74,0.1861
6340,Swa_Ken,Matumizi ya mara kwa mara na sahihi ya kondomu ni mojawapo ya mbinu bora zaidi za kupunguza hatari y,0.74,0.74,0.74,0.74,0.74,0.74,0.74,0.74,0.74,0.74,0.74
6341,Swa_Ken,"Matumizi ya vidhibiti mimba, kama vile kondomu au njia za homoni, kimsingi yanalenga kuzuia mimba zi",0.2209,0.2209,0.2209,0.2783,0.2783,0.2783,0.2783,0.2783,0.2783,0.2783,0.2783
6342,Swa_Ken,"Ili kuepuka magonjwa ya zinaa (STIs) na kukuza afya ya ngono, ni muhimu kuchukua hatua za kuzuia na,",0.2991,0.2991,0.2991,0.74,0.2991,0.2991,0.2991,0.2991,0.2991,0.74,0.2174
6343,Swa_Ken,"Unaweza kufa kutokana na Ukimwi ikiwa itakua UKIMWI. Ugonjwa huo huharibu mfumo wa kinga, na hivyo k",0.1184,0.1184,0.143,0.1184,0.1184,0.1184,0.143,0.143,0.143,0.1184,0.1184
6344,Swa_Ken,"Ndiyo, Ukimwi (Virusi vya Upungufu wa Kinga Mwilini) vinaweza kuathiri afya ya akili ya mtu kwa njia",0.169,0.169,0.1367,0.1367,0.1367,0.1367,0.1367,0.1367,0.1367,0.1367,0.1367
6345,Swa_Ken,Kupunguza unyanyapaa unaohusishwa na Ukimwi na maambukizo mengine ndani ya jamii ni muhimu kwa kukuz,0.74,0.74,0.74,0.74,0.74,0.74,0.74,0.74,0.74,0.74,0.74
6346,Swa_Ken,Kukabiliana na unyogovu na wasiwasi kunaweza kuwa changamoto lakini kuna mikakati madhubuti ya kukus,0.74,0.74,0.74,0.74,0.74,0.74,0.74,0.74,0.74,0.74,0.74
6347,Swa_Ken,"Vifo vya Watu Wazima na Watoto kutokana na UKIMWI ni takriban 16,000 - 35,000. Vifo vinavyotokana na",0.4208,0.4208,0.2135,0.4208,0.4208,0.4208,0.1708,0.1924,0.1924,0.4208,0.0709
6348,Swa_Ken,"Ukimwi (Virusi vya Upungufu wa Kinga ya Mwanadamu) na ujauzito ni hali mbili tofauti sana, na si sah",0.74,0.74,0.74,0.74,0.74,0.74,0.74,0.74,0.74,0.74,0.74
6349,Swa_Ken,"Kutumia nguo pamoja na mtu mwingine, iwe chupi au nguo za kawaida, kunaweza kuwa na athari za kiafya",0.74,0.74,0.74,0.74,0.74,0.74,0.1327,0.1327,0.1327,0.74,0.74
6350,Swa_Ken,"Kwa kuwa Virusi Vya Ukimwi hupitishwa kupitia damu, shahawa, ute wa uke au maziwa ya mama, kukumbati",0.2185,0.2185,0.2185,0.74,0.2185,0.74,0.74,0.74,0.74,0.74,0.2185
6351,Swa_Ken,"Hii ndiyo sababu virusi vya ukimwi mara nyingi hujulikana kama virusi ""kimya"". Hata hivyo, baadhi ya",0.74,0.74,0.74,0.74,0.74,0.74,0.74,0.74,0.74,0.74,0.74
6352,Swa_Ken,Kuamua hali ya Ukimwi ya mtu bila ridhaa au ujuzi wake ni kinyume cha maadili na inaweza kuwa kinyum,0.74,0.74,0.74,0.74,0.74,0.74,0.2045,0.2045,0.2045,0.74,0.74
6353,Swa_Ken,Ikiwa una virusi vya ukimwi kuna hatua nyingi unazoweza kuchukua ili kulinda afya yako:chukua dawa z,0.0901,0.0954,0.0901,0.74,0.74,0.74,0.0533,0.74,0.74,0.74,0.0386
6354,Swa_Ken,Muda wa maisha wa mtu anayeishi na Ukimwi unaweza kutofautiana sana kulingana na mambo kadhaa. Pamoj,0.1711,0.2295,0.1711,0.3762,0.3762,0.3762,0.1711,0.3762,0.3762,0.3762,0.3221
6355,Swa_Ken,Uamuzi wa kupata mpenzi na kushiriki ngono ni wa kibinafsi sana na haupaswi kutegemea tu ushauri kut,0.74,0.74,0.74,0.74,0.74,0.74,0.74,0.74,0.74,0.74,0.74
6356,Swa_Ken,"Vifo kutokana na UKIMWI miongoni mwa watoto chini ya miaka 14 vilianzia 1,700 - 5,700.",0.185,0.185,0.185,0.185,0.185,0.185,0.185,0.185,0.185,0.185,0.2394
6357,Swa_Ken,Pre-Exposure Prophylaxis (PrEP) ni mkakati wa dawa za kuzuia zinazotumiwa kupunguza hatari ya maambu,0.2641,0.2641,0.2641,0.74,0.74,0.74,0.1238,0.1238,0.1238,0.74,0.0974
6358,Swa_Ken,"virusi vya ukimwi (Virusi vya Upungufu wa Kinga ya Mwili) huambukizwa kupitia njia maalum, na hatari",0.2361,0.2361,0.2361,0.74,0.74,0.74,0.74,0.74,0.74,0.74,0.74
6359,Swa_Ken,Kugundulika kuwa na virusi vya ukimwi/UKIMWI kunaweza kuwa jambo lenye changamoto na kubadilisha mai,0.2562,0.2562,0.1828,0.74,0.74,0.74,0.1828,0.74,0.74,0.74,0.2562
6360,Swa_Ken,"Kushiriki au kutoshiriki hali yako ya Ukimwi na marafiki zako ni uamuzi wa kibinafsi wa kina, na hak",0.74,0.74,0.74,0.74,0.74,0.74,0.74,0.74,0.74,0.74,0.74
6361,Swa_Ken,Kumwambia mpenzi wako kwamba una virusi vya ukimwi ni mazungumzo muhimu na mara nyingi yenye changam,0.74,0.74,0.74,0.74,0.74,0.74,0.74,0.74,0.74,0.74,0.74
6362,Swa_Ken,Hii ni juu yako. Kumbuka kwamba kondomu ndiyo aina pekee ya uzazi wa mpango ambayo inazuia watu kupa,0.0936,0.0834,0.0936,0.0936,0.0936,0.0936,0.0936,0.0936,0.0936,0.0936,0.1018
6363,Swa_Ken,Ukimwi (virusi vya upungufu wa kinga ya binadamu) haizingatiwi kutibika kwa maana kwamba virusi vina,0.74,0.74,0.74,0.74,0.74,0.74,0.1584,0.2389,0.2389,0.74,0.74
6364,Swa_Ken,"Matumizi ya kinga, haswa kondomu, wakati wa kujamiiana ni njia nzuri ya kupunguza hatari ya kupata U",0.74,0.74,0.74,0.74,0.74,0.74,0.74,0.74,0.74,0.74,0.74
6365,Swa_Ken,"Ndiyo, dawa za kurefusha maisha zinatumika kudhibiti na kutibu Ukimwi. Zinasaidia kudhibiti uzazi wa",0.1244,0.1244,0.1244,0.74,0.74,0.74,0.1244,0.193,0.1921,0.74,0.74
6366,Swa_Ken,"Hapana, ukila na mtu mwenye virusi vya ukimwi huwezi kupata virusi vya ukimwi isipokuwa wote wawili ",0.1598,0.1598,0.183,0.74,0.74,0.74,0.1011,0.1011,0.74,0.74,0.1628
6367,Swa_Ken,Hii inarejelea wakati mzigo wako wa virusi uko chini sana hivi kwamba kipimo cha damu hakiwezi kuipi,0.1419,0.1419,0.1419,0.74,0.1419,0.74,0.1546,0.1207,0.0833,0.74,0.1419
6368,Swa_Ken,"Ndiyo, inawezekana mtu kuwa na Ukimwi (Virusi vya Upungufu wa Kinga Mwilini) lakini asiende kwenye U",0.1873,0.1873,0.1873,0.74,0.1873,0.74,0.1873,0.1873,0.1873,0.74,0.1306
6369,Swa_Ken,"Ndiyo, inawezekana kabisa kwa mtu kuolewa na mtu aliye na virusi vya ukimwi. Kuwa katika uhusiano au",0.283,0.2568,0.283,0.74,0.74,0.74,0.2568,0.2568,0.2568,0.74,0.2568
6370,Swa_Ken,Inasaidia sisi tunaopima Virusi Vya Ukimwi kuwa na:Jua hali yetu ya Virusi Vya Ukimwi mahali salama ,0.0989,0.0989,0.0989,0.0989,0.1674,0.0989,0.0989,0.0989,0.0989,0.0989,0.1674
6371,Swa_Ken,virusi vya ukimwi (Virusi vya Upungufu wa Kinga Mwilini) ni virusi vinavyoweza kumuathiri mtu maisha,0.74,0.74,0.2586,0.74,0.74,0.74,0.371,0.2382,0.74,0.74,0.2382
6372,Swa_Ken,Ndiyo. Chanjo za virusi vya Korona zinazotumika kwa sasa ni salama kwa watu walio na virusi vya ukim,0.74,0.74,0.74,0.74,0.74,0.74,0.74,0.74,0.74,0.74,0.74
6373,Swa_Ken,"Kubusu kwa Kina, kwa Mdomo Wazi: Mara chache sana, maambukizi yametokea ikiwa wenzi wote wawili wana",0.74,0.74,0.74,0.74,0.74,0.74,0.2261,0.74,0.74,0.74,0.224
6374,Swa_Ken,Tiba ya kurefusha maisha (ARV) kwa ajili ya kutibu Ukimwi/UKIMWI kwa ujumla inapatikana katika sehem,0.74,0.74,0.74,0.74,0.74,0.74,0.74,0.74,0.74,0.74,0.74
6375,Swa_Ken,"Hapana, kuwa na virusi vya ukimwi sio mwisho wa maisha ya mtu, na kuishi maisha marefu na yenye afya",0.2391,0.2566,0.2566,0.2566,0.2391,0.2566,0.2566,0.1411,0.1411,0.2566,0.1427
6376,Swa_Ken,"Haijalishi kama wewe ni kijana, mzee, unaishi na virusi vya ukimwi au magonjwa mengine yoyote, kila ",0.1442,0.1442,0.1442,0.1442,0.1442,0.1442,0.1442,0.1442,0.1442,0.1442,0.1398
6377,Swa_Ken,"Ukimwi/UKIMWI hudhibitiwa kwa mchanganyiko wa dawa za kurefusha maisha (ARVs) na, katika baadhi ya m",0.74,0.74,0.74,0.74,0.74,0.74,0.74,0.74,0.74,0.74,0.74
6378,Swa_Ken,Ili kupata TB kwa kawaida unahitaji kutumia muda mwingi katika mawasiliano ya karibu na mtu aliye na,0.0535,0.0535,0.0535,0.0535,0.0535,0.0535,0.0535,0.0535,0.0535,0.0535,0.0535
6379,Swa_Ken,Kuwa na maoni tofauti kuhusiana na tabia na mazoea ya kujamiiana kunaweza kuwa changamoto katika uhu,0.14,0.14,0.14,0.74,0.74,0.74,0.1091,0.1333,0.1167,0.74,0.1167
6380,Swa_Ken,Kutotumia tiba ya kurefusha maisha (ARV) wakati unaishi na Ukimwi (Virusi vya Upungufu wa Kinga ya B,0.74,0.74,0.74,0.74,0.74,0.74,0.74,0.74,0.74,0.74,0.74
6381,Swa_Ken,Ukimwi haiwezi kukuzwa au kukuzwa nje ya mwili wa binadamu katika mazingira ya maabara kwa njia sawa,0.74,0.74,0.74,0.74,0.74,0.74,0.74,0.74,0.74,0.74,0.74
6382,Swa_Ken,"Ni kweli - huwezi kupitisha virusi vya ukimwi ikiwa hauonekani! Ukichukua matibabu yako ipasavyo, in",0.1314,0.1314,0.1314,0.1036,0.1365,0.1036,0.1036,0.1036,0.1036,0.1036,0.1154
6383,Swa_Ken,"Kujibu mtu mzee au mtu yeyote anayeonyesha nia ya ngono kwako wakati hupendi kunahitaji uthubutu, ma",0.74,0.74,0.74,0.74,0.74,0.74,0.151,0.151,0.151,0.74,0.74
6384,Swa_Ken,virusi vya ukimwi/UKIMWI (Virusi vya Upungufu wa Kinga Mwilini/Acquired Immunodeficiency Syndrome) h,0.1437,0.1437,0.74,0.74,0.74,0.74,0.1184,0.1184,0.1184,0.74,0.1437
6385,Swa_Ken,Kupima Ukimwi ni mchakato wa moja kwa moja na wa siri. Hapa kuna hatua za jumla unazoweza kuchukua i,0.1196,0.1131,0.1196,0.74,0.74,0.74,0.181,0.181,0.181,0.74,0.1635
6386,Swa_Ken,"Ndiyo, inawezekana kupata matibabu baada ya mtu kupata UKIMWI (Acquired Immunodeficiency Syndrome). ",0.74,0.74,0.74,0.74,0.74,0.74,0.74,0.74,0.74,0.74,0.74
6387,Swa_Ken,"Ikiwa una Ukimwi na mjamzito, kuna afua kadhaa ili kuhakikisha kuwa hauambukizi Ukimwi kwa mtoto wak",0.1528,0.1528,0.1528,0.1285,0.1564,0.1285,0.1528,0.1528,0.1528,0.1285,0.1285
6388,Swa_Ken,"Hapana, kuchukua dawa za kurefusha maisha (ART) kwa muda mrefu hakutibu Ukimwi (Virusi vya Upungufu ",0.115,0.115,0.115,0.74,0.74,0.74,0.74,0.74,0.74,0.74,0.74
6389,Swa_Ken,Hatari ya kuambukizwa Ukimwi au magonjwa mengine ya zinaa (STIs) kwa njia ya ngono ya mdomo kwa ujum,0.1942,0.1942,0.1942,0.74,0.74,0.74,0.1942,0.1942,0.1942,0.74,0.74
6390,Swa_Ken,"Ukimwi (Virusi vya Upungufu wa Kinga Mwilini) huendelea kwa hatua mbalimbali, na isipotibiwa, inawez",0.1245,0.74,0.1245,0.74,0.74,0.74,0.128,0.74,0.74,0.74,0.1628
6391,Swa_Ken,"Ikiwa umekosa dozi yako, inywe mara tu unapokumbuka. Walakini, ikiwa unakumbuka tu wakati wa kuchuku",0.1016,0.1016,0.1016,0.1016,0.1016,0.1016,0.1016,0.1016,0.1016,0.1016,0.1016
6392,Swa_Ken,Dawa ya Ukimwi/UKIMWI ilikuwa haijapatikana. Ukimwi (Virusi vya Upungufu wa Kinga ya Binadamu) bado ,0.74,0.74,0.74,0.74,0.74,0.74,0.74,0.74,0.74,0.74,0.74
6393,Swa_Ken,"Maambukizi ya virusi vya ukimwi kutoka kwa mama kwenda kwa mtoto (MTCT), ambayo pia hujulikana kama ",0.74,0.74,0.74,0.74,0.74,0.74,0.74,0.74,0.74,0.74,0.74
6394,Swa_Ken,"Kuepuka ngono kabla ya ndoa ni uamuzi wa kibinafsi unaotegemea maadili, imani, na malengo yako. Ikiw",0.74,0.74,0.74,0.74,0.74,0.74,0.74,0.74,0.74,0.74,0.74
6395,Swa_Ken,Kuhisi dalili kama vile udhaifu au maumivu ya kichwa baada ya kujamiiana sio dalili ya Ukimwi/UKIMWI,0.74,0.74,0.74,0.74,0.74,0.74,0.74,0.74,0.74,0.74,0.74
6396,Swa_Ken,virusi vya ukimwi (Virusi vya Upungufu wa Kinga ya Mwanadamu) huambukizwa kupitia viowevu fulani vya,0.2102,0.2102,0.2154,0.74,0.74,0.74,0.0746,0.0746,0.0746,0.74,0.74
6397,Swa_Ken,Maambukizi ya zinaa (STIs) si ya kurithi kwa njia sawa na kwamba baadhi ya hali au sifa za kijeni hu,0.74,0.74,0.74,0.74,0.74,0.74,0.74,0.74,0.74,0.74,0.74
6398,Swa_Ken,Maambukizi yanayohusiana na Ukimwi yanaweza kutokea wakati mfumo wa kinga wa mtu unadhoofika na maam,0.74,0.74,0.74,0.74,0.74,0.74,0.74,0.74,0.74,0.74,0.74
6399,Swa_Ken,Maambukizi ya Ukimwi wakati wa ujauzito ni wasiwasi mkubwa kwa mtoto ambaye hajazaliwa na mwanamke m,0.74,0.74,0.74,0.74,0.74,0.74,0.74,0.74,0.74,0.74,0.74
6400,Swa_Ken,Neno kurejesha ubikira wa pili si la matibabu au kisayansi bali ni la kijamii au la kibinafsi. Inare,0.74,0.74,0.74,0.74,0.74,0.74,0.74,0.74,0.74,0.74,0.74
6401,Swa_Ken,"Ni muhimu kupima ikiwa wewe; wamefanya ngono bila kinga na mtu aliyeambukizwa, hivi karibuni wamegun",0.1586,0.073,0.073,0.1042,0.1233,0.1233,0.073,0.073,0.073,0.1042,0.0724
6402,Swa_Ken,Dawa zinazotumika kutibu magonjwa ya zinaa (STIs) zinaweza kutofautiana kulingana na maambukizi maal,0.2406,0.2406,0.2406,0.2555,0.2555,0.2555,0.2723,0.2723,0.2723,0.2555,0.2403
6403,Swa_Ken,"Mimi si mtaalamu wa matibabu, lakini ninaweza kutoa maelezo ya jumla kuhusu mada hii. Ni muhimu kuta",0.74,0.74,0.74,0.74,0.74,0.74,0.74,0.74,0.1525,0.74,0.74
6404,Swa_Ken,Hali yako ya virusi vya ukimwi ni yako kushiriki na hupaswi kuhisi shinikizo kumwambia mtu yeyote. H,0.1048,0.1458,0.1048,0.1458,0.1458,0.1458,0.1458,0.1458,0.1458,0.1458,0.1263
6405,Swa_Ken,"Ndiyo, magonjwa ya zinaa (STIs) yanaweza kuambukizwa kupitia ngono kati ya watu wa jinsia moja, waki",0.0901,0.74,0.0901,0.74,0.74,0.74,0.74,0.74,0.74,0.74,0.74
6406,Swa_Ken,"Ikiwa kondomu itapasuka wakati wa kujamiiana, kuna uwezekano wa hatari ya kuambukizwa Ukimwi ikiwa m",0.74,0.74,0.74,0.74,0.74,0.74,0.74,0.74,0.222,0.74,0.74
6407,Swa_Ken,Kumsaidia rafiki ambaye ana kaswende au maambukizi yoyote ya zinaa (STI) ni muhimu kwa ustawi wao wa,0.74,0.74,0.74,0.74,0.74,0.74,0.74,0.74,0.74,0.74,0.74
6408,Swa_Ken,"Ndiyo, kuna matumaini ya maendeleo ya chanjo ya virusi vya ukimwi na madawa ya kulevya, na maendeleo",0.74,0.74,0.74,0.74,0.74,0.74,0.74,0.74,0.74,0.74,0.74
6409,Swa_Ken,"Ndio, ili ujue kama una virusi vya ukimwi kabla ya kujamiiana bila kinga na mwenzi wako ili upate mi",0.74,0.74,0.74,0.74,0.74,0.74,0.2284,0.2284,0.2284,0.74,0.2284
6410,Swa_Ken,Kuchukua ART kwa wakati mmoja kila siku hufanya matibabu kuwa ya ufanisi zaidi. Hii ina maana kwamba,0.74,0.74,0.74,0.74,0.74,0.74,0.74,0.74,0.74,0.74,0.74
6411,Swa_Ken,Malengo ya kibinafsi na maadili yana jukumu kubwa katika kufanya uamuzi wa kupima Ukimwi au la. Kwa ,0.1741,0.74,0.1741,0.74,0.74,0.74,0.1657,0.74,0.131,0.74,0.1303
6412,Swa_Ken,Ikiwa unashuku kuwa umeambukizwa virusi vya ukimwi au umejihusisha na tabia ambazo zinaweza kukuweka,0.1101,0.1101,0.1101,0.74,0.74,0.74,0.74,0.74,0.74,0.74,0.2085
6413,Swa_Ken,"Ikiwa unataka kuweka hali yako kuwa siri, waweke wazi kabisa kwamba hivi ndivyo unavyotaka.",0.1074,0.0516,0.0516,0.0987,0.0987,0.0987,0.0516,0.0987,0.0987,0.0987,0.0987
6414,Swa_Ken,Kujihusisha na mahusiano ya kimapenzi na mtu ambaye anaweza kuwa na virusi vya ukimwi ('ukedi') kuna,0.2092,0.2092,0.2092,0.2092,0.2092,0.2092,0.2092,0.2092,0.2092,0.2092,0.2092
6415,Swa_Ken,Kuamua ikiwa utafuata au kuendeleza uhusiano na mwenzi ambaye ana Ukimwi wakati wewe huna ni chaguo ,0.1388,0.2079,0.2079,0.1388,0.1388,0.1388,0.2079,0.1682,0.1682,0.1388,0.1435
6416,Swa_Ken,"Kondomu zinapopasuka, ni muhimu kuchukua hatua za haraka ili kuzuia kuenea kwa magonjwa ya zinaa pam",0.115,0.74,0.115,0.74,0.74,0.74,0.74,0.74,0.2231,0.74,0.115
6417,Swa_Ken,"Linapokuja suala la kuchagua aina ya kondomu, chaguo bora zaidi inategemea mapendekezo ya mtu binafs",0.1421,0.1421,0.1421,0.2203,0.2203,0.2203,0.2203,0.2203,0.2203,0.2203,0.2203
6418,Swa_Ken,"Si vibaya kwenda kupima baada ya muda mfupi, kama vile wiki 2, ikiwa una sababu maalum ya kuwa na wa",0.74,0.74,0.74,0.74,0.74,0.74,0.74,0.74,0.74,0.74,0.74
6419,Swa_Ken,PrEP hufanya kazi kwa kuzuia kujirudia kwa virusi vya ukimwi katika mwili wako. Ikiwa umeambukizwa v,0.1358,0.1358,0.1358,0.1177,0.1177,0.1216,0.1177,0.1177,0.1177,0.1177,0.1177
6420,Swa_Ken,Hii inarejelea wakati mzigo wako wa virusi uko chini sana hivi kwamba kipimo cha damu hakiwezi kuipi,0.1328,0.1328,0.1328,0.1419,0.1419,0.1419,0.1419,0.1419,0.0925,0.1419,0.1419
6421,Swa_Ken,"Inapochukuliwa kama ilivyoagizwa na kutumiwa ipasavyo, PrEP (Pre-Exposure Prophylaxis) ina ufanisi m",0.2025,0.2025,0.2025,0.74,0.74,0.74,0.2094,0.74,0.74,0.74,0.2094
6422,Swa_Ken,"Iwapo utagunduliwa kuwa na virusi vya ukimwi (Virusi vya Upungufu wa Kinga Mwilini), mambo kadhaa mu",0.3306,0.2404,0.2145,0.1434,0.1434,0.1434,0.2404,0.2404,0.2404,0.1434,0.1434
6423,Swa_Ken,Magonjwa nyemelezi (OIs) ni magonjwa ambayo hutokea mara kwa mara na ni makali zaidi kwa watu wenye ,0.1065,0.1374,0.1065,0.1374,0.1374,0.1374,0.1065,0.1374,0.1374,0.1374,0.1374
6424,Swa_Ken,Kuchukua dawa za virusi vya ukimwi ni njia bora ya kuzuia kupata OI. Dawa ya virusi vya ukimwi inawe,0.1538,0.1538,0.1538,0.1538,0.1538,0.74,0.1538,0.1538,0.1538,0.1538,0.74
6425,Swa_Ken,HAPANA. Imani huwasaidia watu wengi wenye virusi vya ukimwi kukabiliana na matatizo yanayoletwa na u,0.1136,0.1136,0.1136,0.74,0.74,0.74,0.74,0.74,0.74,0.74,0.74
6426,Swa_Ken,"Hapana, maambukizi ya njia ya mkojo (UTI) hayaainishwi kama maambukizo ya zinaa (STI). UTI husababis",0.74,0.74,0.74,0.74,0.74,0.74,0.74,0.74,0.74,0.74,0.74
6427,Swa_Ken,"Ndiyo, kuna mbinu kadhaa za ufanisi za kuzuia maambukizi ya Ukimwi mbali na kujizuia na kumeza vidon",0.1923,0.1923,0.3051,0.1916,0.1916,0.1916,0.3051,0.3051,0.3051,0.1916,0.1916
6428,Swa_Ken,Hatua zinazochukuliwa kuzuia maambukizi ya Ukimwi kutoka kwa mama kwenda kwa mtoto (PMTCT) kimsingi ,0.74,0.74,0.74,0.74,0.74,0.74,0.74,0.74,0.74,0.74,0.74
6429,Swa_Ken,Kuambukiza zaidi ya aina moja ya Ukimwi huitwa maambukizi ya juu zaidi au maambukizi mawili. Ni jamb,0.74,0.74,0.74,0.74,0.74,0.74,0.74,0.74,0.74,0.74,0.74
6430,Swa_Ken,"virusi vya ukimwi (Virusi vya Upungufu wa Kinga ya Binadamu) vinaweza kuathiri watu wa rika zote, pa",0.74,0.74,0.74,0.74,0.74,0.74,0.74,0.74,0.74,0.74,0.74
6431,Swa_Ken,"Ili kujua kiwango chako cha virusi vya UKIMWI, unahitaji kufanyiwa kipimo maalum cha damu kinachoitw",0.164,0.164,0.164,0.74,0.74,0.74,0.74,0.74,0.74,0.74,0.74
6432,Swa_Ken,Inawezekana kupata Ukimwi (Virusi vya Upungufu wa Kinga ya Binadamu) kwa kuambukizwa mara moja na vi,0.2827,0.2827,0.2827,0.1254,0.1254,0.1254,0.0789,0.1782,0.1782,0.1254,0.1254
6433,Swa_Ken,Matarajio ya maisha ya mtu anayeishi na Ukimwi ambaye anatumia tiba ya kurefusha maisha (ART) yameon,0.1959,0.1959,0.1959,0.74,0.74,0.74,0.1959,0.2204,0.2204,0.74,0.74
6434,Swa_Ken,"Hapana, ukila na mtu mwenye virusi vya ukimwi huwezi kupata virusi vya ukimwi isipokuwa wote wawili ",0.157,0.157,0.157,0.157,0.157,0.157,0.157,0.157,0.157,0.157,0.1144
6435,Swa_Ken,"Tukio la erections(kustedi) kwa wanaume ni jambo la kawaida, na wakati mwingine hutokea bila udhibit",0.133,0.133,0.133,0.74,0.74,0.74,0.74,0.74,0.74,0.74,0.74
6436,Swa_Ken,Hatua za kuzuia Ukimwi (Virusi vya Upungufu wa Kinga ya Binadamu) zinalenga kupunguza hatari ya maam,0.74,0.74,0.74,0.74,0.74,0.74,0.74,0.222,0.222,0.74,0.222
6437,Swa_Ken,"Kujumuisha wagonjwa wa Ukimwi katika jamii ni muhimu ili kupunguza unyanyapaa, kukuza ushirikishwaji",0.74,0.74,0.74,0.74,0.74,0.74,0.74,0.74,0.74,0.74,0.74
6438,Swa_Ken,Hii ni juu yako. Kumbuka kwamba kondomu ndiyo aina pekee ya uzazi wa mpango ambayo inazuia watu kupa,0.0936,0.1353,0.0531,0.1353,0.1353,0.1353,0.0936,0.0531,0.0531,0.1353,0.1353
6439,Swa_Ken,"Inapotumiwa kwa usahihi na mara kwa mara, kondomu ni nzuri sana katika kuzuia magonjwa ya zinaa ikiw",0.74,0.74,0.74,0.2093,0.2093,0.2093,0.2093,0.1243,0.1243,0.2093,0.1243
6440,Swa_Ken,"Ikiwa wewe ni mjamzito na una Ukimwi, kuna mbinu zilizowekwa vizuri za kupunguza hatari ya kumwambuk",0.74,0.74,0.74,0.74,0.74,0.74,0.74,0.74,0.74,0.74,0.74
6441,Swa_Ken,"Ndiyo, kushiriki kwa vinyago vya ngono kunaweza kusababisha kuenea kwa magonjwa ya zinaa (STIs) mion",0.74,0.74,0.74,0.74,0.74,0.74,0.74,0.74,0.74,0.74,0.74
6442,Swa_Ken,"Ndiyo, ni kweli kwamba mtu aliyepewa sifa ya kugundua virusi vya ukimwi, Dk. Luc Montagnier, hakuten",0.74,0.74,0.74,0.74,0.74,0.74,0.74,0.74,0.74,0.74,0.74
6443,Swa_Ken,"Hapana, kuwa na virusi vya ukimwi (Virusi vya Upungufu wa Kinga Mwilini) haimaanishi kwamba bila sha",0.2849,0.2849,0.2849,0.3403,0.3403,0.3403,0.2849,0.3403,0.3403,0.3403,0.2849
6444,Swa_Ken,Dawa halisi zitatofautiana kulingana na miongozo katika nchi yako. Baadhi ya aina za matibabu ya vir,0.1382,0.1382,0.1382,0.74,0.74,0.74,0.1341,0.1341,0.1341,0.74,0.74
6445,Swa_Ken,Unapomshauri mtu ambaye amegunduliwa kuwa na virusi vya ukimwi (Virusi vya Upungufu wa Kinga ya Mwan,0.74,0.74,0.74,0.74,0.74,0.74,0.74,0.74,0.74,0.74,0.74
6446,Swa_Ken,"Hapana, Ukimwi haiwezi kuponywa ndani ya saa 24 baada ya kujamiiana au kipindi chochote kifupi baada",0.74,0.74,0.74,0.74,0.74,0.74,0.74,0.74,0.74,0.74,0.74
6447,Swa_Ken,"Watu wengine wanafikiri hawako hatarini, wakati wengine wanaogopa matokeo ya kipimo yenyewe.",0.0172,0.0172,0.0312,0.0725,0.0312,0.0172,0.0347,0.0347,0.0312,0.0725,0.0312
6448,Swa_Ken,Matibabu ya virusi vya ukimwi huhusisha mchanganyiko wa dawa kadhaa katika kidonge kimoja. Shirika l,0.74,0.74,0.74,0.74,0.74,0.74,0.1168,0.0878,0.0878,0.74,0.74
6449,Swa_Ken,Ndiyo. Unaweza kuchukua dawa ili kuzuia kusambaza maambukizi kwa mtoto wako ambaye hajazaliwa,0.0595,0.0595,0.0595,0.0595,0.0595,0.0595,0.0595,0.0595,0.0595,0.0595,0.0272
6450,Swa_Ken,Ikiwa unajali kuhusu faragha na unapendelea kupima Ukimwi katika kituo tofauti ambapo kuna uwezekano,0.0766,0.0766,0.0766,0.74,0.74,0.74,0.74,0.74,0.74,0.74,0.74
6451,Swa_Ken,"Dalili za virusi vya ukimwi/UKIMWI zinaweza kutofautiana kati ya mtu na mtu, na ingawa hakuna tiba y",0.2663,0.2663,0.2663,0.2663,0.2663,0.2208,0.2663,0.2663,0.1881,0.2663,0.2208
6452,Swa_Ken,"Dalili za virusi vya ukimwi/UKIMWI zinaweza kutofautiana kati ya mtu na mtu, na ingawa hakuna tiba y",0.1881,0.1881,0.2032,0.2032,0.2032,0.2032,0.2032,0.1881,0.1881,0.2032,0.2032
6453,Swa_Ken,"Ikiwa marafiki wako wanakuwekea shinikizo la kuwa na rafiki wa kike, ni muhimu kukumbuka kwamba mais",0.74,0.74,0.74,0.74,0.74,0.74,0.74,0.74,0.74,0.74,0.74
6454,Swa_Ken,Muda wa maisha wa mtu anayeishi na Ukimwi unaweza kutofautiana sana kulingana na mambo kadhaa. Pamoj,0.2431,0.2431,0.2431,0.2431,0.2431,0.2431,0.332,0.2431,0.2431,0.2431,0.2431
6455,Swa_Ken,"Ni muhimu kuepuka kutoa maelezo ya jumla kuhusu tabia ya watu walio na virusi vya ukimwi, kwani miit",0.2273,0.2598,0.2273,0.1947,0.1947,0.1947,0.17,0.17,0.158,0.1947,0.1396
6456,Swa_Ken,Dalili zinazofanana na mafua huonekana karibu wiki mbili hadi nne baada ya kuambukizwa na zinaweza k,0.1644,0.1644,0.1644,0.0673,0.0673,0.0673,0.0673,0.0673,0.0673,0.0673,0.0415
6457,Swa_Ken,Ukimwi (Virusi vya Upungufu wa Kinga ya Mwanadamu) huambukizwa kupitia viowevu maalum vya mwili amba,0.1719,0.1719,0.1719,0.1013,0.1013,0.1013,0.1013,0.1719,0.1719,0.1013,0.1013
6458,Swa_Ken,Akina mama walio na Virusi Vya Ukimwi wanaopata matibabu wakati wa ujauzito wana nafasi ndogo zaidi ,0.18,0.18,0.1736,0.18,0.18,0.18,0.0937,0.1624,0.1624,0.18,0.1072
6459,Swa_Ken,"Ukipima kuwa na virusi vya ukimwi, bado unaweza kuzaa watoto wasio na virusi vya ukimwi! Unaweza kuc",0.74,0.74,0.74,0.74,0.74,0.74,0.74,0.74,0.2085,0.74,0.74
6460,Swa_Ken,"Unyanyapaa unaohusishwa na Ukimwi/UKIMWI ni suala tata lenye mizizi mirefu ya kihistoria, kitamaduni",0.74,0.74,0.74,0.74,0.74,0.74,0.74,0.74,0.74,0.74,0.74
6461,Swa_Ken,Ni muhimu kudumisha uhusiano mzuri na mipaka na wengine ili kuepuka kujisikia vibaya au kutoridhika ,0.1498,0.1498,0.1498,0.1385,0.1385,0.1385,0.1385,0.1535,0.051,0.1385,0.1385
6462,Swa_Ken,Haiwezekani kuamua kama mtu ameambukizwa Ukimwi kulingana na sura yake tu au kwa kutazama macho yake,0.74,0.74,0.74,0.74,0.74,0.74,0.74,0.74,0.74,0.74,0.2979
6463,Swa_Ken,"""Ikiwa unafanya mapenzi na mtu wakati wa hedhi, inaweza kutibu maumivu ya tumbo?Kufanya ngono wakati",0.1873,0.1873,0.1873,0.74,0.74,0.74,0.74,0.74,0.74,0.74,0.74
6464,Swa_Ken,Kufanya uchaguzi wa kazi ni uamuzi mkubwa ambao utakuwa na athari kwenye trajectory ya maisha yako. ,0.1041,0.1041,0.1041,0.107,0.107,0.107,0.1041,0.1041,0.1041,0.107,0.0871
6465,Swa_Ken,Kuna njia moja tu ya kujua kama una Virusi Vya Ukimwi au la. Hii ni kupitia kipimo maalum cha damu a,0.2937,0.2937,0.2937,0.74,0.74,0.74,0.74,0.2242,0.2242,0.74,0.74
6466,Swa_Ken,Kiwango cha hofu na wasiwasi kinachohusiana na Ukimwi na  virusi vya korona kinaweza kutofautiana kw,0.74,0.74,0.74,0.74,0.74,0.74,0.74,0.74,0.74,0.74,0.74
6467,Swa_Ken,Virusi vya Upungufu wa Kinga Mwilini (Ukimwi) vina utofauti wa kijenetiki unaoiwezesha kukua na kuwa,0.1134,0.1134,0.1134,0.1628,0.1628,0.1628,0.1628,0.1628,0.1396,0.1628,0.1628
6468,Swa_Ken,"Ingawa hakuna hatari ya virusi, kutotambulika hakukuzuii kupata au kuambukiza magonjwa mengine ya zi",0.1685,0.1685,0.1685,0.1685,0.1685,0.1685,0.1685,0.1685,0.1685,0.1685,0.1685
6469,Swa_Ken,Ikiwa unashuku kuwa umeambukizwa virusi vya ukimwi au umejihusisha na tabia ambazo zinaweza kukuweka,0.1674,0.1674,0.1674,0.1353,0.1353,0.1353,0.1353,0.1353,0.1353,0.1353,0.2085
6470,Swa_Ken,"Upimaji wa virusi vya ukimwi sio lazima katika maeneo na hali nyingi, lakini inashauriwa sana kwa sa",0.74,0.74,0.74,0.74,0.74,0.74,0.74,0.74,0.74,0.74,0.74
6471,Swa_Ken,Hatari ya kuambukizwa Ukimwi au magonjwa mengine ya zinaa (STIs) kwa njia ya ngono ya mdomo kwa ujum,0.1942,0.74,0.1942,0.74,0.74,0.74,0.74,0.74,0.74,0.74,0.74
6472,Swa_Ken,Kuumwa kichwa mara kadhaa wakati wa usiku na kutokwa na jasho pekee sio dalili mahususi za Ukimwi (V,0.74,0.74,0.74,0.74,0.74,0.74,0.74,0.74,0.74,0.74,0.74
6473,Swa_Ken,"Ndiyo, ni muhimu kupima mtoto wako kwa virusi vya ukimwi hata kama ulichukua matibabu wakati wa ujau",0.74,0.74,0.74,0.74,0.74,0.74,0.74,0.74,0.74,0.74,0.74
6474,Swa_Ken,Muda unaochukua kwa mtu aliye na virusi vya ukimwi (Virusi vya Upungufu wa Kinga Mwilini) kupata UKI,0.1651,0.1651,0.1651,0.1651,0.1651,0.1651,0.3139,0.2868,0.2868,0.1651,0.1651
6475,Swa_Ken,"Si vibaya kwenda kupima baada ya muda mfupi, kama vile wiki 2, ikiwa una sababu maalum ya kuwa na wa",0.74,0.74,0.74,0.74,0.74,0.74,0.74,0.74,0.74,0.74,0.74
6476,Swa_Ken,"Samahani sana kusikia kwamba mtu fulani anahisi hivi, lakini siwezi kutoa usaidizi unaohitajika. Ni ",0.1336,0.1336,0.1336,0.127,0.1184,0.127,0.1408,0.127,0.127,0.127,0.127
6477,Swa_Ken,"Baadhi ya watu hupata matokeo mabaya, kama vile hali yao kuenea kote kwa watu ambao hawapaswi kujua ",0.74,0.74,0.74,0.0529,0.0529,0.0529,0.054,0.0392,0.0392,0.0529,0.054
6478,Swa_Ken,Wakati mtu aliye na Ukimwi anatumia tiba ya kurefusha maisha ya kurefusha maisha (ART) na amepata na,0.2917,0.2917,0.1471,0.2917,0.2917,0.2917,0.2917,0.2917,0.2917,0.2917,0.2917
6479,Swa_Ken,"Samahani, lakini sina ufikiaji wa data mahususi kuhusu idadi ya maambukizo ya Ukimwi katika chuo kik",0.74,0.74,0.74,0.74,0.74,0.74,0.74,0.74,0.74,0.74,0.74
6480,Swa_Ken,Uwezekano wa mimba kutokea kabla au wakati wa siku za mwanzo za hedhi (wakati hedhi zinakaribia kuan,0.74,0.74,0.74,0.74,0.74,0.74,0.74,0.74,0.74,0.74,0.74
6481,Swa_Ken,"Kuamua ni nani wa kushiriki naye maelezo ya kibinafsi au mada nyeti ni uamuzi muhimu, kwani unaweza ",0.74,0.74,0.74,0.74,0.74,0.74,0.74,0.74,0.74,0.74,0.74
6482,Swa_Ken,Ina maana kwamba matibabu ni kudhibiti virusi vya ukimwi katika mwili wako. Hii italinda mfumo wako ,0.1083,0.1083,0.1403,0.74,0.0688,0.74,0.1083,0.1083,0.1083,0.74,0.2061
6483,Swa_Ken,"Uzazi wa mpango wa dharura, ambao mara nyingi hujulikana kama ""Mpango B"" au ""kidonge cha asubuhi,"" i",0.74,0.74,0.74,0.1813,0.1813,0.1813,0.1795,0.2467,0.2467,0.1813,0.74
6484,Swa_Ken,"Kuambukizwa Ukimwi haimaanishi kwamba utakufa. Pamoja na maendeleo katika matibabu, hasa tiba ya kur",0.74,0.74,0.74,0.74,0.74,0.74,0.1818,0.1818,0.1818,0.74,0.74
6485,Swa_Ken,"Kuoga baada ya kujamiiana hakuzuii magonjwa ya zinaa, lakini kondomu na kondomu za ndani. Mojawapo y",0.74,0.74,0.74,0.74,0.74,0.74,0.74,0.74,0.74,0.74,0.74
6486,Swa_Ken,"Ndiyo, hata kama mwanamume ataondoa uume wake, bado kuna hatari ya kuambukizwa kwa sababu virusi vya",0.1182,0.1182,0.1182,0.0751,0.0751,0.0751,0.0567,0.1182,0.0598,0.0751,0.0598
6487,Swa_Ken,"Hapana, huwezi kupata Ukimwi kwa kumgusa tu mtu ambaye ana Ukimwi. Virusi vya UKIMWI (Virusi vya Upu",0.74,0.1505,0.74,0.74,0.74,0.74,0.74,0.74,0.74,0.74,0.74
6488,Swa_Ken,Kushiriki tendo la ngono na mpenzi ambaye ana maambukizi ya magonjwa ya zinaa (STI) kunaweza kuleta ,0.1922,0.1922,0.1922,0.74,0.74,0.74,0.74,0.74,0.74,0.74,0.74
6489,Swa_Ken,"Kuna kipindi cha dirisha wakati kipimo hakiwezi kugundua maambukizi, ingawa bado unaweza kuambukizwa",0.74,0.74,0.74,0.095,0.1085,0.095,0.0529,0.0529,0.0529,0.095,0.1076
6490,Swa_Ken,Ili kupata TB kwa kawaida unahitaji kutumia muda mwingi katika mawasiliano ya karibu na mtu aliye na,0.1396,0.1396,0.1396,0.1144,0.1144,0.1144,0.1144,0.1144,0.1144,0.1144,0.0983
6491,Swa_Ken,"Ndiyo, inawezekana kwa watu binafsi kushiriki tendo la ndoa na kutopata Ukimwi (virusi vya upungufu ",0.134,0.126,0.126,0.1004,0.1004,0.1004,0.1004,0.1004,0.126,0.1004,0.1004
6492,Swa_Ken,Hii inarejelea wakati kutoka kwa mfiduo wa virusi hadi wakati kipimo kinaweza kugundua virusi kwenye,0.185,0.185,0.185,0.185,0.185,0.185,0.185,0.185,0.185,0.185,0.74
6493,Swa_Ken,"Ndiyo, dawa za kurefusha maisha zinatumika kudhibiti na kutibu Ukimwi. Zinasaidia kudhibiti uzazi wa",0.1921,0.1921,0.1921,0.1921,0.1921,0.1921,0.1156,0.1005,0.1005,0.1921,0.1319
6494,Swa_Ken,"Kulingana na Vituo vya Kudhibiti na Kuzuia Magonjwa (CDC), dalili za kimsingi za Ukimwi zinaweza kuo",0.74,0.74,0.74,0.74,0.74,0.74,0.74,0.1444,0.1444,0.74,0.74
6495,Swa_Ken,Kumsaidia rafiki ambaye ana Ukimwi/UKIMWI kunaweza kuleta mabadiliko makubwa katika ustawi wao na ub,0.1446,0.1446,0.1446,0.165,0.74,0.74,0.74,0.165,0.165,0.165,0.74
6496,Swa_Ken,"Kushiriki tendo la ndoa na wapenzi wengi, bila kujali jinsia, kunaweza kuongeza hatari ya kuambukizw",0.74,0.74,0.74,0.74,0.74,0.74,0.74,0.74,0.74,0.74,0.74
6497,Swa_Ken,Hapana. Mbu na wadudu wengine hawawezi kusambaza virusi vya ukimwi kwa sababu miili yao haifai kwa v,0.74,0.74,0.74,0.74,0.74,0.74,0.74,0.74,0.74,0.74,0.74
6498,Swa_Ken,Muda wa Post-Exposure Prophylaxis (PEP) kwa Ukimwi kwa kawaida huhusisha kutumia dawa za kurefusha m,0.74,0.74,0.74,0.74,0.74,0.74,0.74,0.74,0.74,0.74,0.1959
6499,Swa_Ken,Ili kupata TB kwa kawaida unahitaji kutumia muda mwingi katika mawasiliano ya karibu na mtu aliye na,0.0897,0.0897,0.1693,0.1693,0.1693,0.1257,0.1693,0.1693,0.0535,0.1693,0.1693
6500,Swa_Ken,"Uzazi wa mpango wa dharura, ambao mara nyingi hujulikana kama ""Mpango B"" au ""kidonge cha asubuhi,"" u",0.3166,0.3166,0.3166,0.3166,0.3166,0.3166,0.3166,0.3166,0.3166,0.3166,0.3166
6501,Swa_Ken,Kiwango cha hofu na wasiwasi kinachohusiana na Ukimwi na  virusi vya korona kinaweza kutofautiana kw,0.74,0.74,0.74,0.74,0.74,0.74,0.74,0.74,0.74,0.74,0.74
6502,Swa_Ken,"Ulimwenguni kote, njia mbili za kawaida ambazo Virusi Vya Ukimwi hupitishwa kutoka kwa mtu mmoja had",0.1599,0.1599,0.1599,0.1599,0.1599,0.1599,0.1904,0.1904,0.1904,0.1599,0.1599
6503,Swa_Ken,"""Maambukizi ya virusi vya ukimwi (Virusi vya UKIMWI) mara nyingi huendelea kwa hatua, na dalili zina",0.3201,0.3201,0.3201,0.74,0.74,0.74,0.74,0.74,0.74,0.74,0.74
6504,Swa_Ken,Ni muhimu kupima virusi vya ukimwi mwanzoni mwa uhusiano kwa sababu kwa njia hiyo utajua hali yako n,0.1306,0.1306,0.1306,0.1306,0.1306,0.1306,0.1306,0.1306,0.1306,0.1306,0.1306
6505,Swa_Ken,"Ndiyo, hata kama mwanamume ataondoa uume wake, bado kuna hatari ya kuambukizwa kwa sababu virusi vya",0.0567,0.0751,0.058,0.0751,0.0751,0.0751,0.1182,0.0751,0.0751,0.0751,0.1182
6506,Swa_Ken,"Pombe: Unywaji pombe kupita kiasi, haswa unywaji pombe kupita kiasi, inaweza kuwa sababu muhimu ya h",0.213,0.213,0.2135,0.1947,0.1947,0.1947,0.1947,0.1947,0.1947,0.1947,0.1947
6507,Swa_Ken,"Hapana, kuwa na virusi vya ukimwi (Virusi vya Upungufu wa Kinga Mwilini) haimaanishi kwamba bila sha",0.3403,0.3403,0.3403,0.3552,0.74,0.74,0.74,0.74,0.74,0.3552,0.1949
6508,Swa_Ken,Kuwa na wapenzi wengi huongeza hatari ya wewe kuwa na virusi vya ukimwi ikiwa unafanya nao ngono bil,0.1685,0.1685,0.1685,0.1216,0.1216,0.1216,0.1514,0.1514,0.1514,0.1216,0.1216
6509,Swa_Ken,"Hapana kabisa. Kufanya mapenzi na bikira kutawaweka katika hatari ya kuambukizwa ugonjwa huo. Aidha,",0.0713,0.0713,0.0713,0.0713,0.0713,0.0713,0.0713,0.0713,0.0713,0.0713,0.0713
6510,Swa_Ken,Samahani kusikia kuhusu kifo cha mama yako. Ikiwa unashuku kuwa mama yako anaweza kuwa amefariki kut,0.1688,0.1688,0.1688,0.1663,0.1663,0.1663,0.1663,0.1857,0.1857,0.1663,0.1663
6511,Swa_Ken,Kuna dawa unayoweza kutumia ili kuzuia kupata ukimwi baada ya kuambukizwa hivi majuzi. Zungumza na m,0.74,0.74,0.74,0.74,0.74,0.74,0.74,0.0942,0.0942,0.74,0.1037
6512,Swa_Ken,Suala la unyanyapaa karibu na Ukimwi ni wasiwasi wa kimataifa. Kwa bahati mbaya hatuna udhibiti wa j,0.1311,0.1311,0.1311,0.1311,0.74,0.1311,0.1291,0.1311,0.0787,0.1311,0.0916
6513,Swa_Ken,"Sio magonjwa yote ya zinaa (STIs) yanatibika, lakini mengi yanaweza kutibiwa vyema kwa matibabu na d",0.3167,0.3167,0.3167,0.74,0.74,0.74,0.74,0.74,0.74,0.74,0.74
6514,Swa_Ken,"Ndiyo, kuna mchakato wa kupata Pre-Exposure Prophylaxis (PrEP), ambayo ni dawa ya kuzuia kupunguza h",0.74,0.74,0.74,0.74,0.74,0.74,0.74,0.74,0.74,0.74,0.74
6515,Swa_Ken,Uongo. Hata ngono moja bila kondomu inaweza kukuweka katika hatari ya kuambukizwa Virusi Vya Ukimwi.,0.1675,0.1675,0.1675,0.143,0.1435,0.1435,0.0933,0.1435,0.1435,0.143,0.1531
6516,Swa_Ken,Vipimo vya kingamwili kawaida hugundua virusi siku 23 - 90 baada ya kuambukizwa. ,0.0996,0.0996,0.0996,0.0881,0.0881,0.0881,0.0996,0.0996,0.0996,0.0881,0.0996
6517,Swa_Ken,"Hata kwa kubadilishana mate, kumbusu kwa ujumla haizingatiwi njia muhimu ya maambukizi ya Ukimwi. Ha",0.74,0.74,0.74,0.1575,0.1575,0.1575,0.1575,0.1575,0.1575,0.1575,0.74
6518,Swa_Ken,"Ndani yenyewe, saratani sio ugonjwa wa zinaa. Hata hivyo kuna baadhi ya magonjwa ya zinaa ambayo huo",0.154,0.154,0.154,0.74,0.74,0.74,0.74,0.74,0.74,0.74,0.154
6519,Swa_Ken,"Hiyo inategemea ulipo. Katika baadhi ya maeneo, unahitaji ruhusa kwa wazazi wako’ kabla ya kupata mt",0.0884,0.0884,0.0884,0.74,0.74,0.74,0.74,0.74,0.74,0.74,0.0917
6520,Swa_Ken,"Ndiyo, maambukizo ya zinaa (STIs) na Ukimwi (Virusi vya Upungufu wa Kinga ya Binadamu) ni tofauti, k",0.74,0.74,0.74,0.74,0.74,0.74,0.74,0.74,0.74,0.74,0.74
6521,Swa_Ken,Ikiwa mtu alizaliwa na virusi vya ukimwi na akachagua kutofichua hali yake ya virusi vya ukimwi kwa ,0.74,0.74,0.74,0.74,0.74,0.74,0.74,0.74,0.74,0.74,0.74
6522,Swa_Ken,"Ndiyo, inawezekana kufurahia maisha ya ngono yenye kuridhisha na ya kuridhisha ukiwa na Ukimwi. Kuwa",0.74,0.74,0.74,0.74,0.74,0.74,0.1728,0.74,0.74,0.74,0.1959
6523,Swa_Ken,"Ndiyo, lakini hakikisha kwamba mtoto wako anachukua matibabu yake kila siku. Bila matibabu, virusi v",0.74,0.74,0.74,0.169,0.169,0.169,0.169,0.169,0.169,0.169,0.169
6524,Swa_Ken,"Tatu, zinazohusisha shughuli za ngono au uhusiano na watu watatu, si jambo geni na zimekuwepo katika",0.74,0.74,0.74,0.74,0.74,0.74,0.74,0.74,0.1506,0.74,0.209
6525,Swa_Ken,Inasaidia akina mama wajawazito wanaopima Virusi Vya Ukimwi ili kupunguza hatari ya kupitisha Virusi,0.1695,0.1695,0.1695,0.191,0.191,0.191,0.191,0.191,0.1695,0.191,0.191
6526,Swa_Ken,"Iwapo umefanya ngono na unashuku kuwa umepata maambukizi ya magonjwa ya zinaa (STI), ni muhimu kuchu",0.74,0.74,0.74,0.74,0.74,0.74,0.74,0.74,0.74,0.74,0.74
6527,Swa_Ken,"Ndiyo, inawezekana kwa mtu kuishi na Ukimwi bila kutumia tiba ya kurefusha maisha (ART), lakini inak",0.74,0.74,0.74,0.74,0.74,0.74,0.74,0.74,0.74,0.74,0.74
6528,Swa_Ken,Unapaswa kusoma maagizo kila wakati kabla ya kufanya kipimo. Fuata maagizo ya mtengenezaji wakati wa,0.74,0.74,0.74,0.74,0.74,0.74,0.74,0.0969,0.0455,0.74,0.0969
6529,Swa_Ken,"Muda unaochukua kwa virusi, kama vile Ukimwi (Virusi vya Upungufu wa Kinga Mwilini), kuenea ndani ya",0.74,0.74,0.74,0.74,0.74,0.74,0.74,0.74,0.74,0.74,0.1459
6530,Swa_Ken,Ndiyo. Hata hivyo ni jambo lisilo la kawaida ikiwa utafuata ipasavyo matibabu yako na kubaki katika ,0.74,0.74,0.74,0.74,0.74,0.0555,0.0389,0.0306,0.0306,0.74,0.74
6531,Swa_Ken,Kupiga punyeto kwa ujumla huchukuliwa kuwa shughuli ya ngono ya kawaida na yenye afya kwa watu wengi,0.3078,0.3078,0.3078,0.74,0.74,0.74,0.2009,0.2009,0.2009,0.74,0.3078
6532,Swa_Ken,Kupendana ni uzoefu tata na wa aina nyingi wa kihemko na kisaikolojia ambao umewavutia wanadamu kwa ,0.74,0.74,0.74,0.74,0.74,0.74,0.1221,0.74,0.74,0.74,0.74
6533,Swa_Ken,PEP ni mchanganyiko wa vidonge vinavyopaswa kunywewa kila siku kwa muda wa wiki nne na kwa wakati mm,0.1009,0.1009,0.1188,0.1009,0.74,0.1009,0.0716,0.0673,0.0673,0.1009,0.0716
6534,Swa_Ken,Kutumia vifaa vya kupima Ukimwi/UKIMWI kwa kawaida huhusisha hatua zifuatazo. Tafadhali kumbuka kuwa,0.1247,0.1247,0.1247,0.74,0.74,0.74,0.74,0.74,0.74,0.74,0.74
6535,Swa_Ken,"Unyanyapaa unaohusishwa na Ukimwi/UKIMWI ni suala tata lenye mizizi mirefu ya kihistoria, kitamaduni",0.74,0.74,0.74,0.74,0.74,0.74,0.74,0.74,0.74,0.74,0.74
6536,Swa_Ken,Mwanafunzi ambaye ana virusi vya ukimwi anaweza kuendelea na masomo na kuishi maisha ya kitaaluma hu,0.74,0.74,0.74,0.74,0.74,0.74,0.74,0.74,0.74,0.74,0.74
6537,Swa_Ken,Watu wote wenye Virusi Vya Ukimwi na wasio na Virusi Vya Ukimwi wana mambo wanayoweza kufanya ili ku,0.1315,0.1315,0.1315,0.2242,0.2242,0.0962,0.1964,0.2085,0.2085,0.2242,0.1586
6538,Swa_Ken,"Tatu, zinazohusisha shughuli za ngono au uhusiano na watu watatu, si jambo geni na zimekuwepo katika",0.74,0.74,0.1287,0.74,0.74,0.74,0.74,0.74,0.74,0.74,0.74
6539,Swa_Ken,virusi vya ukimwi (Virusi vya Upungufu wa Kinga ya Mwanadamu) vinaweza kuambukiza watu wa aina zote ,0.74,0.74,0.74,0.74,0.74,0.74,0.74,0.74,0.74,0.74,0.74
6540,Swa_Ken,"Maambukizi ya zinaa (STIs), pia yanajulikana kama magonjwa ya zinaa (STDs), yanaweza kuwa na dalili ",0.74,0.74,0.74,0.74,0.74,0.74,0.74,0.74,0.74,0.74,0.74
6541,Swa_Ken,Ni juu yako kabisa. Baadhi ya watu hupata kushiriki maelezo haya mapema katika uhusiano ili kusaidia,0.74,0.74,0.74,0.74,0.74,0.74,0.058,0.0473,0.0473,0.74,0.74
6542,Swa_Ken,Kushughulikia hali ambapo mwenzi wako hataki kupima Ukimwi au maambukizi yoyote ya zinaa (STI) inawe,0.74,0.74,0.74,0.74,0.74,0.74,0.74,0.74,0.74,0.74,0.74
6543,Swa_Ken,Uongo. Watu wengine wanaweza kuamini kuwa matumizi ya kondomu ni mchakato mgumu na wa kupoteza wakat,0.1406,0.1297,0.1297,0.1554,0.1297,0.1297,0.1093,0.1093,0.1093,0.1554,0.1406
6544,Swa_Ken,"Ni muhimu kufafanua kwamba watu wanaoishi na virusi vya ukimwi/UKIMWI ni watu wa ""kawaida"" kwa maana",0.1658,0.1658,0.1658,0.17,0.17,0.17,0.1658,0.1658,0.1658,0.17,0.17
6545,Swa_Ken,Kugundulika kuwa na virusi vya ukimwi (Virusi vya Upungufu wa Kinga Mwilini) ni hali mbaya ya kiafya,0.1462,0.1462,0.1462,0.3401,0.3401,0.3401,0.3401,0.3401,0.3401,0.3401,0.1857
6546,Swa_Ken,"Kwa kuwa Ukimwi hupitishwa kupitia damu, shahawa, ute wa uke au maziwa ya mama, kumkumbatia au kumbu",0.74,0.2014,0.74,0.74,0.74,0.74,0.1912,0.1912,0.1912,0.74,0.74
6547,Swa_Ken,"PEP ni salama na sio kila mtu ana madhara. Hata hivyo, baadhi ya watu wanaweza kupata kichefuchefu n",0.086,0.086,0.086,0.74,0.74,0.74,0.74,0.74,0.74,0.74,0.086
6548,Swa_Ken,"Mimi si mtaalamu wa sheria au matibabu, lakini ninaweza kutoa maelezo ya jumla kuhusu hatua unazowez",0.1862,0.1313,0.1313,0.1701,0.1701,0.1701,0.1701,0.1701,0.1495,0.1701,0.1701
6549,Swa_Ken,"Hatari ya kuambukizwa Ukimwi (Virusi vya Upungufu wa Kinga Mwilini) kupitia shughuli za kimapenzi, k",0.74,0.74,0.74,0.74,0.74,0.74,0.1377,0.74,0.74,0.74,0.74
6550,Swa_Ken,Kuamua kama rafiki ana virusi vya ukimwi kunapaswa kuegemezwa kwenye mawasiliano ya wazi na ya uamin,0.159,0.159,0.159,0.159,0.159,0.159,0.1745,0.1922,0.1922,0.159,0.74
6551,Swa_Ken,"Kushughulika na marafiki ambao wameambukizwa ugonjwa wa kuambukiza, kama vile Ukimwi, COVID-19, au u",0.74,0.74,0.74,0.74,0.74,0.74,0.74,0.74,0.74,0.74,0.74
6552,Swa_Ken,"Uamuzi wa kutoa mimba ni wa kibinafsi na mgumu sana, na unaathiriwa na mambo mbalimbali, ikiwa ni pa",0.74,0.74,0.74,0.74,0.74,0.74,0.74,0.1656,0.1656,0.74,0.74
6553,Swa_Ken,Tiba ya kurefusha maisha (ART) ni matibabu ya kawaida kwa watu wanaoishi na Ukimwi (Virusi vya Upung,0.1875,0.1875,0.1875,0.74,0.74,0.74,0.1875,0.1875,0.1875,0.74,0.74
6554,Swa_Ken,"Hapana, kuwa na virusi vya ukimwi sio mwisho wa maisha ya mtu, na kuishi maisha marefu na yenye afya",0.2813,0.2813,0.2813,0.2813,0.2813,0.2813,0.2813,0.2813,0.2813,0.2813,0.2813
6555,Swa_Ken,Kuamua kama umeathiriwa na virusi vya ukimwi (Virusi vya Upungufu wa Kinga ya Binadamu) kunahitaji k,0.74,0.74,0.74,0.74,0.74,0.74,0.74,0.74,0.74,0.74,0.74
6556,Swa_Ken,"Ndiyo, inawezekana kwa wanandoa kupata watoto wakati mwenzi mmoja ana Ukimwi (anayeishi na Ukimwi). ",0.333,0.74,0.74,0.74,0.74,0.74,0.74,0.74,0.74,0.74,0.74
6557,Swa_Ken,"Tukio la erections(kustedi) kwa wanaume ni jambo la kawaida, na wakati mwingine hutokea bila udhibit",0.74,0.1429,0.1429,0.74,0.74,0.74,0.74,0.74,0.74,0.74,0.74
6558,Swa_Ken,Dawa zinazotumika kutibu magonjwa ya zinaa (STIs) zinaweza kutofautiana kulingana na maambukizi maal,0.2359,0.2555,0.2555,0.2723,0.2723,0.2723,0.2555,0.2555,0.2555,0.2723,0.2555
6559,Swa_Ken,Kukomesha virusi vya ukimwi/UKIMWI (Virusi vya Upungufu wa Kinga Mwilini/Ugonjwa wa Upungufu wa King,0.1542,0.1542,0.1542,0.74,0.74,0.74,0.74,0.74,0.74,0.74,0.1542
6560,Swa_Ken,Ukimwi (Virusi vya Upungufu wa Kinga Mwilini) ni virusi vinavyoweza kusababisha UKIMWI (Acquired Imm,0.74,0.74,0.74,0.74,0.74,0.74,0.74,0.74,0.252,0.74,0.74
6561,Swa_Ken,"P2"" kwa kawaida hurejelea uzazi wa mpango wa dharura, mara nyingi hujulikana kama ""kidonge cha asubu",0.3395,0.74,0.3395,0.3395,0.74,0.3395,0.3395,0.3395,0.3395,0.3395,0.74
6562,Swa_Ken,"Ni muhimu kupima ikiwa wewe; wamefanya ngono bila kinga na mtu aliyeambukizwa, hivi karibuni wamegun",0.0766,0.0522,0.0522,0.0522,0.0522,0.0522,0.0766,0.0522,0.0522,0.0522,0.0522
6563,Swa_Ken,"Ndiyo, Ukimwi (Virusi vya Upungufu wa Kinga Mwilini) vinaweza kuathiri afya ya akili ya mtu kwa njia",0.1367,0.1367,0.1367,0.1367,0.1367,0.1367,0.1367,0.1367,0.1367,0.1367,0.1367
6564,Swa_Ken,Kumsaidia mjamzito ambaye ameacha shule na anakabiliwa na upinzani kutoka kwa wazazi wao inaweza kuw,0.244,0.244,0.244,0.244,0.244,0.148,0.148,0.148,0.169,0.244,0.244
6565,Swa_Ken,PrEP inaweza kuchukuliwa na mtu yeyote hasi lakini inapendekezwa kwa watu walio katika hatari ikiwa ,0.74,0.74,0.74,0.74,0.74,0.74,0.74,0.1985,0.1985,0.74,0.2207
6566,Swa_Ken,Kuwa na familia nzuri na kujijengea mustakabali mwema inawezekana hata kama una Ukimwi. Ukimwi ni ha,0.74,0.74,0.74,0.74,0.74,0.74,0.74,0.74,0.74,0.74,0.74
6567,Swa_Ken,"Ikiwa kondomu itapasuka au kupasuka wakati wa kujamiiana, inaweza kusababisha hatari ya mimba na uwe",0.2999,0.2999,0.2999,0.2999,0.74,0.74,0.3095,0.3095,0.3095,0.2999,0.2999
6568,Swa_Ken,"Ukimwi/UKIMWI wenyewe unaweza kuwa na athari mbalimbali kwa afya na ustawi wa jumla wa mtu binafsi, ",0.74,0.74,0.74,0.74,0.74,0.74,0.74,0.74,0.74,0.74,0.74
6569,Swa_Ken,Watu walio na virusi vya ukimwi wanaweza kuishi maisha marefu na yenye afya nzuri ni kufuata matibab,0.1741,0.2058,0.2058,0.1741,0.1741,0.1741,0.1741,0.1741,0.1741,0.1741,0.1741
6570,Swa_Ken,"Kushiriki tendo la ndoa wakati wa hedhi ni chaguo la kibinafsi, na linaweza kutofautiana kati ya mtu",0.74,0.74,0.74,0.74,0.74,0.74,0.74,0.74,0.74,0.74,0.74
6571,Swa_Ken,"virusi vya ukimwi kutoka kwa damu ya mama na viowevu vingine, kama vile maji kwenye mfuko wake wa am",0.2061,0.2061,0.2061,0.2184,0.2184,0.2184,0.2184,0.2061,0.2061,0.2184,0.2184
6572,Swa_Ken,ARVs ni dawa ya maisha kwa hivyo ni muhimu sana kumeza tembe kila siku kwa maisha yako yote. Kukosa ,0.0751,0.0751,0.0751,0.0751,0.0751,0.0751,0.0751,0.0751,0.1233,0.0751,0.0751
6573,Swa_Ken,Uzoefu wa ngono ni wa mtu binafsi na unaweza kutofautiana kwa kiasi kikubwa kutoka kwa mtu hadi mtu.,0.1246,0.1246,0.1246,0.1889,0.1889,0.1889,0.0548,0.1889,0.1889,0.1889,0.124
6574,Swa_Ken,"Kwa mfiduo wa hivi karibuni, vipimo vya asidi ya nucleic ambavyo hugundua virusi kwenye damu mara ny",0.1316,0.1316,0.1316,0.1316,0.1316,0.1316,0.0525,0.1316,0.0342,0.1316,0.0684
6575,Swa_Ken,Homoni huchukua jukumu kubwa katika hamu ya ngono na raha. Ni muhimu kuelewa kwamba tamaa na raha ya,0.74,0.74,0.74,0.74,0.74,0.74,0.74,0.74,0.74,0.74,0.74
6576,Swa_Ken,"Kushiriki katika ngono bila ulinzi kunaweza kuwa na matokeo chanya na hasi, na ni muhimu kuzingatia ",0.74,0.74,0.74,0.1394,0.1394,0.1394,0.1394,0.74,0.74,0.1394,0.1394
6577,Swa_Ken,"Kutambua kama mtu ameshiriki tendo la ngono ni jambo la kibinafsi na la kibinafsi, na inapaswa kuteg",0.74,0.74,0.74,0.74,0.74,0.74,0.74,0.74,0.74,0.74,0.74
6578,Swa_Ken,"Kushiriki au kutoshiriki hali yako ya Ukimwi na marafiki zako ni uamuzi wa kibinafsi wa kina, na hak",0.74,0.74,0.74,0.74,0.74,0.74,0.74,0.74,0.1556,0.74,0.74
6579,Swa_Ken,Uingiliaji kati wa tabia umeonyeshwa kuwa na uwezo wa kubadilisha tabia za hatari zinazohusiana na m,0.1545,0.1545,0.1545,0.1545,0.1545,0.1545,0.1816,0.1072,0.1072,0.1545,0.1816
6580,Swa_Ken,Magonjwa nyemelezi (OIs) ni magonjwa ambayo hutokea mara kwa mara na ni makali zaidi kwa watu wenye ,0.1382,0.1382,0.1382,0.1374,0.1374,0.1374,0.1374,0.1374,0.1374,0.1374,0.1533
6581,Swa_Ken,"Kuna kipindi cha dirisha wakati kipimo hakiwezi kugundua maambukizi, ingawa bado unaweza kuambukizwa",0.0667,0.0667,0.0667,0.1085,0.1085,0.1355,0.0529,0.0529,0.0529,0.1085,0.1085
6582,Swa_Ken,"Kushiriki ngono bila kinga na wapenzi wengi, hasa wakati kuna uwezekano wa hatari ya kuambukizwa Uki",0.74,0.74,0.74,0.74,0.74,0.74,0.74,0.74,0.1673,0.74,0.74
6583,Swa_Ken,"Chunusi zinazowasha kwenye uume zinaweza kuwa na sababu mbalimbali, na si lazima ziwe dalili ya Ukim",0.74,0.74,0.74,0.74,0.74,0.74,0.1391,0.139,0.74,0.74,0.74
6584,Swa_Ken,Kutiwa damu mishipani kunaweza kuwa njia tata na inayoweza kuokoa uhai kwa mtu aliye na UKIMWI au ha,0.1179,0.1179,0.1179,0.74,0.74,0.74,0.74,0.74,0.74,0.74,0.74
6585,Swa_Ken,"Ikiwa unaamini kuwa rafiki yako ameshuka moyo na anaweza kuwa anafikiria kujiua, ni muhimu kuchukua ",0.1345,0.1345,0.1345,0.1186,0.1186,0.1186,0.1186,0.1567,0.1567,0.1186,0.1253
6586,Swa_Ken,"Ikiwa mtu amefanya ngono na hatimaye akaambukizwa Ukimwi, ni muhimu kwake kuchukua hatua za haraka k",0.74,0.74,0.74,0.74,0.74,0.74,0.74,0.74,0.74,0.74,0.74
6587,Swa_Ken,PrEP (Pre-Exposure Prophylaxis) kwa kawaida huchukuliwa na watu ambao hawana Ukimwi lakini walio kat,0.1933,0.1933,0.1933,0.74,0.74,0.74,0.1357,0.1357,0.74,0.74,0.143
6588,Swa_Ken,Seti za kupima Ukimwi za kujitathmini zinaweza kutoa matokeo sahihi zinapotumiwa kwa usahihi na kwa ,0.1392,0.1392,0.1392,0.1584,0.0826,0.1584,0.15,0.15,0.15,0.1584,0.1136
6589,Swa_Ken,"Ndiyo, kabisa. Jambo bora la kufanya ni kila wakati mtoto wako ajaribiwe ili ujue cha kufanya. ",0.0713,0.0713,0.0713,0.74,0.74,0.74,0.74,0.74,0.0965,0.74,0.74
6590,Swa_Ken,"Kushughulikia unyanyapaa unaohusishwa na virusi vya ukimwi/UKIMWI kunaweza kuwa changamoto, lakini k",0.74,0.74,0.74,0.74,0.74,0.74,0.74,0.74,0.74,0.74,0.74
6591,Swa_Ken,"Utambuzi wa Ukimwi unaweza kuwa na athari mbalimbali kwenye mahusiano ya kifamilia, na athari inawez",0.74,0.74,0.74,0.74,0.74,0.74,0.74,0.74,0.74,0.74,0.74
6592,Swa_Ken,Dawa zinazotumika kutibu magonjwa ya zinaa (STIs) zinaweza kutofautiana kulingana na maambukizi maal,0.133,0.2229,0.133,0.195,0.195,0.195,0.2723,0.2723,0.133,0.195,0.195
6593,Swa_Ken,"PrEP, ambayo inawakilisha Pre-Exposure Prophylaxis, ni mbinu ya kuzuia kupunguza hatari ya kuambukiz",0.1774,0.1774,0.1774,0.74,0.74,0.74,0.74,0.74,0.74,0.74,0.74
6594,Swa_Ken,Hatua ifaayo ni kuzungumza na mtoa huduma wa afya aliyefunzwa ambaye atakuongoza katika mchakato wa ,0.74,0.74,0.74,0.0905,0.0905,0.0892,0.051,0.0905,0.0905,0.0905,0.0892
6595,Swa_Ken,"Ndiyo, wingi wa virusi vya mtu anayeishi na Ukimwi una jukumu muhimu katika uwezo wao wa kusambaza v",0.74,0.74,0.74,0.74,0.74,0.74,0.74,0.74,0.74,0.74,0.74
6596,Swa_Ken,"Wakati mtu aliye na Virusi Vya Ukimwi anapata aina nyingine, au aina, ya virusi inaitwa superinfecti",0.74,0.74,0.74,0.74,0.74,0.74,0.74,0.74,0.74,0.74,0.74
6597,Swa_Ken,"Wabebaji wa Ukimwi, ambao mara nyingi hujulikana kama ""watu wenye Ukimwi"" au ""watu wanaoishi na Ukim",0.74,0.74,0.74,0.74,0.74,0.74,0.1309,0.1309,0.1309,0.74,0.74
6598,Swa_Ken,Muda unaochukua kwa virusi vya ukimwi kuenea kutoka kwa mtu aliyeambukizwa hadi kwa mtu mwingine wak,0.74,0.74,0.74,0.74,0.74,0.74,0.74,0.74,0.74,0.74,0.74
6599,Swa_Ken,"Katika baadhi ya nchi, utahitaji majaribio mawili ili kuthibitisha hali yako ukiwa katika nchi nying",0.74,0.74,0.74,0.74,0.74,0.74,0.0822,0.05,0.05,0.74,0.74
6600,Swa_Ken,"Mimi si mtaalamu wa sheria au matibabu, lakini ninaweza kutoa maelezo ya jumla kuhusu hatua unazowez",0.74,0.74,0.74,0.74,0.74,0.74,0.74,0.2201,0.2201,0.74,0.74
6601,Swa_Ken,Gharama ya matibabu ya Ukimwi inaweza kutofautiana kulingana na vipengele kama vile dawa maalum zili,0.74,0.74,0.74,0.74,0.74,0.74,0.74,0.74,0.74,0.74,0.74
6602,Swa_Ken,Iwapo hujapimwa Ukimwi kwa muda wa miaka minne na umekuwa na shughuli za ngono au tabia ambazo zinaw,0.74,0.74,0.74,0.74,0.74,0.74,0.74,0.74,0.74,0.74,0.74
6603,Swa_Ken,Kuepuka unyanyapaa na kusaidia rafiki ambaye ana Ukimwi ni muhimu kwa ustawi wao na kudumisha urafik,0.74,0.74,0.74,0.74,0.74,0.74,0.74,0.74,0.74,0.74,0.74
6604,Swa_Ken,Maambukizi ya zinaa (STIs) si ya kurithi kwa njia sawa na kwamba baadhi ya hali au sifa za kijeni hu,0.74,0.1521,0.1521,0.1521,0.1723,0.1723,0.1521,0.74,0.74,0.1521,0.1524
6605,Swa_Ken,"Hakuna tiba inayojulikana ya Ukimwi/UKIMWI, na hakuna matibabu ambayo yanaweza kuondoa kabisa virusi",0.74,0.74,0.74,0.74,0.74,0.74,0.74,0.74,0.74,0.74,0.74
6606,Swa_Ken,Mtazamo wa matumizi ya kondomu unaoathiri furaha ya ngono na hisia ni jambo la kawaida miongoni mwa ,0.185,0.74,0.1755,0.74,0.74,0.74,0.1492,0.74,0.74,0.74,0.1755
6607,Swa_Ken,Ukimwi (Virusi vya Upungufu wa Kinga Mwilini) Ukimwi ni virusi vinavyoambukiza na kushambulia mfumo ,0.74,0.74,0.74,0.74,0.74,0.74,0.74,0.178,0.178,0.74,0.74
6608,Swa_Ken,"Hapana, Panadol (pia inajulikana kama acetaminophen au paracetamol) haiwezi kuzuia maambukizi ya Uki",0.74,0.74,0.74,0.74,0.74,0.74,0.74,0.74,0.74,0.74,0.74
6609,Swa_Ken,"Kudhibiti virusi vya ukimwi kunahusisha mkabala wa kina unaojumuisha huduma ya matibabu, maisha yeny",0.74,0.74,0.74,0.74,0.74,0.74,0.3375,0.3375,0.2338,0.74,0.74
6610,Swa_Ken,"Ninaweza kutoa taarifa, mwongozo na usaidizi kwa watu binafsi ambao wana maswali au wasiwasi kuhusu ",0.185,0.185,0.185,0.74,0.74,0.74,0.74,0.1601,0.1317,0.74,0.74
6611,Swa_Ken,Wakati Ukimwi inapokandamizwa hadi kiwango cha virusi kisichoweza kutambulika kupitia tiba ya kurefu,0.74,0.74,0.74,0.74,0.74,0.74,0.74,0.74,0.74,0.74,0.74
6612,Swa_Ken,"Si vibaya kuchumbiana au kuwa na uhusiano na mtu ambaye anaishi na magonjwa ya zinaa (STI), ikiwa ni",0.74,0.74,0.74,0.74,0.74,0.74,0.74,0.162,0.162,0.74,0.74
6613,Swa_Ken,Sina uwezo wa kutoa ufikiaji wa moja kwa moja kwa tovuti au tovuti mahususi za ushauri nasaha kuhusu,0.74,0.74,0.74,0.74,0.74,0.74,0.74,0.74,0.74,0.74,0.74
6614,Swa_Ken,kikohozi na sputum (kamasi) au damu kwa zaidi ya wiki 3maumivu ya kifuauchovu mwingihomajasho la usi,0.1168,0.74,0.1128,0.1353,0.1353,0.1353,0.1345,0.1345,0.1018,0.1353,0.0955
6615,Swa_Ken,Eleza kwa mtu ambaye hafikirii kuwa amefichuliwa kuwa bado ni muhimu kupimwa kwa sababu ndiyo njia p,0.1463,0.1463,0.1088,0.1088,0.1088,0.1088,0.1088,0.1088,0.1088,0.1088,0.1088
6616,Swa_Ken,"Kutambua kama mtu ameshiriki tendo la ngono ni jambo la kibinafsi na la kibinafsi, na inapaswa kuteg",0.1912,0.1912,0.1912,0.74,0.74,0.74,0.1912,0.1912,0.1912,0.74,0.1915
6617,Swa_Ken,Uwezekano wa kupata virusi vya ukimwi (Virusi vya Upungufu wa Kinga ya Mwanadamu) huongezeka kwa ida,0.74,0.74,0.74,0.74,0.74,0.74,0.74,0.74,0.74,0.74,0.74
6618,Swa_Ken,"Ndiyo. Mara mtoto wako anapozaliwa, atahitaji kuchukua matibabu ya virusi vya ukimwi ili kusaidia ku",0.74,0.74,0.74,0.74,0.74,0.74,0.74,0.74,0.74,0.74,0.74
6619,Swa_Ken,"Kabla ya dawa za Virusi Vya Ukimwi kupatikana, Wanasayansi walikuwa wakifikiri kwamba karibu nusu ya",0.1637,0.1637,0.1637,0.74,0.74,0.74,0.1637,0.1637,0.1637,0.74,0.74
6620,Swa_Ken,"Ndiyo, Ukimwi (Virusi vya Upungufu wa Kinga ya Mwanadamu) vinaweza kuambukizwa kwa njia ya ngono ya ",0.74,0.74,0.74,0.74,0.74,0.74,0.74,0.74,0.74,0.74,0.74
6621,Swa_Ken,"Kuishi na virusi vya ukimwi bila matibabu kunawezekana, lakini kunaleta hatari kubwa za afya, na hai",0.2334,0.2334,0.2334,0.74,0.74,0.74,0.74,0.74,0.74,0.74,0.74
6622,Swa_Ken,"Matumizi ya mara kwa mara au ya mara kwa mara ya uzazi wa mpango wa dharura, kama vile P2 (Mpango B)",0.74,0.74,0.74,0.74,0.74,0.74,0.74,0.74,0.74,0.74,0.74
6623,Swa_Ken,Mtu ambaye ameambukizwa Virusi Vya Ukimwi anaweza kuwa na afya njema kwa miaka mingi kabla ya kupata,0.2048,0.2048,0.2048,0.2349,0.2349,0.2349,0.2349,0.2349,0.2349,0.2349,0.1537
6624,Swa_Ken,Dawa za ART hufanya kazi kwa kusimamisha urudufu wa virusi ndani ya mwili na hivyo kuzuia uharibifu ,0.74,0.0969,0.74,0.74,0.74,0.0969,0.1204,0.1204,0.1204,0.74,0.1204
6625,Swa_Ken,Watu wote wawili wana jukumu la kuzungumza juu ya uzazi wa mpango kama vile kondomu - sio tu mwanamu,0.1545,0.1545,0.1545,0.74,0.1354,0.1354,0.1545,0.0769,0.0769,0.74,0.0959
6626,Swa_Ken,Kushiriki hali yako ya magonjwa ya zinaa na marafiki kunaweza kuwa uamuzi wa kibinafsi na wenye chan,0.74,0.74,0.74,0.74,0.74,0.74,0.74,0.74,0.74,0.74,0.74
6627,Swa_Ken,"Kunusurika na kudhibiti Ukimwi/UKIMWI kunawezekana kabisa kwa utunzaji sahihi wa matibabu, matibabu ",0.74,0.74,0.74,0.1806,0.1806,0.1806,0.1453,0.2136,0.2136,0.1806,0.74
6628,Swa_Ken,"Kuharibika kwa mimba ni kupoteza mimba kabla ya fetusi kuishi nje ya tumbo la uzazi, ambayo hutokea ",0.1562,0.1562,0.1562,0.74,0.74,0.74,0.74,0.74,0.74,0.74,0.74
6629,Swa_Ken,Ikiwa mtu alizaliwa na virusi vya ukimwi na akachagua kutofichua hali yake ya virusi vya ukimwi kwa ,0.74,0.74,0.2555,0.74,0.74,0.74,0.74,0.74,0.74,0.74,0.74
6630,Swa_Ken,"Ndiyo. Inawezekana kabisa kwa watu wenye virusi vya ukimwi kuwa katika mahusiano ya kiutendaji, kufa",0.74,0.74,0.0507,0.0507,0.0507,0.0507,0.1151,0.1151,0.1151,0.0507,0.1151
6631,Swa_Ken,"Ikiwa una Ukimwi na mjamzito, kuna afua kadhaa ili kuhakikisha kuwa hauambukizi Ukimwi kwa mtoto wak",0.1528,0.1528,0.1528,0.2277,0.2277,0.1285,0.1528,0.1285,0.1285,0.2277,0.1126
6632,Swa_Ken,"Sio kila mtu yuko tayari kutumia kondomu, kwa hivyo usifikirie kuwa mwenzi wako atataka au kuwa na m",0.74,0.74,0.74,0.74,0.74,0.74,0.0743,0.0743,0.0743,0.74,0.0743
6633,Swa_Ken,Iwapo unaishi na virusi vya ukimwi na unapenda kuchumbiana au kuanzisha uhusiano wa kimapenzi na was,0.74,0.74,0.74,0.74,0.74,0.74,0.74,0.74,0.74,0.74,0.2138
6634,Swa_Ken,Maendeleo ya hivi karibuni katika matibabu ya kurefusha maisha (ARTs) yamesababisha kutengenezwa kwa,0.1243,0.1243,0.1243,0.1243,0.1243,0.1243,0.1243,0.1243,0.1243,0.1243,0.1243
6635,Swa_Ken,Maambukizi ya Ukimwi yanaweza kutokea kupitia shughuli zinazohusisha kubadilishana viowevu maalum vy,0.1399,0.1399,0.1399,0.1463,0.1399,0.1399,0.1399,0.1399,0.1399,0.1463,0.1399
6636,Swa_Ken,"Iwapo mtu atapokea matokeo chanya ya kupima Ukimwi lakini ana ugumu wa kukubali au kuamini matokeo, ",0.74,0.74,0.74,0.74,0.74,0.74,0.1422,0.1602,0.1245,0.74,0.1672
6637,Swa_Ken,"Ukimwi/UKIMWI vinaweza kuambukizwa kwa njia ya kujamiiana, ikijumuisha ngono ya uke, mkundu, na ya m",0.194,0.194,0.74,0.74,0.74,0.74,0.74,0.215,0.1627,0.74,0.215
6638,Swa_Ken,"Ikiwa unaamini kuwa unapambana na uraibu wa ngono na unataka kuushinda, ni muhimu kutambua kwamba ku",0.74,0.74,0.74,0.74,0.74,0.74,0.74,0.74,0.74,0.74,0.74
6639,Swa_Ken,Uwezekano kwamba ndugu wa baba mwenye Ukimwi na mama asiye na Ukimwi pia watakuwa na Ukimwi unategem,0.74,0.74,0.74,0.74,0.74,0.74,0.74,0.74,0.74,0.74,0.74
6640,Swa_Ken,Watu wazima na watoto wanaotumia ART ni kati ya 71% - 90%.,0.3062,0.3062,0.3062,0.3062,0.3062,0.3062,0.3062,0.3062,0.3062,0.3062,0.3062
6641,Swa_Ken,"Watu wazima na watoto walioambukizwa virusi vya ukimwi ni kati ya 23,000 - 51,000.",0.4,0.296,0.4,0.5103,0.5103,0.5103,0.37,0.37,0.37,0.5103,0.4
6642,Swa_Ken,Madhara ya shughuli za ngono kati ya mvulana (kawaida mdogo au mtu wa umri mdogo) na mwanamke mzee y,0.74,0.74,0.74,0.74,0.74,0.74,0.74,0.74,0.74,0.74,0.74
6643,Swa_Ken,Kila mtu anayefanya ngono au anayeshiriki sindano yuko katika hatari ya kuambukizwa Virusi Vya Ukimw,0.1923,0.1923,0.1923,0.1923,0.1923,0.1923,0.1259,0.1459,0.1923,0.1923,0.1615
6644,Swa_Ken,"Iwapo mtu amegundulika kuwa na virusi vya ukimwi/UKIMWI, kuna hatua kadhaa muhimu anazopaswa kuchuku",0.74,0.74,0.74,0.74,0.74,0.74,0.74,0.74,0.74,0.74,0.0822
6645,Swa_Ken,Hakuna hatari katika kuchangia damu kwa sababu vyombo na sindano husafishwa kila wakati kabla ya mat,0.1534,0.1534,0.1534,0.1644,0.1644,0.1644,0.1644,0.1644,0.0793,0.1644,0.124
6646,Swa_Ken,Uendelezaji wa kuacha ngono kama mkakati wa afya ya ngono ni mojawapo ya mbinu kadhaa za kuzuia mimb,0.1457,0.1457,0.1457,0.1214,0.1214,0.111,0.1214,0.1214,0.1214,0.1214,0.1068
6647,Swa_Ken,Ndiyo. Unaweza kuchukua matibabu ya virusi vya ukimwi ambayo yanaweza kupunguza kiwango cha virusi v,0.162,0.162,0.1628,0.2257,0.2257,0.2257,0.74,0.74,0.74,0.2257,0.2257
6648,Swa_Ken,Uzito wa virusi na hesabu ya CD4 ni vipimo viwili muhimu vya kimaabara vinavyotumika kufuatilia kuen,0.74,0.74,0.74,0.74,0.74,0.74,0.74,0.74,0.74,0.74,0.74
6649,Swa_Ken,"Kabla ya dawa za Virusi Vya Ukimwi kupatikana, Wanasayansi walikuwa wakifikiri kwamba karibu nusu ya",0.74,0.74,0.74,0.74,0.74,0.74,0.143,0.143,0.143,0.74,0.74
6650,Swa_Ken,Ni vigumu kuzuia TB kwa sababu inaweza kupitishwa kwa njia ya hewa. Ikiwa una virusi vya ukimwi na m,0.74,0.74,0.74,0.74,0.74,0.74,0.74,0.74,0.74,0.74,0.1536
6651,Swa_Ken,"Ikiwa una Ukimwi na unatafuta usaidizi wa kisaikolojia na kijamii huko Embu, Kenya, kuna nyenzo na m",0.74,0.74,0.74,0.74,0.74,0.74,0.74,0.74,0.74,0.74,0.74
6652,Swa_Ken,Muda wa maisha wa mtu ambaye ameambukizwa virusi vya ukimwi unaweza kutofautiana kwa kiasi kikubwa k,0.74,0.74,0.74,0.2718,0.2718,0.2718,0.74,0.74,0.74,0.2718,0.2718
6653,Swa_Ken,"Tafiti zinaonyesha kuwa kondomu zikitumiwa ipasavyo hutoa kinga dhabiti dhidi ya Ukimwi, na pia kuwa",0.1163,0.1163,0.1423,0.1163,0.1163,0.1163,0.1163,0.1163,0.1163,0.1163,0.1644
6654,Swa_Ken,"Ikiwa nyote wawili mna virusi, ni muhimu bado kutumia kondomu wakati wa ngono. Hii ni kwa sababu una",0.74,0.74,0.74,0.74,0.74,0.74,0.74,0.74,0.74,0.74,0.74
6655,Swa_Ken,Kipindi cha incubation kwa magonjwa ya zinaa (STIs) hutofautiana kulingana na maambukizi maalum. Kip,0.74,0.74,0.74,0.74,0.74,0.74,0.0766,0.0766,0.1215,0.74,0.74
6656,Swa_Ken,"Ndiyo, magonjwa mengi ya zinaa (STIs) yanatibika kwa uangalizi na matibabu yanayofaa. Matibabu mahus",0.74,0.74,0.74,0.74,0.74,0.74,0.74,0.1138,0.1138,0.74,0.74
6657,Swa_Ken,"Hakuna tiba inayojulikana ya Ukimwi/UKIMWI, na hakuna matibabu ambayo yanaweza kuondoa kabisa virusi",0.2009,0.2009,0.2009,0.2009,0.2009,0.2009,0.2009,0.2009,0.2009,0.2009,0.2009
6658,Swa_Ken,Uchafuzi wa Chakula: Kesi pekee zinazojulikana ni kati ya watoto wachanga. Uchafuzi hutokea wakati d,0.74,0.74,0.74,0.74,0.74,0.74,0.74,0.74,0.74,0.74,0.74
6659,Swa_Ken,Mtoto wako anapaswa kupimwa haraka iwezekanavyo ili kujua hatua inayofuata. kwa kuzaliwa au ndani ya,0.148,0.148,0.148,0.0688,0.0688,0.0688,0.0688,0.0688,0.0688,0.0688,0.148
6660,Swa_Ken,"Hatari ya kuambukizwa Ukimwi inategemea mambo mbalimbali, ikiwa ni pamoja na shughuli maalum ya ngon",0.1427,0.1427,0.1427,0.1427,0.1427,0.1427,0.1427,0.1427,0.1427,0.1427,0.1427
6661,Swa_Ken,Kumuunga mkono na kuonyesha ukarimu kwa rafiki yako anayeishi na virusi vya ukimwi kunaweza kuleta m,0.74,0.74,0.74,0.74,0.74,0.74,0.74,0.74,0.74,0.74,0.74
6662,Swa_Ken,Madawa ya kulevya na/au matumizi mabaya ya pombe yanaweza kudhoofisha uwezo wako wa kufanya maamuzi ,0.74,0.74,0.74,0.74,0.74,0.74,0.74,0.74,0.74,0.74,0.74
6663,Swa_Ken,Kufahamiana na watu wengine wanaoshughulika na virusi vya ukimwi kunaweza kukusaidia kuhisi kuwa pek,0.74,0.74,0.74,0.74,0.74,0.74,0.74,0.74,0.74,0.74,0.74
6664,Swa_Ken,Kondomu mara nyingi zinapatikana bila malipo kutoka kwa kliniki za afya ya ngono au wataalamu wa afy,0.74,0.74,0.74,0.74,0.74,0.74,0.0943,0.1815,0.1815,0.74,0.0733
6665,Swa_Ken,Tiba ya kurefusha maisha (ART) ni sehemu muhimu ya kudhibiti maambukizi ya virusi vya ukimwi (Virusi,0.74,0.1311,0.1311,0.74,0.74,0.74,0.74,0.1311,0.1311,0.74,0.74
6666,Swa_Ken,"Ngono inaweza kuwa sehemu ya afya na ya kawaida ya maisha ya binadamu inapofanywa kwa maelewano, kwa",0.74,0.74,0.74,0.74,0.1648,0.74,0.1238,0.1238,0.1238,0.74,0.0973
6667,Swa_Ken,Idadi ya vipimo vya Ukimwi unapaswa kuwa na uhakika wa hali yako ya Ukimwi inaweza kutegemea mambo m,0.74,0.74,0.74,0.74,0.74,0.74,0.74,0.74,0.74,0.74,0.74
6668,Swa_Ken,"Kondomu kwa ujumla ni nzuri katika kuzuia mimba inapotumiwa kwa usahihi na kwa uthabiti, lakini kama",0.74,0.74,0.74,0.74,0.74,0.74,0.74,0.74,0.74,0.74,0.74
6669,Swa_Ken,Samahani kusikia kuhusu kifo cha mama yako. Ikiwa unashuku kuwa mama yako anaweza kuwa amefariki kut,0.1284,0.1284,0.1284,0.1212,0.1338,0.1284,0.1338,0.1338,0.1338,0.1212,0.1918
6670,Swa_Ken,Kiwango cha maambukizi ya virusi vya ukimwi kwa wanawake nchini Kenya ni kati ya 4.8% hadi 6.1%.,0.5659,0.5659,0.5659,0.5659,0.5659,0.2741,0.5659,0.37,0.37,0.5659,0.2741
6671,Swa_Ken,Muda wa kipimo cha pili cha virusi vya ukimwi unaweza kutofautiana kulingana na hali na aina ya kipi,0.74,0.74,0.74,0.74,0.74,0.74,0.74,0.74,0.74,0.74,0.74
6672,Swa_Ken,"Unaweza kufa kutokana na Ukimwi ikiwa itakua UKIMWI. Ugonjwa huo huharibu mfumo wa kinga, na hivyo k",0.1184,0.1184,0.1184,0.2235,0.1184,0.2235,0.143,0.143,0.143,0.2235,0.1184
6673,Swa_Ken,"Watu wengine wanafikiri hawako hatarini, wakati wengine wanaogopa matokeo ya kipimo yenyewe.",0.044,0.044,0.0429,0.0384,0.0384,0.0384,0.0384,0.0384,0.0384,0.0384,0.0435
6674,Swa_Ken,"Ndiyo, kabisa. Jambo bora la kufanya ni kila wakati mtoto wako ajaribiwe ili ujue cha kufanya. ",0.0965,0.0822,0.0822,0.0822,0.0822,0.0822,0.0822,0.068,0.068,0.0822,0.0822
6675,Swa_Ken,"Ndiyo, inawezekana kwa watu wawili walio na virusi vya ukimwi kupata mtoto ambaye amezaliwa bila vir",0.3149,0.3149,0.3149,0.74,0.74,0.74,0.3149,0.74,0.74,0.74,0.1979
6676,Swa_Ken,Uwezekano wa kupata virusi vya ukimwi unapojamiiana bila kinga na mtu mwenye virusi vya ukimwi ni mk,0.74,0.74,0.74,0.74,0.74,0.74,0.2562,0.2562,0.2562,0.74,0.1616
6677,Swa_Ken,Uzito wa virusi na hesabu ya CD4 ni vipimo viwili muhimu vya kimaabara vinavyotumika kufuatilia kuen,0.74,0.74,0.74,0.74,0.74,0.74,0.74,0.74,0.74,0.74,0.74
6678,Swa_Ken,"Ndiyo, kondomu zikitumiwa kwa uthabiti na kwa usahihi, huwa na ufanisi mkubwa katika kupunguza hatar",0.1001,0.2932,0.1001,0.1001,0.1001,0.1001,0.2932,0.2932,0.2932,0.1001,0.74
6679,Swa_Ken,"Hapana, si kweli kwamba kutoa mimba mara moja kutazuia mtu asipate mtoto katika siku zijazo. Uavyaji",0.74,0.74,0.74,0.74,0.74,0.74,0.74,0.74,0.74,0.74,0.74
6680,Swa_Ken,"Utumiaji wa kondomu (ambazo mara nyingi hujulikana kama ""CD"" au ""kondomu"") wakati wa shughuli za ngo",0.74,0.74,0.74,0.74,0.74,0.74,0.74,0.74,0.74,0.74,0.74
6681,Swa_Ken,"Mara tu ikiwa ndani ya mwili, virusi vya ukimwi hushambulia seli za T na kukaa ndani yake kama hifad",0.74,0.74,0.74,0.74,0.74,0.74,0.1158,0.0886,0.0886,0.74,0.74
6682,Swa_Ken,"Kudumisha mlo bora ni muhimu kwa kila mtu, ikiwa ni pamoja na watu wanaoishi na Ukimwi (Virusi vya U",0.1248,0.1655,0.1248,0.1655,0.1588,0.2106,0.2141,0.2141,0.1655,0.1655,0.2106
6683,Swa_Ken,"Ikiwa una virusi vya ukimwi/UKIMWI na ungependa kupata dawa bila jamaa zako kujua, kuna hatua kadhaa",0.74,0.74,0.74,0.74,0.74,0.74,0.74,0.74,0.74,0.74,0.74
6684,Swa_Ken,Haiwezekani kujua kama una virusi vya ukimwi bila kupima virusi vya ukimwi. virusi vya ukimwi (Virus,0.74,0.74,0.74,0.74,0.74,0.74,0.3167,0.74,0.74,0.74,0.3167
6685,Swa_Ken,Ndiyo. Vijana walio na virusi vya ukimwi ambao wamezidi umri wa idhini wanaweza kufanya ngono. Kuna ,0.1181,0.1181,0.1181,0.1016,0.1016,0.1016,0.1016,0.1016,0.1016,0.1016,0.1016
