ID,subset,error_type,selected_wr,oracle_wr_5,oracle_wr_20,best_cand_wr,best_cand_rank_rrf,best_cand_rank_ce,pool_size,question
ID_VL_Lug_Uga_61B512ED,Lug_Uga,B_reranking_failure,0.0,0.74,0.74,0.74,0,49,69,Kisoboka kitya obutamanya oba omuntu alina Akawuka akaleeta Obulwadde bw'Ekikaba ng'omutunuulidde butunuulizi?
ID_VL_Amh_Eth_BD767E35,Amh_Eth,C_recall_failure,0.0,0.04228571428571429,0.04352941176470588,0.04352941176470588,63,52,64,ድሃ ከሆንኩ እና ምርመራ ወይም መድሃኒት ካስፈለገኝ ለመክፈል ዘካ (የበጎ አድራጎት ገንዘብ) መጠቀም እችላለሁን?
ID_VL_Aka_Gha_77097749,Aka_Gha,C_recall_failure,0.0,0.0,0.05285714285714285,0.05285714285714285,15,41,72,SRH nsɛm bɛn na mmabun betumi de akɔ 'online crisis' akɔpɛ ho mmoa?
ID_VL_Amh_Eth_473544F9,Amh_Eth,C_recall_failure,0.0,0.13454545454545452,0.13454545454545452,0.13454545454545452,2,36,72,ለወላጆቼ የARV ክኒኖችን እየወሰድኩ እንደሆነ እንዴት መንገር እችላለሁ?
ID_VL_Lug_Uga_F704D72F,Lug_Uga,B_reranking_failure,0.0,0.1670967741935484,0.74,0.74,16,26,67,Lwaki abantu bagamba nti tosobola kumanya oba ng'omuntu alina Obuwuka obuleeta Obulwadde bw'Ekikaba ng'omutunuulidde butunuulizi?
ID_VL_Lug_Uga_8D2434F9,Lug_Uga,B_reranking_failure,0.0,0.74,0.74,0.74,1,21,59,Kirungi okwogerako ne mikwano gyange ku bulamu bwange obw’okwegatta?
ID_VL_Lug_Uga_07D2FD4D,Lug_Uga,C_recall_failure,0.0,0.13454545454545452,0.27263157894736845,0.27263157894736845,15,6,57,Kyewuunyisa okwogerako ne mukwano gwange ku bulamu bwange obw’okwegatta?
ID_VL_Amh_Eth_E15CA666,Amh_Eth,C_recall_failure,0.0,0.030833333333333338,0.06529411764705884,0.06529411764705884,6,10,60,PrEP የ HIV ቫይረስን ለመከላከል እንዴት ይሠራል?
ID_VL_Amh_Eth_2E76128B,Amh_Eth,C_recall_failure,0.0,0.11384615384615383,0.11384615384615383,0.11384615384615383,1,1,61,ጫና የሄርፐስ ምልክቶችን ያባብሳል?
ID_VL_Amh_Eth_FBDD3933,Amh_Eth,C_recall_failure,0.0,0.04774193548387098,0.09548387096774195,0.10090909090909093,60,11,74,ለእናቴ የ አባላዘር በሽታ ሊይዘኝ እንደሚችል መንገር እፈራለሁ። ሌላ ማንን ማነጋገር እችላለሁ?
ID_VL_Amh_Eth_2067BDAC,Amh_Eth,C_recall_failure,0.0,0.0,0.0721951219512195,0.07589743589743589,34,53,83,ነፍሰ ጡር ከሆንኩ እና ኤች አይ ቪ ካለብኝ ልጄም ቫይረሱ ይይዛል?
ID_VL_Amh_Eth_FF37D19C,Amh_Eth,C_recall_failure,0.0,0.06577777777777778,0.0925,0.0925,8,11,69,ኤችአይቪ ሳይታከም ቢቆይ በልብ እና በደም ሥሮች ላይ ሊያስከትል የሚችለው የረጅም ጊዜ ጉዳት ምንድነው?
ID_VL_Aka_Gha_0EF8C2D6,Aka_Gha,C_recall_failure,0.0,0.041690140845070424,0.13703703703703704,0.13874999999999998,37,65,69,"Dwuma bɛn na abusuabɔ a ɛboa, a nnamfo, abusua, ne afotufo ka ho, di wɔ apomoden a ɛfa adwenemu ne yiyedi a wɔhyɛ ho nkuran ma LGBTQ+ ankorankoro?"
ID_VL_Amh_Eth_48CA7651,Amh_Eth,C_recall_failure,0.0,0.07047619047619048,0.08705882352941176,0.10571428571428573,49,0,78,በወር አበባዬ ወቅት በጣም ደካም እና የማዞር ስሜት ይሰማኛል:: ምን መብላት ነው የሚገባኝ?
ID_VL_Eng_Eth_117B355B,Eng_Eth,C_recall_failure,0.0,0.0,0.0,0.0,12,41,63,What is the term for a disease that is widespread and constantly present in a population at a low level?
ID_VL_Eng_Eth_CBDC4318,Eng_Eth,D_weak_pool,0.0,0.35519999999999996,0.35519999999999996,0.35519999999999996,1,16,61,What is the typical dose and route of administration for treating Early Syphilis?
ID_VL_Lug_Uga_3A799EFA,Lug_Uga,B_reranking_failure,0.0,0.08222222222222221,0.74,0.74,6,43,67,Nsobola kugenda wa okuyambibwa singa mba n’obubonero bw’Akawuka akaleeta Obulwadde bw'Ekikaba?
ID_VL_Amh_Eth_26242B40,Amh_Eth,C_recall_failure,0.0,0.0888,0.0888,0.12685714285714286,58,52,75,ከተጎዳሁ ባለቤቴን ለመጠበቅ የቤተሰብ አደጋ እንደሆነ ለጤና ባለሙያው ልንገርዎት?
ID_VL_Amh_Eth_9854CE4E,Amh_Eth,C_recall_failure,0.0,0.10962962962962965,0.10962962962962965,0.12333333333333332,36,5,57,የሶስተኛ ደረጃ ቂጥኝ ዋና ምልክት ምንድን ነው?
ID_VL_Amh_Eth_BFBBB17F,Amh_Eth,C_recall_failure,0.0,0.148,0.148,0.148,0,1,56,የኸርፒስ በሽታ ያለባት ሴት ማግባት ትችላለች?
ID_VL_Lug_Uga_74B79620,Lug_Uga,C_recall_failure,0.0,0.021142857142857144,0.09396825396825396,0.13999999999999999,25,56,63,Nsobola okubuusa amaaso amazzi amabi agava mu bitundu byange eby’ekyama ebiseera ebimu?
ID_VL_Lug_Uga_FED747BE,Lug_Uga,B_reranking_failure,0.0,0.74,0.74,0.74,1,58,59,Kirungi okugenda okukeberebwa Obuwuka obuleeta Obulwadde bw'EKikaba ne bwe mba nga siwulira butebenkevu kukyogerako?
ID_VL_Amh_Eth_39C6A1CA,Amh_Eth,C_recall_failure,0.0,0.0,0.05103448275862068,0.06166666666666666,36,43,65,በአንድ ጊዜ ሁለት ወይም ሶስት ኢንፌክሽኖች ሊኖሩ ይችላሉ?
ID_VL_Amh_Eth_9B37A22B,Amh_Eth,C_recall_failure,0.0,0.0,0.0,0.0,1,62,72, it is primarily a sexually transmitted infection that requires contact with an infected individual.
ID_VL_Eng_Eth_61EE6C5B,Eng_Eth,D_weak_pool,0.0,0.185,0.185,0.30148148148148146,31,18,48,Can I get trichomoniasis by sharing food?
ID_VL_Amh_Eth_CAE9B4A7,Amh_Eth,C_recall_failure,0.0,0.11384615384615383,0.11384615384615383,0.11384615384615383,0,67,73, it may offer emotional support but only antibiotics can cure it.
ID_VL_Amh_Eth_5C62B3A2,Amh_Eth,C_recall_failure,0.0,0.14095238095238097,0.14095238095238097,0.14095238095238097,0,28,72,ሀኪሞች ትሪኮሞናሲስ በቤት ውስጥ መታከም ይችላል ስለሚባለው ነገር ምን ይላሉ ?
ID_VL_Amh_Eth_3A3C563E,Amh_Eth,C_recall_failure,0.0,0.04625,0.06727272727272728,0.06727272727272728,9,20,70,እንደ ክላሚዲያ ወይም ጨብጥ ላሉ የአባላዘር በሽታዎች የሕክምና ውድቀት ዋነኛው መንስኤ ምንድን ነው?
ID_VL_Amh_Eth_039F3A25,Amh_Eth,C_recall_failure,0.0,0.08457142857142856,0.08457142857142856,0.16914285714285712,57,2,65,እንድን ሴት የልጇን መጥፋት ወይም ሞቶ የተወለደባትን ሀዘንን እንድትቋቋም እንዴት መርዳት እችላለሁ?
ID_VL_Amh_Eth_40A26C60,Amh_Eth,C_recall_failure,0.0,0.061666666666666675,0.12869565217391304,0.12869565217391304,8,28,58,ክላሚድያ ምንድነው?
ID_VL_Amh_Eth_30E912F2,Amh_Eth,C_recall_failure,0.0,0.09396825396825398,0.09396825396825398,0.09396825396825398,1,26,82,‘ማይክሮቢሳይድ’ ወይም ፀረ-ዘአካላት ጄል ሲባል የሰማሁት ምንድን ነው? ከበሽታስ ይከላከለኛል?
ID_VL_Amh_Eth_3764FBDA,Amh_Eth,C_recall_failure,0.0,0.09061224489795917,0.10829268292682927,0.12109090909090908,44,9,71,በአሁኑ ጊዜ በደም ልውውጥ አማካኝነት የኤችአይቪ የመተላለፍ ዕድል ምን ያህል ነው?
ID_VL_Amh_Eth_1E1242E3,Amh_Eth,C_recall_failure,0.0,0.04774193548387096,0.1423076923076923,0.1423076923076923,18,62,80,መጽሐፍ ቅዱስ ከጋብቻ ውጭ የሚደረግ የግብረስጋ ግንኙነት ኃጢአት እንደሆነ ይናገራል። የአባላዘር በሽታ ካለብኝ፣ ፈጣሪ ለቀድሞ ስህተቶቼ እየቀጣኝ ነው ማለት ነው?
ID_VL_Amh_Eth_89C5B31A,Amh_Eth,C_recall_failure,0.0,0.09418181818181817,0.1126086956521739,0.15857142857142859,50,32,68,የቤተሰባችን ታላቁ  እፍረት ማለት ኢንፌክሽኑን ለወደፊት ባለቤቴ ፈጽሞ መግለጽ የለብኝም ማለት እንደሆነ ነገረኝ። ይህ ደህንነቱ የተጠበቀ ነው?
ID_VL_Amh_Eth_5553B2FE,Amh_Eth,C_recall_failure,0.0,0.13874999999999998,0.13874999999999998,0.13874999999999998,3,12,71,ትምህርቴን ለማቋረጥ በመገደዴ ምክንያት ቁጣና ብስጭት ይሰማኛል። ይህንን ስሜት እንዴት መቆጣጠር እችላለሁ?
ID_VL_Amh_Eth_B77350CA,Amh_Eth,C_recall_failure,0.0,0.0,0.11384615384615383,0.13454545454545455,67,58,72,ባለፉት 90 ቀናት ውስጥ ለቂጥኝ የተጋለጠ ሰው ሕክምናው ምንድን ነው?
ID_VL_Amh_Eth_D045DD1C,Amh_Eth,C_recall_failure,0.0,0.16444444444444445,0.2642857142857143,0.2642857142857143,14,3,70,ዕጽዋት ኤችአይቪን መፈወስ ይችላሉ የሚባለው እዉነት ነው?
ID_VL_Amh_Eth_7ED70ED7,Amh_Eth,C_recall_failure,0.0,0.05045454545454547,0.08,0.08,6,11,65,መድሃኒቱ ከማለቁ በፊት አንቲባዮቲክ ሕክምናዬን መውሰድ ካቆምኩ ምን ይከሰታል?
ID_VL_Amh_Eth_E9B5C5CF,Amh_Eth,C_recall_failure,0.0,0.05285714285714285,0.08222222222222222,0.08705882352941176,52,19,73,የልጄን ቆሻሻ (ዳይፐር እና ሰገራ) በሽታ እንዳያመጣ ለማስወገድ ከሁሉ የተሻለው መንገድ ምንድነው?
ID_VL_Amh_Eth_409D3602,Amh_Eth,C_recall_failure,0.0,0.0,0.0,0.0,0,7,71,በፕሮቶዞአን ጥገኛ ተውሳክ የሚከሰተው የትኛው ዓይነት የአባላዘር በሽታ ነው?
ID_VL_Amh_Eth_38BA8ABC,Amh_Eth,D_weak_pool,0.0,0.06253521126760563,0.34823529411764703,0.34823529411764703,12,1,46,ኤችአይቪ በመሳሳም ይተላለፋል?
ID_VL_Lug_Uga_02472360,Lug_Uga,C_recall_failure,0.0,0.16958333333333334,0.19096774193548383,0.22769230769230767,38,50,68,Lwaki abantu bagamba nti okwewala okwegatta kwe kusinga obulungi mu kwewala okukwatibwa Obuwuka obuleeta Obulwadde bw'Ekikaba?
ID_VL_Amh_Eth_9F64EEED,Amh_Eth,C_recall_failure,0.0,0.051034482758620686,0.06577777777777777,0.13454545454545452,67,26,79,ኤች አይ ቪ አንድን ሰው ወዲያውኑ የታመመ እና ቀጭን ያደርገዋል?
ID_VL_Amh_Eth_300568D2,Amh_Eth,C_recall_failure,0.0,0.07551020408163264,0.08072727272727272,0.1057142857142857,59,12,65,ለቆዳ ደህንነቱ የተጠበቀ የሽንት ቤት መቀመጫ ወይም የመጸዳጃ ቤት ጠርዝ ለማከም ቀላል፣ ተመጣጣኝ፣ ተፈጥሯዊ መንገድ አለ?
ID_VL_Amh_Eth_72BB912D,Amh_Eth,C_recall_failure,0.0,0.19473684210526315,0.19473684210526315,0.19473684210526315,2,5,64,ብዙውን ጊዜ ንፁህ እና ገላን የሚታጠቡ ሰዎች በጾታዊ ግንኙነት ሊያዙ አይችሉም የሚባለው እውነት ነው?
ID_VL_Amh_Eth_26D794D3,Amh_Eth,C_recall_failure,0.0,0.08072727272727272,0.08072727272727272,0.13767441860465118,56,15,62,ሴት ልጅ ከአማቷ ጋር ያለውን የተወሳሰበ ግንኙነት እንድትቋቋም እንዴት መርዳት እችላለሁ?
ID_VL_Amh_Eth_6A5D932B,Amh_Eth,C_recall_failure,0.0,0.12333333333333332,0.12333333333333332,0.12333333333333332,0,5,63,ትሪኮሞኒያሲስ የሚያመጣው ምን ዓይነት አካል ነው?
ID_VL_Amh_Eth_82456FB4,Amh_Eth,C_recall_failure,0.0,0.09418181818181819,0.09418181818181819,0.10571428571428573,44,20,78,የባሌ ቤተሰብ ወዲያውኑ ልጅ እንድወልድ ይፈልጋሉ። የመጀመሪያውን ልጅ ለጥቂት ዓመታት እንዴት ማዘግየት እችላለሁ?
ID_VL_Amh_Eth_6694C343,Amh_Eth,C_recall_failure,0.0,0.0,0.0,0.0,1,63,72,ብዙውን ጊዜ በ ዳነዉ የቂጥኝ ቻንክር ቦታ ላይ የሚቀረው ትንሽ፣ ጠንካራ፣ ለስላሳ ያልሆነ እብጠት የሚለው ቃል ምን ማለት ነው?
ID_VL_Aka_Gha_8498E113,Aka_Gha,C_recall_failure,0.0,0.013962264150943395,0.013962264150943395,0.025517241379310343,37,52,65,Nneɛma bɛn na ɛbɛboa me ma mayɛ mmabun anaa nnamfofoɔ mmoa kuo (peer support group)?
ID_VL_Amh_Eth_E3B137FC,Amh_Eth,C_recall_failure,0.0,0.06727272727272728,0.06727272727272728,0.10571428571428573,39,42,76,በHIV ኢንፌክሽን እና ሊታወቁ የሚችሉ ፀረ-እንግዳ አካላት እድገት መካከል ያለው ጊዜ ምን ይባላል?
ID_VL_Amh_Eth_D36357B6,Amh_Eth,C_recall_failure,0.0,0.0,0.07789473684210525,0.09250000000000001,59,24,74,የቂጥኝ ቁስል ከዳነ በኋላ በቦታው ላይ የሚቀረው ትንሽ፣ ጠንካራ እና የማያም እብጠት ስያሜው ምንድን ነው?
ID_VL_Amh_Eth_F8140102,Amh_Eth,C_recall_failure,0.0,0.0592,0.07254901960784313,0.07928571428571429,49,53,75,ሴት ልጅ ለረጅም ጊዜ የሚቀለበስ የእርግዝና መከላከያ (LARC) ሪፈራል ከፈለገች ምን አይነት ሂደቱ ነው የምንከተለው?
ID_VL_Amh_Eth_5230DFBD,Amh_Eth,C_recall_failure,0.0,0.05285714285714285,0.11384615384615383,0.1328205128205128,32,10,76,አንድ ሰው ተደጋጋሚ የሄርፒስ ወረርሽኝ ካለበት የቁስሎችን ፈውስ እንዴት ማፋጠን ይችላል?
ID_VL_Eng_Uga_CBC72F1A,Eng_Uga,C_recall_failure,0.0,0.009487179487179486,0.009487179487179486,0.009487179487179486,0,6,48,"Explain the regular symptoms of Neisseria Gonorrhoeae Infection?, please answer this using simple medical terms."
ID_VL_Eng_Uga_73E7F042,Eng_Uga,B_reranking_failure,0.0,0.12869565217391304,0.74,0.74,5,15,59,Can you have an STI without symptoms?
ID_VL_Amh_Eth_AC9ED156,Amh_Eth,C_recall_failure,0.0,0.03609756097560975,0.07551020408163264,0.07551020408163264,13,27,53,ወንዶችና ሴቶች የትሪኮሞናዊሲስ በሽታን እንዴት መከላከል ይችላሉ?
ID_VL_Amh_Eth_069F14F1,Amh_Eth,C_recall_failure,0.0,0.03523809523809524,0.03523809523809524,0.049333333333333326,54,24,74,ባሌ ኮንዶም እንዲጠቀም በመጠየቄ ምክንያት ቢቆጣ፣ የመጠበቅ ፍላጎቴን በእስልምና እሴቶች እንዴት ማስረዳት እችላለሁ?
ID_VL_Amh_Eth_91E1AA96,Amh_Eth,C_recall_failure,0.0,0.032888888888888884,0.11684210526315791,0.1295,53,75,76,ነፍሰ ጡር ከሆንኩ የሁለት ግለሰቦችን ያህል መጠን መብላት አለብኝ?
ID_VL_Amh_Eth_288B78B5,Amh_Eth,C_recall_failure,0.0,0.03609756097560975,0.09866666666666667,0.11511111111111111,56,12,68,ኢምፕላንት በክንዴ ውስጥ ካስገባሁ ማንም ሰው የወሊድ መቆጣጠሪያ እየተጠቀምኩ እንደሆነ እንዳይያውቅ መደበቅ እችላለሁን?
ID_VL_Amh_Eth_E17F29E1,Amh_Eth,C_recall_failure,0.0,0.1009090909090909,0.1009090909090909,0.11772727272727271,21,10,57,አንዲት ሴት ከፍላጎቷ ውጪ ለማግባት እንደምትገደድ የሚያሳዩ ምልክቶች ምንድን ናቸው?
ID_VL_Amh_Eth_F920264C,Amh_Eth,C_recall_failure,0.0,0.1009090909090909,0.1009090909090909,0.1009090909090909,0,2,57,ባለቤቴ ያልተገረዘ ከሆነ ኢንፌክሽን ልያዝ እችላለሁ?
ID_VL_Amh_Eth_218A1536,Amh_Eth,C_recall_failure,0.0,0.025517241379310343,0.04054794520547945,0.08377358490566038,56,64,77,በገጠር አካባቢ ጥቅም ላይ የዋሉ የወር አበባ ቁሶችን ደህነቱ በተጠበቀ ሁኔታ ለማስወገድ ከሁሉ የተሻለው መንገድ ምንድነው?
ID_VL_Amh_Eth_C28EBD70,Amh_Eth,C_recall_failure,0.0,0.03964285714285714,0.0888,0.1057142857142857,37,10,59,የጤና ባለሙያዎች ትሪኮሞኒያስስን እንዴት ይመረምራሉ?
ID_VL_Amh_Eth_F295456E,Amh_Eth,C_recall_failure,0.0,0.0,0.07789473684210525,0.10090909090909092,75,1,77,ለሴት አያቴ የእፅዋት መድሐኒቷ ለሕይወት አስጊ ለሆነ የአባላዘር በሽታዎች እንደማይሰራ በአክብሮት ለመንገር ከሁሉ የተሻለው መንገድ ምንድነው?
ID_VL_Amh_Eth_B4FB0EB9,Amh_Eth,C_recall_failure,0.0,0.0996153846153846,0.0996153846153846,0.0996153846153846,1,12,64,የኤችአይቪ ዝንባሌ ምርመራዎች ምንድን ናቸው? ለሕክምናስ ያላቸው ጥቅም ምንድን ነው?
ID_VL_Amh_Eth_B3F6FE0D,Amh_Eth,C_recall_failure,0.0,0.14800000000000002,0.14800000000000002,0.14800000000000002,4,8,45,HPV እንዴት ይተላለፋል?
ID_VL_Lug_Uga_5F269466,Lug_Uga,B_reranking_failure,0.0,0.74,0.74,0.74,3,23,69,Kisoboka okuba n’Obuwuka obuleeta Obulwadde bw’Ekikaba nga tomanyi?
ID_VL_Amh_Eth_7E695D0D,Amh_Eth,C_recall_failure,0.0,0.0,0.03288888888888889,0.04625,55,8,67,በተቃራኒ ጸታ ሐኪም ስመረመር እንዴት የግል ወይም የማይነኩ የሰውነት ክፍሌን እንዳይነካኩኝ እና በአክብሮት እንዲምርምሩኝ ማድረግ እችላለሁ?
ID_VL_Amh_Eth_6EFB63B1,Amh_Eth,C_recall_failure,0.0,0.056923076923076917,0.056923076923076917,0.08222222222222221,41,39,52,ሄርፒስ የተለመደ በሽታ ነው?
ID_VL_Amh_Eth_F5F62C97,Amh_Eth,C_recall_failure,0.0,0.1295,0.1295,0.1295,3,15,71,ዋጋው ዉድ የሆነ የታዘዘልኝን መድኃኒት መግዛት ካለብኝ፣ በአንድ ጊዜ አንዲት ፍሬ ብቻ መግዛት እችላለሁ ወይስ ሙሉውን ፓኬጅ መግዛት ይኖርብኛል?
ID_VL_Amh_Eth_A5C5650C,Amh_Eth,C_recall_failure,0.0,0.02740740740740741,0.060655737704918035,0.1057142857142857,30,19,68,አንድ ቤተሰብ የ14 ዓመት ሴት ልጃቸውን በድህነት ምክንያት መዳር ይፈልጋሉ። እነሱን ለመምከር ከሁሉ የተሻለው መንገድ ምንድነው?
ID_VL_Amh_Eth_58E25888,Amh_Eth,C_recall_failure,0.0,0.15578947368421053,0.15578947368421053,0.15578947368421053,3,4,68,አንድ ሰው ከተፈወሰ በኋላ በቂጥኝ እንደገና የሚበከልበት በጣም የተለመደበት ምክንያት ምንድን ነው?
ID_VL_Amh_Eth_8861FE18,Amh_Eth,D_weak_pool,0.0,0.044848484848484846,0.30272727272727273,0.39265306122448984,30,35,51,HPV ሁልጊዜ ኪንታሮት ያመጣል?
ID_VL_Amh_Eth_A9597663,Amh_Eth,D_weak_pool,0.0,0.07278688524590164,0.31101449275362314,0.31101449275362314,8,22,51,ኤችአይቪ በመሳሳም ሊተላለፍ ይችላልን?
ID_VL_Amh_Eth_A003CD28,Amh_Eth,C_recall_failure,0.0,0.029599999999999994,0.03523809523809524,0.0925,42,44,71,የኸርፕስ ወይም ምች በሚኖርበት  ግዜ ውሃ የቋጠሩትን ፈሳሽ ማከክ ቶሎ እንዲድን ይረዳል?
ID_VL_Amh_Eth_AFF8754D,Amh_Eth,C_recall_failure,0.0,0.05692307692307692,0.06577777777777778,0.09061224489795917,37,4,69,"""ጋብቻ"" እና ""አብሮ መኖር"" የሚለው ትርጉም ምንድን ነው?"
ID_VL_Amh_Eth_1EE34DC4,Amh_Eth,C_recall_failure,0.0,0.07254901960784314,0.07254901960784314,0.07254901960784314,0,8,69,በየቀኑ ገላየን ለመታጠብ ልጠቀምበት የምችለው በጣም አስተማማኝ እና ርካሽ ሳሙና ምንድነው?
ID_VL_Amh_Eth_455AC762,Amh_Eth,C_recall_failure,0.0,0.13454545454545452,0.222,0.222,7,16,63,ቂጥኝ አደገኛ ወይም ገዳይ ሊሆን ይችላል?
ID_VL_Amh_Eth_405BFDC9,Amh_Eth,C_recall_failure,0.0,0.13058823529411764,0.15857142857142856,0.15857142857142856,5,29,66,የፀረ-ኤች.አይ.ቪ መድኃኒት የሚወስድ ሰው ቫይረሱን በእንባው ወይም በላቡ ሊያስተላልፍ ይችላል?
ID_VL_Amh_Eth_8D03C91E,Amh_Eth,C_recall_failure,0.0,0.04188679245283018,0.061666666666666675,0.07095890410958904,39,49,59,ጽንስ የመፈጠ እድል ከፍተኛ የሆኑትን ቀናቶች ለወጣት እና ባለትዳር ሴቶች እንዴት ማስረዳት እችላለሁ?
ID_VL_Lug_Uga_EBBBD763,Lug_Uga,C_recall_failure,0.0,0.05138888888888889,0.1432258064516129,0.1432258064516129,7,56,65,Engeri ki esinga obulungi ey’okukwangangamu engambo ezikwata ku Ndwadde z’Ekikaba?
ID_VL_Eng_Gha_80773E33,Eng_Gha,B_reranking_failure,0.0,0.5858333333333333,0.6783333333333333,0.6783333333333333,13,38,51,What are some resources available for learning more about pronouns and gender identity?
ID_VL_Lug_Uga_92701D60,Lug_Uga,C_recall_failure,0.0,0.1184,0.1184,0.185,68,66,76,Kikulu okubuulira omukyala gw’osuubira okuwasa oba ng'emabegako wakwatibwako ku Buwuka obuleeta Obulwadde bw'Ekikaba?
ID_VL_Amh_Eth_77FC9703,Amh_Eth,C_recall_failure,0.0,0.19547169811320755,0.19547169811320755,0.19547169811320755,2,30,70,በኤችፒቪ ምክንያት የሚመጡ እብጠቶችን ለመፋቅ ጠንካራ ጨርቅ ወይም ስለታም መሳሪያ መጠቀም እችላለሁን?
ID_VL_Aka_Gha_8181A8CC,Aka_Gha,C_recall_failure,0.010802919708029197,0.0148,0.047741935483870956,0.04933333333333333,55,56,74,Mɛyɛ dɛn atwe me ho afi nkitaho a ɛde nsunsuanso bɔne bɛba m'asetena mu (toxic relationships)?
ID_VL_Aka_Gha_9479E1E6,Aka_Gha,C_recall_failure,0.011044776119402985,0.07789473684210527,0.07789473684210527,0.10571428571428573,34,43,72,Dɛn na ɛsɛ sɛ mehwɛ ansa na mapaw awoɔ ntoatoasoɔ aduru?
ID_VL_Aka_Gha_444D610B,Aka_Gha,C_recall_failure,0.011746031746031746,0.0896969696969697,0.0896969696969697,0.12333333333333332,27,41,79,"Mɛyɛ dɛn ama akyerɛkyerɛ hyeɛ hyehyɛ ama nnamfo, hokafoɔ ne afoforo  aa wɔnni m'abusua mu senea wɔ bɛ bu mekokoam abrabɔ?"
ID_VL_Lug_Uga_C626E38F,Lug_Uga,C_recall_failure,0.012982456140350877,0.03020408163265306,0.13058823529411764,0.13058823529411764,17,39,45,Okukomolebwa kukukuuma obutafuna bulwadde bwa Trichomoniasis?
ID_VL_Aka_Gha_8A175DFE,Aka_Gha,C_recall_failure,0.013333333333333332,0.050169491525423736,0.050169491525423736,0.0510344827586207,30,38,82,Apɔwmuden ndwuma sɛn na ɛsɛ sɛ meyɛ da biara?
ID_VL_Lug_Uga_07692583,Lug_Uga,B_reranking_failure,0.014949494949494949,0.12333333333333332,0.74,0.74,19,0,73,Obujjanjabi bwa Kisipi bwe bumu n’obw’akawuka akaleeta Siriimu?
ID_VL_Lug_Uga_69C165AE,Lug_Uga,C_recall_failure,0.015578947368421052,0.07047619047619048,0.21142857142857138,0.74,59,63,68,Ngeri ki esinga ey'okuwagiramu mukwano gwo ayita mu mbeera y'okuba n'Obuwuka obuleeta Obulwadde bw'Ekikaba?
ID_VL_Aka_Gha_D4A057A7,Aka_Gha,C_recall_failure,0.017209302325581398,0.04484848484848485,0.05522388059701493,0.05522388059701493,15,19,68,Mfasoɔ bɛn na ɛwɔ atenka ahohyɛsoɔ mu?
ID_VL_Lug_Uga_6334FA2A,Lug_Uga,C_recall_failure,0.017209302325581398,0.09866666666666667,0.12333333333333335,0.144390243902439,65,59,69,Enkolagana ennungi wakati w'abaagalana efaanana etya?
ID_VL_Aka_Gha_4094DDED,Aka_Gha,C_recall_failure,0.017724550898203593,0.05842105263157894,0.05842105263157894,0.074,53,57,63,Kwan bɛn so na ɛsɛ sɛ mefa ntɛmtɛm nnuru a wodi si nyinsɛn ano bere a mensi ano kwan ansan na medi mpa mu agoru?
ID_VL_Aka_Gha_28BE9288,Aka_Gha,C_recall_failure,0.01783132530120482,0.08969696969696969,0.08969696969696969,0.08969696969696969,4,3,75,Dɛn ne ahobammɔ ne apɔwmuden akwan a wo fa so nya nna mu anigye?
ID_VL_Amh_Eth_85C7504B,Amh_Eth,C_recall_failure,0.018048780487804877,0.025964912280701746,0.10385964912280703,0.10385964912280703,18,13,67,እርግዝናዋን ስለማቋረጥ የምትጠይቅን ልጃገረድ እንዴት ደህንነቷን አስጠብቄ ሪፈር ማድረግ እችላለሁ?
ID_VL_Aka_Gha_439472E6,Aka_Gha,C_recall_failure,0.018655462184873947,0.185,0.185,0.29600000000000004,50,63,73,Ka deɛn nti a intersectionality wo hia na susuw sɛnea nnipasu ahorow betumi anya osuahu ahorow a ɛfa GBV ho so nsunsuanso no ho.
ID_VL_Aka_Gha_C2DFF335,Aka_Gha,C_recall_failure,0.0188135593220339,0.04933333333333333,0.06727272727272728,0.14799999999999996,43,59,73,Asɛdeɛ bɛn na awofoɔ yɛ de boa mmabun ma wɔkɔhu dɔkota sɛ woduru wonyin bere a?
ID_VL_Lug_Uga_4596DA75,Lug_Uga,B_reranking_failure,0.01922077922077922,0.74,0.74,0.74,4,37,55,Abatiini okufuna embuto kizibu kya maanyi gye bali?
ID_VL_Amh_Eth_49BC473F,Amh_Eth,C_recall_failure,0.019733333333333332,0.03415384615384615,0.07848484848484849,0.13454545454545452,30,12,68,በቤተሰብ ምጣኔ ውሳኔዎች ላይ የወንዶች ሚና ምንድነው?
ID_VL_Lug_Uga_7779857F,Lug_Uga,B_reranking_failure,0.01982142857142857,0.74,0.74,0.74,0,53,58,Nsobola ntya okuyamba mukwano gwange ayita mu kaseera akazibu oluvannyuma lw'okwawukana n'omwagalwa we?
ID_VL_Amh_Eth_1D34D08E,Amh_Eth,C_recall_failure,0.019999999999999997,0.1517948717948718,0.18271604938271604,0.18271604938271604,19,6,64,ኤችአይቪን ለመቆጣጠር የሚያገለግሉ መድሃኒቶች ምንድን ናቸው? ወጣቶች ከኤችአይቪ ችግሮችን እንዴት ራሳቸዉን ሊከላከሉ ይችላሉ?
ID_VL_Eng_Ken_0592BFA5,Eng_Ken,B_reranking_failure,0.020273972602739727,0.74,0.74,0.74,2,0,56,"Does ""kunyonga"" bring about the spread of HIV?"
ID_VL_Eng_Uga_981262AC,Eng_Uga,C_recall_failure,0.020555555555555553,0.045538461538461535,0.15999999999999998,0.15999999999999998,13,6,40,Can I ignore a weird discharge from my private parts that happens sometimes?
ID_VL_Aka_Gha_680AC07A,Aka_Gha,C_recall_failure,0.020747663551401868,0.08479166666666667,0.08479166666666667,0.1295,64,69,71,Yɛbɛyɛ dɛn atumi akasa atia asetra mu animtiaabu a ɛboa ma akuw binom yɛ mmerɛw wɔ Nna mu Nkɔmmɔbɔ ho no?
ID_VL_Eng_Uga_A2611B8D,Eng_Uga,C_recall_failure,0.02084507042253521,0.08705882352941177,0.09940298507462686,0.115625,21,13,54,How can I practice safer sex?
ID_VL_Eng_Uga_21D63B0F,Eng_Uga,B_reranking_failure,0.020845070422535212,0.74,0.74,0.74,1,14,49,Is it bad if I prefer to abstain from sex?
ID_VL_Aka_Gha_CC530E36,Aka_Gha,C_recall_failure,0.02114285714285714,0.06727272727272726,0.09548387096774195,0.09548387096774195,12,48,60,Mɛyɛ dɛn sɛ obi mmu me  senea broni ka no bodily autonomy'?
ID_VL_Eng_Uga_35ADDE88,Eng_Uga,B_reranking_failure,0.021449275362318842,0.74,0.74,0.74,1,14,46,"Therapy of Trichomoniasis?, please answer this using simple medical terms."
ID_VL_Eng_Uga_A3607681,Eng_Uga,C_recall_failure,0.021637426900584796,0.06607142857142856,0.1102127659574468,0.12333333333333335,47,45,54,"My baby has a discharge from the eyes. Is that Gonorrhea?, please answer this using simple medical terms."
ID_VL_Eng_Uga_BF7655D7,Eng_Uga,B_reranking_failure,0.021637426900584796,0.07789473684210525,0.74,0.74,5,44,49,"My private parts are itching, do I have Gonorrhea?What are the common symptoms of Neisseria Gonorrhoeae Infection?, please answer this using simple medical terms."
ID_VL_Amh_Eth_84B871BB,Amh_Eth,C_recall_failure,0.02176470588235294,0.04774193548387096,0.05162790697674417,0.10246153846153845,54,17,77,በወር አበባ ወቅት ንጽህናን አለመጠበቅ ለኢንፌክሽን ከመጋለጥ ጋር ያለው ግንኙነት ምንድን ነው?”
ID_VL_Lug_Uga_23D26B8D,Lug_Uga,B_reranking_failure,0.02176470588235294,0.08222222222222221,0.74,0.74,9,53,67,Omuntu asobola okufuna amawulire agakwata ku Buwuka obuleeta Obulwadde bw'Ekikaba ku bwereere?
ID_VL_Lug_Uga_A36884F5,Lug_Uga,C_recall_failure,0.02176470588235294,0.06727272727272729,0.06727272727272729,0.11384615384615383,41,37,54,Enziku ezibikira enseke?
ID_VL_Eng_Uga_6A59C043,Eng_Uga,B_reranking_failure,0.02208955223880597,0.11458064516129032,0.74,0.74,14,43,47,"Can I test Syphilis from home?, please answer in detail."
ID_VL_Eng_Uga_F1394E3C,Eng_Uga,C_recall_failure,0.022424242424242423,0.07928571428571428,0.07928571428571428,0.07928571428571428,4,17,56,Why is it important to drink water after sex?
ID_VL_Eng_Uga_614077D3,Eng_Uga,C_recall_failure,0.022595419847328244,0.148,0.148,0.148,3,46,57,"Can you be immune to chlamydia?, please answer this using simple medical terms."
ID_VL_Eng_Gha_B1A8B71F,Eng_Gha,C_recall_failure,0.022719298245614035,0.17314102564102563,0.17314102564102563,0.17314102564102563,1,0,73,What are some tips for communicating effectively about STIs and testing?
ID_VL_Lug_Uga_140FF589,Lug_Uga,B_reranking_failure,0.022769230769230767,0.05481481481481482,0.74,0.74,12,25,58,Kiki kye nnina okukola singa nkizuula nti nneegomba omusomesa mu nsonga z'omukwano?
ID_VL_Lug_Uga_44C07A9A,Lug_Uga,C_recall_failure,0.022769230769230767,0.03580645161290322,0.0510344827586207,0.15416666666666667,34,39,65,Nnina kukwata ntya obukyawe oluvannyuma lw’okwegatta?
ID_VL_Amh_Eth_0DB95301,Amh_Eth,C_recall_failure,0.02276923076923077,0.053818181818181814,0.06883720930232558,0.06981132075471698,52,50,80,ሁልጊዜ ራሴን ከሌሎች ሴት ልጆች ጋር አወዳድራለሁ። በራሴ ላይ የተሻለ ስሜት እንዲኖረኝ ምን ማድረግ እችላለሁ?
ID_VL_Lug_Uga_AE423568,Lug_Uga,C_recall_failure,0.023125,0.0683076923076923,0.0683076923076923,0.17076923076923076,30,4,68,Nnyinza ntya okwanganga okweraliikirira ku nsonga z’obulamu bw’okwegatta?
ID_VL_Eng_Gha_C6B33FE6,Eng_Gha,B_reranking_failure,0.023368421052631583,0.07928571428571428,0.74,0.74,16,34,40,"How can I develop a healthy body image during adolescence if I'm transgender or non-binary? (focusing on overall health, positive self-talk)"
ID_VL_Eng_Uga_B0478EA4,Eng_Uga,C_recall_failure,0.02349206349206349,0.2726315789473684,0.2726315789473684,0.2726315789473684,1,22,64,What happens if I ignore my STI symptoms?
ID_VL_Lug_Uga_1D2FED2A,Lug_Uga,C_recall_failure,0.023492063492063495,0.04774193548387096,0.1608695652173913,0.1608695652173913,6,31,68,Nkole ki singa mpulira nga ntya okwekebeza Obuwuka obuleeta Obulwadde bw’Ekikaba mu ddwaliro?
ID_VL_Eng_Uga_D86065A2,Eng_Uga,C_recall_failure,0.023870967741935485,0.296,0.296,0.296,0,44,49,"What are the frequent symptoms of Clap?, please answer this using simple medical terms."
ID_VL_Aka_Gha_F264ACCC,Aka_Gha,C_recall_failure,0.024395604395604394,0.14095238095238094,0.14095238095238094,0.14095238095238094,0,59,78,"Mɛyɛ dɛn ako ama nhyehyeɛ ne mmra a etu nna mu apɔmmuden, kwan ma, ne awo ahokwasan kwan ma mmabun ne mpɔtam aa wɔn mmu?"
ID_VL_Aka_Gha_AAE65FC1,Aka_Gha,C_recall_failure,0.024395604395604398,0.0287378640776699,0.09061224489795917,0.10931818181818181,32,57,63,Dɛn nti na nkitahodi ho nimdeɛ ho hia wɔ mmerantebere ne mmabaabere mu?
ID_VL_Aka_Gha_1931E9EE,Aka_Gha,C_recall_failure,0.02446280991735537,0.0498876404494382,0.08072727272727272,0.08072727272727272,9,18,67,"Nna mu yareɛ 'STIs' bɛn na wɔsɔ ho hwɛ mpɛn pii, na edie  nhwehwɛmu pɔtee bɛn na ɛwɔ mu?"
ID_VL_Amh_Eth_B8A6171F,Amh_Eth,C_recall_failure,0.024666666666666667,0.10808988764044944,0.10808988764044944,0.12507042253521125,21,64,67,ጨብጥ ምልክት ሳያሳይ ኢንፌክሽን ሊሆን ይችላል?
ID_VL_Eng_Uga_D847DC53,Eng_Uga,C_recall_failure,0.025084745762711864,0.13767441860465116,0.13767441860465116,0.13767441860465116,1,13,50,"What happens if I don't get treated?, please answer this using simple medical terms."
ID_VL_Aka_Gha_89A2688B,Aka_Gha,C_recall_failure,0.025517241379310343,0.05211267605633803,0.13058823529411764,0.13058823529411764,14,61,76,Ɔkwan bɛn so na mmabun betumi anya ntentan fidie a wɔde di dwama no ho gyedie ne ahotosoɔ ansa na wɛahwehwɛ mmoa afiri hɔ?
ID_VL_Aka_Gha_2C8D0E44,Aka_Gha,C_recall_failure,0.025739130434782605,0.04352941176470588,0.0721951219512195,0.11999999999999998,46,53,56,"Sɛn na ɔbrɛ 'stress' ne atenka ka adwene mu apɔwmuden 'mental health', na yɛbɛyɛ dɛn agyina ano?"
ID_VL_Amh_Eth_C64EE6E3,Amh_Eth,B_reranking_failure,0.025964912280701753,0.15358490566037736,0.46044444444444443,0.46044444444444443,15,3,58,ወንዶችና ሴቶች ልጆች የግብረ ሥጋ ግንኙነት ባለማድረግ ከአባላዘር በሽታዎች ራሳቸውን መከላከል ይችላሉ?
ID_VL_Amh_Eth_546E035A,Amh_Eth,C_recall_failure,0.025964912280701757,0.039642857142857146,0.061666666666666675,0.12869565217391307,24,36,71,መጥፎ ሽታ እና ማሳከክ ስሜት አለብኝ፣ ነገር ግን መድሃኒት መግዛት አልችልም፡፡ ቀላል፣ ንጹህ የቤት ውስጥ መድሃኒት ምንድን ነው?
ID_VL_Amh_Eth_CC3EBDDE,Amh_Eth,C_recall_failure,0.026428571428571426,0.22904761904761906,0.22904761904761906,0.22904761904761906,4,14,59,ጸሎት፣ እምነት ወይም ባህላዊ መድሀኒቶች ትሪኮሞናያሲስን መፈወስ ይችላሉ፣ ወይስ የሕክምና መድሀኒት ያስፈልጋል?
ID_VL_Amh_Eth_7701F7BB,Amh_Eth,C_recall_failure,0.026428571428571426,0.05285714285714285,0.12025,0.12025,19,20,51,በሄፓታይተስ ቢ እና በሄፓታይተስ ሲ መካከል ያለው ልዩነት ምንድን ነው?
ID_VL_Lug_Uga_2C7A0D31,Lug_Uga,B_reranking_failure,0.026428571428571426,0.11607843137254904,0.74,0.74,6,39,69,Nnyonnyola amakulu g'Akawuka akaleeta Siriimu.
ID_VL_Lug_Uga_B9FF2C29,Lug_Uga,C_recall_failure,0.026746987951807234,0.05285714285714285,0.11169811320754716,0.11999999999999998,56,10,69,Kitegeeza ki okwenyigira mu bikolwa eby'okwegatta?
ID_VL_Lug_Uga_7F6BD3C6,Lug_Uga,B_reranking_failure,0.02715596330275229,0.74,0.74,0.74,3,3,64,Nkyayinza okugenda ku ssomero singa mba ndi lubuto?
ID_VL_Aka_Gha_1FE771D6,Aka_Gha,C_recall_failure,0.02792452830188679,0.0925,0.12685714285714284,0.12685714285714284,13,52,77,Akwan bɛn na mefa so agyina tipenfo nhyeso bone ano n'asi fahodi gyinasie?
ID_VL_Eng_Gha_CA0AC6AC,Eng_Gha,D_weak_pool,0.02792452830188679,0.12758620689655173,0.32,0.32,12,40,51,Provide resources for confidential support groups and hotlines specifically for adolescents dealing with these issues.
ID_VL_Amh_Eth_1238D630,Amh_Eth,C_recall_failure,0.02792452830188679,0.03609756097560975,0.06577777777777777,0.08457142857142858,57,25,66,አንዲት ሴት ልጅ ከማህበረሰቡ ተቀበይነት ታጣች በኋላ ታማኝነቷን እንድትገነባ እንዴት መርዳት እችላለሁ?
ID_VL_Amh_Eth_D7665CDA,Amh_Eth,C_recall_failure,0.027924528301886797,0.05481481481481482,0.10763636363636363,0.10763636363636363,16,63,77,የባለቤቴ ቤተሰቦች ወዲያውኑ እንድፀነስ ይፈልጋሉ ። የመጀመሪያ ልጄን ለጥቂት ዓመታት እንዴት ለሌላ ጊዜ ማስተላለፍ እችላለሁ?
ID_VL_Eng_Uga_9D361CB6,Eng_Uga,C_recall_failure,0.027924528301886797,0.06434782608695652,0.1909677419354839,0.1909677419354839,13,5,64,What's the most common STI out there?
ID_VL_Amh_Eth_7B85179A,Amh_Eth,C_recall_failure,0.028461538461538458,0.06883720930232558,0.20651162790697675,0.20651162790697675,19,8,61,ኤች አይቪ በደማቸው የሚገኝ ሰዎች ረጅም እድሜ ለመኖር ምን ማድረግ አለባቸው?
ID_VL_Lug_Uga_392C04DA,Lug_Uga,C_recall_failure,0.028461538461538458,0.27999999999999997,0.27999999999999997,0.27999999999999997,2,27,56,Nsobola okufuna Obuwuka obuleeta Obulwadde bw'Ekikaba singa nkozesa enkola ey'okwesikamu?
ID_VL_Aka_Gha_B31022F0,Aka_Gha,C_recall_failure,0.028461538461538458,0.0840909090909091,0.11384615384615385,0.14170212765957446,52,11,54,Mɛyɛ dɛn atumi ama me ho mfoni pa wɔ me mmerantebere ne mmabaabere mu?
ID_VL_Amh_Eth_7BC67E1F,Amh_Eth,C_recall_failure,0.028461538461538458,0.07278688524590164,0.09061224489795917,0.10962962962962963,36,43,45,በባንክ እና በጥቃቅን ብድር ድርጅት መካከል ያለው ልዩነት ምንድን ነው?
ID_VL_Amh_Eth_6F7C15EA,Amh_Eth,C_recall_failure,0.028461538461538458,0.09418181818181817,0.09866666666666667,0.09866666666666667,13,25,68,የወሊድ መከላከያ እንክብል ለአንድ ቀን ሳልዉጥ ብቀር ከኢርግዝና ነጻ ነኝ?
ID_VL_Lug_Uga_2120BFBA,Lug_Uga,B_reranking_failure,0.02864516129032258,0.74,0.74,0.74,0,0,68,Lwaki amasomero galina oteekawo obudde okusoma ku by'okwegatta?
ID_VL_Amh_Eth_3D42993C,Amh_Eth,C_recall_failure,0.029019607843137254,0.041111111111111105,0.07047619047619048,0.07551020408163264,42,35,61,በሞቃታማ አካባቢዎች ኮንዶምን እንዴት በትክክል ማስቀመጥ ይቻላል?
ID_VL_Amh_Eth_70286046,Amh_Eth,C_recall_failure,0.029019607843137254,0.06727272727272726,0.14095238095238094,0.18499999999999997,58,9,68,ኸርፕስ ወይም ምች በግብረ ስጋ ግንኙነት ወቅት እንዳይተላለፍ ምን ማድረግ ይቻላል?
ID_VL_Amh_Eth_DC99E04C,Amh_Eth,C_recall_failure,0.029019607843137254,0.05584905660377358,0.0592,0.10571428571428573,43,3,63,አባቴን ሳላስቆጣ ስለ ትምህርቴ እንዴት ላወራው የምችልበት ከሁሉ የተሻለው መንገድ ምንድን ነው?
ID_VL_Amh_Eth_69CA97D2,Amh_Eth,C_recall_failure,0.029019607843137254,0.05192982456140351,0.05285714285714285,0.08879999999999999,43,40,65,የአካባቢ መገናኛ ብዙኃን ወይም ራዲዮ ጣቢያዎች ያለ ዕድሜ እርግዝና ስላለው አደጋ እንዲናገሩ እንዴት ማድረግ እችላለሁ?
ID_VL_Lug_Uga_264EF59D,Lug_Uga,B_reranking_failure,0.029019607843137254,0.74,0.74,0.74,2,40,50,Ddi lwe nnina okubuulira ku muntu yenna ku bwe nnyimiridde ku Kawuka akaleeta Siriimu?
ID_VL_Amh_Eth_0DE051A6,Amh_Eth,C_recall_failure,0.02901960784313726,0.07047619047619048,0.08222222222222221,0.08222222222222221,12,0,54,congenital Syphilis ምንድን ነው እና እንዴት መከላከል ይቻላል?
ID_VL_Aka_Gha_E08596DB,Aka_Gha,C_recall_failure,0.029306930693069305,0.06434782608695654,0.12333333333333331,0.12333333333333331,18,56,62,Sɛn na nna a yɛtwe yɛn ho fi ho ayɛ ɔkwan a wɔfa so siw nyinsɛn ano?
ID_VL_Amh_Eth_FA02EAEC,Amh_Eth,C_recall_failure,0.029599999999999994,0.05584905660377358,0.06577777777777777,0.07789473684210527,38,18,63,በህጻን ልጅ ላይ የሚታዩ የከፋ አጣዳፊ የምግብ እጥረት ምልክቶች ምንድን ናቸው?
ID_VL_Amh_Eth_57207246,Amh_Eth,C_recall_failure,0.0296,0.13058823529411764,0.13058823529411764,0.13058823529411764,3,22,70,"የንጽህና መጠበቂያ ቁሳቁሶችን ከሚገባው በላይ ለረጅም ጊዜ በመጠቀም ""ባክቴሪያዎች በሚያመነጩት መርዝ ምክንያት የሚመጣ ድንገተኛ የሰውነት መዛባት"" (አደገኛ ኢንፌክሽን) ምልክቶች ምንድን ናቸው?"
ID_VL_Aka_Gha_0F02BAD0,Aka_Gha,C_recall_failure,0.0296,0.07115384615384615,0.09866666666666667,0.09866666666666667,12,0,73,Mɛyɛ dɛn anya mmoa efiri abusua mepe ne mpanyinfo a woboa sɛ me dɛmdi nti m'abusua mmoa me?
ID_VL_Lug_Uga_090AAA93,Lug_Uga,C_recall_failure,0.0296,0.061666666666666675,0.11000000000000001,0.11000000000000001,8,5,65,Kibi okukyusa ababeezi?
ID_VL_Lug_Uga_349B5089,Lug_Uga,C_recall_failure,0.0296,0.041398601398601395,0.106953125,0.10802919708029197,49,4,66,Ebiva mu kukebera Kabootongo eby’enjawulo bitegeeza ki?
ID_VL_Amh_Eth_EEC259DC,Amh_Eth,C_recall_failure,0.0296,0.09866666666666664,0.09866666666666664,0.09866666666666664,1,4,60,ባለቤቴ ልጄን ቢመታ፣ ጣልቃ መግባቴና ልጄን መጠበቅ ስህተት ነው?
ID_VL_Aka_Gha_35EBD32D,Aka_Gha,C_recall_failure,0.029898989898989897,0.07893333333333333,0.07893333333333333,0.07893333333333333,3,0,75,Atoro bɛn na nkurɔfoɔ di fa 'prenatal care' (nyinsɛn mu ayaresa) ho?
ID_VL_Lug_Uga_6552AC53,Lug_Uga,B_reranking_failure,0.0298989898989899,0.74,0.74,0.74,2,56,60,Si kya bulijjo okutandika emboozi ekwata ku bulamu bw’okwegatta n’omusawo w’ebyobulamu?
ID_VL_Lug_Uga_A962D996,Lug_Uga,B_reranking_failure,0.030050761421319794,0.74,0.74,0.74,12,15,64,Mpeereza ki eziweebwa ku ddwaliro erikola ku bulamu bw’okwegatta?
ID_VL_Amh_Eth_C693DA11,Amh_Eth,C_recall_failure,0.03020408163265306,0.10962962962962965,0.10962962962962965,0.12869565217391304,49,30,70,የቤተሰብ ምጣኔን መጠቀም ለፍቺ ምክንያት ነው?
ID_VL_Amh_Eth_980402A2,Amh_Eth,C_recall_failure,0.03020408163265306,0.034418604651162796,0.07047619047619048,0.07047619047619048,16,70,71,እንደ ፍቺ ወይም በደል ካሉ ትልቅ የህይወት ውድቀት በኋላ ሴት ልጅ ዓላማ እና ተስፋ እንድታገኝ እንዴት መርዳት እችላለሁ?
ID_VL_Eng_Uga_4E8BF78A,Eng_Uga,C_recall_failure,0.030204081632653063,0.08222222222222222,0.08222222222222222,0.08222222222222222,1,30,44,"What are the issues associated with Hepatitis B?, please answer in detail."
ID_VL_Eng_Eth_134A5A2F,Eng_Eth,C_recall_failure,0.030204081632653063,0.10741935483870968,0.148,0.148,9,22,40,"In my area, people use the milk from the Euphorbia tree for warts. Is this the right way to remove my genital warts?"
ID_VL_Lug_Uga_6772FE9F,Lug_Uga,B_reranking_failure,0.030515463917525777,0.74,0.74,0.74,7,54,64,Okunaaba ng’omaze okwegatta kiziyiza Akawuka akaleeta Siriimu oba endwadde endala?
ID_VL_Aka_Gha_7922BAC2,Aka_Gha,C_recall_failure,0.030550458715596335,0.13454545454545455,0.13454545454545455,0.17526315789473682,60,41,75,Mɛyɛ dɛn ako tia 'gender roles' basabasayɛ na mahyɛ pɛyɛ den?
ID_VL_Lug_Uga_21DF5609,Lug_Uga,C_recall_failure,0.03062068965517242,0.2690909090909091,0.2690909090909091,0.2690909090909091,4,49,59,Waliyo eddagala erigema Akawuka akaleeta Siriimu?
ID_VL_Amh_Eth_DE8EDE0B,Amh_Eth,C_recall_failure,0.03083333333333333,0.09652173913043478,0.10325581395348837,0.10325581395348837,18,8,64,የልጄን የወደፊት ሕይወት ለመጠበቅ ማድረግ ያለብኝ ሦስቱ በጣም አስፈላጊ ነገሮች ምንድን ናቸው?
ID_VL_Amh_Eth_176132ED,Amh_Eth,C_recall_failure,0.03083333333333333,0.11384615384615383,0.11384615384615383,0.1328205128205128,29,3,69,አንድ ሰው በተደጋጋሚ የሄርፒስ ወረርሽኝ ካለበት ቁስሎቹ በፍጥነት እንዲድኑ ማድረግ የሚለው ምንድን ነው?
ID_VL_Lug_Uga_70D0EBCB,Lug_Uga,C_recall_failure,0.03083333333333333,0.06727272727272726,0.13703703703703704,0.2072,20,30,59,Kibeera kirungi singa muganzi wange omulenzi abeera ng'ayagala okugezaako ebintu ebipya mu kwegatta?
ID_VL_Amh_Eth_4AB7706E,Amh_Eth,C_recall_failure,0.030833333333333338,0.03894736842105263,0.041111111111111105,0.07589743589743589,53,0,67,ለተሻለ ሕይወት በትልቅ ከተማ ውስጥ ለመጓዝ ወይም ለመኖር መፈለግ ስህተት ነው?
ID_VL_Swa_Ken_8AE0B8A0,Swa_Ken,C_recall_failure,0.031157894736842103,0.07254901960784313,0.12685714285714284,0.12685714285714284,5,42,52,Ni nini kinachozuia watu kupima Virusi Vya Ukimwi?
ID_VL_Aka_Gha_711C21C9,Aka_Gha,C_recall_failure,0.031489361702127655,0.06253521126760564,0.10277777777777777,0.10571428571428573,32,65,71,Hwan na metumi ahwehwɛ mmoa firi ne hɔ wɔ SGBV mu?
ID_VL_Amh_Eth_40181C6E,Amh_Eth,C_recall_failure,0.031489361702127655,0.06040816326530612,0.10571428571428573,0.10571428571428573,14,26,57,አንድን ሰው ስጦታ ወይም ገንዘብ መጠየቅ ስህተት ነው?
ID_VL_Amh_Eth_6778043B,Amh_Eth,C_recall_failure,0.031489361702127655,0.17862068965517242,0.17862068965517242,0.17862068965517242,2,4,58,ኤችአይቪ ምርመራ እንዴት ይደረጋል?
ID_VL_Amh_Eth_FE716B14,Amh_Eth,C_recall_failure,0.031489361702127655,0.06297872340425531,0.06981132075471698,0.07589743589743589,51,26,74,የሕመም ምርመራ ውጤት ሲሰሙ የሚፈጠርን ከፍተኛ የድንጋጤ ስሜት ለማሸነፍ የትኛውን የሕክምና ባለሙያ ማማከር ይሻላል?
ID_VL_Amh_Eth_6CD5E859,Amh_Eth,C_recall_failure,0.031489361702127655,0.037948717948717944,0.10962962962962963,0.12333333333333335,46,55,77,እውነት ነው ልጃገረዶች ጎጂ የዶቺንግ ልምዶችን የሚጠቀሙበት የተለመደ ምክንያት ከወሲብ በኋላ የወንድ የዘር ፈሳሽ ሽታ ማስወገድ ነው?
ID_VL_Amh_Eth_C2B01CFD,Amh_Eth,C_recall_failure,0.031489361702127655,0.09418181818181819,0.09418181818181819,0.1009090909090909,56,0,83,በሕገወጥ የሰዎች አዘዋዋሪዎች ወይም በግዳጅ ወደ ወሲብ ሥራ ለተፈፀሙ ልጃገረዶች ምን ዓይነት ሀብቶች አሉ?
ID_VL_Amh_Eth_17D2582E,Amh_Eth,C_recall_failure,0.031489361702127655,0.06727272727272726,0.07400000000000001,0.2740740740740741,35,67,79,ለዓመታት የቤተሰብ ምጣኔ ክኒኖችን ስንጠቀም ቆይተናል። ይህ ከክላሚዲያ እና ከሌሎች STIs ይጠብቀናል?
ID_VL_Amh_Eth_3605BF54,Amh_Eth,C_recall_failure,0.031489361702127655,0.14280701754385966,0.14280701754385966,0.14280701754385966,1,2,64,ሚስጥራዊ የፍቅር ጓደኛ ቢኖረኝ፣ ይህ እምነቴን ይጻረራል?
ID_VL_Lug_Uga_6B2B78B9,Lug_Uga,B_reranking_failure,0.031714285714285716,0.12333333333333335,0.74,0.74,14,40,55,Kiki kye nnina okukola singa mbeera nneeraliikiridde nti nnyinza okuba nga ndi lubuto?
ID_VL_Lug_Uga_6744ACD4,Lug_Uga,B_reranking_failure,0.031827956989247314,0.74,0.74,0.74,3,6,70,Omulenzi omutiini alowooza ku ky’okuganza; asobola atya okumanya nti mwetegefu?
ID_VL_Amh_Eth_C0B6FCE2,Amh_Eth,C_recall_failure,0.03217391304347826,0.07789473684210525,0.10090909090909092,0.10090909090909092,14,65,78,ለማንኛውም የብልት ላይ ቁስል በፍጹም መደረግ የሌለበትና በጣም አደገኛው የቤት ውስጥ ሕክምና ምንድን ነው?
ID_VL_Amh_Eth_B540B30E,Amh_Eth,C_recall_failure,0.03217391304347826,0.07589743589743589,0.07589743589743589,0.10571428571428573,80,58,83,ወንድ ልጅ በማልፈልግበት ጊዜ እየቀረበኝ ከቀጠለ እሱን ማበረታታት የእኔ ጥፋት ነው?
ID_VL_Amh_Eth_BE2D740A,Amh_Eth,C_recall_failure,0.03217391304347826,0.09446808510638297,0.12634146341463415,0.148,48,60,79,"ኢንፌክሽኑን የሰጠኝን ሰው ይቅር አልኩት, ነገር ግን አሁንም ተናድጃለሁ እና መራራ ነኝ. እምነቴ ይህን ውስጣዊ ህመም ለመፈወስ የሚረዳኝ እንዴት ነው?"
ID_VL_Amh_Eth_44B591F7,Amh_Eth,C_recall_failure,0.03217391304347826,0.04774193548387098,0.10571428571428573,0.11999999999999998,61,33,74,ያልታከመ ክላሚዲያ የረዥም ጊዜ ችግር ምንድን ነው mimic an appendicitis ይችላል?
ID_VL_Amh_Eth_C5C5B37A,Amh_Eth,C_recall_failure,0.03217391304347826,0.05162790697674419,0.08604651162790697,0.08604651162790697,15,47,74,ሴት ልጅ ጭንቀትን ለመቋቋም ቀላል ህክምና ያልሆኑ መንገዶች ምንድን ናቸው?
ID_VL_Amh_Eth_A1235A8C,Amh_Eth,C_recall_failure,0.03217391304347826,0.11999999999999998,0.11999999999999998,0.11999999999999998,4,2,70,የጨብጥ መርፌዬ በጣም ያማል። ከዚያ በኋላ ህመሙን ለማስታገስ በቤት ውስጥ ማድረግ የምችለው ነገር አለ?
ID_VL_Amh_Eth_03802B70,Amh_Eth,C_recall_failure,0.03217391304347827,0.15310344827586206,0.15310344827586206,0.15310344827586206,2,5,61,የአባለዘር በሽታ በእርግዝ ና ላይ ጉዳት ሊያስከትል ይችላል?
ID_VL_Lug_Uga_D0A17FE8,Lug_Uga,C_recall_failure,0.032375,0.045,0.148,0.148,19,54,69,Ababeezi bange be nneegatta nabo balina engeri yonna gye bayambibwamu singa nkeberebwa Akawuka akaleeta Siriimu?
ID_VL_Amh_Eth_7D137018,Amh_Eth,C_recall_failure,0.032888888888888884,0.12081632653061225,0.12081632653061225,0.12081632653061225,3,6,65,በአካባቢዬ የቅድመ ጋብቻን ለማስቆም የሚሰሩ የአካባቢ ድርጅቶች የትኞቹ ናቸው?
ID_VL_Aka_Gha_DAF61A26,Aka_Gha,C_recall_failure,0.032888888888888884,0.08604651162790697,0.08604651162790697,0.16145454545454543,42,31,71,Mɛyɛ dɛn ama mmabun aa wɔwɔ dɛmdi nne ada adi na ɛka ho sɛ wɔ di SRH nkɔmmɔ?
ID_VL_Eng_Gha_9F708368,Eng_Gha,B_reranking_failure,0.03313432835820895,0.5344444444444445,0.5344444444444445,0.5344444444444445,1,12,57,Are there youth-led initiatives working to address GBV that I can join? (finding age-appropriate ways to participate)
ID_VL_Lug_Uga_7D3572CC,Lug_Uga,D_weak_pool,0.03325842696629213,0.0809375,0.30148148148148146,0.30148148148148146,13,58,59,Wa we nsobola okugemerwa akawuka ka Neisseria akaleeta Enziku?
ID_VL_Amh_Eth_0D270659,Amh_Eth,C_recall_failure,0.03363636363636363,0.08222222222222221,0.19588235294117645,0.19588235294117645,6,20,67,ኤች አይ ቪ ያለባት ነፍሰ ጡር ሴት በወሊድ እና በወሊድ ጊዜ ቫይረሱን ወደ ልጇ ማስተላለፍ ትችላለች?
ID_VL_Aka_Gha_2260E70F,Aka_Gha,C_recall_failure,0.03363636363636363,0.11935483870967742,0.11935483870967742,0.2296551724137931,63,62,76,Sɛn na mmabun bɛko ama nyinsen yi guo a wowo hokwan a wonhyia nyiyimu biara?
ID_VL_Amh_Eth_95D82980,Amh_Eth,C_recall_failure,0.03363636363636363,0.03523809523809524,0.07589743589743589,0.08705882352941176,21,10,65,የወንድ ኮንዶም በቀላል ሞዴል ለመጠቀም ትክክለኛውን መንገድ እንዴት ማሳየት እችላለሁ?
ID_VL_Eng_Gha_F982F4E0,Eng_Gha,D_weak_pool,0.03363636363636364,0.37,0.37,0.37,1,38,58,"What resources are available to help me raise a child as a teenager? (financial assistance, childcare options, educational programs)"
ID_VL_Lug_Uga_D9E92758,Lug_Uga,C_recall_failure,0.03415384615384615,0.08579710144927537,0.1057142857142857,0.1057142857142857,11,27,64,Kiramidiya asobola okuleetera abaami okunafuwa mu maanyi g'ekisajja?
ID_VL_Amh_Eth_E14EB70D,Amh_Eth,C_recall_failure,0.03441860465116279,0.08222222222222221,0.08222222222222221,0.08222222222222221,3,5,82,ብልቴን እንዲመረምር ዶክተር እንዴት እንደምጠይቅ አላውቅም። በትክክል ምን ማለት አለብኝ?
ID_VL_Amh_Eth_168B1625,Amh_Eth,C_recall_failure,0.03441860465116279,0.0592,0.06040816326530612,0.06434782608695652,23,3,65,በቤት ውስጥ መወለድ ጥቅም ላይ የሚውሉትን ቁሳቁሶች ለማስወገድ በጣም አስተማማኝው መንገድ ምንድነው?
ID_VL_Amh_Eth_046A0DF5,Amh_Eth,C_recall_failure,0.03441860465116279,0.17209302325581394,0.17209302325581394,0.17209302325581394,0,0,51,ወንዶችና ሴቶች እንዴት ትሪኮሞኒያሲስን መከላከል ይችላሉ?
ID_VL_Amh_Eth_680BAC63,Amh_Eth,C_recall_failure,0.03441860465116279,0.03894736842105263,0.09652173913043478,0.17939393939393938,81,77,82,አንድ የቤተሰብ አባል ለኢንፌክሽኑ ባህላዊ፣ ያልተረጋገጠ ህክምና እንድጠቀም ሊያስገድደኝ ከሞከረ፣ እምቢ ማለት ሀራም (የተከለከለ) ነው?
ID_VL_Amh_Eth_8441AEFD,Amh_Eth,C_recall_failure,0.03441860465116279,0.044848484848484846,0.0721951219512195,0.08705882352941176,59,40,71,የመጾም ሃይማኖታዊ ግዴታ ካለብኝ ምሽት ላይ ብቻ መውሰድ ከቻልኩ መድሃኒቱ አሁንም ይሠራል?
ID_VL_Lug_Uga_C78F07CF,Lug_Uga,C_recall_failure,0.03457943925233645,0.0965217391304348,0.10206896551724137,0.185,55,36,57,Nsobola ntya okukakasa nti nze n'omubeezi wange tetuli mu bulabe nga tuli wamu?
ID_VL_Amh_Eth_8DA8EEE4,Amh_Eth,C_recall_failure,0.034687499999999996,0.07115384615384615,0.10918032786885246,0.11746031746031746,59,38,75,በጤና ተቋም የሚደረጉት የኤችፒቪ(HPV) እና የፓፕ ስሚር(Pap smear) ምርመራ  አንድ አይነት ናቸዉ?
ID_VL_Amh_Eth_F2B43ABF,Amh_Eth,C_recall_failure,0.035238095238095235,0.0592,0.07161290322580645,0.07617647058823529,69,1,78,የቂጥኝ የመከላከያ ህዋሳት የክምችት መጠን ውጤት (ለምሳሌ 1:32) ምን ትርጉም አለው?
ID_VL_Amh_Eth_5AD5CF06,Amh_Eth,C_recall_failure,0.03523809523809524,0.09866666666666667,0.11999999999999998,0.11999999999999998,7,16,70,ንቁ የግብረ ሥጋ ግንኙነት ያላት ልጃገረድ በየስንት ጊዜው ለአባላዘር በሽታዎች ምርመራ ማድረግ አለባት?
ID_VL_Amh_Eth_EC856F37,Amh_Eth,C_recall_failure,0.03523809523809524,0.05842105263157895,0.10882352941176471,0.10882352941176471,6,5,71,በፊንጢጣ አካባቢ የሚከሰት የኤች.ፒ.ቪ ኢንፌክሽን ዋናው የጤና ስጋት ምንድን ነው?
ID_VL_Amh_Eth_5E781FD7,Amh_Eth,C_recall_failure,0.03523809523809524,0.07400000000000001,0.07872340425531914,0.09087719298245614,30,40,73,ዶክተሬ ለሽፍታዬ ክሬም ሰጠኝ፣ ነገር ግን እናቴ የተወሰኑ ቅጠሎች በፍጥነት እንደሚሰራ ትናገራለች፡፡  አደጋው ምንድን ነው?
ID_VL_Amh_Eth_FCF56188,Amh_Eth,B_reranking_failure,0.03523809523809524,0.6497560975609756,0.6497560975609756,0.6497560975609756,0,16,53,HPV እንዴት መከላከል እንደሚቻል የጤና ባለሙያዎች ምን ይላሉ?
ID_VL_Amh_Eth_4B5305E5,Amh_Eth,C_recall_failure,0.03523809523809524,0.11169811320754716,0.11169811320754716,0.12869565217391304,59,12,70,ለሴት ልጅ የወር አበባ ንፅህና አጠባበቅ ኪት አምስቱ በጣም አስፈላጊ ነገሮች ምንድን ናቸው?
ID_VL_Eng_Uga_591196DC,Eng_Uga,C_recall_failure,0.03572413793103449,0.035972222222222225,0.12333333333333332,0.12333333333333332,19,19,56,What is the best way to keep my sexual health in check?
ID_VL_Lug_Uga_CD67B5DF,Lug_Uga,C_recall_failure,0.0357487922705314,0.13477663230240552,0.15578947368421053,0.15578947368421053,17,5,46,Kiramidiya asobola okuleeta obutazaala?
ID_VL_Amh_Eth_CC9FD334,Amh_Eth,C_recall_failure,0.03609756097560975,0.08222222222222222,0.08538461538461538,0.12869565217391304,51,0,70,ዶክተሩ በፊንጢጣ ውስጥ ያልተለመደ እብጠት ካገኘ ምን ዓይነት ሥር የሰደደ በሽታ ሊጠረጠር ይገባል?
ID_VL_Amh_Eth_782A65E0,Amh_Eth,C_recall_failure,0.03609756097560975,0.04826086956521739,0.06,0.07789473684210525,28,5,61,ትምህርት ማግኘት ከጥሎሽ የተሻለ ኢንቨስትመንት እንደሆነ ወላጆቼን እንዴት ማሳመን እችላለሁ?
ID_VL_Amh_Eth_93403FAD,Amh_Eth,C_recall_failure,0.03609756097560975,0.06297872340425531,0.06297872340425531,0.11684210526315789,43,48,68,በጾም ጊዜ የቤተሰብ ምጣኔ ክኒን መውሰድ ማቆም አለብኝ?
ID_VL_Lug_Uga_812FAA38,Lug_Uga,B_reranking_failure,0.03609756097560975,0.10303797468354431,0.74,0.74,13,6,58,"Nategeezebwa nti nnina Kabootongo, nkole ntya?"
ID_VL_Eng_Ken_89B5AAB0,Eng_Ken,C_recall_failure,0.03609756097560975,0.05481481481481481,0.1776,0.20413793103448274,21,3,50,What is the rate of the final vertical transmission during breastfeeding in Kenya?
ID_VL_Amh_Eth_BBDA0242,Amh_Eth,C_recall_failure,0.03609756097560975,0.111,0.111,0.111,3,34,75,አንድ ዶክተር ክፉኛ ቢይዘኝ ወይም በኢንፌክሽኑ ምክንያት ቢያሳፍረኝ መብቶቼ ምንድን ናቸው?
ID_VL_Lug_Uga_533C2ED5,Lug_Uga,B_reranking_failure,0.036543209876543206,0.74,0.74,0.74,2,14,68,Tekiba kya bulabe okusindikira omuntu obubaka bw'okwegatta ku ssimu oba ebifaananyi eby'obuseegu?
ID_VL_Eng_Gha_4C9A9F24,Eng_Gha,C_recall_failure,0.036633663366336625,0.148,0.148,0.148,2,10,61,What should I do if I experience any complications after an abortion? (importance of follow-up care)
ID_VL_Amh_Eth_A9434AA0,Amh_Eth,C_recall_failure,0.037,0.037,0.05285714285714285,0.09250000000000001,37,55,63,የመጀመሪያ ጡት ወተት ወይም እንገር ለሕፃኑ አስፈላጊ መሆኑን ለእናቶች እንዴት ማስተማር እችላለሁ?
ID_VL_Amh_Eth_F7294951,Amh_Eth,C_recall_failure,0.037,0.07589743589743589,0.148,0.19304347826086957,61,39,63,ምግብን በጋራ በመመገብ  ክላሚዲያ ልያዝ እችላለሁ?
ID_VL_Aka_Gha_ECF27E76,Aka_Gha,C_recall_failure,0.037,0.038441558441558436,0.09487179487179487,0.09514285714285714,45,7,67,Mɛyɛ dɛn anya nkitahodie pa ne nkurɔfoɔ a wɔbɛbu me na wɔagye me dɛm (disabilities) atom?
ID_VL_Aka_Gha_BF7B539B,Aka_Gha,C_recall_failure,0.03751152073732719,0.15653846153846152,0.15653846153846152,0.15653846153846152,1,4,75,"Mɛyɛ dɛn akyerɛ m'adwene ne me hyeɛ akyerɛ nnamfo, hokafoɔ ne ahokafo a  me ne wonwɔ nna mu nkitahodi ɛfa nna mu nsɛm a  m’ani gye  ho?"
ID_VL_Aka_Gha_1C11F735,Aka_Gha,C_recall_failure,0.03762711864406779,0.045,0.09487179487179487,0.111,55,59,60,Mɛyɛ dɛn atumi akasa atia ahoɔfɛ ho gyinapɛn ahorow a enni mu?
ID_VL_Eng_Gha_290A3ABB,Eng_Gha,C_recall_failure,0.03762711864406779,0.148,0.148,0.148,4,3,50,What can affect male fertility?
ID_VL_Aka_Gha_55FA1AB8,Aka_Gha,C_recall_failure,0.037707006369426754,0.057413793103448275,0.08409090909090908,0.09736842105263158,55,17,71,"Ɛden sika ho nsunsuansoɔ nsɛm bɛn na ɛwɔ wɔ sɛ yɛdi abeifo nnwuma ewura ASRH dwumadie, ne na sɛnea wobɛtumi anya sika a ɛbɛkɔ so adaa ne deɛ wobɛtumi atrɛ mu de aboa nnwuma no yɛ dɛn?"
ID_VL_Lug_Uga_68D576B8,Lug_Uga,C_recall_failure,0.03781021897810219,0.061100917431192656,0.2642857142857143,0.2642857142857143,62,60,71,Nsobola ntya okwogera ne munnange ku ky’okugezesa akakodyo akapya mu buliri mu mbeera etakireetera kuwulikika nga kya kiralu?
ID_VL_Aka_Gha_AC619E63,Aka_Gha,C_recall_failure,0.037948717948717944,0.10033898305084746,0.10033898305084746,0.12025,70,10,77,Ɛdena kwan so na wɔkyerɛkyerɛ nsɛm a yɛde sie no mu bere a wɔde mmoa ma mmabun wɔ nna ne awo apomoden ho nsɛm mu no?
ID_VL_Eng_Eth_DAFEC8A9,Eng_Eth,C_recall_failure,0.037948717948717944,0.044848484848484846,0.148,0.148,18,16,49,What is the main cause of the recurring nature of Herpes outbreaks?
ID_VL_Eng_Uga_6243BED7,Eng_Uga,C_recall_failure,0.037948717948717944,0.12685714285714284,0.17862068965517242,0.17862068965517242,7,27,53,What should I do if I hear rumors that a classmate might have an STI?
ID_VL_Lug_Uga_03438B64,Lug_Uga,C_recall_failure,0.038441558441558436,0.038441558441558436,0.09024390243902439,0.0925,41,63,65,Bubonero ki obuyinza okulaga nti omuntu alimba ku by’ayiseemu mu by’okwegatta?
ID_VL_Eng_Eth_6A39AAA6,Eng_Eth,C_recall_failure,0.03844155844155844,0.07318681318681318,0.11935483870967742,0.17191919191919192,21,10,36,What happens if HIV always show symptoms?
ID_VL_Swa_Ken_E44A0371,Swa_Ken,B_reranking_failure,0.03860869565217391,0.09816326530612243,0.74,0.74,5,0,66,"Je, kuna mabadiliko maalum ya mtindo wa maisha au vitendo vya kusaidia kuzuia hali za ziada za afya ikiwa nina ukimwi?"
ID_VL_Lug_Uga_62BE4009,Lug_Uga,C_recall_failure,0.03869281045751634,0.08633333333333333,0.09446808510638297,0.12333333333333332,38,45,60,Waliyo eddagala ly'Enziku ery'ekinnansi?
ID_VL_Lug_Uga_92FBACF6,Lug_Uga,C_recall_failure,0.038947368421052626,0.15696969696969698,0.15696969696969698,0.15696969696969698,3,61,66,Nsobola okwegatta nga seetangidde singa omubeezi wange abeera ng'alina Kabootongo?
ID_VL_Lug_Uga_099759A3,Lug_Uga,B_reranking_failure,0.03894736842105263,0.061666666666666675,0.74,0.74,21,7,42,Ngemebwa ntya Tuliici?
ID_VL_Amh_Eth_964DB03F,Amh_Eth,C_recall_failure,0.03894736842105263,0.1438888888888889,0.1438888888888889,0.16,31,26,73,እምነቴ ለኤችአይቪ ሕክምና እንድፈልግ ይፈቅድልኛል ወይስ የእግዚአብሔር ቅጣት ምልክት ነው?
ID_VL_Eng_Gha_E25DF9A8,Eng_Gha,C_recall_failure,0.03894736842105263,0.18893617021276593,0.18893617021276593,0.18893617021276593,1,1,57,Why are international frameworks important for promoting and protecting ASRRs around the world? (Ensuring consistency and accountability across nations)
ID_VL_Aka_Gha_45DF16B6,Aka_Gha,C_recall_failure,0.03929203539823009,0.13767441860465116,0.13767441860465116,0.13767441860465116,2,62,67,Adɛn nti na nkitahodie pa ho hia ma adwene mu apɔwmuden 'mental health'?
ID_VL_Eng_Uga_8CBADAE5,Eng_Uga,C_recall_failure,0.03932367149758454,0.19185185185185188,0.19185185185185188,0.19185185185185188,3,16,42,Is it normal to have questions about my body?
ID_VL_Lug_Uga_0AECCEC7,Lug_Uga,B_reranking_failure,0.039642857142857146,0.74,0.74,0.74,2,14,55,Akawuka akaleeta Siriimu kasiigibwa katya okuva ku maama okudda ku mwana mu kiseera ky’okuyonsa?
ID_VL_Lug_Uga_3610901C,Lug_Uga,B_reranking_failure,0.039784946236559135,0.74,0.74,0.74,0,57,77,Kibi bwe mbeera nga saagala kwegatta?
ID_VL_Aka_Gha_20DE435D,Aka_Gha,C_recall_failure,0.03984615384615385,0.037,0.05692307692307692,0.06883720930232559,31,74,76,Akwan bɛn na yɛbɛfa so asiw akwanside a 3wɔ nna mu ns3m ho adesua bi te s3 ohia ne ɔkwan a wɔde b3kɔ akurase no?
ID_VL_Amh_Eth_F36CB62B,Amh_Eth,C_recall_failure,0.039999999999999994,0.08705882352941176,0.08705882352941176,0.10206896551724136,58,33,68,የብልት ኪንታሮት ካለብኝ ሐኪም ሊያስወግደው ይችላል?
ID_VL_Amh_Eth_272A6D8E,Amh_Eth,C_recall_failure,0.039999999999999994,0.039999999999999994,0.06727272727272728,0.08969696969696969,22,21,55,በደም ምርመራ ላይ ሄርፒስ ቫይረስ-1 እና በሄርፒስ ቫይረስ-2 መካከል ያለው ዋና ልዩነት ምንድነው?
ID_VL_Amh_Eth_7CD0129D,Amh_Eth,C_recall_failure,0.04,0.13999999999999999,0.13999999999999999,0.13999999999999999,4,17,81,ክላሚዲያ ያለበት ሰው የሽንት ቧንቧ ኢንፌክሽንን የሚመስሉ ምልክቶች ሊኖረው ይችላል?
ID_VL_Amh_Eth_97AC6AA8,Amh_Eth,C_recall_failure,0.04,0.03609756097560975,0.09652173913043478,0.09652173913043478,18,3,60,ባለቤቴ በታመምኩበት ወይም ሕመም ባለብኝ ወቅት የግብረ-ሥጋ ግንኙነት እንድንፈጽም ቢያስገድደኝ፣ እንደ ፆታዊ ጥቃት ይቆጠራል?
ID_VL_Amh_Eth_7367C28D,Amh_Eth,C_recall_failure,0.04,0.046250000000000006,0.07047619047619048,0.07789473684210527,28,52,68,ስለ STIs የትምህርት አስፈላጊነት ምንድን ነው?
ID_VL_Amh_Eth_E88DA719,Amh_Eth,C_recall_failure,0.04,0.04,0.10325581395348837,0.10325581395348837,18,6,65,ኸርፐስ (ምች) አንዲት ሴት ልጅ እንዳትወልድ ሊያደርጋት ይችላል?
ID_VL_Aka_Gha_21E8AC68,Aka_Gha,C_recall_failure,0.040272108843537414,0.050684931506849315,0.10422535211267606,0.11684210526315787,38,0,79,Nneɛma a yɛde fa nnipa tu kwan pɔtee ma mmabun a ebia wɔbɛhia sɛ wɔkɔ hwehwɛ mmoa ntɛm wɔ nna ne awoɔ akwahosan ho nneɛma mu no wɔ hɔ anaa?
ID_VL_Aka_Gha_D1843324,Aka_Gha,C_recall_failure,0.040272108843537414,0.09548387096774194,0.09548387096774194,0.1057142857142857,26,53,70,"Sɛ me hokafoɔ dɔɔso a, kwan bɛn so na mɛbɔ me ho ban efi nna mu yareɛ ho?"
ID_VL_Eng_Uga_F8F9A45D,Eng_Uga,C_recall_failure,0.04078740157480315,0.09898089171974521,0.13489583333333333,0.16056603773584907,24,3,53,"Are there risk factors for getting HIV?, please answer this using simple medical terms."
ID_VL_Amh_Eth_2631D00B,Amh_Eth,C_recall_failure,0.041111111111111105,0.10962962962962965,0.11684210526315789,0.12333333333333332,24,32,59,ቁስል የሌለው ሀርፐስ (ምች) በሽታውን ሊያስተላልፍ ይችላል?
ID_VL_Amh_Eth_A5CB63A2,Amh_Eth,C_recall_failure,0.041111111111111105,0.086046511627907,0.13999999999999999,0.13999999999999999,13,3,75,በሰውነቴ እና በመልክዬ ኩራት ይሰማኛል?
ID_VL_Amh_Eth_762172ED,Amh_Eth,C_recall_failure,0.04111111111111111,0.08457142857142856,0.08457142857142856,0.1057142857142857,52,33,74,አንድ የማህበረሰብ ሽማግሌ ህመሜ ከማህበረሰቡ መውጣት እንዳለብኝ የሚያሳይ ምልክት ነው ካለ ይህ ትክክለኛ ሃይማኖታዊ ትምህርት ነው?
ID_VL_Eng_Gha_6FFE33B3,Eng_Gha,C_recall_failure,0.04111111111111111,0.044848484848484846,0.08324999999999999,0.08324999999999999,8,45,50,Marginalised and vulnerable adolescents face unique challenges in issues regarding sexuality and reproductive health.
ID_VL_Eng_Uga_1A57F9E4,Eng_Uga,B_reranking_failure,0.041495327102803736,0.08072727272727273,0.74,0.74,18,41,47,"Should someone retest for Syphilis after Syphilis treatment?, please answer in detail."
ID_VL_Swa_Ken_7AF985FF,Swa_Ken,B_reranking_failure,0.041495327102803736,0.74,0.74,0.74,4,32,65,"Je, mtu huonaje dalili baada ya kuambukizwa Virusi Vya Ukimwi hivi karibuni?"
ID_VL_Aka_Gha_FF9AB5C2,Aka_Gha,C_recall_failure,0.041573033707865165,0.06253521126760563,0.06253521126760563,0.09446808510638299,43,59,67,Wiase Nyinaa Mpontuo Botaeɛ (SDGs) bɛn na ɛfa ASRH ho?
ID_VL_Eng_Gha_12F5131A,Eng_Gha,C_recall_failure,0.041573033707865165,0.1698360655737705,0.1698360655737705,0.1698360655737705,1,7,31,What if my sexual orientation or gender identity is different from my family or friends?
ID_VL_Amh_Eth_D284476C,Amh_Eth,C_recall_failure,0.041573033707865165,0.09548387096774195,0.13874999999999998,0.13874999999999998,6,1,54,የመጀመሪያው ቁስሉ ከተፈወሰ በኋላ የሁለተኛ ደረጃ ቂጥኝ ምልክቶች ምንድ ናቸው?
ID_VL_Amh_Eth_364D7C87,Amh_Eth,C_recall_failure,0.041886792452830196,0.07789473684210527,0.0835483870967742,0.12566037735849056,31,7,66,በቤት ውስጥ መወለድን ለሚመርጥ ቤተሰብ የሰለጠነ የወሊድ አስተናጋጅ መኖሩን አስፈላጊነት እንዴት ማስረዳት እችላለሁ?
ID_VL_Eng_Uga_45A08539,Eng_Uga,B_reranking_failure,0.042045454545454546,0.74,0.74,0.74,3,19,48,"Is there difference in treatment for Gonorrhea in young and adult people?, please answer in detail."
ID_VL_Eng_Uga_6A7D5D96,Eng_Uga,B_reranking_failure,0.04204545454545455,0.06607142857142856,0.74,0.74,5,48,53,"How do I know that I have the clap?, please answer this using simple medical terms."
ID_VL_Lug_Uga_EC4E8CBB,Lug_Uga,C_recall_failure,0.04228571428571428,0.16444444444444445,0.16444444444444445,0.16444444444444445,4,0,61,Kisipi asobola okukosa obwagazi bw'okwegatta?
ID_VL_Amh_Eth_9191B363,Amh_Eth,C_recall_failure,0.04228571428571428,0.16444444444444445,0.16444444444444445,0.16444444444444445,2,6,80,ኤች አይ ቪ ያለባት ልጃገረድ ምን ያህል ጊዜ ሐኪም መጎብኘት አለባት?
ID_VL_Amh_Eth_C35B1C8C,Amh_Eth,C_recall_failure,0.04228571428571428,0.148,0.148,0.1886274509803922,22,13,56,ክትባት በመውሰድ የአባላዘር በሽታን መከላከል ይቻላል?
ID_VL_Aka_Gha_E256A6DC,Aka_Gha,C_recall_failure,0.04228571428571428,0.11384615384615385,0.11384615384615385,0.11384615384615385,1,66,67,Sɛnkyerɛnne bɛn saa na ɛkyerɛ sɛ obi wɔ adwene mu haw (mental health struggles)?
ID_VL_Amh_Eth_96FC734D,Amh_Eth,C_recall_failure,0.04228571428571429,0.08043478260869566,0.19380952380952382,0.19380952380952382,18,0,52,የHPV ክትባት ከሁሉም የHPV ዓይነቶች ይከላከላል?
ID_VL_Aka_Gha_10714D51,Aka_Gha,C_recall_failure,0.04269230769230768,0.06727272727272726,0.08222222222222222,0.09866666666666665,37,22,70,Ɛdeɛn ne peneeɛ na mɛyɛ dɛn ahu sɛ ɛwɔ hɔ bere medi npa mu agoro?
ID_VL_Lug_Uga_AEE14F87,Lug_Uga,B_reranking_failure,0.042692307692307696,0.08314606741573033,0.74,0.74,8,43,71,Ngeri ki esinga obulungi omuntu gy'asobola okukozesa okwewala okwegatta nga tannabeera mufumbo?
ID_VL_Aka_Gha_C5E7CE8A,Aka_Gha,C_recall_failure,0.04289855072463768,0.04698412698412698,0.09773584905660376,0.09773584905660376,9,34,71,Mɛyɛ dɛn abɔ me ho ban sɛ efri enyinsen ho ne nna mu ayaereɛ  hokafoɔ nneyɛeɛ a sɛ mengyi nipa na me neneda wɔ hɔ no di?
ID_VL_Eng_Uga_536D47D7,Eng_Uga,B_reranking_failure,0.04289855072463769,0.74,0.74,0.74,2,23,57,How can I tell if my partner is comfortable with me?
ID_VL_Aka_Gha_D8F56413,Aka_Gha,C_recall_failure,0.04321167883211679,0.08222222222222222,0.10571428571428573,0.10571428571428573,10,46,77,"Sɛn na mmabun bɛsiesie wɔn ho ama 'shelter' (baabi a wɔbɛda) anaa fie hwehwɛ, ɛdeɛn nsɛm na wo bɛkakyerɛ nkorɔfoɔ a woma wo mboa?"
ID_VL_Eng_Gha_8B0E8EB1,Eng_Gha,C_recall_failure,0.04321167883211679,0.12143589743589744,0.12143589743589744,0.14207999999999998,31,1,52,"What are some warning signs of complications during pregnancy that I should be aware of? (bleeding, severe pain)"
ID_VL_Swa_Ken_1D06149E,Swa_Ken,C_recall_failure,0.04352941176470588,0.051929824561403506,0.051929824561403506,0.09866666666666667,65,29,68,Orodhesha sababu zozote kwa nini baadhi ya watu hawatapima virusi vya ukimwi.
ID_VL_Eng_Gha_523AE993,Eng_Gha,B_reranking_failure,0.04352941176470588,0.04577319587628866,0.74,0.74,13,49,54,"How can I advocate for the use of inclusive language and pronouns in my school, community, or workplace?"
ID_VL_Amh_Eth_BB2488A3,Amh_Eth,C_recall_failure,0.04352941176470588,0.20943396226415095,0.2416326530612245,0.362127659574468,54,11,56,የሰው ፓፒሎማ ቫይረስ (የኤችፒቪ) ካንሰር ሊያስከትል ይችላል?
ID_VL_Lug_Uga_2A35CE30,Lug_Uga,B_reranking_failure,0.04352941176470588,0.74,0.74,0.74,2,3,66,Waliwo ebikozesebwa eby’obwereere eby'okuyigirako ku Buwuka obuleeta Obulwadde bw'Ekikaba?
ID_VL_Amh_Eth_FE049059,Amh_Eth,C_recall_failure,0.04352941176470588,0.044848484848484846,0.044848484848484846,0.04933333333333333,62,2,64,ኢንፌክሽን ካለብኝ ደም መለገስ ወይም ጡት ማጥባት አልችልም ማለት ነው?
ID_VL_Eng_Eth_4B8C5BDC,Eng_Eth,C_recall_failure,0.04352941176470588,0.17814814814814814,0.17814814814814814,0.17814814814814814,4,11,64,"If the doctor gives me a simple pill, how can that stop a serious infection?"
ID_VL_Amh_Eth_0A8381BE,Amh_Eth,C_recall_failure,0.04352941176470588,0.09487179487179487,0.14095238095238094,0.16612244897959183,32,5,80,በአፍ ውስጥ ያሉ የmucous ንጣፎች ምንድን ናቸው እና በየትኛው የቂጥኝ ደረጃ ላይ ይታያሉ?
ID_VL_Eng_Uga_9D17D218,Eng_Uga,B_reranking_failure,0.043529411764705886,0.74,0.74,0.74,2,24,47,"Why should I tell my partner about my positive Genital Herpes test?, please answer this using simple medical terms."
ID_VL_Aka_Gha_E767DCEA,Aka_Gha,C_recall_failure,0.04385185185185186,0.060000000000000005,0.09592592592592591,0.09940298507462686,61,47,63,Ɔkwan bɛn so na atipɛnfo afotu nhyehyɛe ahorow de intanɛt ne ‘social media’ akwan di dwuma de ma nkitahodi ne biakoyɛ yɛ mmerɛw wɔ mmabun ntam?
ID_VL_Aka_Gha_6F4CC69A,Aka_Gha,C_recall_failure,0.043898305084745765,0.13129032258064516,0.18088888888888888,0.2713333333333333,55,69,74,"Nneɛma bɛn na ɛsɛ sɛ wosusu ho sɛ wo ne obi a ɔwɔ bɔbeasu mu anigyeɛ anaasɛ bɔbeasu mu su foforo na ɛrehyehyɛ hɔ? (nkitahodiɛ pa, ne anidie a wɔde bɛma ahyeɛ ho)"
ID_VL_Aka_Gha_9B4E2C24,Aka_Gha,C_recall_failure,0.04396039603960396,0.06659999999999999,0.12869565217391304,0.12869565217391304,5,73,78,Nsunsuansoɔ bɛn na ɛwɔ so sɛ menhyehyɛ ahhye wɔ abusuabɔ mu titiriw wɔ me nkate mu yiyedi obu a mewɔ ma me ho ne m'ankasa ahobanmmɔ ho?
ID_VL_Aka_Gha_1223B513,Aka_Gha,C_recall_failure,0.043960396039603965,0.04666666666666666,0.06209790209790209,0.07655172413793103,53,55,64,Mɛyɛ dɛn ato ahyeɛ ɛne me hokafoɔ akasa afa ho?
ID_VL_Aka_Gha_81392443,Aka_Gha,C_recall_failure,0.044273504273504266,0.060821917808219175,0.12523076923076923,0.2995238095238095,24,66,78,Ɔkwan bɛn so na mmabun betumi afa so ako ama nyinsɛn mmoa a nyiyimu nni mu?
ID_VL_Lug_Uga_BA2EEEB3,Lug_Uga,B_reranking_failure,0.0444,0.74,0.74,0.74,0,31,64,Omubiri gwange gulina engeri ey’obutonde ey’okulwanyisaamu Obuwuka obuleeta Obulwadde bw'Ekikaba?
ID_VL_Eng_Uga_51CBF9E5,Eng_Uga,B_reranking_failure,0.0444,0.08894230769230768,0.74,0.74,7,1,50,Should I talk to my grandfather about sexual health?
ID_VL_Amh_Eth_88BD13D1,Amh_Eth,C_recall_failure,0.044848484848484846,0.15578947368421053,0.15578947368421053,0.15578947368421053,0,26,69,የሚታይ የብልት ኪንታሮት (HPV) ያለበት ሰው የኤችአይቪ የጋራ ኢንፌክሽን ካለበት ዋናው አሳሳቢ ጉዳይ ምንድን ነው?
ID_VL_Amh_Eth_E43E4288,Amh_Eth,C_recall_failure,0.044848484848484846,0.11212121212121211,0.1184,0.1184,17,2,63,ልጃገረዶች በትምህርት ቤት የሚወስዱት የHPV ክትባት ዓላማ ምንድን ነው?
ID_VL_Amh_Eth_4E6384BB,Amh_Eth,C_recall_failure,0.044848484848484846,0.04774193548387098,0.11839999999999998,0.11839999999999998,14,60,61,ባለቤቴ ያገኘሁትን ገንዘብ ለራሴ መውሰድ ይችላል?
ID_VL_Amh_Eth_1D0BC9BD,Amh_Eth,C_recall_failure,0.04484848484848485,0.11384615384615383,0.11384615384615383,0.17526315789473684,65,7,66,አደገኛ ኤች.ፒ.ቪ ዝርያ የሚባሉት ኤችፒቪ 16 ወይም 18 ናቸው?
ID_VL_Lug_Uga_6BA4170B,Lug_Uga,B_reranking_failure,0.04484848484848485,0.06727272727272726,0.74,0.74,5,57,67,Amazima agakwata ku byafaayo by'Obulwadde bw'Ekikaba kikulu mu mukwano omupya?
ID_VL_Aka_Gha_8DA0365B,Aka_Gha,C_recall_failure,0.045121951219512194,0.09999999999999999,0.09999999999999999,0.11607843137254903,40,14,77,"Ɔkwan bɛn so na mmabun bɛfa so ayɛ nkyerɛkyerɛ afa hia a ehia sɛ mmabun bɛpɛ mmoa afiri baabi te sɛ atipɛnfoɔ hɔ,sukuu mu, mpɔtam, ntentanfidie so na wahyɛ aforoɔ nkuran ama wapɛ mmoa wɔ berɛ a wɔwɔ ɔhaw bi mu anaa sɛ nneɛma nkɔyie wɔ wɔn nna ne awoɔ mu apɔmden ho?"
ID_VL_Amh_Eth_C3B290D0,Amh_Eth,C_recall_failure,0.04530612244897959,0.04036363636363637,0.06040816326530612,0.09061224489795917,30,41,58,ግጭት ሳያስከትል የትዳር ጓደኛዋ ሌሎች አጋሮች ስላሏት ከሴት ልጅ ጋር እንዴት መነጋገር እችላለሁ?
ID_VL_Lug_Uga_485D831C,Lug_Uga,B_reranking_failure,0.04567901234567902,0.74,0.74,0.74,1,43,46,Obuyonjo bw’omuntu busobola okuziyiza Obuwuka obuleeta Obulwadde bw'Ekikaba?
ID_VL_Aka_Gha_664FA663,Aka_Gha,C_recall_failure,0.045891472868217056,0.05323741007194245,0.10571428571428573,0.10571428571428573,8,9,66,Dwuma bɛn na abɛɛfo ntentanfidie di de boa adwene bɔne a afa nna mu dwumadie ne ɔkwan a mmabun betumi adi nkitaho wɔ ntentanfidie no so na watumi ako atia nneɛma bɔne na waka nneɛma pa afa akitahodie pa ho?
ID_VL_Amh_Eth_735435EA,Amh_Eth,C_recall_failure,0.04625,0.07789473684210525,0.07789473684210525,0.08969696969696969,49,7,61,አዲስ በተወለዱ ሕፃናት ላይ ያልታከመ ክላሚዲያ ልዩ ውስብስብነት ምንድን ነው?
ID_VL_Lug_Uga_2AC1D5CA,Lug_Uga,B_reranking_failure,0.04625,0.74,0.74,0.74,0,62,67,Lwaki abasajja abamu bazibuwalirwa obusajja bwabwe okusituka?
ID_VL_Amh_Eth_DD6AC7B8,Amh_Eth,C_recall_failure,0.04625,0.05285714285714285,0.14800000000000002,0.14800000000000002,9,14,63,በእምነት በእርግዝና ጊዜ መድሀኒት መውሰድን ይፈቀዳል?
ID_VL_Amh_Eth_5A104129,Amh_Eth,D_weak_pool,0.04625,0.23870967741935484,0.2672222222222222,0.4296774193548387,22,11,48,ዶክተሮች ጨብጥ ሴቶች መውለድን እንደሚያቆም እንዴት ያብራራሉ?
ID_VL_Amh_Eth_C85ACA46,Amh_Eth,C_recall_failure,0.04625,0.04625,0.0758974358974359,0.08457142857142858,75,7,78,አስፈሪ የምርመራ ውጤት ሳገኝ ጠንካራ እንድሆን ለመርዳት ሃይማኖታዊ እምነቴን መጠቀም እችላለሁ?
ID_VL_Lug_Uga_37DC8C78,Lug_Uga,B_reranking_failure,0.04666666666666666,0.74,0.74,0.74,7,10,70,Kiki omuntu ky’ayinza okukola okukendeeza ku kwennyika n’okweraliikirira mu bulamu bwe?
ID_VL_Eng_Gha_0D5BA7CD,Eng_Gha,C_recall_failure,0.046835443037974676,0.20751322751322754,0.20751322751322754,0.20751322751322754,1,6,48,What are some common misconceptions or myths about disability history and advocacy that adolescents should be aware of?
ID_VL_Amh_Eth_17DC8EFF,Amh_Eth,C_recall_failure,0.04698412698412698,0.051929824561403506,0.08072727272727272,0.08931034482758621,39,7,68,የአንድ አባት ሚና የሴት ልጁን ያለ ዕድሜ ጋብቻ በመከላከል ረገድ ምንድን ነው?
ID_VL_Eng_Eth_569F3AB3,Eng_Eth,C_recall_failure,0.04698412698412699,0.12333333333333332,0.12333333333333332,0.2114285714285714,44,38,64,How can I convince my husband to use a condom to protect me from sickness?
ID_VL_Amh_Eth_4AC9778D,Amh_Eth,C_recall_failure,0.04698412698412699,0.05967741935483871,0.16818181818181818,0.16818181818181818,10,3,63,በአሮጌ ኢንፌክሽን ሥር የሰደደ ሕመም ካለብኝ ባህላዊ ፈዋሽ በቆዳዬ ላይ ምልክት እንዲያደርግ እና ጥቁር ዱቄት እንዲቀብር መጠየቅ አለብኝ?
ID_VL_Amh_Eth_93B7A886,Amh_Eth,C_recall_failure,0.04723404255319148,0.06727272727272728,0.06727272727272728,0.09250000000000001,25,30,61,ለመጀመሪያ ለወለዱ እናቶች በእንቅልፍ እጦት እና በአእምሮ ጤና ችግሮች መካከል ያለውን ግንኙነት እንዴት ማስረዳት እችላለሁ?
ID_VL_Lug_Uga_FC950BBA,Lug_Uga,B_reranking_failure,0.04743589743589745,0.74,0.74,0.74,0,43,69,Kyetaagisa okunaaba ng’omaze okwegatta okusobola okwetangira?
ID_VL_Aka_Gha_1C8EAEE9,Aka_Gha,C_recall_failure,0.04752293577981652,0.1353658536585366,0.15759259259259256,0.18122448979591835,49,30,64,Sɛn na bra pa (ethics) ne mmara di nsra wɔ SRH mu ma mmabun?
ID_VL_Lug_Uga_844E250B,Lug_Uga,B_reranking_failure,0.04760233918128655,0.74,0.74,0.74,2,11,60,Obujjanjabi bwa Kissipi akwata Ebitundu by'ekyama bwa bwereere?
ID_VL_Amh_Eth_3E6DD58B,Amh_Eth,C_recall_failure,0.04774193548387098,0.0592,0.08457142857142856,0.09548387096774195,51,50,76,በአሜሪካ ውስጥ ከፍተኛውን የጨብጥ መጠን ሪፖርት የተመዘገበው በየትኛው የእድሜ ክልል ነው?
ID_VL_Amh_Eth_9C3EB2D5,Amh_Eth,C_recall_failure,0.04774193548387098,0.04774193548387098,0.08457142857142856,0.08457142857142856,9,66,67,አንዲት ነብሰጡር የመራቢያ አካል ኪንታሮት ቢገጥማት ህክምናው የተለየ ነው?
ID_VL_Amh_Eth_48729A4D,Amh_Eth,C_recall_failure,0.04774193548387098,0.18499999999999997,0.18499999999999997,0.18499999999999997,3,23,51,ቂጥኝ በመሳሳም ሊተላለፍ ይችላል?
ID_VL_Eng_Uga_4499D0A6,Eng_Uga,B_reranking_failure,0.0479136690647482,0.1726666666666667,0.74,0.74,5,12,49,What strategies can help prevent teenage pregnancy?
ID_VL_Aka_Gha_9B1BC895,Aka_Gha,C_recall_failure,0.0479136690647482,0.08324999999999999,0.10791666666666666,0.1295,29,61,76,"Atoro bɛn na ɛwɔ pene a  ɛwɔ abɛɛfo ntentan ho, na mmabun bɛyɛ dɛn asiesie?"
ID_VL_Eng_Uga_BE15AD12,Eng_Uga,C_recall_failure,0.04796296296296296,0.04796296296296296,0.04796296296296296,0.04796296296296296,1,12,43,How effective are birth control pills?
ID_VL_Eng_Uga_B0416F19,Eng_Uga,B_reranking_failure,0.048130081300813005,0.74,0.74,0.74,2,37,43,"What are the different forms of transmission of HIV?, please answer in detail."
ID_VL_Aka_Gha_2DBC2134,Aka_Gha,C_recall_failure,0.04813008130081301,0.09087719298245614,0.13703703703703704,0.13703703703703704,11,58,70,Ɔkwan bɛn so na asoeɛ a ɛhwɛ apɔmden nsɛm ho betumi afa so aka ewiem nsakraeɛ ne nhyehyeɛ abom aboa ma mmabun anya nteaseɛ ne nwientaaso deɛ pɔtɔɔ kasa mu wɔka no sɛ 'resilent' ahobambɔ nhyehyeɛ?
ID_VL_Lug_Uga_8C52D271,Lug_Uga,C_recall_failure,0.04843636363636364,0.12459183673469389,0.12459183673469389,0.14509803921568626,66,5,74,We bwazibidde ku lunaku ki lwe kyamanyibwa nti eddagala bbiri litera okukozesebwa ku PrEP?
ID_VL_Aka_Gha_362F5E5C,Aka_Gha,C_recall_failure,0.048452380952380955,0.07179104477611939,0.10058252427184465,0.1009090909090909,60,72,75,"Sɛn na ayersa adwumayefo, akyerɛkyerɛfo, ne mpanyimfoɔ bɛkyerɛkyerɛ adamfofa papa ne nna ho gyinaesi wɔ amammerɛ ahorow mu?"
ID_VL_Eng_Gha_2E9522D6,Eng_Gha,C_recall_failure,0.04852459016393443,0.06727272727272726,0.148,0.74,61,59,64,Encourage adolescents to explore different types of resources to find what works best for them.
ID_VL_Eng_Uga_54C29D5C,Eng_Uga,B_reranking_failure,0.04892561983471074,0.74,0.74,0.74,0,15,44,What kinds of Trich are there?
ID_VL_Lug_Uga_A750350E,Lug_Uga,B_reranking_failure,0.049006622516556284,0.74,0.74,0.74,1,21,71,Erinnya ki eddala eriyitibwa Akawuka akaleeta Siriimu akatalaga bubonero?
ID_VL_Aka_Gha_2E85CB21,Aka_Gha,C_recall_failure,0.049060773480662984,0.07908396946564886,0.1301098901098901,0.1301098901098901,7,30,80,"Ɛdeɛn ne ɔhwɛ a ɛkɔ so daa ne nhwehwɛmu  ""continued monitoring and evaluation"" (nhwehwɛmu a ɛkɔ so daa) wɔ ɔhaw nsiesie ne nna ne awo akwahosan  mmoa mu?"
ID_VL_Aka_Gha_8B10550C,Aka_Gha,C_recall_failure,0.049333333333333326,0.08457142857142858,0.0925,0.0925,10,55,64,Mɛyɛ dɛn agyina 'online harassment' (intanɛt so basabasayɛ) ano?
ID_VL_Aka_Gha_F41402B1,Aka_Gha,C_recall_failure,0.049333333333333326,0.0758974358974359,0.10741935483870968,0.10741935483870968,5,61,76,Nneɛma titiriw bɛn na ɛwɔ awoɔ nhyehyɛeɛ nkyerɛkyerɛ mu na nsɛm pɔtee bɛn na wɔtaa di ho nkɔmɔ?
ID_VL_Amh_Eth_FFE3FA49,Amh_Eth,C_recall_failure,0.04933333333333333,0.16444444444444445,0.16444444444444445,0.16444444444444445,3,18,53,ሁሉም የጨብጥ (gonorrhea) ታማሚዎች ምልክት ያሳያሉ?
ID_VL_Aka_Gha_458F1F19,Aka_Gha,C_recall_failure,0.04933333333333333,0.09548387096774195,0.09548387096774195,0.11384615384615383,55,27,76,Akwan bɛn na kuro manfoɔ betumi afa so de mboa ama wɔn a wɔresi sɔ a sɛbi wɔn ho a didem a so benya bambɔ mmeaeɛ a ɛhɔ yɛ fɛ na woanya mboa kuo a ɛbɛkɔ so daa?
ID_VL_Amh_Eth_2DEFE193,Amh_Eth,D_weak_pool,0.04933333333333333,0.0592,0.3062068965517241,0.3062068965517241,9,38,68,ወንዶች እና ልጃገረዶች ከአባላዘር በሽታዎች ጋር የተያያዙ ችግሮችን ማስወገድ ይችላሉ? የአባላዘር በሽታ ካለብኝ ማፈር አለብኝ?
ID_VL_Amh_Eth_8B6870B5,Amh_Eth,C_recall_failure,0.04933333333333333,0.15857142857142856,0.15857142857142856,0.15857142857142856,2,6,66,የኸርፕስ ኢንፌክሽን ካለብኝ ማግባት አልችልም ፡ይድናል?
ID_VL_Eng_Eth_2784378F,Eng_Eth,B_reranking_failure,0.04933333333333334,0.3148936170212766,0.74,0.74,6,17,47,What are the signs of what is trichomoniasis??
ID_VL_Amh_Eth_49C13DE7,Amh_Eth,C_recall_failure,0.04933333333333334,0.11021276595744679,0.11021276595744679,0.16914285714285715,55,9,69,የብልቴን አካባቢ በባህላዊ ምላጭ ከላጨሁ ኢንፌክሽን ሊይዘኝ እችላለሁ?
ID_VL_Lug_Uga_A6CE6D7A,Lug_Uga,B_reranking_failure,0.049539748953974894,0.10643835616438356,0.74,0.74,17,41,55,Lwaki okwatula ky'owulira kikulu ng’oyita mu mbeera y'okukyukakyuka kw'obusannyalaze bw'omubiri?
ID_VL_Aka_Gha_91D63F78,Aka_Gha,C_recall_failure,0.0498876404494382,0.08880000000000002,0.08880000000000002,0.10962962962962963,64,31,69,Sɛn na mpanyimfoɔ foforo bɛboa yɛn SRH nkɔmmɔbɔ?
ID_VL_Amh_Eth_ED7BF656,Amh_Eth,C_recall_failure,0.05016949152542373,0.14095238095238094,0.14095238095238094,0.148,30,43,55,የቂጥኝ ምልክቶች ምን ምን ናቸው?
ID_VL_Eng_Gha_5128B9B1,Eng_Gha,C_recall_failure,0.05029126213592233,0.1247191011235955,0.14251851851851852,0.1432258064516129,35,3,42,Are there any potential side effects or risks associated with using emergency contraception?
ID_VL_Amh_Eth_10BA58E3,Amh_Eth,C_recall_failure,0.05045454545454547,0.11384615384615385,0.18,0.18,13,4,58,የክላሚዲያ ምልክቶች ምንድን ናቸው? እንዴትስ ይታከማል?
ID_VL_Lug_Uga_5F584603,Lug_Uga,C_recall_failure,0.050684931506849315,0.050684931506849315,0.09866666666666667,0.09866666666666667,12,0,51,Nsobola okwetangira okufuna Enziku nga nfunye omubeezi omuggya?
ID_VL_Eng_Uga_15AEDE0F,Eng_Uga,B_reranking_failure,0.050684931506849315,0.74,0.74,0.74,3,11,61,How can communities or societies work together to reduce HIV?
ID_VL_Lug_Uga_6365FC2A,Lug_Uga,D_weak_pool,0.05078431372549019,0.3192156862745098,0.3192156862745098,0.3192156862745098,4,7,80,Mu ngeri ki okwemazisa kwe kutwalibwa ng’okutali kwa bulabe eri abantu abasinga obungi?
ID_VL_Lug_Uga_1ECACAE9,Lug_Uga,C_recall_failure,0.05078431372549019,0.09008695652173913,0.10325581395348837,0.11099999999999999,31,5,68,Okebera otya Enziku mu bakyala n'abaami?
ID_VL_Amh_Eth_B289F224,Amh_Eth,C_recall_failure,0.05103448275862068,0.1608695652173913,0.2114285714285714,0.2753488372093023,24,4,57,ሰዎች ኤች አይ ቪን እንዴት ይከላከላሉ?
ID_VL_Eng_Eth_3C1BDACC,Eng_Eth,C_recall_failure,0.051034482758620686,0.06434782608695654,0.08222222222222221,0.10206896551724137,42,46,52,Can prayer cure trichomoniasis?
ID_VL_Amh_Eth_9384EC2B,Amh_Eth,C_recall_failure,0.051034482758620686,0.13454545454545452,0.13454545454545452,0.13454545454545452,2,23,66,ኢንፌክሽን የመያዝ ፍርሃቴን ወደ አወንታዊ እርምጃ እንዴት መለወጥ እችላለሁ?
ID_VL_Aka_Gha_E037E5ED,Aka_Gha,C_recall_failure,0.051034482758620686,0.07295774647887324,0.1628,0.1628,12,12,59,Dɛn na hormone yɛ wɔ mmerantebere ne mmabaabere mu?
ID_VL_Eng_Eth_9050F7EF,Eng_Eth,C_recall_failure,0.0510344827586207,0.12333333333333332,0.12333333333333332,0.12333333333333332,2,21,48,What is the common name for the skin growths caused by low-risk HPV types 6 and 11?
ID_VL_Eng_Ken_D453F867,Eng_Ken,C_recall_failure,0.05115207373271889,0.16095,0.16095,0.16095,1,0,59,Where can I get HIV test in Embu?
ID_VL_Aka_Gha_AAF91531,Aka_Gha,C_recall_failure,0.05123076923076923,0.10905263157894735,0.11772727272727274,0.12333333333333332,50,31,71,"Sɛn na media nsɛm bɔne tesɛ mpa mu agorɔ bɔne, didie basabasa, nnipdua ho fɛw bu ne abusuabɔ bɔne sɛe mmabun?"
ID_VL_Lug_Uga_7D54EC82,Lug_Uga,C_recall_failure,0.051313868613138684,0.05333333333333333,0.1284722222222222,0.1284722222222222,7,46,68,Bikozesebwa ki ebitali ddagala litundibwa mu matundiro ga ddagala ebisobola okukozesebwa okujjanjaba embalabe?
ID_VL_Lug_Uga_A9902071,Lug_Uga,B_reranking_failure,0.05138888888888889,0.08178947368421052,0.74,0.74,6,21,65, Omuntu ayinza atya okufuna enkola za kizaalaggumba?
ID_VL_Aka_Gha_7900F7F9,Aka_Gha,C_recall_failure,0.05144385026737967,0.11008264462809918,0.13155555555555554,0.13767441860465118,29,30,73,Mɛyɛ dɛn ako atia nna mu nsɛm ho nneɛma a ɛnyɛ nokware wɔ amaneɛbɔ nsɛm so?
ID_VL_Eng_Gha_607796A3,Eng_Gha,C_recall_failure,0.051542288557213926,0.058938053097345136,0.15386138613861386,0.18499999999999997,49,28,55,Are there online resources or support groups available for survivors of sexual violence?
ID_VL_Amh_Eth_7BF47042,Amh_Eth,C_recall_failure,0.05162790697674419,0.05162790697674419,0.05162790697674419,0.1193548387096774,33,1,51,በኮንዶም እና በጥርስ ህክምና ግድብ መካከል ያለው ልዩነት ምንድን ነው?
ID_VL_Lug_Uga_54DCCBA5,Lug_Uga,B_reranking_failure,0.051929824561403506,0.74,0.74,0.74,2,6,53,Ddi omwana wange omuwere lw'alina okukeberebwa Akawuka akaleeta Siriimu?
ID_VL_Amh_Eth_C19AD58C,Amh_Eth,C_recall_failure,0.051929824561403506,0.0925,0.0925,0.0925,2,32,70,ከትምህርት ለመቅረት ምክንያት ይሆነኝ ዘንድ ለወንድ መምህሬ የወር አበባ ላይ ነኝ ብዬ ብነግረው፣ ማረጋገጫ የመጠየቅ መብት አለው?
ID_VL_Swa_Ken_C6B18D94,Swa_Ken,B_reranking_failure,0.05215859030837005,0.74,0.74,0.74,1,37,49,"Je, ni dalili gani za kupimwa Virusi Vya Ukimwi?"
ID_VL_Eng_Uga_7317591A,Eng_Uga,B_reranking_failure,0.05223529411764706,0.10781456953642385,0.74,0.74,5,28,34,"If I take warm water before sex will it protect me from Gonorrhea? , please answer in detail."
ID_VL_Aka_Gha_4C71E0FE,Aka_Gha,C_recall_failure,0.05223529411764707,0.05223529411764707,0.15310344827586206,0.15310344827586206,18,0,63,"So ɛnyɛ hwee sɛ obi a ne bɔbeasu yɛ pɛ, ne bɔbeasu foforo, anaa ɔbarima ne ɔbea nna pii ani begye wo ho? (yiw, nna ho akɔnnɔ nyinaa yɛ nea ɛfata) ."
ID_VL_Aka_Gha_F7FD5646,Aka_Gha,C_recall_failure,0.052389380530973445,0.09773584905660379,0.09773584905660379,0.11746031746031746,71,64,74,Sɛn na wɔde yɛn amammere ne mpɔtam hɔ nsɛm fra nketekete (life skills) ho nkyerɛkyerɛ nhyehyɛeɛ mu?
ID_VL_Aka_Gha_32E70629,Aka_Gha,C_recall_failure,0.05244094488188976,0.08538461538461538,0.09866666666666667,0.14800000000000002,27,0,71,Kwan bɛn na mɛfa so maka me SRH ahiasɛm akyerɛ ayaresafoɔ?
ID_VL_Amh_Eth_B118F68D,Amh_Eth,C_recall_failure,0.05285714285714285,0.2466666666666667,0.2748571428571429,0.3062068965517241,57,27,63,በመወለድ የሚመጣ ቂጥኝ ምንድን ነው?
ID_VL_Eng_Uga_07388BA4,Eng_Uga,D_weak_pool,0.05285714285714285,0.1057142857142857,0.13703703703703704,0.40827586206896543,27,3,56,Is it okay if my boyfriend wants to try new things sexually?
ID_VL_Lug_Uga_B93C4B0B,Lug_Uga,C_recall_failure,0.05285714285714285,0.13784313725490194,0.13784313725490194,0.13784313725490194,2,12,62,Ebivudde mu kukebera Enziku eby’enjawulo bitegeeza ki?
ID_VL_Lug_Uga_E82B5B36,Lug_Uga,C_recall_failure,0.05285714285714285,0.19733333333333333,0.19733333333333333,0.19733333333333333,4,56,64,Kiwuniikiriza okubuuza ku byafaayo by'omuntu eby'okwegatta?
ID_VL_Lug_Uga_F168C605,Lug_Uga,C_recall_failure,0.05285714285714286,0.0578125,0.17096551724137926,0.17096551724137926,16,24,75,Osobola okuwandiika emitendera emikulu egy’okuzaala kw’omuntu?
ID_VL_Lug_Uga_96F84FF7,Lug_Uga,B_reranking_failure,0.052857142857142866,0.74,0.74,0.74,2,4,62,Okubeera bbanga Akawuka akaleeta Siriimu lye kamala okubeera nga kasobola okuzuulibwa mu musaayi kitegeeza ki?
ID_VL_Amh_Eth_398D1CA6,Amh_Eth,C_recall_failure,0.052857142857142866,0.10962962962962962,0.11562499999999999,0.11562499999999999,18,57,63,ለሜትሮንዳዞል አለርጂ በሆነ ታካሚ ላይ Trichomoniasis የሚመከረው ሕክምና ምንድን ነው?
ID_VL_Amh_Eth_E893BE3D,Amh_Eth,C_recall_failure,0.052857142857142866,0.03441860465116279,0.03441860465116279,0.09061224489795919,33,20,66,አንዲት ሴት በእርግዝና ወቅት በቂጥኝ በሽታ መያዟ ከተረጋገጠ፣ በምን ያህል በፍጥነት ሕክምና ማግኘት አለባት?
ID_VL_Amh_Eth_9918EE46,Amh_Eth,C_recall_failure,0.052857142857142866,0.0592,0.0592,0.10206896551724137,53,19,58,የመጀመሪያ ደረጃ ቂጥኝ ብዙውን ጊዜ ከበሽታው በኋላ ምን ያህል ጊዜ ይታያል?
ID_VL_Aka_Gha_59970043,Aka_Gha,C_recall_failure,0.052857142857142866,0.07980392156862745,0.07999999999999999,0.10571428571428569,60,63,64,"Sɛn na mmabun bɛko ama nhyehyɛe ahorow a ɛfa nneɛma a ɛtwam a ɛka ɔbarima ne ɔbea nna so nkɛntɛnso ne te sɛ mmarima ne mmea pɛyɛ a enni hɔ, animtiaabu, awo akwahosan mu nsunsuanso, nyiyim, ne asetra mu nneɛma a ɛkyerɛ akwahosan ho asɛm?"
ID_VL_Eng_Gha_2BA6ADB3,Eng_Gha,C_recall_failure,0.053493975903614446,0.07184466019417476,0.13942028985507246,0.13942028985507246,19,27,47,"How can I take care of my mental health when dealing with challenges related to sexual and reproductive health? (anxiety about body image, relationships, unplanned pregnancy)"
ID_VL_Swa_Ken_2D5D2395,Swa_Ken,C_recall_failure,0.05349397590361445,0.12046511627906978,0.12333333333333332,0.16932203389830508,23,2,55,Ni njia zipi ambazo mtu anaweza kuambukizwa kifua kikuu (TB)?
ID_VL_Lug_Uga_78E36397,Lug_Uga,D_weak_pool,0.05362318840579709,0.05362318840579709,0.42967741935483866,0.42967741935483866,12,10,60,Engeri ki esinga obulungi ey'okwewalamu Obuwuka obuleeta Obulwadde bw'Ekikaba?
ID_VL_Amh_Eth_94E0D3BA,Amh_Eth,C_recall_failure,0.0536231884057971,0.0536231884057971,0.0796923076923077,0.1057142857142857,41,46,69,ከአንዲት ልጅ ጋር ቀደም ብላ ማግባት በመፈለጉዋ ሳይፈረድባት ስለወደፊቷ እንዴት ማውራት እችላለሁ?
ID_VL_Eng_Gha_7A768555,Eng_Gha,C_recall_failure,0.05370967741935484,0.13454545454545452,0.13454545454545452,0.13454545454545452,3,4,62,"What strategies can I use to respond to online harassment or disrespectful comments in a mature way? (ignoring negativity, blocking users)"
ID_VL_Aka_Gha_8F15BA58,Aka_Gha,C_recall_failure,0.053818181818181814,0.053818181818181814,0.06577777777777777,0.06577777777777777,18,8,60,"Ɛdeɛn ne akwanside anaa nsɛnnennen a ɛtaa ba wɔ nkitahodi a ɛyɛ katee mu, na mɛyɛ dɛn adi akwanside ahorow yi so de ahyɛ me ho mu ahotoso kɛse wɔ asetra mu tebea horow mu?"
ID_VL_Amh_Eth_8A3C3B5E,Amh_Eth,C_recall_failure,0.053818181818181814,0.12869565217391304,0.12869565217391304,0.12869565217391304,3,41,66,የወር አበባዋ መደበኛ ባልሆነበት ጊዜ የሴት ልጅ የወር አበባ ዑደት ርዝመትን እንዴት ማስላት ይቻላል?
ID_VL_Amh_Eth_FAF14FF0,Amh_Eth,C_recall_failure,0.053818181818181814,0.11684210526315789,0.11684210526315789,0.11684210526315789,0,27,70,እርግዝናን ለመከላከል መድሀኒት (ኪኒን/መረፌ) መጠቀም ኃጢአት ነው?
ID_VL_Swa_Ken_6180B78A,Swa_Ken,B_reranking_failure,0.05401459854014598,0.74,0.74,0.74,0,14,61,"Je, kunaweza kuwa na matokeo mabaya ya kumwambia mtu nina Virusi Vya Ukimwi?"
ID_VL_Lug_Uga_FCFFE9E3,Lug_Uga,B_reranking_failure,0.05404494382022472,0.74,0.74,0.74,0,11,58,Mitendera ki egisobola okuyitibwamu okwekuuma obutakwatibwa Kafuba?
ID_VL_Amh_Eth_D5B077E0,Amh_Eth,C_recall_failure,0.05414634146341463,0.1126086956521739,0.1126086956521739,0.2642857142857143,48,27,54,ልጃገረዶች ክላሚዲያ እንዳለባቸው እንዴት ማወቅ ይችላሉ?
ID_VL_Eng_Gha_71B701AA,Eng_Gha,C_recall_failure,0.05414634146341463,0.16891304347826086,0.16891304347826086,0.1789010989010989,44,10,52,"What are the legal protections in place to prevent discrimination based on gender and sexual identity in adolescents living with disability, and how effective are they?"
ID_VL_Amh_Eth_D3016989,Amh_Eth,C_recall_failure,0.05414634146341463,0.07999999999999999,0.09592592592592591,0.14322580645161287,55,15,56,የነርቭ ቂጥኝ በየትኛውም የቂጥኝ በሽታ ደረጃ ሊከሰት ይችላል?
ID_VL_Aka_Gha_ECAB3301,Aka_Gha,C_recall_failure,0.05414634146341463,0.09999999999999998,0.09999999999999998,0.11511111111111111,27,5,70,Abɛɛfo mfidie a yɛfrɛ no 'technology' bɛn na ɛboa SRH ho adesua ne nkyerɛkyerɛ?
ID_VL_Eng_Gha_C38C1DEC,Eng_Gha,C_recall_failure,0.05452631578947367,0.16983606557377048,0.25673469387755105,0.25673469387755105,7,8,40,Are there any resources or educational materials available through telehealth platforms to learn more about sexual and reproductive health?
ID_VL_Amh_Eth_5C9D927D,Amh_Eth,C_recall_failure,0.05481481481481481,0.12046511627906976,0.12685714285714286,0.1909677419354839,46,43,53,በሄርፒስ ወረርሽኝ እና በዋናው ተደጋጋሚ መካከል ያለው ዋና ልዩነት ምንድነው?
ID_VL_Lug_Uga_E3082DDC,Lug_Uga,C_recall_failure,0.05481481481481481,0.14095238095238097,0.14095238095238097,0.14095238095238097,1,55,60,Kirungi okubuuza omubeezi wange ku byafaayo bye eby’okwegatta?
ID_VL_Eng_Eth_2A1F955A,Eng_Eth,D_weak_pool,0.05481481481481481,0.33172413793103445,0.33172413793103445,0.33172413793103445,4,0,42,What do health workers say about how boys and girls can prevent trichomoniasis?
ID_VL_Lug_Uga_47C4CC51,Lug_Uga,B_reranking_failure,0.054814814814814816,0.74,0.74,0.74,1,55,65,Omuntu ayinza atya okukwata ebizibu mu mukwano?
ID_VL_Lug_Uga_4C819260,Lug_Uga,D_weak_pool,0.05481481481481482,0.3062068965517241,0.3062068965517241,0.3062068965517241,2,48,58,Ngeri ki etalina bulabe ey'okwawukanamu n'omubeezi wo bwe mubadde mu mukwano?
ID_VL_Amh_Eth_C31EDBBC,Amh_Eth,C_recall_failure,0.05481481481481482,0.13874999999999998,0.1793939393939394,0.1793939393939394,5,19,71,ከፍተኛ መጠን ያለው የወሊድ መቆጣጠሪያ ክኒን የምወስድ ከሆነ፣ ይሄ ከፍተኛ መጠን ከአባለዘር በሽታዎች ይጠብቀኛል?
ID_VL_Eng_Uga_9B792AFA,Eng_Uga,B_reranking_failure,0.05500000000000001,0.74,0.74,0.74,1,3,52,What should I expect if I visit a sexual health clinic?
ID_VL_Lug_Uga_AE46024D,Lug_Uga,B_reranking_failure,0.05528735632183908,0.74,0.74,0.74,4,70,73,"Singa mbeera mu mbeera eyinza okunviira okukwatibwa Akawuka akaleeta Siriimu ne nkeberebwa amangu ago, vvayiraasi eyinza okuzuulibwa?"
ID_VL_Lug_Uga_711456DE,Lug_Uga,B_reranking_failure,0.0555,0.74,0.74,0.74,0,32,70,Ngeri ki omuntu z'asobola okukwatamu obusimu obuleeta okunyumirwa mu kwegatta?
ID_VL_Eng_Gha_7089FC6D,Eng_Gha,C_recall_failure,0.05584905660377358,0.06804597701149426,0.23680000000000004,0.23680000000000004,12,4,60,"How can I report GBV confidentially, especially if I'm not sure if I want to press charges? (anonymous reporting options, victim support services)"
ID_VL_Eng_Uga_3F87DFC2,Eng_Uga,C_recall_failure,0.05606060606060606,0.15416666666666667,0.15416666666666667,0.15416666666666667,3,10,49,"Young girls who are being vaccinated against cervical cancer, won't they be affected during pregnancy?"
ID_VL_Eng_Uga_EF145064,Eng_Uga,C_recall_failure,0.05606060606060607,0.22424242424242427,0.22424242424242427,0.22424242424242427,1,7,76,Can a male person be able not to produce children?
ID_VL_Aka_Gha_6F3F920C,Aka_Gha,D_weak_pool,0.056137931034482766,0.4182608695652174,0.4182608695652174,0.4182608695652174,2,26,71,So ahyehyɛde ahorow bi wɔ hɔ a wɔreyɛ adwuma de adi bɔbea mubasabasayɔ (GBV) ho dwuma wɔ amammerɛ tebea pɔtee bi mu anaasɛ mmabun a wɔadi dɛm? (wɔhwehwɛ mmoa ntam nkitahodi ahorow a ɛfata) .
ID_VL_Aka_Gha_9A1DE644,Aka_Gha,C_recall_failure,0.05630434782608695,0.08825688073394496,0.15358490566037736,0.15358490566037736,8,60,70,Nsɛnnennen bɛn na 'mentors' (afotufoɔ) hyia bere a wɔreboa mmabun wɔ SRH mu?
ID_VL_Eng_Uga_247296A4,Eng_Uga,D_weak_pool,0.05638095238095237,0.40700000000000003,0.40700000000000003,0.40700000000000003,1,2,58,Is it safe to have sex during pregnancy?
ID_VL_Aka_Gha_2AF43AB7,Aka_Gha,C_recall_failure,0.05638095238095238,0.06727272727272728,0.08931034482758621,0.08931034482758621,9,17,76,Ehia sɛ m’awofoɔ pene so ansa na matumi de awoɔ ho aduro bi adi dwuma wɔ me mpɔtam hɔ?
ID_VL_Aka_Gha_E82C7D7B,Aka_Gha,C_recall_failure,0.0564885496183206,0.10829268292682927,0.10829268292682927,0.13767441860465113,61,60,69,"Sɛn na mmabun bɛko ama 'mentorship' sɛ wɔmfa afotu nhyehyɛe ne mmoa dwumadi ahorow nka sukuu ahorow, mpɔtam, ne akwahosan ho nhyehyɛe ahorow mu na ama wɔadi mmerante ne mmabaa ahiade ahorow ho dwuma yiye wɔ atipɛnfo nhyɛso ne nna mu akwahosan ho nsɛm a wodi ho dwuma mu?"
ID_VL_Lug_Uga_6B6A8061,Lug_Uga,B_reranking_failure,0.056693548387096775,0.74,0.74,0.74,0,2,62,Okuyumunguza obukyala ne sooda wa Coca-Cola kitangira Akawuka akaleeta Siriimu oluvannyuma lw’embeera eteeka omuntu mu katyabaga k'okukakwatibwa?
ID_VL_Amh_Eth_8DB06746,Amh_Eth,C_recall_failure,0.056923076923076917,0.12685714285714286,0.12685714285714286,0.12807692307692306,66,6,77,ከኤች አይ ቪ የተያዘች እናት የተወለደ ሕፃን ከተወለደ በኋላ ወዲያውኑ መድሃኒት መውሰድ ሊጀምር ይችላል?
ID_VL_Eng_Uga_D010318A,Eng_Uga,B_reranking_failure,0.056923076923076917,0.74,0.74,0.74,3,16,49,"What are the problems associated with HBV?, please answer this using simple medical terms."
ID_VL_Amh_Eth_746F7891,Amh_Eth,C_recall_failure,0.056923076923076917,0.04352941176470588,0.08579710144927535,0.10359999999999998,62,4,83,አንድ ወንድ በብልቱ አካባቢ ኪንታሮት ካለው፣ ይህ ለሴት የትዳር አጋሩ የካንሰር ተጋላጭነት ምን ማለት ነው?
ID_VL_Amh_Eth_D32E6DCD,Amh_Eth,C_recall_failure,0.056923076923076917,0.12869565217391307,0.22769230769230767,0.22769230769230767,8,37,49,የሄርፒስ ወረርሽኝ የሚያነሳሳው ምንድን ነው?
ID_VL_Eng_Gha_35145890,Eng_Gha,C_recall_failure,0.056923076923076917,0.07161290322580645,0.08377358490566039,0.12532258064516127,34,9,55,Why is it important to practice empathy and consider others' feelings when communicating during puberty?
ID_VL_Amh_Eth_D9D80B8D,Amh_Eth,C_recall_failure,0.056923076923076917,0.12869565217391307,0.137037037037037,0.15578947368421053,45,40,48,የክላሚዲያ ምልክቶች ሁልጊዜ ይገኛሉ?
ID_VL_Eng_Uga_9A069295,Eng_Uga,D_weak_pool,0.05692307692307692,0.3946666666666666,0.3946666666666666,0.3946666666666666,0,0,48,Is there vaccination against Syphilis?
ID_VL_Amh_Eth_2CD94CBB,Amh_Eth,C_recall_failure,0.05692307692307692,0.07047619047619047,0.0752542372881356,0.10741935483870968,63,52,75,የሕክምና ሚስጥር ጥበቃ ምንድነው? አንድ ዶክተር ሚስጥሩን ማውጣት የሚችለውስ መቼ ነው?
ID_VL_Lug_Uga_E959137F,Lug_Uga,B_reranking_failure,0.05692307692307692,0.15653846153846152,0.74,0.74,6,25,45,Obuwuka obuleeta Obulwadde bw'Ekikaba buwonyezebwa?
ID_VL_Eng_Gha_776ABF09,Eng_Gha,B_reranking_failure,0.05692307692307692,0.74,0.74,0.74,4,29,55,"What are some things I can do to express my gender identity in a way that feels right for me? (clothing, pronouns, social presentation)"
ID_VL_Eng_Uga_3B6DCA0D,Eng_Uga,D_weak_pool,0.05692307692307692,0.3288888888888889,0.3288888888888889,0.3288888888888889,0,0,48,Is there vaccination against Syphilis?
ID_VL_Amh_Eth_96EF2AD6,Amh_Eth,C_recall_failure,0.05692307692307692,0.08969696969696969,0.09866666666666667,0.11684210526315789,44,48,73,ኤድስ ባለበት ወንድ ወይም ሴት ላይ ጨብጥ ማከም ዋናው ችግር ምንድን ነው?
ID_VL_Aka_Gha_BB026576,Aka_Gha,C_recall_failure,0.05736434108527132,0.05736434108527132,0.11684210526315789,0.11684210526315789,6,33,67,Mmoa bɛn na ɛwɔ hɔ a ɛbɛboa me kasa ho  'communication skills'? bere m'aduru me mpanyinfi so?
ID_VL_Lug_Uga_E0E3C5CE,Lug_Uga,B_reranking_failure,0.057442922374429224,0.74,0.74,0.74,7,36,64,Bintu ki ebireetera omuntu okusalawo okwewala okwegatta?
ID_VL_Eng_Ken_7EE1011A,Eng_Ken,C_recall_failure,0.057662337662337665,0.0996153846153846,0.11590361445783133,0.16305084745762713,27,27,53,What is the appropriate time to take beforre being tested for HIV?
ID_VL_Lug_Uga_2B843EF3,Lug_Uga,C_recall_failure,0.0577304964539007,0.08222222222222222,0.10456521739130435,0.10456521739130435,14,2,62,Okukomolebwa kusobola okunkuuma obutakwatibwa Kabootongo?
ID_VL_Aka_Gha_6C031199,Aka_Gha,C_recall_failure,0.0578125,0.06865979381443298,0.10882352941176471,0.1363157894736842,59,70,75,Sɛn na yɛbɛyɛ baabi a ahobammɔ wɔ mu ama mmebun ate nka sɛ wo ho tɔ wo sɛ wobɛka nna mu awo akwaa apɔmuden ho asɛm a ehu ne atemmu anaa nyiyim biara nni mu ?
ID_VL_Aka_Gha_FBF6E16F,Aka_Gha,C_recall_failure,0.0578125,0.0856842105263158,0.10571428571428572,0.15136363636363637,27,68,74,Di ɛka a ɛbɛhaw wo ho dwuma na si akwan horow te sɛ sliding scale fees anaa nneɛma a wontua hwee so dua.
ID_VL_Eng_Uga_1B46EBDC,Eng_Uga,B_reranking_failure,0.057877094972067035,0.4588,0.4588,0.4588,1,0,64,What pain killer can be used to stop severe menstrual pain in Women Reproductive Age (WRA)?
ID_VL_Swa_Ken_B45E9463,Swa_Ken,C_recall_failure,0.05787709497206704,0.1432258064516129,0.1432258064516129,0.17814814814814817,22,36,56,"Ikiwa nimepata virusi vya ukimwi na kupimwa, je, kipimo kitagundua virusi?"
ID_VL_Aka_Gha_DCA02EEC,Aka_Gha,C_recall_failure,0.05795180722891566,0.10325581395348837,0.10829268292682927,0.14494845360824743,52,35,77,Sɛn na yɛtete akyerɛkyerɛfoɔ ne sukuu adwumayɛfoɔ sɛdeɛ wɔbetumi ahunu nsɛnkyerɛne wɔ adwenemyareɛ mu na watumi aboa asuafoɔ wɔ berɛ a ɛsɛ mu?
ID_VL_Amh_Eth_A9F948B2,Amh_Eth,D_weak_pool,0.05803921568627451,0.11384615384615385,0.22677419354838707,0.31157894736842107,20,32,71,ትንሽ የትምባሆ ቁራጭ ወይም እንደ ቺሊ ያለ ጠንካራ ቅመም ወደ ውስጥ ማስገባት ሕመሙን ያቃጥላል የሚል ሰምቻለሁ። ይህ እውነት ነው?
ID_VL_Aka_Gha_E059A0EE,Aka_Gha,D_weak_pool,0.05814285714285714,0.27534883720930237,0.31489361702127655,0.31489361702127655,13,56,63,"Sɛn na pɛpɛɛpɛyɛ (consent) kyerɛ wɔ mmaa ne mmaa anaa mmarima ne mmarima ntam abusuabɔ mu, anaa obi a ɔnyɛ ɔbarima pɔtee anaa ɔbaa pɔtee (non-binary) ntam abusuabɔ mu? (Ɛkyerɛ anigye mu pɛpɛɛpɛyɛ, anaa nkɔmmɔbɔ a ɛkɔ so daa?)"
ID_VL_Eng_Uga_FB3DF063,Eng_Uga,C_recall_failure,0.05816593886462881,0.15118279569892473,0.16293577981651378,0.18175438596491228,43,14,48,"If I get treated for Syphilis and I get cured, are there chances I can get it again?"
ID_VL_Lug_Uga_7CD2192F,Lug_Uga,B_reranking_failure,0.058498023715415015,0.11326530612244898,0.74,0.74,14,32,49,Ntegeera ntya nti nnina Kabootongo?
ID_VL_Lug_Uga_DA9BCCC1,Lug_Uga,B_reranking_failure,0.05880794701986755,0.74,0.74,0.74,0,29,76,"Singa omuntu asobezebwako, ani gw’asobola okutuukirira?"
ID_VL_Aka_Gha_9F0FDA8D,Aka_Gha,C_recall_failure,0.05893805309734512,0.11653543307086614,0.13513043478260867,0.14575757575757575,45,36,83,Mɛyɛ dɛn de me nne ne me nimdeɛ ako ama nsakraeɛ ne bammɔ ama obiara?
ID_VL_Eng_Ken_1139FA12,Eng_Ken,C_recall_failure,0.05919999999999999,0.11876543209876544,0.2292957746478873,0.2292957746478873,10,12,43,Has a definitive cure for HIV been established?
ID_VL_Eng_Ken_04015CED,Eng_Ken,C_recall_failure,0.0592,0.07655172413793103,0.13454545454545455,0.24666666666666665,45,1,51,How many people are on ART?
ID_VL_Eng_Uga_E271FFF9,Eng_Uga,C_recall_failure,0.0592,0.17759999999999998,0.17759999999999998,0.19304347826086957,42,26,57,Should I worry about sexual health in a long-term relationship?
ID_VL_Amh_Eth_175BA98D,Amh_Eth,C_recall_failure,0.0592,0.04933333333333333,0.05481481481481481,0.1909677419354839,56,3,67,ምንም አይነት ህመም ከሌለኝ አሁንም ክላሚዲያ ሊኖረኝ ይችላል?
ID_VL_Amh_Eth_AC1AA554,Amh_Eth,C_recall_failure,0.0592,0.1102127659574468,0.1102127659574468,0.11288135593220339,25,6,66,አንዲት ሴት ከመገናኘቷ በፊት ከፍተኛ መጠን ያለው ጠንካራ አልኮል ከጠጣች ጀርሞቹን ይገድላል እና ኢንፌክሽንን ይከላከላል የሚል ሰምቻለሁ። ይህ እውነት ነው?
ID_VL_Amh_Eth_2F32751E,Amh_Eth,C_recall_failure,0.0592,0.0592,0.09446808510638299,0.09866666666666667,40,52,61,ልጄ ከእኔ በቂ ወተት እያገኘ መሆኑን የሚያሳዩ ምልክቶች ምንድናቸው?
ID_VL_Amh_Eth_4C1F55AB,Amh_Eth,C_recall_failure,0.05967741935483872,0.07047619047619046,0.07708333333333334,0.1036,28,20,74,ሀኪም (ባህላዊ ፈዋሽ) ወይም ራኪ (አስወጋጅ) የአባላዘር በሽታ በጋኔን (እርኩሳን መናፍስት) የተከሰተ ነው ካሉ፣ ምክራቸውን መከተል አለብኝ?
ID_VL_Swa_Ken_29330FC4,Swa_Ken,C_recall_failure,0.059797979797979794,0.10571428571428573,0.20468085106382977,0.20468085106382977,8,20,69,"Je, mwanaume au mwanamke anaweza kuambukizwa virusi vya ukimwi ikiwa alitoa uume wake kabla ya kumwaga manii?"
ID_VL_Eng_Uga_F5948A54,Eng_Uga,C_recall_failure,0.0597979797979798,0.0597979797979798,0.14535714285714285,0.15696969696969698,28,35,56,Can mood changes be a sign of STIs?
ID_VL_Amh_Eth_F1AFDB65,Amh_Eth,C_recall_failure,0.06,0.06,0.09866666666666667,0.10962962962962965,47,55,60,ወንዶች ኤችፒቪ መመርመር ይችላሉ? አዎ ከሆነ እንዴት?
ID_VL_Amh_Eth_B321BF21,Amh_Eth,C_recall_failure,0.06,0.16444444444444445,0.17411764705882352,0.17411764705882352,7,60,66,ከ ትሪኮሞኒያሲስ ጋር ተያይዞ የሚመጣው የፈሳሽ መልክ አብዛኛውን ጊዜ ምን ይመስላል?
ID_VL_Lug_Uga_91A646DA,Lug_Uga,B_reranking_failure,0.060000000000000005,0.1034965034965035,0.74,0.74,15,14,71,Kiseera ki ekitera okukozesebwamu  eddagala eritta obuwuka okujjanjaba Akafuba akakwata amawuggwe?
ID_VL_Lug_Uga_303CB04B,Lug_Uga,B_reranking_failure,0.060162601626016256,0.74,0.74,0.74,0,26,58,Ddi Akawuka akaleeta Siriimu lwe kasinga okwanguyirwa okuva ku muntu omu okudda ku mulala?
ID_VL_Lug_Uga_361DB014,Lug_Uga,B_reranking_failure,0.060162601626016256,0.74,0.74,0.74,1,74,75,Nsobola ntya okuleetera munnange okuwulira obutebenkevu singa mba njagala okugezaako akakodyo ak’enjawulo mu by’okwegatta?
ID_VL_Amh_Eth_4767D76C,Amh_Eth,C_recall_failure,0.06040816326530612,0.06883720930232558,0.11384615384615383,0.18175438596491228,73,0,80,ኮንዶም ውድ ነው እና በመንደሬ ውስጥ ለማግኘት አስቸጋሪ ነው:: በርካሽ ዋጋ የት ማግኘት እችላለሁ?
ID_VL_Eng_Uga_3E9639BA,Eng_Uga,B_reranking_failure,0.060408163265306125,0.74,0.74,0.74,1,12,38,"Is there any classification of STDs?, please answer this using simple medical terms."
ID_VL_Lug_Uga_BEE975DA,Lug_Uga,B_reranking_failure,0.06054545454545455,0.0730864197530864,0.74,0.74,14,1,62,Tuliici Kawuka akaleeta Obulwadde bw'Ekikaba?
ID_VL_Amh_Eth_7DE31A51,Amh_Eth,C_recall_failure,0.060655737704918035,0.06727272727272728,0.1088235294117647,0.1088235294117647,11,0,61,የአባለዘር በሽታዎች በእርግዝና ወቅት ችግር ያመጣሉ የሚለው እውነት ነው?
ID_VL_Eng_Gha_3C9ABE10,Eng_Gha,C_recall_failure,0.06074626865671641,0.18407960199004975,0.2744600938967136,0.2744600938967136,10,4,51,What are some resources available for adolescents to learn more about mental health and seek support if needed?
ID_VL_Eng_Gha_A723FB72,Eng_Gha,C_recall_failure,0.06124137931034482,0.15602409638554215,0.19252032520325202,0.19775862068965516,20,3,43,"What are the side effects of hormonal birth control, and how common are they?"
ID_VL_Lug_Uga_A48AA108,Lug_Uga,C_recall_failure,0.06127388535031847,0.08847826086956521,0.12790123456790123,0.12899082568807338,54,27,68,Kiki ekirungamya okusalawo kw'ekika ky'eddagala eriweweeza ku Kawuka akaleeta Siriimu ery'omuntu awangaala n'Akawuka akaleeta Siriimu/Siriimu?
ID_VL_Aka_Gha_32C5BD89,Aka_Gha,C_recall_failure,0.06166666666666666,0.09548387096774194,0.09548387096774194,0.14191780821917807,26,0,51,"Dɛn ne nkɔso a ɛma obi nyin, na dɛn nti na ɛba?"
ID_VL_Eng_Gha_D4D30795,Eng_Gha,C_recall_failure,0.06166666666666666,0.15504761904761905,0.18776119402985075,0.18776119402985075,15,0,55,"How does my mental health affect my sexual and reproductive health choices? (depression impacting self-care, body image affecting sexual relationships)"
ID_VL_Aka_Gha_67F48AD5,Aka_Gha,C_recall_failure,0.06166666666666666,0.09146067415730336,0.10571428571428573,0.1280769230769231,84,63,85,"Mɛyɛ dɛn ama adwene mu apɔwmuden nnwuma atumi asom mmaabun hia adeɛ wɔpɛ gu ahorow, a ne ho nsɛm fa amammerɛ ne kasa ho nimdie nso ka ho?"
ID_VL_Eng_Eth_D664D264,Eng_Eth,C_recall_failure,0.06166666666666666,0.10325581395348837,0.12869565217391304,0.1363157894736842,37,14,65,Do the IUD (coil) or hormonal implants offer any protection against STIs?
ID_VL_Eng_Eth_196F4DFA,Eng_Eth,C_recall_failure,0.061666666666666675,0.24666666666666665,0.24666666666666665,0.24666666666666665,1,12,45,Can prayer cure gonorrhea?
ID_VL_Lug_Uga_BC9A7998,Lug_Uga,C_recall_failure,0.062242990654205604,0.13454545454545452,0.14800000000000002,0.14800000000000002,7,24,72,Obuwangwa bwange bukosa butya endowooza zange ku by’okwegatta?
ID_VL_Aka_Gha_3FCB7546,Aka_Gha,C_recall_failure,0.06231578947368422,0.11511111111111111,0.11511111111111111,0.13999999999999999,55,42,61,Mɛyɛ dɛn atumi anya abusuabɔ pa ne adamfofa bere a mereyɛ anyin?
ID_VL_Aka_Gha_8F9797B0,Aka_Gha,B_reranking_failure,0.0627878787878788,0.6783333333333333,0.6783333333333333,0.6783333333333333,1,51,69,"Nneɛma bɛn na metumi ayɛ de anya ahotoso ne obuo ama me ho sɛ LGBTQ+ ɔbabun? (akuw a wɔboa, nneyɛe a wɔde hwɛ wɔn ho) ."
ID_VL_Lug_Uga_9565257B,Lug_Uga,B_reranking_failure,0.06297872340425531,0.74,0.74,0.74,3,7,69,Omulenzi yakeberebwa n'azuulibwamu Akawuka akaleeta Siriimu era maama we n'amugobwa awaka; magezi ki ge nsobola okumuwa?
ID_VL_Lug_Uga_39EB038A,Lug_Uga,C_recall_failure,0.06297872340425531,0.2018181818181818,0.2018181818181818,0.2018181818181818,0,34,48,Kiki kye nnina okukola singa nteebereza nti nnina Obuwuka obuleeta Obulwadde bw'Ekikaba?
ID_VL_Aka_Gha_614FF3D7,Aka_Gha,C_recall_failure,0.06297872340425532,0.06727272727272726,0.09592592592592591,0.12333333333333332,54,12,68,"Ɔkwan bɛn so na amammerɛ ne nyamesom akannifo ka mmabun nna mu akwahosan, na ɔkwan bɛn so na mmabun betumi ne wɔn adi nkitaho?"
ID_VL_Eng_Uga_A247541D,Eng_Uga,C_recall_failure,0.06297872340425532,0.12737704918032788,0.1687719298245614,0.1761904761904762,53,50,56,"If I get treated for Syphilis and I got cured, are there chances I can get it again?, please answer this using simple medical terms."
ID_VL_Aka_Gha_663F1C97,Aka_Gha,C_recall_failure,0.06317073170731707,0.08377358490566039,0.15,0.15,9,5,70,Sɛn na mmabunberɛ (puberty) ka me ne nnamfo/abusua ntam abusuabɔ?
ID_VL_Lug_Uga_3C088990,Lug_Uga,B_reranking_failure,0.06321608040201006,0.74,0.74,0.74,6,14,66,Biki ebimu ku biyinza okuvaako okusiiyibwa mu bitundu by’ekyama?
ID_VL_Lug_Uga_DDCBF4BC,Lug_Uga,B_reranking_failure,0.06321608040201006,0.74,0.74,0.74,4,13,68,Kiki kye nnyinza okukola singa okusiiyibwa mu bitundu byange eby’ekyama tekusalako oba ne kweyongera?
ID_VL_Lug_Uga_0706FEC2,Lug_Uga,B_reranking_failure,0.06342857142857142,0.74,0.74,0.74,0,49,69,Emirundi emeka mu lunaku omuntu alina Akawuka akaleeta Siriimu mw'alina okumirira eddagala lya HIV RX?
ID_VL_Eng_Uga_659B0105,Eng_Uga,D_weak_pool,0.06342857142857142,0.33299999999999996,0.33299999999999996,0.33299999999999996,1,2,58,Is it safe to have sex during pregnancy?
ID_VL_Lug_Uga_79A7E63B,Lug_Uga,C_recall_failure,0.06342857142857143,0.09418181818181819,0.111,0.1311392405063291,36,19,67,Lwaki kikulu okwogerako ne mikwano gyo ku Buwuka obuleeta Obulwadde bw'Ekikaba?
ID_VL_Aka_Gha_D450281C,Aka_Gha,C_recall_failure,0.06370860927152316,0.07295774647887324,0.08880000000000002,0.1030379746835443,23,7,78,"Ɛden ne nipa a wɔyɛ adwuma yi akyɛ ne wɔn a wɔboa nnipa wɔ abeifo ntetan nsɛm 'online crisis' mmbamu dwumadie mu, na ɛden nso nɛ wɔn tumiyɛ nfɛsɔdi?"
ID_VL_Amh_Eth_45B1ED25,Amh_Eth,C_recall_failure,0.06379310344827585,0.11384615384615383,0.12542372881355932,0.15744680851063828,28,43,71,የሄርፒስ በሽታ ያለበት ሰው አጋር ምንም ምልክት ከሌለው ምርመራ ማድረግ አስፈላጊ ነው?
ID_VL_Eng_Eth_36760CE5,Eng_Eth,C_recall_failure,0.06379310344827585,0.23830508474576273,0.27901639344262297,0.27901639344262297,12,41,67,"If I go to the clinic and my neighbor sees me, how can I avoid the community spreading rumors about me?"
ID_VL_Lug_Uga_6744CB9E,Lug_Uga,B_reranking_failure,0.06379310344827585,0.74,0.74,0.74,2,66,74,Njawulo ki enkulu wakati w'Akafuba akakwata amawuggwe n'Akafuba akakwata ebitundu by'omubiri ebirala ebitali mawuggwe?
ID_VL_Amh_Eth_31B1B099,Amh_Eth,C_recall_failure,0.06379310344827586,0.09866666666666665,0.09866666666666665,0.19096774193548388,31,3,66,ስለጨብጥ በሽታ ምን እንደሆነ ማስረዳት ይችላሉ?
ID_VL_Lug_Uga_927F8103,Lug_Uga,B_reranking_failure,0.06385786802030458,0.74,0.74,0.74,0,15,71,Lwaki kikulu abatiini okwambala obuwale obwomunda ebibatuuka obulungi era obukkiriza emibiri gyabwe okussa obulungi mu kiseera ky’okuvubuka?
ID_VL_Lug_Uga_5B86EA69,Lug_Uga,B_reranking_failure,0.06388489208633093,0.13796610169491524,0.74,0.74,14,39,63,Mitendera ki omuntu alina Akawuka akaleeta Siriimu gy’ayinza okuyitamu okukendeeza ku katyabaga k'endwadde zinnakigwanyizi?
ID_VL_Aka_Gha_28C13091,Aka_Gha,C_recall_failure,0.06409448818897638,0.16586206896551725,0.16586206896551725,0.16586206896551725,0,2,77,"Di adwenem apɔmden, nkitahodie, ne nna mu nkɔso a ɛfa mmabun ntam no ho dwuma."
ID_VL_Aka_Gha_E21342B0,Aka_Gha,C_recall_failure,0.06409448818897638,0.1,0.11808510638297871,0.20555555555555552,48,64,67,"Hena na metumi ne no akasa wɔ me sukuu mu sɛ mete nka sɛ minni ahobammɔ anaasɛ mihyia GBV fi osuani foforo hɔ a? (afotufo, akyerɛkyerɛfo, mpanyimfo a wogye wɔn di) ."
ID_VL_Eng_Uga_143A9AFF,Eng_Uga,C_recall_failure,0.06434782608695651,0.09866666666666667,0.09866666666666667,0.09866666666666667,4,10,59,"Which type of HIV is the most dangerous one?, please answer this using simple medical terms."
ID_VL_Aka_Gha_505CC686,Aka_Gha,C_recall_failure,0.06434782608695652,0.06434782608695652,0.06434782608695652,0.06434782608695652,2,0,64,"Dɛn ne ɔbarima ne ɔbea awo nhyehyɛe no mu (mfinimfini) ne akyi (akyi), na ɔkwan bɛn so na ɛbom yɛ adwuma?"
ID_VL_Amh_Eth_CEE624D0,Amh_Eth,C_recall_failure,0.06434782608695652,0.06434782608695652,0.06434782608695652,0.08809523809523809,49,1,69,ትራይኮኖሚያሲስ በሌላ አባላዘር በሽታ የመያዝ ዕድልን ይጨምራል? በሴቶች የመውለድ ሁኔታ ላይ ችግር ያመጣል?
ID_VL_Eng_Uga_52961FB3,Eng_Uga,C_recall_failure,0.06434782608695652,0.07453237410071943,0.1567058823529412,0.19119617224880384,23,7,54,"What happens if chlamydia is not treated?, please answer in detail."
ID_VL_Lug_Uga_E9462820,Lug_Uga,B_reranking_failure,0.06434782608695652,0.74,0.74,0.74,1,43,65,Nsobola okugabana ebibuuzo byange ebikwata ku bulamu bw’okwegatta n’emikwano mu ngeri etaleeta bulabe?
ID_VL_Eng_Eth_6E417D47,Eng_Eth,D_weak_pool,0.06434782608695652,0.20871794871794874,0.20871794871794874,0.30028985507246375,44,38,64,How can I convince my husband to use a condom to protect me from sickness?
ID_VL_Lug_Uga_21019BFF,Lug_Uga,B_reranking_failure,0.06434782608695652,0.74,0.74,0.74,2,59,71,Ndi mu mukwano omuggya; ntegeera ntya oba munnange awulira obutenkevu ng'ali nange?
ID_VL_Amh_Eth_4BD6CEE6,Amh_Eth,D_weak_pool,0.06434782608695654,0.3062068965517242,0.3288888888888889,0.3288888888888889,10,1,51,ክላሚዲያ ተመልሶ ሊይዘኝ ይችላል?
ID_VL_Lug_Uga_98ABB2E7,Lug_Uga,C_recall_failure,0.0646031746031746,0.10673076923076921,0.10673076923076921,0.74,63,35,76,Ekifuba kyetaaga kumala bbanga ki okusobola okwoleka nti Kafuba?
ID_VL_Lug_Uga_050DCBFE,Lug_Uga,C_recall_failure,0.06481751824817517,0.12427480916030534,0.13566666666666666,0.13784313725490194,28,4,64,Lwaki kikulu okunywerera ku ART okuziyiza okukulaakulana kwa siriimu?
ID_VL_Eng_Uga_3E9AEC86,Eng_Uga,B_reranking_failure,0.0649122807017544,0.06727272727272728,0.74,0.74,8,13,51,Why is hygiene important in preventing infections from sex?
ID_VL_Amh_Eth_859131D2,Amh_Eth,C_recall_failure,0.0649122807017544,0.0649122807017544,0.09418181818181817,0.16958333333333336,56,15,59,ሊታከም በሚችል የአባላዘር በሽታ (ክላሚዲያ) እና የዕድሜ ልክ (ሄርፒስ) መካከል ያለው ልዩነት ምንድን ነው?
ID_VL_Lug_Uga_CEE4E512,Lug_Uga,B_reranking_failure,0.06512,0.74,0.74,0.74,0,12,63,Ebitundu oba abantu bayinza batya okuyamba omutiini ali olubuto okudda mu ssomero nga bazadde be bakiwakanya?
ID_VL_Lug_Uga_61584F88,Lug_Uga,B_reranking_failure,0.06529411764705882,0.74,0.74,0.74,0,11,50,Nninza kwekwata ntya okusobola okubuulira ku muntu ku bwe nnyimiridde ku Kawuka akaleeta Siriimu?
ID_VL_Aka_Gha_9F044AED,Aka_Gha,C_recall_failure,0.06529411764705882,0.08847826086956521,0.1210909090909091,0.1210909090909091,7,49,68,"Mɛyɛ dɛn atumi adi anadwo bree anaasɛ berɛ a endi nhyehyɛeɛ so, na megusɔ ma meda ho hia me bere merenyini?"
ID_VL_Lug_Uga_7B0CCAD9,Lug_Uga,C_recall_failure,0.06561576354679803,0.0891566265060241,0.12657894736842104,0.12657894736842104,12,43,85,"Katyabaga ki akali mu kubeera ng'omuntu tagaana kwegatta, ne bwe kiba ng'ebirowoozo byabwe babimalidde ku misomo gyabwe?"
ID_VL_Amh_Eth_8EDDDFCD,Amh_Eth,C_recall_failure,0.06577777777777777,0.07047619047619048,0.13454545454545452,0.13454545454545452,18,43,71,ሴት ልጅ ከክልሉ ውጭ ልዩ ህክምና (እንደ ፊስቱላ ጥገና) ከፈለገች ሂደቱ ምንድን ነው?
ID_VL_Amh_Eth_F1533AE8,Amh_Eth,C_recall_failure,0.06577777777777778,0.18893617021276596,0.18893617021276596,0.18930232558139534,58,46,65,"በመጀመሪያው የ አባላዘር ምርመራ ላይ ""ውሸት-ፖዘቲቭ"" ውጤት ምን ማለት ነው?"
ID_VL_Amh_Eth_91B78D8E,Amh_Eth,C_recall_failure,0.06577777777777778,0.06577777777777778,0.07589743589743589,0.11384615384615383,33,11,76,ትምህርት ቤት ውስጥ እያለሁ ድንገት የወር አበባ ደም ቢፈስሰኝ እንዴት አድርጌ ማንም ሳያየኝ በፍጥነት ማጽዳት እችላለሁ?
ID_VL_Aka_Gha_21DF306F,Aka_Gha,C_recall_failure,0.06577777777777778,0.0646031746031746,0.08102189781021897,0.10844827586206895,24,76,79,Ɔkwan bɛn so na mmabun bɛtumi ahwɛ wɔn ho so yiye (self-care) de ahyɛ wɔn apɔwmuden den?
ID_VL_Eng_Uga_1D27C09A,Eng_Uga,B_reranking_failure,0.06577777777777778,0.10090909090909092,0.74,0.74,11,17,38,How do I get immunized against Gonorrhea?
ID_VL_Amh_Eth_B380C73A,Amh_Eth,C_recall_failure,0.06577777777777778,0.08879999999999999,0.12333333333333332,0.15102040816326529,48,11,61,"ኤችአይቪ ያለበት ሰው መድኃኒቱን በየቀኑ የሚወስድ ከሆነ እና የደም ምርመራው ""ንጹሕ"" (ቫይረሱ በደሙ ውስጥ የማይታይ) ከሆነ፣ በሽታውን በጉድፈቻ ለሚያሳድገውልጅ ሊያስተላልፍ ይችላል?"
ID_VL_Lug_Uga_66995AF5,Lug_Uga,B_reranking_failure,0.06584745762711865,0.128,0.74,0.74,7,0,76,Okwagala okwegatta n'engeri omuntu gye yengangamu embeera y'okwegatta byawukana okusinziira ku bantu?
ID_VL_Lug_Uga_76D70561,Lug_Uga,B_reranking_failure,0.0659872611464968,0.74,0.74,0.74,0,63,66,Mitendera gya kisawo ki egikubirizibwa okuyitibwamu ku mwana azaaliddwa omukyala alina Akawuka akaleeta Siriimu?
ID_VL_Lug_Uga_19EE2C3B,Lug_Uga,C_recall_failure,0.06607142857142856,0.09548387096774191,0.09548387096774191,0.15179487179487178,41,37,68,Kabootongo asobola okuleetawo okunafuwa mu maanyi g'ekisajja?
ID_VL_Amh_Eth_44FEACAE,Amh_Eth,C_recall_failure,0.06607142857142856,0.0721951219512195,0.09250000000000001,0.09250000000000001,15,43,59,በትምህርት ደረጃ እና በዘመናዊ የቤተሰብ ምጣኔ ዘዴዎች አጠቃቀም መካከል ያለው ግንኙነት ምንድን ነው?
ID_VL_Eng_Uga_1E93D127,Eng_Uga,B_reranking_failure,0.06607142857142856,0.74,0.74,0.74,1,53,56,"I have a discharge, do I have Gonorrhea?, please answer this using simple medical terms."
ID_VL_Lug_Uga_B5A6571C,Lug_Uga,C_recall_failure,0.06607142857142857,0.08457142857142856,0.08457142857142856,0.08457142857142856,1,0,56,Omusajja alina Kiramidiya asobola okufunyisa omukyala olubuto?
ID_VL_Aka_Gha_66B2BC5B,Aka_Gha,D_weak_pool,0.06612765957446808,0.30327868852459017,0.30327868852459017,0.30327868852459017,1,36,70,Dwuma bɛn na LGBTQ+ ankorankoro ne nsɛm ho ananmusifo ne wɔn a wotumi hu wɔn di wɔ tebea horow a ɛboa a wɔbɛbɔ mu?
ID_VL_Lug_Uga_AFE3AF13,Lug_Uga,C_recall_failure,0.06614525139664805,0.06614525139664805,0.10763636363636363,0.10763636363636363,11,22,70,Ani atera okuweebwa eddagala erigema erya Bacille Calmette-Guérin (BCG) mu nsi ezirimu ennyo Akafuba?
ID_VL_Aka_Gha_1A50AEC3,Aka_Gha,B_reranking_failure,0.06617886178861788,0.4588,0.4588,0.666,46,46,58,"Ɛhe na metumi anya kokoam adwenemyare ho mmoa a wɔde ma mmabun? (ahomatorɔfo, ayaresa ho animdefo,  abɛɛfo kwantenpɔn so nneɛma)"
ID_VL_Eng_Ken_3D44CB2C,Eng_Ken,B_reranking_failure,0.0662686567164179,0.74,0.74,0.74,2,22,51,Is it advisable to get pregnant if I have HIV?
ID_VL_Lug_Uga_8A9C66F7,Lug_Uga,C_recall_failure,0.06666666666666665,0.09487179487179487,0.11099999999999999,0.13454545454545455,21,27,70,Waliwo obubonero bwonna obulaga nti nfunye Obuwuka obuleeta Obulwadde bw'Ekikaba obulaga nti nnina okulaba omusawo mu bwangu?
ID_VL_Eng_Gha_86ABD4E7,Eng_Gha,C_recall_failure,0.06666666666666667,0.12333333333333335,0.19206106870229012,0.19206106870229012,7,1,56,How can I navigate situations where someone is pressuring me for sex or not respecting my boundaries?
ID_VL_Eng_Gha_12AE5C22,Eng_Gha,C_recall_failure,0.06669527896995708,0.13718015665796346,0.1589102564102564,0.1702,21,12,51,What resources are available for adolescents with disability to access media content that provides accurate and positive representation of their sexuality?
ID_VL_Eng_Gha_8412A335,Eng_Gha,C_recall_failure,0.06680555555555555,0.180375,0.19874285714285714,0.19874285714285714,13,2,45,"What are the options if I need support with pregnancy-related decisions, such as parenting, adoption, or abortion?"
ID_VL_Amh_Eth_AFBB411A,Amh_Eth,C_recall_failure,0.06727272727272726,0.06727272727272726,0.08222222222222221,0.08222222222222221,18,7,64,"የአባላዘር በሽታዎችን ለመከላከል በወር አበባ ዑደት ""አስተማማኝ ቀናት"" ውስጥ ብቻ የግብረ-ሥጋ ግንኙነት መፈጸም የበለጠ ደህንነቱ የተጠበቀ ነው?"
ID_VL_Amh_Eth_EB6C1016,Amh_Eth,C_recall_failure,0.06727272727272726,0.1776,0.19304347826086957,0.19304347826086957,11,23,58,ክላሚዲያ ያለ ህክምና በራሱ ሊድን ይችላል?
ID_VL_Amh_Eth_743B65A2,Amh_Eth,C_recall_failure,0.06727272727272726,0.09418181818181817,0.10829268292682927,0.17209302325581394,62,6,73,በወንዶች ላይ የሚደረግ የኤች.ፒ.ቪ ምርመራ እንደ ክላሚዲያ ካሉ ሌሎች የአባለዘር በሽታዎች ምርመራ ይለያል?
ID_VL_Eng_Eth_A49B1CD9,Eng_Eth,C_recall_failure,0.06727272727272726,0.08,0.12595744680851062,0.13703703703703704,24,65,70,I only have anal sex. Should I ask for a specific type of STI test?
ID_VL_Amh_Eth_0A4C9F7F,Amh_Eth,C_recall_failure,0.06727272727272728,0.08457142857142858,0.10206896551724137,0.10206896551724137,7,22,60,በጉርምስና ዕድሜ ላይ የሚገኙ ልጃገረዶች ትምህርት ቤት የሚያቋርጡበት በጣም የተለመደው ምክንያት ምንድን ነው?
ID_VL_Aka_Gha_48F4EF12,Aka_Gha,C_recall_failure,0.06727272727272728,0.18122448979591838,0.18122448979591838,0.18122448979591838,2,52,69,Ɛhe na metumi anya nneɛma ama LGBTQ+ mmabun mmoa akuw anaa intanɛt so mpɔtam?
ID_VL_Amh_Eth_44007D5A,Amh_Eth,C_recall_failure,0.06727272727272728,0.1423076923076923,0.21142857142857138,0.21142857142857138,7,48,54,ጨብጥ ሁልጊዜ ህመም ያስከትላል?
ID_VL_Eng_Eth_A6EAB79E,Eng_Eth,B_reranking_failure,0.06727272727272728,0.74,0.74,0.74,0,31,38,What happens if does hiv always show symptoms?
ID_VL_Swa_Ken_B0309AAF,Swa_Ken,B_reranking_failure,0.06727272727272728,0.12613636363636363,0.74,0.74,12,0,64,"Je, mbu wanaweza kueneza Virusi Vya Ukimwi kutoka kwa mtu mmoja hadi mwingine?"
ID_VL_Lug_Uga_D64ACB1F,Lug_Uga,C_recall_failure,0.06727272727272728,0.15369230769230768,0.15369230769230768,0.15857142857142856,28,6,55,Lwaki kya mugaso okukebeza omwana wange omuwere Akawuka akaleeta Siriimu nga nkalina?
ID_VL_Amh_Eth_B07AA066,Amh_Eth,C_recall_failure,0.06727272727272728,0.08222222222222221,0.08222222222222221,0.09866666666666664,61,26,64,የወር አበባ ላይ እንዳለዉ ለወንድ ልጅ ብነግረው ይጸየፈኛ ይሆን?
ID_VL_Lug_Uga_ABF0263E,Lug_Uga,B_reranking_failure,0.06727272727272728,0.1057142857142857,0.74,0.74,19,26,60,Kiki kye nnina okukola singa nneerabira okumira akakerenda kange akaziyiza okuzaala?
ID_VL_Eng_Uga_2A9527F6,Eng_Uga,C_recall_failure,0.06727272727272728,0.06727272727272728,0.16323529411764706,0.19733333333333333,34,13,56,"If I shower before or after having sex, will I be safe from STIs and Pregnancy?"
ID_VL_Amh_Eth_1247EA4E,Amh_Eth,C_recall_failure,0.06727272727272729,0.13767441860465116,0.13767441860465116,0.13767441860465116,0,36,80,አንዲት ሴት ከፍተኛ የመቆጥቆጥ እና የማሳከክ ስሜት ኖሯት ነገር ግን የትሪኮሞኒያሲስ እና የፈንገስ ኢንፌክሽን ምርመራ ውጤቷ ነፃ ከሆነ፣ ሌላ ምን ሊሆን ይችላል?
ID_VL_Eng_Uga_CAB63107,Eng_Uga,B_reranking_failure,0.06756521739130435,0.11343065693430657,0.74,0.74,18,30,57,How does HIV affect the way you feel?
ID_VL_Lug_Uga_F5E4A9C1,Lug_Uga,C_recall_failure,0.06765714285714286,0.09620000000000001,0.10251889168765743,0.10251889168765743,5,16,70,Nsobola ntya okulabirira ebitundu byange eby'omubiri ebizaala n'okubikuuma nga biramu bulungi?
ID_VL_Lug_Uga_1723ECDB,Lug_Uga,C_recall_failure,0.06765714285714286,0.09633136094674556,0.10130952380952382,0.10269387755102041,32,51,73,Kiki kye nsobola okukola okukuuma ebitundu byange eby'omubiri ebizaala nga biramu bulungi?
ID_VL_Aka_Gha_43E42CAF,Aka_Gha,B_reranking_failure,0.06783333333333333,0.6783333333333333,0.6783333333333333,0.74,41,51,70,"So ahyehyɛde ahorow bi wɔ hɔ a wobetumi aboa me ma me ne LGBTQ+-adamfofa akwahosan ho adwumayɛfo a wɔwɔ me mpɔtam hɔ no adi nkitaho? (LGBTQ+ akwahosan asoɛe, akuw a wɔkamfo kyerɛ)."
ID_VL_Aka_Gha_2095EEF6,Aka_Gha,C_recall_failure,0.06788990825688074,0.10126315789473683,0.10277777777777777,0.12177215189873418,64,17,82,"Sɛ yɛfa mpamu agodie, nyinsɛn ne abawoɔ mu apomuden ne ayaresa a, nneɛma bɛn saa na adɔktafoɔ gyina so de gye sika, na deɛn na yɛbɛtumi ayɛ ma ɛka no aba fam?"
ID_VL_Lug_Uga_493D6196,Lug_Uga,B_reranking_failure,0.06795918367346938,0.74,0.74,0.74,1,0,59,Ddagala ki ettuufu eriwonya Enziku?
ID_VL_Lug_Uga_059C1BA0,Lug_Uga,C_recall_failure,0.06804597701149426,0.21322033898305082,0.2526829268292683,0.2526829268292683,14,37,56,Nsobola okukwatibwa Obuwuka obuleeta Obulwadde bw'Ekikaba mu kidiba ekiwugirwamu eky'olukale?
ID_VL_Eng_Gha_C550ECA8,Eng_Gha,C_recall_failure,0.06804597701149426,0.10791666666666666,0.10791666666666666,0.12149253731343282,28,43,50,What are some warning signs of an unsafe abortion clinic to avoid? (importance of reputable providers)
ID_VL_Eng_Uga_0260A123,Eng_Uga,C_recall_failure,0.0683076923076923,0.28645161290322585,0.28645161290322585,0.28645161290322585,1,23,57,What are some emotional effects of having an STI?
ID_VL_Lug_Uga_3FB2DF47,Lug_Uga,C_recall_failure,0.0683076923076923,0.19632653061224492,0.19632653061224492,0.19632653061224492,3,49,66,Waliwo abantu ab'enjawulo abalina okukeberebwa Akawuka akaleeta Siriimu?
ID_VL_Amh_Eth_7D7DDBED,Amh_Eth,C_recall_failure,0.0683076923076923,0.0925,0.0925,0.13703703703703704,45,25,76,የሴት ብልት ፈሳሽ መጥፎ ነው የሚል ባህላዊ እምነት አለን። የሴት ብልት መጥረጊያዎችን ወይም ዱቄቶችን ያለማቋረጥ መጠቀም ለጤንነቴ ጎጂ ነው?
ID_VL_Aka_Gha_02627F73,Aka_Gha,C_recall_failure,0.06830769230769232,0.16818181818181818,0.16818181818181818,0.16818181818181818,4,20,56,ɛyɛ daa daa ade  sɛ minnim me ho bere a meyɛ ɔbabun anaa?
ID_VL_Swa_Ken_2C7DD667,Swa_Ken,C_recall_failure,0.06840336134453781,0.1057142857142857,0.13155555555555556,0.144390243902439,58,20,62,"Je, Virusi Vya Ukimwi hutambuliwaje?"
ID_VL_Lug_Uga_123B31CF,Lug_Uga,C_recall_failure,0.06851851851851852,0.07194444444444444,0.08365217391304347,0.1503125,54,0,57,Kiki ekiwonya Enziku?
ID_VL_Lug_Uga_DF9B7C1F,Lug_Uga,B_reranking_failure,0.0686092715231788,0.1178343949044586,0.74,0.74,56,6,71,Biki abantu bye balina okulowoozaako nga tebannagabana buwale bwa munda oba engoye?
ID_VL_Lug_Uga_198D13A4,Lug_Uga,B_reranking_failure,0.06865979381443299,0.74,0.74,0.74,0,2,71,Mitendera ki gye nsobola okuyitamu okwanganga embeera ya mikwano gyange egimpikiriza okwenyigira mu kwegatta nga seesiimidde?
ID_VL_Eng_Gha_E1E0FFFC,Eng_Gha,C_recall_failure,0.06869198312236287,0.12448598130841121,0.13129032258064516,0.13129032258064516,10,10,36,What are some common myths or misconceptions about sex and sexuality in different cultures?
ID_VL_Amh_Eth_668409E3,Amh_Eth,C_recall_failure,0.06883720930232558,0.1036,0.1036,0.111,51,24,65,በማህበረሰቡ ውስጥ ስላለው የግል ህይወቴ የማያቋርጥ ወሬዎችን ለመቆጣጠር ምርጡ መንገድ ምንድነው?
ID_VL_Amh_Eth_48603B32,Amh_Eth,C_recall_failure,0.06883720930232558,0.06883720930232558,0.09548387096774191,0.1295,55,9,60,ሐኪሞች ቅዱስ ውሃ መጠጣት የአባላዘር በሽታዎችን ይፈውሳል ወይ የሚለውን በተመለከተ ምን ይላሉ?
ID_VL_Amh_Eth_FF233D5F,Amh_Eth,C_recall_failure,0.06883720930232558,0.06297872340425531,0.15179487179487178,0.15179487179487178,11,43,79,አንዲት እናት በ እርግዝና ጊዜ በትክክል ለ ጨብጥ ከታከመች እና ሕፃኑ  ሲወለድ ለ አይን የሚቀባ ፀረ ባክቴሪያ መድሃኒት ካገኘ፣ ሕፃኑ ከጨብጥ የሚከሰተው የዐይን በሽታ ደህና ይሆናልን (ophthalmia neonatorum)?
ID_VL_Eng_Gha_62FB26D7,Eng_Gha,C_recall_failure,0.06898305084745762,0.2032967032967033,0.21668508287292815,0.21668508287292815,5,12,45,"How do I find a counselor or therapist who is a good fit for me, and what should I consider when choosing one?"
ID_VL_Lug_Uga_68C0CBEF,Lug_Uga,C_recall_failure,0.0691869918699187,0.08195439739413679,0.10385964912280701,0.10385964912280701,5,53,76,Lwaki kikulu okumanya omubiri gwo n’okwerinda enkyukakyuka oba obubonero?
ID_VL_Eng_Eth_A8C01F05,Eng_Eth,C_recall_failure,0.06937499999999999,0.148,0.148,0.22199999999999998,50,28,61,I am afraid to tell my mother that I might have an STI. Who else can I talk to?
ID_VL_Amh_Eth_3B048A8B,Amh_Eth,C_recall_failure,0.06937499999999999,0.06271186440677966,0.07789473684210525,0.11464788732394365,65,18,73,የመንግሥት ጤና ተቋማት የኤአርቪ መድኃኒት ቢያልቁባቸው፣ በሌላ ቦታ ገዝቶ ለመጠቀም ዋጋው ስንት ነው?
ID_VL_Lug_Uga_00B3700F,Lug_Uga,D_weak_pool,0.06964705882352941,0.41111111111111104,0.41111111111111104,0.41111111111111104,0,0,60,Enzijanjaba y'Omusujja gw'ekibumba ogwa B n'ey'akawuka akaleeta siriimu y'emu?
ID_VL_Eng_Eth_0D6A05B3,Eng_Eth,C_recall_failure,0.06981132075471698,0.2296551724137931,0.2296551724137931,0.29914893617021276,27,9,68,I only have anal contact. Should I ask for a specific kind of test?
ID_VL_Eng_Uga_73B0D676,Eng_Uga,C_recall_failure,0.06981132075471698,0.2888770053475936,0.2888770053475936,0.2888770053475936,0,0,50,What happens if I stop taking my ARVs?
ID_VL_Lug_Uga_CEF74829,Lug_Uga,C_recall_failure,0.06999999999999999,0.09061224489795919,0.09592592592592594,0.09592592592592594,18,0,57,Enkola ez'ekizaalaggumba zikutangira okufuna Obuwuka obuleeta Obulwadde bw'Ekikaba?
ID_VL_Lug_Uga_7092D401,Lug_Uga,B_reranking_failure,0.07,0.163716814159292,0.74,0.74,6,24,54,Kisoboka okuddamu okukwatibwa Akawuka akaleeta Siriimu oluvannyuma lw’omulundi ogwasooka?
ID_VL_Lug_Uga_A9D1A28E,Lug_Uga,B_reranking_failure,0.07021897810218977,0.74,0.74,0.74,1,23,68,Kaba kabagulizo ka kubeera n'Akawuka akaleeta Siriimu singa muganzi wange omuwala abeera akoogerako nnyo?
ID_VL_Amh_Eth_6CEDD15D,Amh_Eth,C_recall_failure,0.07047619047619046,0.17076923076923076,0.17411764705882354,0.17411764705882354,7,8,53,የማይታዩ ቁስሎች በማይኖሩበት ጊዜ ሄርፒስ ሊተላለፍ ይችላል?
ID_VL_Eng_Uga_A3422E50,Eng_Uga,B_reranking_failure,0.07047619047619047,0.48708860759493666,0.48708860759493666,0.48708860759493666,2,1,57,"What are the complications of Herpes?What are the long term effects of Herpes?Are there any complications of Herpes?What type of complications may occur as a result of Herpes?What other diseases can Herpes cause?What are the complications of oral Herpes?What are the long term effects of Herpes?, please answer this using simple medical terms."
ID_VL_Lug_Uga_0A190939,Lug_Uga,B_reranking_failure,0.07047619047619047,0.74,0.74,0.74,0,14,59,Ntegeera ntya oba omubiri gwange gwetegekera okugenda mu nsonga?
ID_VL_Eng_Gha_14DD5061,Eng_Gha,C_recall_failure,0.07047619047619047,0.2740740740740741,0.2740740740740741,0.2740740740740741,2,0,37,"What is gender identity? (male, female, transgender, non-binary, etc.)"
ID_VL_Lug_Uga_F8DFCC3A,Lug_Uga,B_reranking_failure,0.07047619047619047,0.11797101449275363,0.74,0.74,6,4,78,Mmala bbanga ki nga nkyasobola okusiiga Kabootongo oluvannyuma lw'okunkwata?
ID_VL_Amh_Eth_7428A656,Amh_Eth,C_recall_failure,0.07047619047619048,0.05481481481481481,0.15578947368421053,0.23125,25,18,53,ምግብ በመጋራት በቂጥኝ ልያዝ እችላለሁ?
ID_VL_Amh_Eth_5283AAC7,Amh_Eth,C_recall_failure,0.07047619047619048,0.20555555555555557,0.20555555555555557,0.20555555555555557,0,9,53,ሂውማን ፓፒሎማ ቫይረስ ካንሰርን በማምጣት የተለመደ ነው?
ID_VL_Lug_Uga_8FBBA749,Lug_Uga,B_reranking_failure,0.07047619047619048,0.74,0.74,0.74,0,27,45,Binjawaza Tuliici.
ID_VL_Lug_Uga_359A1533,Lug_Uga,C_recall_failure,0.07078260869565219,0.07078260869565219,0.08171779141104295,0.14912547528517112,34,59,69,Mirundi emeka gye nnina okwekebejjebwa obulamu bw’okwegatta era kiki kye nsuubira?
ID_VL_Swa_Ken_A21C0C06,Swa_Ken,D_weak_pool,0.07085106382978723,0.40865671641791046,0.4207843137254902,0.4207843137254902,8,7,37,Ni idadi gani ya vifo vinavyohusiana na UKIMWI nchini Kenya?
ID_VL_Aka_Gha_DA587E8A,Aka_Gha,C_recall_failure,0.07095890410958904,0.07928571428571428,0.1670967741935484,0.17076923076923078,60,66,71,Sɛn na yɛtete dɔkotafoɔ ma wɔboa dɛmdifoɔ wɔ nna mu nsɛm ho?
ID_VL_Aka_Gha_A53F8A28,Aka_Gha,C_recall_failure,0.07101010101010101,0.08377358490566036,0.08377358490566036,0.14346938775510204,23,58,75,"Sɛn na mmabun bɛboa wɔ asetena mu mmoa nhyehyɛeɛ (social protection programs) ho nhwehwɛmu, nsusuwii, ne nnyigyeiɛ (advocacy) mu, na ama wɔahwɛ ahu sɛ nhyehyɛeɛ no hyia wɔn haw ne wɔn hokwan a ɛresakra daa no?"
ID_VL_Lug_Uga_81BD55D5,Lug_Uga,C_recall_failure,0.07103999999999999,0.21142857142857144,0.21142857142857144,0.21142857142857144,1,0,63,Lwaki nnina okutegeeza ku mubeezi wange ku byavudde mu kunkebera Kabootongo ebiraga nti mmulina?
ID_VL_Amh_Eth_96A9954F,Amh_Eth,C_recall_failure,0.07115384615384615,0.07115384615384615,0.24281250000000001,0.2547540983606557,36,3,56,ኤችአይቪ ያለበት ሰው ረጅም እድሜ እና ጤናማ ህይወት ሊኖረው ይችላልን?
ID_VL_Lug_Uga_6060B1EB,Lug_Uga,B_reranking_failure,0.07115384615384615,0.74,0.74,0.74,4,61,71,Nnaawulira obulumi bwonna nga nkeberebwa Akawuka akaleeta Siriimu?
ID_VL_Eng_Eth_1DBA1267,Eng_Eth,C_recall_failure,0.07115384615384615,0.14034482758620687,0.19632653061224487,0.19632653061224487,10,14,67,"If I go to the clinic and my neighbor sees me, how can I avoid the community spreading rumors about me?"
ID_VL_Amh_Eth_CFA701CD,Amh_Eth,D_weak_pool,0.07115384615384615,0.3632727272727273,0.3632727272727273,0.3632727272727273,4,1,67,የማይታወቅ የቫይረስ ጭነት ለማስተላለፍ ምን ማለት ነው?
ID_VL_Lug_Uga_16DB80DB,Lug_Uga,C_recall_failure,0.07115384615384615,0.13526881720430106,0.19096774193548388,0.19096774193548388,5,30,72,Okuzuulibwamu Kiramidiya kitegeeza ki?
ID_VL_Swa_Ken_8FD7B1A1,Swa_Ken,B_reranking_failure,0.07128440366972477,0.74,0.74,0.74,0,3,55,"Je, ni kweli kwamba kushiriki tendo la ndoa na bikira kunatibu virusi vya ukimwi?"
ID_VL_Aka_Gha_8A63F881,Aka_Gha,C_recall_failure,0.07132530120481928,0.07708333333333334,0.10791666666666666,0.1173170731707317,40,10,66,So ɛsɛ sɛ meyɛ bere a wɔahyɛ sɛ mɛyɛ nhwehwɛmu wɔ nna my yarenna mu yareɛ ho?
ID_VL_Lug_Uga_C3F62136,Lug_Uga,B_reranking_failure,0.07140350877192983,0.74,0.74,0.74,3,19,69,Nneeyisa ntya singa ndaba omuntu ng’atulugunyizibwa mu by’okwegatta?
ID_VL_Swa_Ken_AF65E8CC,Swa_Ken,B_reranking_failure,0.07161290322580646,0.74,0.74,0.74,0,13,72,"Je, mtu anachukuaje PEP?"
ID_VL_Aka_Gha_14A0BCCB,Aka_Gha,C_recall_failure,0.07184466019417475,0.13805970149253732,0.1973333333333333,0.1973333333333333,7,15,75,"Mmoa bɛn na ɛwɔ hɔ ma mmabun fa penyɛ ho 'consent' ne hokwan ho na sɛ obi tia wɔn faahodie so a, henfa na ɔmo bɛkɔ akɔ pɛ mmoa?"
ID_VL_Lug_Uga_21EC4754,Lug_Uga,C_recall_failure,0.07188571428571428,0.0856842105263158,0.12333333333333335,0.15539999999999998,52,61,78,"Maama wange bw'annyombesa olw'okwegatta nga tasoose kumpa lukusa era ne nkwatibwa Akawuka akaleeta Siriimu, kiki kye nsobola okukola?"
ID_VL_Eng_Uga_8044BEB2,Eng_Uga,B_reranking_failure,0.07207792207792209,0.451219512195122,0.451219512195122,0.451219512195122,2,23,42,When should I get a Syphilis test?
ID_VL_Swa_Ken_D315FAFA,Swa_Ken,C_recall_failure,0.0721025641025641,0.1975187969924812,0.1975187969924812,0.20181818181818179,57,60,73,"Je, usahihi wa vifaa vya kujitathmini unaaminika?"
ID_VL_Amh_Eth_2A79EA68,Amh_Eth,C_recall_failure,0.0721951219512195,0.08409090909090909,0.08879999999999999,0.10571428571428569,21,16,78,ጥቃት ከደረሰብኝ መጀመሪያ ልነግራቸው የምችለው በጣም አስተማማኝ ሰው ማን ነው የሃይማኖት መሪዬ፣ መምህሬ ወይስ ፖሊስ?
ID_VL_Eng_Gha_4EC3F970,Eng_Gha,C_recall_failure,0.0721951219512195,0.13929411764705882,0.17659090909090908,0.17659090909090908,5,3,31,"What exactly is a school-based crisis intervention program, and how does it operate?"
ID_VL_Lug_Uga_DFC7AB26,Lug_Uga,B_reranking_failure,0.07219512195121952,0.12557575757575756,0.74,0.74,6,0,67,Mitendera ki egiri mu kuwa omuntu alina Akawuka akaleeta Siriimu obujjanjabi?
ID_VL_Lug_Uga_19A6F80E,Lug_Uga,B_reranking_failure,0.07244755244755244,0.74,0.74,0.74,7,30,40,Lwaki obusannyalaze bw'omubiri bukulu mu nkola y'okuzaala?
ID_VL_Amh_Eth_7F95897C,Amh_Eth,C_recall_failure,0.07254901960784313,0.07254901960784313,0.07789473684210525,0.07789473684210525,30,2,67,የሴት ልጅ ግርዛት ሃይማኖታዊ ግዴታ ሳይሆን ጎጂ ባሕላዊ ተግባር መሆኑን እንዴት ማስረዳት እችላለሁ?
ID_VL_Amh_Eth_1E9B23BC,Amh_Eth,C_recall_failure,0.07254901960784313,0.06883720930232558,0.17559322033898306,0.17559322033898306,19,6,78,ዘግይቼ መጸነስ ብፈልግ፣ በሽታ እየደበቅኩ መሆኑን ለሐኪሜ መንገር ይኖርብኛል?
ID_VL_Aka_Gha_E645F129,Aka_Gha,C_recall_failure,0.07267857142857143,0.08354838709677419,0.10763636363636364,0.14265060240963856,47,30,65,So metumi ako ama akyerɛ sɛ wɔmfa nna ho adesua a edi mũ nka adesua nhyehyɛe a ɛwɔ me sukuu mu no ho? (Mpɔtam hɔ nhyehyɛe ne akwan a wɔfa so kamfo nkurɔfo ase) .
ID_VL_Eng_Gha_B5A5F8E6,Eng_Gha,C_recall_failure,0.07278688524590163,0.09823008849557521,0.19943262411347518,0.19943262411347518,9,9,60,What contraceptive options are available for same-sex couples who want to avoid pregnancy?
ID_VL_Lug_Uga_09EDA6F5,Lug_Uga,C_recall_failure,0.07295774647887324,0.07295774647887324,0.10962962962962962,0.10962962962962962,5,38,64,Obuweke obuziyiza okuzaala bukola bulungi kwenkana wa?
ID_VL_Eng_Gha_682B163A,Eng_Gha,C_recall_failure,0.07295774647887324,0.14415584415584415,0.14415584415584415,0.15530864197530866,29,5,40,How does the school-based crisis intervention program collaborate with external agencies or healthcare providers to ensure comprehensive support for students?
ID_VL_Lug_Uga_3346A332,Lug_Uga,B_reranking_failure,0.07308641975308641,0.13373493975903614,0.74,0.74,5,0,66,Ngeri ki ezimu ku muntu z’ayinza okuyitamu okwewala okwegatta nga tannabeera mufumbo?
ID_VL_Amh_Eth_B3EE4D3B,Amh_Eth,C_recall_failure,0.0731868131868132,0.051034482758620686,0.06815789473684211,0.0731868131868132,44,0,81,ከወለድኩ በኋላ ሁልጊዜ ድባቴ እና ጭንቀት ከተሰማኝ የአዕምሮ መታወክ ነውን?
ID_VL_Swa_Ken_F57A431E,Swa_Ken,B_reranking_failure,0.07330188679245282,0.74,0.74,0.74,0,0,58,Maeneo gani ya kupata kondomu?
ID_VL_Lug_Uga_F8F58A26,Lug_Uga,C_recall_failure,0.07333333333333333,0.12188235294117647,0.14617283950617282,0.14617283950617282,10,1,70,Bantu ba ngeri ki b’osaanidde okutegeeza ku bw'oyimiridde ku Kawuka akaleeta Siriimu?
ID_VL_Eng_Uga_AFA14A55,Eng_Uga,B_reranking_failure,0.07347517730496453,0.12869565217391304,0.74,0.74,11,16,54,Which blood group is safe from Gonorrhea? 
ID_VL_Lug_Uga_2E671784,Lug_Uga,B_reranking_failure,0.07354037267080746,0.74,0.74,0.74,5,3,49,Nsobola okufuna Tuliici?
ID_VL_Lug_Uga_6BBE3B5A,Lug_Uga,B_reranking_failure,0.07361256544502617,0.74,0.74,0.74,0,46,67,Kirungi okuggyamu olubuto singa mbeera ndufunye?
ID_VL_Lug_Uga_26B07FF6,Lug_Uga,C_recall_failure,0.07364928909952606,0.07478723404255319,0.07511278195488721,0.10758865248226951,47,32,67,Mirundi emeka mu lunaku omuvubuka gy'alina okunaaba mu maaso?
ID_VL_Eng_Uga_AE59AA52,Eng_Uga,C_recall_failure,0.07399999999999998,0.14645833333333333,0.14645833333333333,0.15627329192546582,23,20,51,Which is the appropriate action to take when a condom bursts during sexual intercourse?
ID_VL_Amh_Eth_4E7ED827,Amh_Eth,C_recall_failure,0.07399999999999998,0.07399999999999998,0.07399999999999998,0.07568181818181818,37,1,80,በወጣት እናቶች ዘንድ የእርግዝና የስኳር በሽታ (Gestational Diabetes) ምን ዓይነት የጤና አደጋዎች አሉት?
ID_VL_Eng_Uga_A56B61E0,Eng_Uga,B_reranking_failure,0.074,0.074,0.74,0.74,9,35,60,Can I still get checked for STIs if I am shy?
ID_VL_Eng_Eth_C96B5EDB,Eng_Eth,D_weak_pool,0.074,0.3171428571428571,0.3171428571428571,0.32559999999999995,28,0,30,"Does chlamydia go away by itself, and what is the proper way to test for it?"
ID_VL_Aka_Gha_43F59A85,Aka_Gha,C_recall_failure,0.074,0.12333333333333331,0.12333333333333331,0.21583333333333332,29,24,56,Mmabun betumi anya mmoa ntɛm wɔ intanɛt so (online crisis intervention) anaa?
ID_VL_Eng_Gha_D8741408,Eng_Gha,C_recall_failure,0.074,0.187381974248927,0.187381974248927,0.19304347826086957,21,23,39,How can I access accurate and reliable information about sexual health and contraception to inform my decisions?
ID_VL_Eng_Uga_545CD88D,Eng_Uga,B_reranking_failure,0.074,0.74,0.74,0.74,6,39,54,How is HIV contracted?
ID_VL_Amh_Eth_801EF1DA,Amh_Eth,C_recall_failure,0.074,0.074,0.1009090909090909,0.12333333333333332,20,30,46,የታብስ ዶርሳሊስ ምልክቶች ምንድን ናቸው?
ID_VL_Amh_Eth_9DAC6E83,Amh_Eth,C_recall_failure,0.074,0.24666666666666665,0.24666666666666665,0.24666666666666665,4,4,53,ትሪኮሞኒያሲስ ለኤችአይቪ ተጋላጭነትን ይጨምራል?
ID_VL_Eng_Eth_98159D6C,Eng_Eth,D_weak_pool,0.07400000000000001,0.27183673469387754,0.37,0.37,9,10,54,Is there a cure for HPV?
ID_VL_Aka_Gha_6712303A,Aka_Gha,C_recall_failure,0.07400000000000001,0.12333333333333331,0.12333333333333331,0.16444444444444442,63,60,67,Kwan bɛn so na mmebun bɛko atia dɛmdifoɔ nyiyimu?
ID_VL_Swa_Ken_38A06FFE,Swa_Ken,B_reranking_failure,0.07432314410480348,0.74,0.74,0.74,0,6,64,"Je, kuna umuhimu gani wa kuwa na mazungumzo kuhusu kondomu?"
ID_VL_Eng_Uga_1A16998C,Eng_Uga,B_reranking_failure,0.07439153439153438,0.74,0.74,0.74,1,7,64,In what ways can adults and professionals help youth make better sexual health decisions?
ID_VL_Aka_Gha_CB323E35,Aka_Gha,C_recall_failure,0.074496644295302,0.1366153846153846,0.15348148148148147,0.15653846153846152,58,44,68,kwan bɛn so na amammerɛ anaa ɔmanfo adwene wɔ STI ho no nya nsunsuansoɔ wɔ sɛdeɛ yɛsa ho yareɛ?
ID_VL_Lug_Uga_DBB54645,Lug_Uga,B_reranking_failure,0.07453237410071942,0.74,0.74,0.74,1,8,49,Tuyinza tutya okukendeeza ku Kabootongo?
ID_VL_Lug_Uga_A3FE0479,Lug_Uga,B_reranking_failure,0.0746788990825688,0.74,0.74,0.74,4,2,62,Nnyonnyola obulwadde bwa Tuliici.
ID_VL_Swa_Ken_2FDDB26A,Swa_Ken,B_reranking_failure,0.07507246376811594,0.74,0.74,0.74,4,26,44,"Je, ni lazima nitumie matibabu ya kupunguza makali ya virusi vya ukimwi kwa muda gani?"
ID_VL_Eng_Eth_3748967F,Eng_Eth,C_recall_failure,0.07525423728813559,0.13942028985507246,0.13942028985507246,0.13942028985507246,0,48,59,What is the protocol for partner notification when an adolescent tests positive for an STI?
ID_VL_Lug_Uga_BE64AC2A,Lug_Uga,B_reranking_failure,0.07537037037037037,0.74,0.74,0.74,4,0,63,Biki ebiyinza okuva mu butakozesa ARVs ku bantu abalina Akawuka akaleeta Siriimu?
ID_VL_Eng_Ken_DF495037,Eng_Ken,B_reranking_failure,0.07537037037037037,0.74,0.74,0.74,4,22,55,If I have HIV can I still get pregnant?
ID_VL_Eng_Eth_CA3C6F5F,Eng_Eth,C_recall_failure,0.07551020408163264,0.12758620689655173,0.12758620689655173,0.12758620689655173,1,2,42,What are the most common presentation of Secondary Syphilis besides rash?
ID_VL_Eng_Gha_35102852,Eng_Gha,C_recall_failure,0.0758048780487805,0.15205479452054796,0.15205479452054796,0.15205479452054796,3,23,48,"What are the steps involved in applying for microfinance, including eligibility criteria, application procedures, loan terms, interest rates, repayment schedules, and risk management strategies?"
ID_VL_Eng_Uga_B3EDA8F1,Eng_Uga,C_recall_failure,0.07589743589743589,0.10422535211267604,0.11099999999999999,0.12542372881355934,42,31,46,What can I expect when I go for a sexual health check-up?
ID_VL_Eng_Uga_49646B96,Eng_Uga,C_recall_failure,0.07589743589743589,0.07638709677419354,0.12634146341463415,0.12634146341463415,9,31,50,What happens during a sexual health check-up?
ID_VL_Amh_Eth_A2B5B498,Amh_Eth,C_recall_failure,0.07589743589743589,0.07589743589743589,0.08222222222222221,0.09061224489795917,64,22,74,አንዲት ሴት ልጃገረድ ልታገኝ የምትችለው በጣም  ህመም ያለው ኢንፌክሽን ምንድን ነው?
ID_VL_Amh_Eth_1F15C7B6,Amh_Eth,C_recall_failure,0.07589743589743589,0.1438888888888889,0.1438888888888889,0.1438888888888889,1,39,73,ወላጆቼ ለመድኃኒቴ ለመክፈል ከትምህርት ቤት እንድወጣ የሚያስገድዱኝ ከሆነ፣ ምን አማራጮች አሉኝ?
ID_VL_Amh_Eth_4F8D5238,Amh_Eth,C_recall_failure,0.07589743589743589,0.12000000000000001,0.2846153846153846,0.2846153846153846,5,21,43,ጨብጥ ሴቶች ልጅ እንዳይወልዱ ሊያደርግ ይችላል?
ID_VL_Eng_Uga_F2933585,Eng_Uga,B_reranking_failure,0.0758974358974359,0.3802068965517241,0.74,0.74,8,0,50,"How do we treat Gonorrhea in Men?, please answer this using simple medical terms."
ID_VL_Amh_Eth_54AEBD1B,Amh_Eth,C_recall_failure,0.0758974358974359,0.17411764705882352,0.29600000000000004,0.29600000000000004,12,30,50,የtrichomoniasis ምልክቶች ምንድን ናቸው?
ID_VL_Lug_Uga_68E5C8CD,Lug_Uga,C_recall_failure,0.0758974358974359,0.11635220125786165,0.13405797101449277,0.13405797101449277,15,0,71,Okwegatta kwe kusalawo omuntu yenna?
ID_VL_Lug_Uga_309E47BA,Lug_Uga,C_recall_failure,0.0758974358974359,0.1185053380782918,0.13231788079470197,0.13405797101449277,50,11,76,Abantu balina okuba ne we bakoma ku bantu bye bayitamu mu by'okwegatta?
ID_VL_Lug_Uga_436E3C49,Lug_Uga,B_reranking_failure,0.07600000000000001,0.06957264957264958,0.74,0.74,16,0,68,Magezi ki ge nsobola okuwa omulenzi eyakwatibwa Akawuka akaleeta Siriimu okuyita mu kufumitibwa empiso gye yagabana n'omuntu omulala era n'agobwa awaka oluvannyuma lw'okuzuulibwamu akawuka?
ID_VL_Eng_Gha_E3954CB1,Eng_Gha,C_recall_failure,0.07607476635514018,0.23769696969696968,0.23769696969696968,0.23769696969696968,2,6,48,How can I ensure I'm using both methods of dual protection correctly and consistently?
ID_VL_Aka_Gha_D9ACD158,Aka_Gha,C_recall_failure,0.07607476635514018,0.11044776119402983,0.1173170731707317,0.19588235294117645,62,64,70,"Fa nneɛma aboa ma abɛɛfo ntetan , ahomatrofo a wɔde frɛ nkurɔfo, anaa apomoden ho adwumayɛfo a wɔde nsɛm a ɛyɛ nokware ma wɔ nyinsɛn ano a wosiw ho."
ID_VL_Eng_Gha_3E00980E,Eng_Gha,D_weak_pool,0.07617647058823529,0.33916666666666667,0.33916666666666667,0.33916666666666667,0,2,47,What resources are available for adolescents who want to learn more about their sexual and reproductive rights and how to advocate for them?
ID_VL_Eng_Eth_18DFBC3C,Eng_Eth,C_recall_failure,0.07655172413793103,0.12333333333333334,0.12333333333333334,0.12333333333333334,0,1,57,What is the cost of having a baby delivered by the nearest traditional birth attendant?
ID_VL_Aka_Gha_A319DCB4,Aka_Gha,C_recall_failure,0.07655172413793103,0.07655172413793103,0.10325581395348837,0.11150684931506849,38,16,68,Mɛyɛ dɛn ahu mmabun mmoa kuw 'peer support groups' wɔ me sukuu mu ne me mpɔtam?
ID_VL_Aka_Gha_00E85ECE,Aka_Gha,C_recall_failure,0.07679245283018866,0.10126315789473683,0.10303797468354431,0.12869565217391304,20,37,67,Mɛyɛ dɛn ahu ayaresa a ɛfata mmabun (youth-friendly) wɔ me mpɔtam?
ID_VL_Eng_Gha_46015028,Eng_Gha,C_recall_failure,0.07688311688311689,0.11419753086419754,0.1629761904761905,0.1629761904761905,6,41,56,"What are some common emotions that adolescents experience, and how can they learn to recognize and understand them?"
ID_VL_Eng_Gha_3CD5FD7F,Eng_Gha,C_recall_failure,0.07699421965317918,0.07872340425531914,0.12182926829268292,0.12182926829268292,18,13,56,How can I prevent unwanted pregnancy?
ID_VL_Swa_Ken_EF32F72A,Swa_Ken,C_recall_failure,0.07708333333333334,0.13631578947368422,0.15578947368421053,0.1915294117647059,58,9,76,"Ni kwa njia gani unaweza kuwa msaada kwa msichana aliyepata mimba, akaacha shule na wazazi wake wakakataa kumsomesha?"
ID_VL_Amh_Eth_CDCCC33A,Amh_Eth,C_recall_failure,0.07708333333333334,0.07708333333333334,0.07708333333333334,0.11021276595744679,63,19,68,በእርግዝና ወቅት የጨብጥ በሽታ ያለባትን ሴት በሚታከምበት ጊዜ ዋነኛውና ቅድሚያ የሚሰጠው ጉዳይ ምንድን ነው?
ID_VL_Eng_Gha_24C173B9,Eng_Gha,C_recall_failure,0.07708333333333334,0.20529032258064517,0.20529032258064517,0.20529032258064517,1,2,46,"How does seeking professional help, such as therapy or counseling, contribute to managing and improving mental health?"
ID_VL_Lug_Uga_CAC8D87E,Lug_Uga,B_reranking_failure,0.07717791411042944,0.74,0.74,0.74,2,31,64,Ensibuko y'Akawuka akaleeta Siriimu eri wa?
ID_VL_Aka_Gha_01D74256,Aka_Gha,C_recall_failure,0.07721739130434783,0.16444444444444445,0.23022222222222222,0.23022222222222222,16,49,67,"Sɛ obi teɛ me so wɔ wɔn edinnsiananmu ho a, mɛyɛ dɛn abua wɔ obu mu?"
ID_VL_Eng_Ken_EFE9B3D0,Eng_Ken,C_recall_failure,0.0773134328358209,0.1303409090909091,0.1351304347826087,0.1573228346456693,44,38,59,"How can I prevent getting HIV after a recent possible exposure, like if a condom breaks or I’m sexually assaulted?"
ID_VL_Lug_Uga_924CDE09,Lug_Uga,B_reranking_failure,0.07744186046511628,0.74,0.74,0.74,0,54,63,Kiki ekitwalibwa okuba eky'obulabe nnyo ku kubeera n’Akawuka akaleeta Siriimu oba okubeera olubuto?
ID_VL_Eng_Gha_4806F804,Eng_Gha,C_recall_failure,0.07752380952380952,0.09866666666666667,0.10136986301369863,0.14095238095238094,61,29,63,Recognize the complex interplay between mental health and relationships during adolescence.
ID_VL_Eng_Gha_750D112E,Eng_Gha,C_recall_failure,0.07758064516129032,0.08222222222222222,0.09773584905660376,0.1149514563106796,37,11,65,"How do different cultures view sex, sexuality, and relationships?"
ID_VL_Eng_Gha_3DE28859,Eng_Gha,C_recall_failure,0.07765432098765432,0.1407361963190184,0.1639772727272727,0.1639772727272727,6,17,63,Address common concerns about user error and how to minimize the risk of unintended pregnancy.
ID_VL_Aka_Gha_2A405F12,Aka_Gha,C_recall_failure,0.07765432098765432,0.14677685950413222,0.14677685950413222,0.14677685950413222,2,28,71,Nhyehyeɛ bi wɔ a ɛfa adan ne daberɛ ho sɛ ɛfa no mfeɛ ne ade ho ɛna mmabun wɔ ho kwan sɛ deɛ ɛdi kan wɔgyetum na biaa nso yɛ kokoamsɛm wɔ berɛ a wɔrehwehwɛ daberɛ no anaa?
ID_VL_Eng_Gha_7EB162F1,Eng_Gha,C_recall_failure,0.07767955801104973,0.1807373271889401,0.19304347826086954,0.19693548387096776,37,29,50,"What accountability mechanisms should be in place to monitor and evaluate the ethical conduct and impact of Adolescent Sexual Reproductive Health(ASRH) initiatives, and how can adolescents and their communities be actively involved in oversight and decision-making processes?"
ID_VL_Lug_Uga_0F9CA17B,Lug_Uga,B_reranking_failure,0.07789473684210525,0.11892857142857141,0.74,0.74,11,38,62,Nnyinyonnyola ku buwuka obuleeta obulwadde bw’ekikaba.
ID_VL_Amh_Eth_C342BD2B,Amh_Eth,C_recall_failure,0.07789473684210525,0.10277777777777777,0.2814084507042254,0.31595505617977526,58,33,63,ሴቶች የተለያዩ የሄርፒስ ምልክቶች አሏቸው?
ID_VL_Eng_Eth_118405AD,Eng_Eth,C_recall_failure,0.07789473684210527,0.13454545454545452,0.15578947368421053,0.15578947368421053,6,6,47,What are the signs of HPV?
ID_VL_Lug_Uga_43675D58,Lug_Uga,B_reranking_failure,0.07789473684210527,0.74,0.74,0.74,4,52,55,Nnina kumala bbanga ki ndyoke mbuulireko omuntu ku bwe nnyimiridde ku Akawuka akaleeta Siriimu?
ID_VL_Eng_Eth_17DDED81,Eng_Eth,C_recall_failure,0.07789473684210527,0.23368421052631577,0.23368421052631577,0.2732307692307692,32,1,60,How can I get a loan or small amount of starting money for a new business idea?
ID_VL_Amh_Eth_49C8A43F,Amh_Eth,C_recall_failure,0.07789473684210527,0.22424242424242424,0.22424242424242424,0.22424242424242424,4,7,51,የኤች.ፒ.ቪ ቫይረስ ወንዶችን ያጠቃል?
ID_VL_Amh_Eth_0758E201,Amh_Eth,C_recall_failure,0.07789473684210527,0.04,0.056923076923076917,0.09866666666666667,62,32,75,ልጃገረዶች በቤት ውስጥ ጉዳት ከደረሰባቸው በደህና ለመኖር የሚሄዱበት ቦታ ምን ማለት ነው?
ID_VL_Lug_Uga_DA1C96AE,Lug_Uga,C_recall_failure,0.07789473684210527,0.1078391959798995,0.13575539568345324,0.14095238095238097,36,13,49,Lwaki kya mugaso okumanya ebisingawo ku myaka gy’obuvubuka n’obusannyalaze bw'omubiri?
ID_VL_Lug_Uga_409CA8F2,Lug_Uga,C_recall_failure,0.07789473684210527,0.11495145631067961,0.12131147540983607,0.12131147540983607,10,57,77,Lwaki kirungi okulabula omuntu ku ky’okubeera n’omukwano n’abantu abayinza okuba nga balina akawuka ka siriimu oba endwadde endala ez’ekikaba nga tomulumya nneewulira?
ID_VL_Lug_Uga_0F037337,Lug_Uga,B_reranking_failure,0.07823788546255506,0.1438888888888889,0.74,0.74,7,59,64,Osobola okunokolayo ensonga enkulu eri emabega w’ensibuko y'Akawuka akaleeta Siriimu/Siriimu?
ID_VL_Lug_Uga_4D15F7D8,Lug_Uga,C_recall_failure,0.07826923076923077,0.10246153846153847,0.12826666666666667,0.12826666666666667,12,3,65,Nsobola okwegattira mu kamwa ne muganzi wange singa mba nnina Kiramidiya?
ID_VL_Eng_Eth_46FB7BF3,Eng_Eth,C_recall_failure,0.07848484848484849,0.24666666666666665,0.2690909090909091,0.2690909090909091,8,4,52,How can I talk to a girl about her partner having other partners without causing conflict?
ID_VL_Lug_Uga_4082FCDA,Lug_Uga,C_recall_failure,0.07848484848484849,0.12131147540983607,0.19380952380952376,0.19380952380952376,5,21,65,Njawulo ki eriwo wakati w’Obuwuka obuleeta Obulwadde bw'Ekikaba n'Obulwadde bw’Ekikaba?
ID_VL_Eng_Gha_4082CBB9,Eng_Gha,C_recall_failure,0.07858407079646018,0.11684210526315789,0.16444444444444445,0.16444444444444445,11,15,48,Are there any online support groups or forums for teenagers dealing with similar mental health challenges related to sexual health? (ensuring anonymity)
ID_VL_Lug_Uga_814FF657,Lug_Uga,B_reranking_failure,0.07858407079646018,0.74,0.74,0.74,1,2,66,Okuzuulibwamu Akawuka akaleeta Siriimu kitegeeza ki?
ID_VL_Eng_Gha_3B72C86D,Eng_Gha,C_recall_failure,0.07872340425531914,0.14547008547008547,0.1592405063291139,0.1592405063291139,10,51,53,"How can I talk to a trusted adult about GBV without feeling judged or ashamed? (finding supportive people, practicing communication skills)"
ID_VL_Amh_Eth_1337739E,Amh_Eth,C_recall_failure,0.07872340425531914,0.06040816326530612,0.06040816326530612,0.07872340425531914,58,1,81,"ለኤች.አይ.ቪ ወይም ለቂጥኝ ""አንድ ጊዜ ብቻ፣ ሚስጥራዊ፣ አስማታዊ ፈውስ"" ይሰጣል የሚባልን ማንኛውንም መድኃኒት ማመን አለብኝ?"
ID_VL_Aka_Gha_B82C9074,Aka_Gha,C_recall_failure,0.07872340425531914,0.19943262411347515,0.22158192090395484,0.24822784810126583,28,46,49,Mɛyɛ dɛn atumi ne me nnamfo ne m’abusuafo aka me nyinsɛn no ho asɛm?
ID_VL_Amh_Eth_BC0A6A5D,Amh_Eth,C_recall_failure,0.07872340425531914,0.07872340425531914,0.08969696969696969,0.08969696969696969,19,8,53,በወር አበባዬ ውስጥ ብጸልይ እግዚአብሔር አሁንም ጸሎቴን ይሰማል?
ID_VL_Eng_Eth_7634C169,Eng_Eth,C_recall_failure,0.07872340425531915,0.10791666666666666,0.116078431372549,0.18175438596491228,31,0,70,What is the importance of water purification (boiling and filtering) in reducing disease?
ID_VL_Eng_Gha_B35556A5,Eng_Gha,C_recall_failure,0.07888324873096447,0.1622591362126246,0.17003236245954692,0.17003236245954692,10,13,48,"What are the different types of health insurance schemes available to adolescents, such as public insurance, private insurance, employer-sponsored insurance, community-based insurance, and social health protection programs?"
ID_VL_Eng_Uga_0C880714,Eng_Uga,B_reranking_failure,0.07893333333333333,0.1521111111111111,0.74,0.74,5,2,66,What is the primary mode of STI transmission?
ID_VL_Eng_Uga_FEE5CE69,Eng_Uga,C_recall_failure,0.07928571428571426,0.10571428571428573,0.13058823529411764,0.1423076923076923,35,6,64,How do STI symptoms vary between men and women?
ID_VL_Amh_Eth_892E6161,Amh_Eth,C_recall_failure,0.07928571428571428,0.07928571428571428,0.07928571428571428,0.08705882352941176,25,20,63,ባለቤቴ ኢንፌክሽኑን ከሰጠኝ የማህበረሰቡን መሪ እንዲቀጣው መጠየቅ እችላለሁን?
ID_VL_Amh_Eth_2D174FC9,Amh_Eth,C_recall_failure,0.07928571428571428,0.07928571428571428,0.07928571428571428,0.12758620689655173,60,11,76,ሕፃኑ ብዙ የሚያለቅስ ከሆነ የእናትየው ወተት መጥፎ ቢሆን ነው የሚባለው ትክክል ነው?
ID_VL_Eng_Uga_EE9BF3E1,Eng_Uga,B_reranking_failure,0.07928571428571428,0.74,0.74,0.74,2,18,65,"Prevention of HIV, please answer in detail."
ID_VL_Amh_Eth_78E3654B,Amh_Eth,C_recall_failure,0.07928571428571428,0.0888,0.13454545454545455,0.1432258064516129,30,27,50,ትሪኮሞኒየስ ህመም አለው?
ID_VL_Amh_Eth_FB02BEBB,Amh_Eth,C_recall_failure,0.07928571428571428,0.12333333333333335,0.12333333333333335,0.1510204081632653,25,52,79,ሴቶች ከወንዶች ይበልጥ ለምን በክላሚዲያ እና በጨብጥ ሳቢያ ለከፋና ለረጅም ጊዜ ለሚቆይ የጤና ጉዳት ይጋለጣሉ?
ID_VL_Eng_Uga_B3A9DCAA,Eng_Uga,B_reranking_failure,0.07928571428571428,0.74,0.74,0.74,3,23,44,"What are the forms of preventing myself from Human Immunodeficiency Virus?, please answer in detail."
ID_VL_Lug_Uga_052226B9,Lug_Uga,C_recall_failure,0.07928571428571429,0.11757009345794392,0.1986577181208054,0.1986577181208054,13,43,75,Obulabe ki obuli mu kwegatta n’omuwala omuto oba omuntu omulala yenna awatali kufaayo ku myaka gye nga teweetangidde?
ID_VL_Lug_Uga_C0079336,Lug_Uga,B_reranking_failure,0.07946308724832216,0.74,0.74,0.74,2,32,62,Nnyinza ntya okukuuma obuyonjo bw'akamwa nga nvubuka?
ID_VL_Lug_Uga_170FA87B,Lug_Uga,B_reranking_failure,0.07956989247311828,0.74,0.74,0.74,2,8,51,Obuwuka obuleeta Obulwadde bw’Ekikaba busobola okubeera mu ndagabuzaale zo?
ID_VL_Lug_Uga_6AB1CDB6,Lug_Uga,B_reranking_failure,0.07962025316455695,0.74,0.74,0.74,0,2,71,Olowooza nti kya bulijjo oba kikkirizibwa okuba n'okwegomba okw'amaanyi okw'okwegatta n'obwongo bwange okuba nga buntuma okwegatta?
ID_VL_Lug_Uga_F6FF3521,Lug_Uga,C_recall_failure,0.07969230769230769,0.2360344827586207,0.2360344827586207,0.2360344827586207,2,3,64,Kiki omuntu ky’alina okujjukira ku kuganza omuntu alina Obuwuka obuleeta Obulwadde bw’Ekikaba?
ID_VL_Lug_Uga_51D05EF3,Lug_Uga,C_recall_failure,0.07976047904191616,0.10962962962962963,0.10962962962962963,0.13972027972027973,56,23,62,Enzijanjaba y'Enziku mu baami eyawukana ku y'abakyala?
ID_VL_Eng_Ken_6B9CD71C,Eng_Ken,B_reranking_failure,0.07999999999999999,0.74,0.74,0.74,0,6,39,How can I maintain a healthy lifestyle?
ID_VL_Eng_Uga_336B00CB,Eng_Uga,B_reranking_failure,0.08,0.74,0.74,0.74,0,20,56,What can I do if I start to feel unsure about having sex?
ID_VL_Eng_Gha_8A2E6A93,Eng_Gha,C_recall_failure,0.08,0.11021276595744679,0.13058823529411762,0.16160919540229884,53,44,56,Why is it important to avoid making assumptions or stereotypes about others during puberty?
ID_VL_Amh_Eth_784C2F29,Amh_Eth,C_recall_failure,0.08,0.08,0.20468085106382983,0.20468085106382983,6,0,50,ጨብጥ በሽታ ወንዶች ልጅ እንዳይወልዱ ያደርጋል?
ID_VL_Lug_Uga_E90D21CB,Lug_Uga,C_recall_failure,0.08,0.1149514563106796,0.23999999999999996,0.23999999999999996,10,10,73,Okwesigama ku kwetangira kulina akatyabaga konna mu kukwatibwa Akawuka akaleeta Siriimu?
ID_VL_Eng_Eth_5DA36F1B,Eng_Eth,D_weak_pool,0.08,0.3171428571428571,0.3217391304347826,0.3894736842105263,41,34,68,What is the period between infection and the development of detectable antibodies?
ID_VL_Lug_Uga_85ECE729,Lug_Uga,B_reranking_failure,0.08,0.23999999999999996,0.74,0.74,10,7,81,Buzibu ki obuli mu kukozesa okwetangira Akawuka akaleeta Siriimu?
ID_VL_Aka_Gha_9360715F,Aka_Gha,C_recall_failure,0.08024096385542168,0.0925,0.11150684931506849,0.11150684931506849,11,16,74,Mmoa bɛn saa na ɛwɔ hɔ ma mmabun akannifoɔ anaa mpaninfoɔ wɔ ASRH advocacy mu?
ID_VL_Eng_Gha_E60FD420,Eng_Gha,C_recall_failure,0.08024096385542168,0.12657894736842107,0.12657894736842107,0.1590082644628099,22,18,39,How can adolescents stay informed about the findings and outcomes of the monitoring and evaluation activities conducted by the crisis intervention program?
ID_VL_Eng_Gha_86341718,Eng_Gha,C_recall_failure,0.08031007751937985,0.17801886792452828,0.17801886792452828,0.20639455782312927,28,38,49,How can disclosing disability help an adolescent with disability access better sexual and reproductive health care in Ghana?
ID_VL_Eng_Gha_31AB0B56,Eng_Gha,C_recall_failure,0.08031007751937985,0.20492307692307693,0.23981481481481481,0.23981481481481481,11,7,41,Are there specific life skills education programs targeted towards vulnerable or marginalized groups of adolescents?
ID_VL_Lug_Uga_AEA4A441,Lug_Uga,B_reranking_failure,0.08043478260869565,0.74,0.74,0.74,1,1,71,Kituufu okupikiriza omuntu okwetaba mu kwegatta?
ID_VL_Lug_Uga_46C79B36,Lug_Uga,B_reranking_failure,0.08043478260869565,0.74,0.74,0.74,4,20,57,Omwagwalwa wange nange tuyinza tutya okwekuuma obutakwatibwa Kisipi?
ID_VL_Lug_Uga_18C180D2,Lug_Uga,B_reranking_failure,0.08043478260869566,0.74,0.74,0.74,0,7,58,Nsobola okufuna Kiramidiya okuva mu mazina agayinza okuyimya omuntu?
ID_VL_Lug_Uga_5FCD859E,Lug_Uga,B_reranking_failure,0.08043478260869566,0.14489510489510488,0.74,0.74,6,6,63,Engeri ki esinga obulungi ey'okukwatamu obutakkiriza bivudde mu kuzuulwamu Akawuka akaleeta Siriimu?
ID_VL_Eng_Gha_20DA8972,Eng_Gha,C_recall_failure,0.08043478260869566,0.15578947368421053,0.17209302325581394,0.17209302325581394,10,37,49,"Where can I learn more about being a positive influence and preventing GBV in my community? (workshops, awareness campaigns)"
ID_VL_Lug_Uga_702B7014,Lug_Uga,B_reranking_failure,0.08062256809338521,0.08062256809338521,0.74,0.74,9,14,43,Nsobola ntya okunaaba obulungi omubiri gwange mu kiseera ky'okuvubuka?
ID_VL_Amh_Eth_575AED2C,Amh_Eth,C_recall_failure,0.08072727272727272,0.07254901960784314,0.11684210526315789,0.18836363636363634,68,58,70,የሚታዩ እና የሚጠፉ ውሃ የቋጠሩ እብጠቶች አሉኝ፣ ግን በጣም ያሠቃያሉ፣ ይህ ምንድን ነው እና ሊታከም ይችላል?
ID_VL_Eng_Eth_1A85910D,Eng_Eth,C_recall_failure,0.08072727272727272,0.21142857142857147,0.2204255319148936,0.24666666666666665,25,30,44,What resources or simple booklets are available in local languages to educate my peers about the HPV vaccine?
ID_VL_Amh_Eth_8CE6424D,Amh_Eth,C_recall_failure,0.08072727272727272,0.12869565217391304,0.12869565217391304,0.12869565217391304,1,1,68,ስለ ወደፊት ሕይወቴ ከቤተሰቦቼ በምስጢር የተጠበቀና አስተማማኝ የምክር አገልግሎት ከየት ማግኘት እችላለሁ?
ID_VL_Lug_Uga_049626BA,Lug_Uga,B_reranking_failure,0.08072727272727273,0.13591836734693877,0.74,0.74,11,43,70,Biki ebiva mu kufuuweta sigala ku bulamu bw’omuntu alina Akawuka akaleeta Siriimu?
ID_VL_Eng_Uga_CFF2B1C4,Eng_Uga,B_reranking_failure,0.08084033613445378,0.74,0.74,0.74,0,0,45,As a woman should I also get treatment for Gonorrhea?
ID_VL_Eng_Gha_FAEBCD19,Eng_Gha,C_recall_failure,0.0809375,0.16444444444444445,0.16444444444444445,0.16444444444444445,0,11,39,What is a wet dream and is it normal? (For males)
ID_VL_Lug_Uga_A7F77451,Lug_Uga,C_recall_failure,0.08100591715976331,0.10033898305084746,0.11464788732394368,0.13566666666666666,51,18,68,Ngeri ki enkola ya kizaalaggumba ekozesa obusannyalaze bw'omubiri z'eyambamu ku bizibu ebisangibwa mu kugenda mu nsonga?
ID_VL_Lug_Uga_EB04159C,Lug_Uga,C_recall_failure,0.08104761904761904,0.09816326530612246,0.09828125,0.10090909090909089,21,30,66,Bubonero ki obw'Akafuna akakwata amawuggwe obutera okweyoleka? 
ID_VL_Amh_Eth_1B049863,Amh_Eth,C_recall_failure,0.08109589041095891,0.1771830985915493,0.21863636363636363,0.22999999999999998,66,30,71,ክላሜዲያ ምንድን ነው? በጸሎት መፈወስ ይቻላል?
ID_VL_Eng_Uga_A04D4D14,Eng_Uga,C_recall_failure,0.08116129032258065,0.12333333333333334,0.12333333333333334,0.12333333333333335,63,56,67,Why is it that some men who use condoms get itches under their genital parts?
ID_VL_Eng_Gha_24108E9A,Eng_Gha,C_recall_failure,0.0814,0.08659574468085104,0.1173170731707317,0.1173170731707317,16,26,45,"How can adolescents access microfinance, community-based savings groups, or other informal financial services to meet their short-term or emergency financial needs?"
ID_VL_Eng_Gha_8471B4B0,Eng_Gha,D_weak_pool,0.08171779141104293,0.08174418604651162,0.0925,0.31714285714285717,43,15,51,What are some common terms and concepts related to gender identity that I should be aware of?
ID_VL_Amh_Eth_162F8A24,Amh_Eth,C_recall_failure,0.08222222222222221,0.16444444444444442,0.22424242424242424,0.22769230769230767,66,31,83,ኤች አይ ቪ ካለበት የቤተሰብ አባል ጋር ምግብ ብነካ ወይም ካካፈልኩ እታመማለሁ?
ID_VL_Amh_Eth_F27292B6,Amh_Eth,C_recall_failure,0.08222222222222221,0.0925,0.0925,0.21142857142857147,56,7,60,በእርግዝና ወቅት ለክላሚዲያ የሚመከር ሕክምና ምንድነው?
ID_VL_Eng_Ken_34C1C3EA,Eng_Ken,C_recall_failure,0.08222222222222221,0.08222222222222221,0.1325373134328358,0.15770491803278688,39,32,51,How isn't HIV transmitted?
ID_VL_Swa_Ken_62C8C3F4,Swa_Ken,B_reranking_failure,0.08222222222222221,0.74,0.74,0.74,4,30,43,"Je, mtoto wangu anaweza kupimwa virusi vya ukimwi sasa ikiwa hatapimwa kama mtoto?"
ID_VL_Amh_Eth_A021C0CA,Amh_Eth,C_recall_failure,0.08222222222222221,0.11839999999999998,0.12869565217391304,0.15179487179487178,42,46,47,ኤችአይቪ በመተቃቀፍ ሊተላለፍ ይችላል እንዴ?
ID_VL_Amh_Eth_70C2903F,Amh_Eth,C_recall_failure,0.08222222222222221,0.03523809523809524,0.08377358490566036,0.10277777777777777,50,35,75,ስለ ድንገተኛ የእርግዝና መከላከያ (ከጠዋት-በኋላ ክኒን) የተለመደው አለመግባባት ምንድን ነው?
ID_VL_Amh_Eth_AB8DDEB4,Amh_Eth,C_recall_failure,0.08222222222222222,0.17862068965517242,0.17862068965517242,0.17862068965517242,3,21,80,በጤና ጣቢያው ውስጥ ለነፍሰ ጡር ታዳጊ ልጃገረዶች ምን ዓይነት አገልግሎቶች ነፃ ናቸው?
ID_VL_Eng_Uga_84CFEE39,Eng_Uga,C_recall_failure,0.08222222222222222,0.20413793103448274,0.20413793103448274,0.20413793103448274,0,5,56,What activities can put you at risk for Chlamydia?
ID_VL_Eng_Uga_0779250A,Eng_Uga,B_reranking_failure,0.08222222222222222,0.12197802197802196,0.74,0.74,14,14,59,When should someone seek medical attention if they suspect they have HIV?
ID_VL_Eng_Eth_8A4A0E2D,Eng_Eth,D_weak_pool,0.08222222222222222,0.30204081632653057,0.30204081632653057,0.30204081632653057,0,0,53,Is the HPV test done at the clinic the same as a Pap smear?
ID_VL_Eng_Uga_CD6BB03B,Eng_Uga,B_reranking_failure,0.08222222222222222,0.10126315789473683,0.74,0.74,6,20,50,"Can herbal medicines treat Syphilis?, please answer this using simple medical terms."
ID_VL_Eng_Eth_1B19D8B8,Eng_Eth,D_weak_pool,0.08222222222222222,0.3288888888888889,0.3288888888888889,0.3288888888888889,0,43,70,"If I have an HPV bump, a relative says they can tie a string or hair tightly around the bump to cut off the blood and make it fall off."
ID_VL_Amh_Eth_84DAD06A,Amh_Eth,C_recall_failure,0.08222222222222222,0.09866666666666667,0.09866666666666667,0.10206896551724137,41,28,64,አንድ ሰው ከጨብጥ ከተፈወሰ በኋላ ከተመሳሳይ ሰው ጋር ከተገናኘ እንደገና ሊበከል ይችላል?
ID_VL_Swa_Ken_87CEC69D,Swa_Ken,B_reranking_failure,0.08222222222222222,0.74,0.74,0.74,4,0,55,"Je, mtu anaweza kufanya nini ikiwa ana virusi vya ukimwi/UKIMWI?"
ID_VL_Lug_Uga_FEA82E3A,Lug_Uga,B_reranking_failure,0.08256198347107438,0.25631284916201114,0.74,0.74,9,21,69,Nkebera ki ezikolebwa eza Kabootongo?
ID_VL_Eng_Gha_46426C45,Eng_Gha,C_recall_failure,0.08265957446808511,0.13875,0.13875,0.13875,3,2,47,"What screenings, tests, and procedures are typically performed during prenatal care, and why are they important?"
ID_VL_Aka_Gha_35CE8841,Aka_Gha,C_recall_failure,0.08279720279720279,0.12333333333333332,0.13796610169491524,0.13796610169491524,8,35,77,Nsunsuansoɔ bɛn na mmeaɛ a wasisi ayaresabea a ɛhwɛ sa nyarewa bi te sɛ nna mu yareɛ debrɛ mmabun wɔ wɔn apɔmden nhyehyeɛ ho so?
ID_VL_Eng_Gha_49E1CD13,Eng_Gha,C_recall_failure,0.0827972027972028,0.12455445544554455,0.16293577981651375,0.16293577981651375,6,19,46,"How can I confirm if I am pregnant, and what are the different methods of pregnancy testing available?"
ID_VL_Aka_Gha_8A14BE62,Aka_Gha,C_recall_failure,0.08314606741573033,0.09446808510638297,0.09446808510638297,0.09446808510638297,1,30,69,Mmabun betumi ahwehwɛ mmara mmoa sɛ wohu sɛ wommma wɔn ho kwan nsi gyinae wɔ nna nsɛm mu anaa?
ID_VL_Aka_Gha_88BD6407,Aka_Gha,B_reranking_failure,0.08338028169014083,0.6783333333333333,0.7091666666666667,0.7091666666666667,15,56,69,Fa nneɛma a wɔde bɛhwehwɛ apomoden ho adwumayɛfoɔ a wɔpɛ LGBTQ+ na wɔde akasa ama SOGI nteteeɛ a ɛkɔ anim wɔ apomoden ho nhyehyɛeɛ mu ma.
ID_VL_Lug_Uga_E4729BE5,Lug_Uga,B_reranking_failure,0.08345864661654136,0.74,0.74,0.74,0,23,28,Mbuulira ebisingawo ku Buwuka bwa Kiramidiya obulwaza Ebitundu by'ekyama n'omuyitiro gw'omusulo.
ID_VL_Lug_Uga_966B62EA,Lug_Uga,B_reranking_failure,0.0835483870967742,0.74,0.74,0.74,1,50,63,Abantu abamu bagejja oluvannyuma lw’okutandika obujjanjabi bw'Akawuka akaleeta Siriimu?
ID_VL_Lug_Uga_6B382A0A,Lug_Uga,B_reranking_failure,0.0836904761904762,0.09436241610738255,0.74,0.74,18,16,60,Tunaasobola okuwangaalira awamu ne mukwano gwange singa aba n'Akawuka akaleeta Siriimu?
ID_VL_Lug_Uga_9682D9FF,Lug_Uga,B_reranking_failure,0.08377358490566036,0.74,0.74,0.74,4,0,31,Omusujja gw'ekibumba ogwa B gugemebwa gutya?
ID_VL_Lug_Uga_44C1F1B5,Lug_Uga,B_reranking_failure,0.08377358490566036,0.74,0.74,0.74,0,0,72,Obujjanjabi bw'Akawuka akaleeta Siriimu bwa buseere; nsobola kuggya wa obuyambi bw'ensimbi ez'obujjanjabi n'okulya?
ID_VL_Lug_Uga_5BF7DDA1,Lug_Uga,C_recall_failure,0.08409090909090909,0.148,0.16360544217687076,0.1831186440677966,24,39,76,Okubeera ne Siriimu kireetera abantu okuba abennyamivu?
ID_VL_Aka_Gha_474A493B,Aka_Gha,C_recall_failure,0.08409090909090909,0.15857142857142856,0.16357894736842105,0.16357894736842105,8,18,57,Dɛn nti na nna ho hia wɔ mmabunyɛ mmerɛ mu?
ID_VL_Lug_Uga_D73E7BB9,Lug_Uga,B_reranking_failure,0.08409090909090909,0.1547272727272727,0.74,0.74,5,1,61,Waliwo ebituukiddwako mu kukola eddagala eriwonya Akawuka akaleeta Siriimu?
ID_VL_Eng_Uga_379D58F9,Eng_Uga,B_reranking_failure,0.08409090909090909,0.74,0.74,0.74,4,1,52,"How does Herpes affect a pregnant mother and her baby?, please answer in detail."
ID_VL_Eng_Uga_26C0747E,Eng_Uga,C_recall_failure,0.08409090909090909,0.11511111111111111,0.16914285714285715,0.19588235294117648,44,44,48,"If I have an STI, can I still have sex?"
ID_VL_Aka_Gha_AF2B99B4,Aka_Gha,C_recall_failure,0.0840909090909091,0.111,0.1655263157894737,0.1655263157894737,16,19,78,Mmara ahorow bɛn na ɛkwan da ho ma mmabun aa wɔ fa nna mu ne awoɔ mu apɔmmuden haw?
ID_VL_Eng_Gha_28CAAA1D,Eng_Gha,C_recall_failure,0.0843523316062176,0.14800000000000002,0.1701149425287356,0.1741176470588235,35,6,54,"Address the potential consequences of believing myths about contraception, such as unintended pregnancy or STIs."
ID_VL_Eng_Uga_5BB47C18,Eng_Uga,C_recall_failure,0.08435233160621762,0.12216981132075472,0.14575757575757575,0.2252173913043478,20,21,53,"Is there a cure for Gonorrhea?, please answer in detail."
ID_VL_Lug_Uga_0E88C8EC,Lug_Uga,B_reranking_failure,0.08445652173913043,0.74,0.74,0.74,0,6,61,Bubonero ki obulina okuwaliriza omuntu okugenda mu ddwaliro singa abeera akwatiddwa Akawuka akaleeta Siriimu?
ID_VL_Amh_Eth_D248A9A7,Amh_Eth,C_recall_failure,0.08457142857142856,0.13454545454545455,0.13454545454545455,0.21142857142857147,67,30,85,ውጤታማ የኤች አይ ቪ ህክምና ላይ ያለ ሰው አሁንም እንደ ክላሚዲያ ወይም ጨብጥ ያሉ ሌሎች የአባላዘር በሽታዎችን ማስተላለፍ ይችላል?
ID_VL_Lug_Uga_46818A88,Lug_Uga,C_recall_failure,0.08457142857142856,0.08457142857142856,0.13454545454545455,0.13454545454545455,19,30,69,Nnina kuzzaako ki singa omuntu ampikiriza okwegatta?
ID_VL_Eng_Uga_C74E48FF,Eng_Uga,C_recall_failure,0.08457142857142859,0.12595744680851068,0.13361111111111112,0.13361111111111112,8,29,58,"Can using lubricants decrease the risk of STI transmission?, please answer in detail."
ID_VL_Eng_Ken_76876C62,Eng_Ken,B_reranking_failure,0.08469879518072289,0.19516483516483518,0.74,0.74,11,0,50,Who is qualified to take PEP?
ID_VL_Eng_Gha_4F3949A8,Eng_Gha,C_recall_failure,0.08491803278688526,0.12906976744186047,0.1828235294117647,0.1828235294117647,15,19,50,"How can I volunteer my time or skills to support the work of local organizations working on ASRRs? (Fundraising events, administrative tasks, peer education)"
ID_VL_Lug_Uga_7CF59D5F,Lug_Uga,B_reranking_failure,0.08502127659574468,0.12698224852071005,0.74,0.74,6,11,60,Ngeri ki esinga obulungi ey'okukebera akawuka Neisseria akaleeta Enziku?
ID_VL_Eng_Gha_4A27EBF2,Eng_Gha,C_recall_failure,0.08505747126436781,0.17289719626168226,0.17289719626168226,0.17298701298701302,37,18,64,"Am I ready to become a parent at this stage in my life? (considering age, maturity, resources)"
ID_VL_Eng_Ken_41DC1C60,Eng_Ken,C_recall_failure,0.0851798561151079,0.1284722222222222,0.1573228346456693,0.1573228346456693,23,35,54,"Are there precautions I can follow to prevent HIV infection after a potential exposure, like a broken condom or sexual assault?"
ID_VL_Aka_Gha_CE177B4E,Aka_Gha,C_recall_failure,0.08517985611510792,0.16293577981651375,0.16293577981651375,0.16293577981651375,4,9,68,"Mɛyɛ dɛn atumi ada me nsusuwii, atenka, ne nneɛma a ɛhaw me adi wɔ ɔkwan a emu da hɔ na obu wom so wɔ mmerantebere ne mmabaabere mu?"
ID_VL_Lug_Uga_1851D1CF,Lug_Uga,C_recall_failure,0.08538461538461538,0.11562499999999999,0.11562499999999999,0.12542372881355932,46,16,60,"Singa nzijanjabwa Enziku n'ewona, waliwo emikisa gy'okuddamu okunkwata?"
ID_VL_Eng_Gha_54170A17,Eng_Gha,C_recall_failure,0.08538461538461538,0.15712328767123288,0.18592964824120603,0.18592964824120603,15,20,51,Can we work together to develop strategies for self-care and emotional regulation that will help me maintain my mental and emotional health as I grow and develop?
ID_VL_Lug_Uga_052DFB9A,Lug_Uga,C_recall_failure,0.08538461538461538,0.13214285714285715,0.13214285714285715,0.13214285714285715,0,28,50,Kiki ekibaawo singa weegatta n’omuntu alina Kisipi akwata Ebitundu by'ekyama?
ID_VL_Eng_Gha_88FFBD40,Eng_Gha,C_recall_failure,0.08538461538461538,0.1339655172413793,0.185,0.185,14,19,53,How can I find healthcare providers who are knowledgeable and supportive of sexuality of adolescents with disability?
ID_VL_Amh_Eth_EF04E57D,Amh_Eth,C_recall_failure,0.08538461538461538,0.14557377049180326,0.14557377049180326,0.14557377049180326,3,7,61,እውነት ነው አንድ ወንድ የግብረ-ሥጋ ግንኙነት ከፈጸመ በኋላ ወዲያውኑ ሽንት ከብልቱ ውስጥ ማንኛውንም ኢንፌክሽን ያስወግዳል?
ID_VL_Eng_Ken_51FACEFA,Eng_Ken,B_reranking_failure,0.08538461538461538,0.74,0.74,0.74,3,0,68,What are the locations to get condoms?
ID_VL_Amh_Eth_A6846099,Amh_Eth,C_recall_failure,0.08538461538461538,0.08538461538461538,0.08538461538461538,0.08538461538461538,1,0,69,የወሊድ መከላከያን ርዕስ በባህል ስሜታዊ በሆነ መንገድ እንዴት ማስተዋወቅ እችላለሁ?
ID_VL_Amh_Eth_D4262982,Amh_Eth,C_recall_failure,0.08538461538461539,0.24666666666666662,0.24666666666666662,0.24666666666666665,28,3,58,ክላሚዲያ ያለ መድሃኒት ይጠፋል?
ID_VL_Eng_Ken_705FDDF5,Eng_Ken,B_reranking_failure,0.08538461538461539,0.74,0.74,0.74,2,21,40,Is HIV transmitted through blood transfusion?
ID_VL_Aka_Gha_EB1FA9F2,Aka_Gha,C_recall_failure,0.08538461538461539,0.15857142857142856,0.22704545454545455,0.23180722891566263,55,37,61,"Fa nneɛma ma ayaresabea ahorow a wɔde sliding scale, awofoyɛ mmeae a wɔayɛ ho nhyehyɛe, anaa ahyehyɛde foforo a wɔde nyinsɛn ano aduru a ne bo nyɛ den anaasɛ wontua hwee ma."
ID_VL_Eng_Uga_9DD43675,Eng_Uga,C_recall_failure,0.08579710144927534,0.08579710144927534,0.1184,0.16444444444444445,39,12,55,Can I get an STI from a one-night stand?
ID_VL_Amh_Eth_F96B648A,Amh_Eth,C_recall_failure,0.08579710144927535,0.14358208955223878,0.14358208955223878,0.14358208955223878,0,2,66,ከሄርፒስ ሙሉበሙሉ መዳን ይቻላል? ወንዶችና ሴቶች ችግር እንዳይደርስባቸው ምን ማድረግ ይችላሉ?
ID_VL_Lug_Uga_D8274FC3,Lug_Uga,B_reranking_failure,0.08604651162790697,0.74,0.74,0.74,2,3,63,Kiki omuntu ky’alina okumanya ku by’okwegatta?
ID_VL_Lug_Uga_F3C2944A,Lug_Uga,B_reranking_failure,0.08604651162790698,0.74,0.74,0.74,1,1,64,"Oluvannyuma lw'okwetaba mu bikolwa ebinteeka mu katyabaga k'okukwatibwa Akawuka akaleeta Siriimu, kinaatwala ssaawa mmeka nga okukwatibwa Akawuka akaleeta Siriimu."
ID_VL_Swa_Ken_716CA1F2,Swa_Ken,B_reranking_failure,0.08604651162790698,0.74,0.74,0.74,1,5,52,"Je, nitapata madhara yoyote kutoka kwa PEP?"
ID_VL_Lug_Uga_4F9A5F98,Lug_Uga,B_reranking_failure,0.08616438356164383,0.74,0.74,0.74,0,20,59,Okwegatta kufuuse kya bulijjo mu bavubuka leero?
ID_VL_Lug_Uga_5BCD236C,Lug_Uga,B_reranking_failure,0.0862135922330097,0.13454545454545455,0.74,0.74,7,3,66,Nnyinza ntya okuyamba mukwano gwange oba omuntu wange ow'omu maka alina akawuka ka siriimu ng'asosolwa mu kitundu?
ID_VL_Eng_Gha_0CFEF683,Eng_Gha,C_recall_failure,0.08633333333333333,0.10064000000000001,0.11590361445783133,0.17343750000000002,31,17,46,What are some tips for evaluating the credibility of information on social media?
ID_VL_Lug_Uga_79EC533C,Lug_Uga,B_reranking_failure,0.08633333333333335,0.1121212121212121,0.74,0.74,17,29,64,Mitendera ki egiyinza okuyitibwamu okukakasa nti Abantu abalina Akawuka akaleeta Siriimu beetaayiza mu kitundu?
ID_VL_Eng_Gha_956D80E4,Eng_Gha,C_recall_failure,0.08642335766423356,0.08222222222222222,0.08222222222222222,0.15092105263157896,30,13,55,What are some common terms and concepts related to sexual orientation that I should be aware of?
ID_VL_Eng_Uga_F2DDE1F5,Eng_Uga,C_recall_failure,0.08649350649350648,0.08649350649350648,0.10246153846153845,0.10246153846153845,6,55,61,How long does it take to get pregnant after stopping birth control?
ID_VL_Lug_Uga_9EE339FF,Lug_Uga,B_reranking_failure,0.08675862068965517,0.74,0.74,0.74,2,3,65,Omuntu ayinza atya okumanya nti ali lubuto nga takebeddwa?
ID_VL_Swa_Ken_BF74531C,Swa_Ken,C_recall_failure,0.08705882352941174,0.10791666666666666,0.15744680851063828,0.1724271844660194,54,40,74,"Je, mtu huenda vipi kuhusu kuchagua njia sahihi ya kazi?"
ID_VL_Eng_Eth_CD2372C2,Eng_Eth,C_recall_failure,0.08705882352941176,0.17076923076923078,0.17076923076923078,0.32888888888888884,57,27,58,What are the main ways to prevent sexually transmitted HIV infection?
ID_VL_Amh_Eth_085B15FB,Amh_Eth,C_recall_failure,0.08705882352941176,0.08705882352941176,0.10571428571428573,0.10571428571428573,7,56,79,በአፍ ከሚወሠዱ መድሃኒቶች ይልክ፣ በአሁኑ ሰአት ጨብጥን ለማከም የምንጠቀመው  በመርፌ የሚወሠድ የceftriaxone መድኃኒትን ብቻ ነው። ለምን ?
ID_VL_Amh_Eth_4DD8EB85,Amh_Eth,C_recall_failure,0.08705882352941176,0.06297872340425531,0.08705882352941176,0.12081632653061225,66,46,77,ገና 14 ዓመቴ ነው፣ እና ክሊኒኩ ትልቅ ሰው ማምጣት እንዳለብኝ ነገረኝ። አልችልም፣ ምን ማድረግ ይገባኛል?
ID_VL_Eng_Eth_AD81F8BD,Eng_Eth,C_recall_failure,0.08705882352941176,0.2877777777777778,0.2895652173913043,0.2895652173913043,13,2,54,What is the recommended screening for Syphilis in high-risk populations?
ID_VL_Eng_Uga_8E52FC42,Eng_Uga,C_recall_failure,0.08705882352941176,0.111,0.111,0.1517948717948718,61,10,62,What should I do if I prefer not to disclose my past STI history to my partner?
ID_VL_Eng_Eth_71348C2A,Eng_Eth,C_recall_failure,0.08705882352941176,0.274074074074074,0.296,0.296,19,2,46,Can chlamydia resolve on its own without treatment?
ID_VL_Eng_Eth_7D824264,Eng_Eth,C_recall_failure,0.08705882352941177,0.11482758620689654,0.14,0.14,18,29,57,My husband refuses to believe a woman's discharge can be a sign of a serious disease. How can I convince him to let me go to the clinic?
ID_VL_Amh_Eth_52C21221,Amh_Eth,C_recall_failure,0.08705882352941177,0.12920634920634919,0.12920634920634919,0.12920634920634919,3,6,80,በብልት አካባቢ ላይ እንደ ጎመን አበባ የሚመስል እብጠት ወይም ዕድገት ቢወጣ፣ በራሴ ማቃጠል ወይም ባሕላዊ መድኃኒት መጠቀም እችላለሁ?
ID_VL_Lug_Uga_0261C87A,Lug_Uga,C_recall_failure,0.08705882352941177,0.13031446540880504,0.13031446540880504,0.13031446540880504,0,50,67,Omuntu ayinza atya okukuuma ebyama bye nga bw'ajjanjabibwa Akawuka akaleeta Siriimu?
ID_VL_Eng_Eth_ADB14670,Eng_Eth,C_recall_failure,0.08705882352941179,0.11607843137254904,0.16444444444444442,0.20041666666666666,26,7,60,How can I get a loan or small amount of starting money for a new business idea?
ID_VL_Lug_Uga_0DBDC5DA,Lug_Uga,B_reranking_failure,0.08723577235772359,0.74,0.74,0.74,1,58,73,Obulabe ki obw’ebyobulamu obujja n'okukwatibwa ebika by'Akawuka akaleeta Siriimu ebingi?
ID_VL_Eng_Ken_5BF86F3C,Eng_Ken,B_reranking_failure,0.08730337078651684,0.74,0.74,0.74,2,0,53,What should I do if I suspect exposure to HIV?
ID_VL_Eng_Uga_3803DCEE,Eng_Uga,C_recall_failure,0.08736111111111111,0.185,0.2114285714285714,0.22199999999999998,43,12,47,What should I do if I feel ashamed of my body?
ID_VL_Lug_Uga_D6AA5382,Lug_Uga,B_reranking_failure,0.087380073800738,0.74,0.74,0.74,2,27,68,Mitendera ki gye tusobola okuyitamu okwewala ebikolwa by’okwegatta mu kiseera kye tulimu ng’abayizi?
ID_VL_Aka_Gha_675DD5AF,Aka_Gha,C_recall_failure,0.08745454545454545,0.12131147540983607,0.14800000000000002,0.14800000000000002,13,27,73,M'awofoɔ bɛtumi ahu sɛ m'ayi nyisen agu anaa?
ID_VL_Lug_Uga_D6E18109,Lug_Uga,B_reranking_failure,0.08763157894736842,0.74,0.74,0.74,4,8,82,"Singa ebyava mu kukeberebwa mu ddwaaliro biba birungi ate nga waliwo n’afuna obuzibu okubikkiriza, kiki ky’ayinza okukola?"
ID_VL_Lug_Uga_E1035E1C,Lug_Uga,B_reranking_failure,0.08779661016949152,0.74,0.74,0.74,10,14,57,Waliwo eddagala erigema Kramidiya?
ID_VL_Eng_Ken_A4461663,Eng_Ken,B_reranking_failure,0.08779661016949153,0.74,0.74,0.74,4,20,39,What should I tell my partner about my status?
ID_VL_Aka_Gha_0CDB1CA4,Aka_Gha,C_recall_failure,0.08779661016949153,0.13454545454545455,0.2114285714285714,0.2114285714285714,18,38,61,Dɛn metumi ayɛ de ako atia LGBTQ+ nyiyimu?
ID_VL_Lug_Uga_4605EC0E,Lug_Uga,C_recall_failure,0.08779661016949153,0.09524752475247525,0.185,0.185,15,7,65,Miganyulo ki egiri mu kwegatta okutateeka bulabe ku bulamu ng’oggyeeko okwewala Obuwuka obuleeta Obulwadde bw'Ekikaba?
ID_VL_Eng_Eth_DBFDD97E,Eng_Eth,C_recall_failure,0.08779661016949153,0.13454545454545455,0.13454545454545455,0.13796610169491527,40,23,59,What is the cost difference between having a baby at home versus at a health center?
ID_VL_Eng_Eth_D85C16BD,Eng_Eth,C_recall_failure,0.08779661016949153,0.13129032258064516,0.17559322033898309,0.17559322033898309,8,4,52,How can I talk to a girl about her partner having other partners without causing conflict?
ID_VL_Eng_Uga_DFF389AA,Eng_Uga,B_reranking_failure,0.088,0.74,0.74,0.74,3,17,52,What is an HIV self test?
ID_VL_Swa_Ken_1744EE3F,Swa_Ken,C_recall_failure,0.08809523809523809,0.1866869300911854,0.1982142857142857,0.20228373702422145,25,5,60,"Ikiwa kifo cha mama yangu kinashukiwa kuwa kilitokana na Ukimwi, ni hatua gani inayopendekezwa kuchukuliwa?"
ID_VL_Lug_Uga_CCEA5031,Lug_Uga,C_recall_failure,0.0880952380952381,0.23679999999999995,0.23870967741935484,0.27999999999999997,52,1,66,Obuwuka obuleeta Obulwadde bw'Ekikaba busobola okusaasaanyizibwa okuyita ku ssimu ekwatiddwako omuntu abulina?
ID_VL_Eng_Uga_F96C9A0A,Eng_Uga,C_recall_failure,0.0880952380952381,0.09999999999999998,0.20555555555555555,0.20555555555555555,5,11,49,What's the best way to talk to my partner about safer sex?
ID_VL_Eng_Eth_79699ED2,Eng_Eth,C_recall_failure,0.08809523809523812,0.15653846153846152,0.15653846153846152,0.15653846153846152,4,48,52,What is the recommended test-of-cure for Gonorrhea infection in the throat or rectum?
ID_VL_Eng_Uga_614C721D,Eng_Uga,B_reranking_failure,0.08847826086956521,0.74,0.74,0.74,1,1,49,How do I know I have an STI?
ID_VL_Eng_Uga_BECED21A,Eng_Uga,B_reranking_failure,0.08847826086956521,0.74,0.74,0.74,2,2,58,How do I know that I have STIs?
ID_VL_Eng_Gha_B6ADF48B,Eng_Gha,C_recall_failure,0.08854700854700853,0.08854700854700853,0.1009090909090909,0.1009090909090909,13,1,59,"What are some challenges that young people might face when getting involved in community engagement around GBV? (time commitment, feeling overwhelmed)"
ID_VL_Aka_Gha_A8F7EF5A,Aka_Gha,C_recall_failure,0.08854700854700855,0.13454545454545452,0.13454545454545452,0.14518987341772152,63,0,65,"kwan bɛn so na mpɔtam hɔ akuo ahorow di mmabun akuw ahorow ahiade pɔtee ho dwuma, te sɛ LGBTQ+ mmabun anaa wɔn a wofi mmusua a wonnya sika pii mu? (Fa w’adwene si nnipa nyinaa a wɔbɛka wɔn ho ne pɛyɛ so)"
ID_VL_Lug_Uga_DB4BB8EB,Lug_Uga,B_reranking_failure,0.08854700854700855,0.74,0.74,0.74,0,0,81,Biki ebyaviirako maama okunsiiga Akawuka akaleeta Siriimu ng'nzaala?
ID_VL_Amh_Eth_246998E8,Amh_Eth,C_recall_failure,0.08879999999999999,0.13454545454545452,0.13454545454545452,0.1432258064516129,68,43,81,ኤች አይ ቪ ያለባቸው ሰዎች በየቀኑ ምን ዓይነት መድሃኒቶችን ይወስዳሉ?
ID_VL_Lug_Uga_801F4909,Lug_Uga,C_recall_failure,0.08879999999999999,0.15786666666666666,0.1656716417910448,0.1656716417910448,11,23,50,Nsobola ntya okumanya nti nnina Omusujja gw'ekibumba ogwa B?
ID_VL_Eng_Uga_57F479B5,Eng_Uga,C_recall_failure,0.0888,0.09816326530612243,0.13155555555555554,0.13767441860465116,28,2,54,"Can someone with Herpes donate blood?, please answer this using simple medical terms."
ID_VL_Lug_Uga_A2AA378C,Lug_Uga,B_reranking_failure,0.0889423076923077,0.13796610169491527,0.74,0.74,18,2,65,Akatyabaga k'okusaasaanya Akawuka akaleeta Siriimu ke kamu ku mitendera gyonna egy'okukwatibwa?
ID_VL_Lug_Uga_2661C426,Lug_Uga,B_reranking_failure,0.0889873417721519,0.74,0.74,0.74,0,58,74,"Singa ntandise PEP, nkomya ddi okumukozesa?"
ID_VL_Eng_Uga_79DB7862,Eng_Uga,B_reranking_failure,0.08904564315352698,0.09487179487179487,0.74,0.74,6,26,41,Can Syphilis be tested in Women?
ID_VL_Swa_Ken_27A158A0,Swa_Ken,B_reranking_failure,0.0891566265060241,0.74,0.74,0.74,0,23,44,"Je, nichukue hatua gani ikiwa ninashuku kuwa nina virusi vya ukimwi?"
ID_VL_Lug_Uga_AD3F5DD4,Lug_Uga,B_reranking_failure,0.08926984126984126,0.09350180505415162,0.74,0.74,13,24,55,Osobola okunnyonnyola emitendera egy’enjawulo egy’okuba olubuto?
ID_VL_Eng_Uga_ADE68F51,Eng_Uga,C_recall_failure,0.08945054945054945,0.0752542372881356,0.13874999999999998,0.15999999999999998,36,0,56,Is it safe to ignore changes in vaginal or penile discharge?
ID_VL_Eng_Eth_93F277CC,Eng_Eth,D_weak_pool,0.08969696969696969,0.10962962962962965,0.38370370370370377,0.38370370370370377,18,28,37,Is trichomoniasis dangerous?
ID_VL_Amh_Eth_B97E6703,Amh_Eth,C_recall_failure,0.08969696969696969,0.07999999999999999,0.08969696969696969,0.08969696969696969,5,0,71,የሴት ልጅ ግርዛት በወሊድ  ጊዜ ምን ዓይነት አደጋዎች ሊያመጡ ይችላሉ?
ID_VL_Eng_Uga_6E3255A8,Eng_Uga,B_reranking_failure,0.08977941176470589,0.74,0.74,0.74,1,11,43,"What are the problems associated with Trichomoniasis?, please answer in detail."
ID_VL_Eng_Gha_BA108217,Eng_Gha,C_recall_failure,0.08990654205607476,0.10818713450292397,0.13401574803149607,0.14059999999999997,23,63,64,Is there a difference between raising a child as a single parent vs. having a partner?
ID_VL_Eng_Gha_4B3446BC,Eng_Gha,C_recall_failure,0.08990654205607476,0.13616,0.15358490566037736,0.15598039215686277,25,38,48,What are some sexual health resources specifically tailored for adolescents with disabilities or marginalised groups?
ID_VL_Swa_Ken_A335B2C8,Swa_Ken,C_recall_failure,0.0902439024390244,0.0996153846153846,0.148,0.148,13,10,54,Inachukua muda gani kwa virusi kugunduliwa katika kipimo?
ID_VL_Aka_Gha_17E011B7,Aka_Gha,C_recall_failure,0.090531914893617,0.1193548387096774,0.16160919540229884,0.16160919540229884,18,61,71,"Dɛn ne adeɛ bi a wɔ frɛ no wɔborɔfo kasa mu sɛ (ovulation), na berɛ bɛn na ɛsi?"
ID_VL_Aka_Gha_2A45C2AB,Aka_Gha,C_recall_failure,0.09061224489795916,0.1271875,0.1271875,0.1271875,3,46,66,Sɛn na nyiyimu a ɛfa adwene mu yare ho 'mental health' ho siw nkurɔfoɔ kwan sɛ wɔbɛhwehwɛ mmoa anaa wɔbɛka wɔn nsam akyerɛ afoforo?
ID_VL_Amh_Eth_6F962882,Amh_Eth,C_recall_failure,0.09061224489795917,0.09061224489795917,0.09061224489795917,0.09061224489795917,2,0,73,በወር አበባዬ ወቅት የጾም ወይም የሌሎች ሃይማኖታዊ ልማዶች የጤና ጥቅሞች ምንድናቸው?
ID_VL_Amh_Eth_0964FBBF,Amh_Eth,C_recall_failure,0.09061224489795917,0.0592,0.06577777777777777,0.10829268292682927,59,7,67,በለጋ እድሜዋ ስለፀነሰች ሴት ልጅ ወሬን ወይም መገለልን ለመቋቋም ምርጡ መንገድ ምንድን ነው?
ID_VL_Eng_Uga_57311609,Eng_Uga,B_reranking_failure,0.09061224489795919,0.74,0.74,0.74,0,39,49,Is treatment for Hepatitis B free?
ID_VL_Eng_Gha_4447CEAB,Eng_Gha,C_recall_failure,0.09075471698113208,0.23087999999999997,0.23087999999999997,0.23087999999999997,3,3,40,"What are the different types of contraception available, and how do they work?"
ID_VL_Eng_Eth_D865D69A,Eng_Eth,C_recall_failure,0.09087719298245614,0.11511111111111111,0.11511111111111111,0.11511111111111111,3,6,44,What resources or simple booklets are available in local languages to educate my peers about the HPV vaccine?
ID_VL_Eng_Gha_272C0588,Eng_Gha,C_recall_failure,0.09098360655737706,0.12566037735849056,0.15163934426229508,0.15163934426229508,11,1,61,"How can I encourage my friends or peers to join me in practicing mindfulness, and why is it important to share these techniques with others?"
ID_VL_Lug_Uga_0C7031EB,Lug_Uga,C_recall_failure,0.09107692307692307,0.2531578947368421,0.2625806451612903,0.2690909090909091,54,28,55,"Bwe mba n’Obuwuka obuleeta Obulwadde bw'Ekikaba, nnaakitegeererawo?"
ID_VL_Lug_Uga_6B271EFF,Lug_Uga,C_recall_failure,0.09107692307692307,0.111,0.11384615384615385,0.16531914893617022,30,19,56,Ntegeera ntya nti omubeezi wange alina Kiramidiya?
ID_VL_Eng_Uga_0E500785,Eng_Uga,C_recall_failure,0.09107692307692308,0.14800000000000002,0.14800000000000002,0.1531034482758621,45,0,51,What are the long-term effects of untreated STIs?
ID_VL_Aka_Gha_5EC42E08,Aka_Gha,C_recall_failure,0.09115942028985508,0.15289256198347106,0.15289256198347106,0.15289256198347106,3,2,60,"Dɛn ne osuahu ahorow a nnipa a wɔadi dɛm nya wɔ wiase mmeae ahorow, na ɔkwan bɛn so na ɛsono sɛnea egyina amammerɛ ne asetena mu nneɛma so?"
ID_VL_Eng_Uga_462623BE,Eng_Uga,C_recall_failure,0.09123287671232877,0.09123287671232877,0.13703703703703704,0.13703703703703704,13,61,76,Why is it that some of the women using sayana press makes them dry sexually?
ID_VL_Lug_Uga_F3025D16,Lug_Uga,B_reranking_failure,0.09146067415730337,0.13756410256410256,0.74,0.74,8,15,59,Nnyinza ntya okumanya lwe nnaasooka okugenda mu nsonga?
ID_VL_Aka_Gha_3985C3CF,Aka_Gha,C_recall_failure,0.09154639175257731,0.1493577981651376,0.15857142857142856,0.16365384615384615,59,31,67,Yɛbɛyɛ dɛn atumi de ‘digital’ nkitahodi nnwinnade te sɛ ‘texting’ anaa ‘social media’ adi dwuma de aboa adwenemyare na yɛn ne afoforo anya nkitahodi?
ID_VL_Swa_Ken_BE0EC2DA,Swa_Ken,B_reranking_failure,0.09161904761904763,0.74,0.74,0.74,3,45,61,"Je, ni kawaida kwa mtu mwenye Ukimwi kuwa na tatizo na mtu mwingine ambaye ana Ukimwi?"
ID_VL_Swa_Ken_B7461B72,Swa_Ken,B_reranking_failure,0.0917094017094017,0.74,0.74,0.74,0,6,62,"""Watu wote walioambukizwa Virusi Vya Ukimwi wana dalili."""
ID_VL_Swa_Ken_CBFD4A31,Swa_Ken,B_reranking_failure,0.09173553719008265,0.74,0.74,0.74,0,2,69,"Je, ninahitaji ruhusa kwa wazazi wangu kupimwa Ikiwa niko chini ya miaka 18?"
ID_VL_Aka_Gha_43B7A3A6,Aka_Gha,C_recall_failure,0.09205741626794256,0.12188235294117647,0.12188235294117647,0.1592405063291139,55,3,67,Sɛn na mpɔtam bɛboa 'marginalized groups' (te sɛ dɛmdifoɔ/ Odwannifoɔ (refugees)) wɔ SRH mu?
ID_VL_Lug_Uga_25BF213D,Lug_Uga,B_reranking_failure,0.0920888888888889,0.17259475218658893,0.74,0.74,7,28,69,"Omu mu booluganda bw’aba alina Akawuka akaleeta Siriimu, bizibu ki abamwetoolodde bye batera okusanga?"
ID_VL_Aka_Gha_0FF0A55C,Aka_Gha,C_recall_failure,0.09249999999999999,0.09866666666666665,0.09866666666666665,0.10277777777777777,33,61,74,Kyerɛkyerɛ ɔkwan a nyinsɛn fa so ba?
ID_VL_Amh_Eth_BD1531C8,Amh_Eth,C_recall_failure,0.09249999999999999,0.09249999999999999,0.10033898305084746,0.10033898305084746,12,32,72,በማህበረሰብ ውስጥ ለስሜታዊ ጭንቀት የተለመዱ የባህላዊ መፍትሄዎች ምንድናቸው?
ID_VL_Lug_Uga_24D38751,Lug_Uga,B_reranking_failure,0.0925,0.1545054945054945,0.74,0.74,6,0,57,Omuntu alina kweyisa atya oluvannyuma lw’okwegatta n’omuntu alina Akawuka akaleeta Siriimu?
ID_VL_Amh_Eth_68949B8D,Amh_Eth,C_recall_failure,0.0925,0.11684210526315789,0.11684210526315789,0.11999999999999998,30,7,72,በወቅቱ ያልተታከመ ትሪኮሞኒያሲስ በሴቶች ላይ ከሚያስከትለው ህመም በትጨማሪ በረዥም ጊዜ ሌላ ምን ተጨማሪ ጉዳት ያስከትላል?
ID_VL_Amh_Eth_58007C02,Amh_Eth,C_recall_failure,0.0925,0.12685714285714286,0.13058823529411764,0.20871794871794874,26,12,52,ሴቶች እና ወንዶች ቂጥኝን መከላከል ይችላሉ?ከሆነስ እንዴት?
ID_VL_Eng_Gha_A8149562,Eng_Gha,C_recall_failure,0.0925,0.259,0.259,0.259,1,0,41,What are the potential side effects or risks associated with different contraceptive methods?
ID_VL_Aka_Gha_0D01280F,Aka_Gha,C_recall_failure,0.0925,0.17266666666666663,0.17266666666666663,0.17266666666666663,0,0,69,Ma nkate mu nsɛnnennen a ɛbata STI a wohu ho no nyɛ nea ɛfata.
ID_VL_Eng_Gha_CA9E4A62,Eng_Gha,C_recall_failure,0.0925,0.19324840764331208,0.19324840764331208,0.19324840764331208,4,6,45,How can healthcare providers create a welcoming and inclusive environment for adolescents with disability in their practices?
ID_VL_Eng_Eth_BEA29DFE,Eng_Eth,C_recall_failure,0.0925,0.15938461538461537,0.15938461538461537,0.16444444444444445,24,24,49,How can I explain the importance of a balanced diet (including protein and vitamins) on a limited budget?
ID_VL_Amh_Eth_A5D04D53,Amh_Eth,D_weak_pool,0.0925,0.38761904761904764,0.38761904761904764,0.44047619047619047,39,3,52,ቂጥኝ እንዴት እንደሚታከም የጤና ባለሙያዎች ምን ይላሉ?
ID_VL_Aka_Gha_AC3C5640,Aka_Gha,C_recall_failure,0.09308176100628932,0.14598639455782314,0.14598639455782314,0.14598639455782314,1,8,81,Ɔkwan bɛn so na akokoaa nyin wɔ awotwaa/ yafunu mu?
ID_VL_Eng_Ken_8C32BDB2,Eng_Ken,B_reranking_failure,0.09314685314685316,0.74,0.74,0.74,5,0,50,"Is there a distinction between HIV and AIDS, or are they synonymous?"
ID_VL_Eng_Uga_82BBAD84,Eng_Uga,C_recall_failure,0.0931851851851852,0.10347457627118643,0.11127819548872178,0.14591549295774647,51,45,63,"Does it mean if someone gets or is infected with AIDS/HIV is the end of life?, please answer in detail."
ID_VL_Lug_Uga_850A48D4,Lug_Uga,B_reranking_failure,0.09327731092436974,0.74,0.74,0.74,1,0,72,Otegeera otya nti omuntu ali lubuto?
ID_VL_Eng_Uga_E7BBAEFC,Eng_Uga,B_reranking_failure,0.0935632183908046,0.2787012987012987,0.6738211382113821,0.6738211382113821,7,0,43,"How can you test for chlamydia at home?, please answer this using simple medical terms."
ID_VL_Eng_Gha_2314D0C8,Eng_Gha,C_recall_failure,0.0935632183908046,0.0935632183908046,0.13906040268456377,0.13906040268456377,6,15,55,Create a safe and supportive space for adolescents to ask questions about GBV without judgment.
ID_VL_Lug_Uga_67294D3C,Lug_Uga,C_recall_failure,0.09359683794466403,0.13155555555555554,0.1494230769230769,0.19999999999999998,54,56,68,Nteekeddwa kukola bintu ki singa mbeera lubuto ate ne nzuulibwamu Akawuka akaleeta Siriimu?
ID_VL_Eng_Eth_BEED10B6,Eng_Eth,C_recall_failure,0.09367088607594937,0.12869565217391304,0.14605263157894735,0.14605263157894735,17,28,56,"If we use cloth instead of disposable sanitary pads during menstruation, can it cause an infection if the cloth is not properly washed or boiled?"
ID_VL_Lug_Uga_7F111A36,Lug_Uga,B_reranking_failure,0.0937012987012987,0.74,0.74,0.74,2,5,64,Kiki kye nsobola okukola okwewala okupikirizibwa okuva mu mikwano gyange nga baagala nneegatte?
ID_VL_Swa_Ken_A9E8F0D8,Swa_Ken,C_recall_failure,0.0937117903930131,0.12818897637795276,0.18017391304347824,0.2441237113402062,26,0,53,"Je, mtu anawezaje kuzuia maambukizi ya Ukimwi?"
ID_VL_Eng_Gha_7C7C404E,Eng_Gha,C_recall_failure,0.09373333333333334,0.09373333333333334,0.10206896551724139,0.10206896551724139,5,18,67,How does contraception fit into a healthy and responsible approach to sexual activity?
ID_VL_Aka_Gha_E2817EFD,Aka_Gha,C_recall_failure,0.09375565610859729,0.09866666666666665,0.14322580645161292,0.15820689655172415,21,3,67,Mɛyɛ dɛn ahu  sɛ nimdiɛ bi a ɛfa nna mu agodie ho ayaresa ɛyɛ nokware anaa sɛ ntorɔ ɛnam nhwehwɛanim bi nti ?
ID_VL_Eng_Eth_43D88870,Eng_Eth,C_recall_failure,0.09380281690140845,0.20245283018867924,0.20245283018867924,0.2578787878787879,27,21,46,"What is chlamydia, and can prayer cure it?"
ID_VL_Eng_Ken_757B6B29,Eng_Ken,C_recall_failure,0.09380281690140846,0.16305084745762713,0.16305084745762713,0.16305084745762713,1,13,50,How long does it take for the HIV natibodies to reflect during a HIV test?
ID_VL_Lug_Uga_C79DDB62,Lug_Uga,C_recall_failure,0.09388059701492538,0.12613636363636363,0.1336774193548387,0.13841726618705036,56,53,62,Bika ki ebya Kookolo abantu abalina Akawuka akaleeta Siriimu abafuuweeta sseggereeti bye bayinza okukwatibwa?
ID_VL_Eng_Gha_2D007D05,Eng_Gha,C_recall_failure,0.09418181818181817,0.20041666666666663,0.23986206896551723,0.23986206896551723,10,14,37,How do cultural beliefs and practices influence attitudes towards sexuality and sexual health in my community?
ID_VL_Eng_Eth_9549C931,Eng_Eth,C_recall_failure,0.09418181818181817,0.09418181818181817,0.1036,0.10962962962962962,33,2,40,What is the link between education level and the use of modern family planning methods?
ID_VL_Amh_Eth_5913F9D3,Amh_Eth,C_recall_failure,0.09418181818181819,0.09866666666666667,0.11746031746031747,0.14509803921568626,37,9,67,ያለ ሕክምና የሄርፒስ ቁስል ምልክቶች ለምን ያህል ጊዜ ይቆያሉ?
ID_VL_Lug_Uga_46E1EE40,Lug_Uga,B_reranking_failure,0.09426751592356689,0.09426751592356689,0.74,0.74,8,0,58,Byokulabirako ki eby’enkola ennungi ez’okwegatta mu kuziyinza Omusujja gw'ekibumba ogwa B?
ID_VL_Eng_Ken_501BA851,Eng_Ken,B_reranking_failure,0.09440329218106996,0.2074242424242424,0.74,0.74,9,18,61,How long for HIV patient develop AIDS?
ID_VL_Eng_Eth_E61EDE90,Eng_Eth,B_reranking_failure,0.09446808510638297,0.6342857142857143,0.7227906976744186,0.7227906976744186,10,7,45,Can prayer or faith help to prevent herpes?
ID_VL_Eng_Eth_A075E927,Eng_Eth,D_weak_pool,0.09446808510638299,0.3984615384615384,0.428421052631579,0.428421052631579,11,26,56,"If I touch someone with HIV, will I catch the virus?"
ID_VL_Aka_Gha_8268690B,Aka_Gha,C_recall_failure,0.09446808510638299,0.1574468085106383,0.1574468085106383,0.1624390243902439,20,1,61,Ɛdeɛn ne nna mu basabasayɛ (sexual assault) wɔ mmara mu?
ID_VL_Lug_Uga_BDACDC5E,Lug_Uga,B_reranking_failure,0.09465116279069767,0.74,0.74,0.74,0,3,59,Waliwo obukakafu bwonna obulaga nti eddagala erijjanjaba Akawuka akaleeta Siriimu likosa engeri eddagala erigema KKOVIDI-19 gye likolamu?
ID_VL_Lug_Uga_5F8392D5,Lug_Uga,B_reranking_failure,0.09469194312796209,0.74,0.74,0.74,0,14,63,Ssaayansi akkiriziganya n'endowooza nti ebifaananyi bya X-rays bisobola okuwonya Akawuka akaleeta Siriimu?
ID_VL_Eng_Uga_F11C0AC5,Eng_Uga,B_reranking_failure,0.09472,0.74,0.74,0.74,2,10,47,What stops people from sharing their HIV status?
ID_VL_Aka_Gha_5D59CD2A,Aka_Gha,C_recall_failure,0.09472,0.12392344497607655,0.12553571428571428,0.14423728813559322,52,17,62,Bere bɛn na mebu mensa?
ID_VL_Amh_Eth_6105716B,Amh_Eth,C_recall_failure,0.09487179487179487,0.09866666666666667,0.09866666666666667,0.09866666666666667,2,13,56,የአባላዘር በሽታዎች ምርመራ እና የልየታ ምርመራ መካከል ያለው ልዩነት ምንድን ነው?
ID_VL_Lug_Uga_B3ADA2BA,Lug_Uga,B_reranking_failure,0.09487179487179487,0.74,0.74,0.74,4,29,69,Mu kiseera ki eky'okukwatibwa Akawuka akaleeta Siriimu emikisa gy'okukasaasaanya lwe gyeyongera?
ID_VL_Amh_Eth_90E0F4A0,Amh_Eth,C_recall_failure,0.09487179487179487,0.09487179487179487,0.14799999999999996,0.15310344827586206,56,1,65,በተደጋጋሚ በሚከሰት የሄርፒስ ኢንፌክሽን ምክንያት የተለመደው የቁስል ገጽታ ምን ይመስላል?
ID_VL_Amh_Eth_11A72609,Amh_Eth,C_recall_failure,0.09487179487179487,0.0925,0.11839999999999998,0.11839999999999998,9,27,47,ክላሚዲያ ሊድን ይችላል?
ID_VL_Aka_Gha_87C5421E,Aka_Gha,C_recall_failure,0.09514285714285714,0.13813333333333333,0.13813333333333333,0.15857142857142859,61,33,74,Ɔkwan bɛn so na nyinsɛn betumi annya nsunsuansoɔ wɔ matenka ne me tebea mu?
ID_VL_Eng_Uga_75220646,Eng_Uga,B_reranking_failure,0.09514285714285714,0.74,0.74,0.74,1,21,51,Who would you recommend I share my HIV status with?
ID_VL_Eng_Gha_E7E646C7,Eng_Gha,C_recall_failure,0.09514285714285715,0.148,0.148,0.148,0,9,50,"How can I build a strong support system of friends and family who contribute positively to my mental well-being? (communicating needs, setting expectations)"
ID_VL_Eng_Gha_2B2BB8E9,Eng_Gha,C_recall_failure,0.09524752475247525,0.11648148148148148,0.11648148148148148,0.17659090909090908,31,9,56,What are some strategies to clearly assert myself when sexual advances are unwanted?
ID_VL_Eng_Ken_DE9F6F5B,Eng_Ken,B_reranking_failure,0.09548387096774194,0.74,0.74,0.74,1,8,47,When should I start treatment?
ID_VL_Eng_Eth_75424646,Eng_Eth,C_recall_failure,0.09548387096774194,0.19670886075949368,0.2534246575342466,0.2534246575342466,14,1,59,Can I get pregnant right away after stopping the injection (Depo)?
ID_VL_Eng_Gha_094D916D,Eng_Gha,C_recall_failure,0.09548387096774194,0.18784615384615383,0.18784615384615383,0.18784615384615383,2,0,57,How can adolescents prepare for the postpartum period and ensure that they have access to postpartum care and support services?
ID_VL_Lug_Uga_B8A60402,Lug_Uga,B_reranking_failure,0.09568965517241379,0.1403448275862069,0.74,0.74,6,2,58,Panadol akola bulungi mu kuziyiza okusaasaana kw'Akawuka akaleeta Siriimu?
ID_VL_Eng_Gha_823DD107,Eng_Gha,C_recall_failure,0.09576470588235292,0.15325443786982246,0.17939393939393938,0.17981308411214952,22,43,48,"How do I access family planning services as an adolescent, and what should I expect during a family planning consultation?"
ID_VL_Lug_Uga_A3EC152C,Lug_Uga,B_reranking_failure,0.0958273381294964,0.11139784946236558,0.74,0.74,11,18,61,Lwaki obulwadde busajjuka nnyo ku bantu abalina Akawuka akaleeta Siriimu?
ID_VL_Eng_Gha_39B86BB2,Eng_Gha,C_recall_failure,0.09592592592592591,0.21303030303030301,0.27581818181818185,0.27581818181818185,8,18,42,"How can education and capacity building efforts contribute to achieving the Sustainable Development Goals (SDGs), particularly Goal 3 (Good Health and Well-Being) and Goal 4 (Quality Education), in relation to ASRH?"
ID_VL_Eng_Eth_D2FE2FDE,Eng_Eth,D_weak_pool,0.09592592592592594,0.32515151515151514,0.32515151515151514,0.32515151515151514,0,13,54,"When an HIV-positive parent is on ART and adheres properly, is there still a risk of transmitting HIV to the baby through breastfeeding?"
ID_VL_Eng_Gha_80BE7E35,Eng_Gha,C_recall_failure,0.096,0.1596078431372549,0.1596078431372549,0.1596078431372549,0,3,48,What are the ethical guidelines that researchers must follow when conducting studies on adolescent sexual and reproductive health?
ID_VL_Swa_Ken_C05DB774,Swa_Ken,B_reranking_failure,0.09610389610389608,0.74,0.74,0.74,2,4,63,Upimaji upya unapaswa kufanywa mara ngapi baada ya utambuzi?
ID_VL_Lug_Uga_CD0579E2,Lug_Uga,B_reranking_failure,0.0961038961038961,0.12771573604060915,0.74,0.74,10,25,67,Kisoboka Akawuka akaleeta Siriimu okumalibwawo ddala mu mubiri?
ID_VL_Lug_Uga_30C9A2BE,Lug_Uga,B_reranking_failure,0.0961038961038961,0.74,0.74,0.74,3,25,64,Mbuulira ebisingawo ku ndwadde z’ekikaba.
ID_VL_Aka_Gha_BC8F7D29,Aka_Gha,C_recall_failure,0.09623318385650224,0.16020618556701033,0.24354430379746836,0.24354430379746836,12,21,64,Hyɛ nkuran sɛ wɔne ahyehyɛde afoforo bɛyɛ biako na wɔakyekye mmoa ntam nkitahodie.
ID_VL_Eng_Gha_2FA0D842,Eng_Gha,C_recall_failure,0.09652173913043477,0.19053892215568863,0.282442748091603,0.282442748091603,7,0,45,"What are healthy boundaries in romantic or sexual relationships, and how can I communicate my expectations and consent clearly and respectfully to my partner?"
ID_VL_Aka_Gha_32EBD689,Aka_Gha,C_recall_failure,0.09652173913043478,0.14459770114942527,0.18608187134502924,0.2163076923076923,22,59,75,"Nsonsoeɛ bɛn na ɛda nna ho nsɛm 'sexual', ɔdɔ ho nkitahodie 'romantic', ne adeɛ bi a wɔ frɛ no wɔborɔfo kasa mu sɛ 'emotional' attraction ntam?"
ID_VL_Lug_Uga_E516B0D4,Lug_Uga,B_reranking_failure,0.09652173913043478,0.74,0.74,0.74,0,48,66,Kiki omuntu ky’ayinza okukola okugonjoola ebizibu n'enkolagana yaabwe?
ID_VL_Lug_Uga_29DC073E,Lug_Uga,B_reranking_failure,0.09652173913043478,0.74,0.74,0.74,3,0,64,Okukula kutera kubaawo ku myaka emeka mu balenzi n'abawala?
ID_VL_Eng_Uga_A89E22F2,Eng_Uga,C_recall_failure,0.09670454545454546,0.14459770114942527,0.19632653061224492,0.19632653061224492,12,32,56,What would be the proper intervals to urinate?
ID_VL_Lug_Uga_891778E8,Lug_Uga,B_reranking_failure,0.09670454545454546,0.13454545454545452,0.74,0.74,19,9,58,Osobola otya okukendeeza ku katyabaga k'okwegatta nga teweetangidde?
ID_VL_Eng_Uga_BC4015FA,Eng_Uga,B_reranking_failure,0.09682242990654205,0.74,0.74,0.74,0,42,47,"What are the risks of the Genital Herpes test?, please answer in detail."
ID_VL_Eng_Gha_476CF68C,Eng_Gha,C_recall_failure,0.09682242990654205,0.13962264150943396,0.15014492753623188,0.15014492753623188,16,7,54,"What are some examples of key stakeholders involved in global partnerships for ASRH, and how do they collaborate to address challenges and implement solutions?"
ID_VL_Aka_Gha_E27A984D,Aka_Gha,C_recall_failure,0.09685863874345552,0.1278181818181818,0.13875,0.17411764705882354,61,23,77,Mɛyɛ dɛn na matumi ahwɛ sɛnea me ba no rekɔ so anyin wɔ me yafunu mu (akokoaa no keka ne ho) bere a mewɔ fie?.
ID_VL_Swa_Ken_6336C815,Swa_Ken,B_reranking_failure,0.0969047619047619,0.74,0.74,0.74,1,34,54,"Je, ninafanyaje kipimo cha virusi vya ukimwi binafsi?"
ID_VL_Lug_Uga_C95B61F8,Lug_Uga,B_reranking_failure,0.09690476190476191,0.74,0.74,0.74,2,0,67,Ki ekibaawo singa Kisipi alekebwa nga tajjanjabiddwa ng'oli lubuto?
ID_VL_Lug_Uga_C1D71F4A,Lug_Uga,B_reranking_failure,0.09704918032786886,0.14024193548387096,0.74,0.74,13,8,62,Kiki kye nnina okukola singa mbeera nnina Akawuka akaleeta Siriimu naye ate nga njagala okuganza abawala?
ID_VL_Eng_Gha_1A43DB54,Eng_Gha,C_recall_failure,0.09704918032786886,0.1324890829694323,0.18703296703296704,0.18703296703296704,12,12,47,"How much should I be eating during puberty, and how often?"
ID_VL_Eng_Eth_FC8D5B93,Eng_Eth,C_recall_failure,0.09704918032786886,0.21764705882352942,0.24666666666666662,0.25653333333333334,44,40,55,Will taking antibiotics for an STI make my birth control pills less effective?
ID_VL_Aka_Gha_8CE21EA3,Aka_Gha,B_reranking_failure,0.09722627737226278,0.4718840579710145,0.6166666666666667,0.6166666666666667,13,67,74,"So akwahosan ho asiane ahorow wɔ hɔ a, menkɔsra akwahosan ho yaresafo a ɔntete no wɔ LGBTQ+ hwɛ mu anaa?"
ID_VL_Aka_Gha_ADF4E62D,Aka_Gha,C_recall_failure,0.09722627737226278,0.214392523364486,0.24414965986394557,0.24414965986394557,13,0,60,"Dɛn ne asetena mu ahobammɔ nhyehyɛe ahorow, na dɛn nti na ɛho hia ma mmabun sikasɛm mu ahoɔden ne yiyedi?"
ID_VL_Swa_Ken_AEBBAF9C,Swa_Ken,C_recall_failure,0.09729083665338645,0.1994609164420485,0.2446111111111111,0.74,51,0,58,Je! ngono inaweza kuchukuliwa kuwa sehemu ya maisha yenye afya?
ID_VL_Eng_Uga_A3A6EF83,Eng_Uga,B_reranking_failure,0.09736842105263158,0.74,0.74,0.74,7,12,38,Are babies immunized against Syphilis?
ID_VL_Eng_Eth_1D181EE9,Eng_Eth,C_recall_failure,0.09736842105263158,0.11212121212121212,0.2018181818181818,0.2018181818181818,5,9,71,"Can the bacteria from Chlamydia spread to other parts of the body, like the eyes or throat?"
ID_VL_Eng_Ken_DE95D695,Eng_Ken,D_weak_pool,0.09736842105263158,0.254375,0.3171428571428571,0.3171428571428571,18,23,33,How many new HIV infection cases are averted due to PMTCT in Kenya?
ID_VL_Aka_Gha_F8102383,Aka_Gha,C_recall_failure,0.09758241758241759,0.15770491803278688,0.15770491803278688,0.15770491803278688,3,39,60,"Wɔhwɛ yɛn adesua nkyerɛkyerɛ nsɛm mu a ɛdeɛn na yɛde akaho sɛ yɛnkyerɛkyerɛ no wɔ sukuu ahodoɔ mu a afa nna ne awoɔ apɔmden ho deɛ pɔtɔɔ kasa mu wɔfrɛ no sɛ 'sexual and reproductive health' ɛna nteaseɛ bɛn na ɛwɔ deɛ wɔkyerɛ bi te sɛ nsabuo, nna mu ahobammɔ, nna mu mmoawa a wɔde nyarewa ba, peneeɛ ne nkitahodie a ɛhote?"
ID_VL_Lug_Uga_5F642A53,Lug_Uga,B_reranking_failure,0.097816091954023,0.74,0.74,0.74,0,16,70,Bbanga ki erikubirizibwa okukozesa PEP?
ID_VL_Aka_Gha_95A76D79,Aka_Gha,C_recall_failure,0.09794117647058823,0.1047787610619469,0.14295454545454545,0.16444444444444442,56,20,63,so mfe dodow anaa ahwehwɛde bi wɔ hɔ a ɛsɛ sɛ mmabun di nna ne awo ho akwahosan ho nhyehyɛe a edi mũ?
ID_VL_Eng_Eth_E726BE23,Eng_Eth,C_recall_failure,0.09794117647058823,0.11384615384615385,0.19588235294117642,0.2267741935483871,43,30,45,"If a newborn baby gets an eye infection right after birth, could that be a hidden sickness from the mother?"
ID_VL_Eng_Uga_5037CD6B,Eng_Uga,B_reranking_failure,0.09794117647058823,0.74,0.74,0.74,0,0,61,What can help people manage HIV and still plan for the future?
ID_VL_Eng_Gha_CB2FAFA3,Eng_Gha,C_recall_failure,0.0980722891566265,0.20535885167464116,0.20535885167464116,0.20535885167464116,0,3,50,"Are there different types of therapy available, such as individual, group, or family therapy, and how do they compare?"
ID_VL_Lug_Uga_9194821E,Lug_Uga,C_recall_failure,0.09823008849557521,0.10882352941176471,0.11127819548872181,0.14653465346534653,28,53,72,Njawulo ki eriwo wakati w'Enziku ne Kiramidiya?
ID_VL_Eng_Gha_73B911D8,Eng_Gha,C_recall_failure,0.09823008849557521,0.09823008849557521,0.15189473684210528,0.15189473684210528,16,13,37,How effective are different methods of contraception?
ID_VL_Swa_Ken_4024C424,Swa_Ken,C_recall_failure,0.09828125,0.13454545454545455,0.1496629213483146,0.16932203389830508,39,56,75,"Je, TB inaambukizwa vipi kutoka kwa mtu hadi kwa mtu mwingine?"
ID_VL_Aka_Gha_14FCDD54,Aka_Gha,C_recall_failure,0.09828125,0.09828125,0.09828125,0.11590361445783132,45,63,78,"Amammerɛ ne 'rites of passage' (amanneɛ a yɛyɛ de twa kwan kɔ mpanyinyɛ mu) ahorow bɛn na ɛwɔ wo brɔno mu, na ɛboa sɛn?"
ID_VL_Aka_Gha_E87466D7,Aka_Gha,C_recall_failure,0.0983815028901734,0.12566037735849056,0.18163636363636362,0.18163636363636362,13,13,76,"Ɔkwan bɛn so na nneɛma ahodoɔ, a mmusuakuo, dodoɔ a etumi yɛ adwuma bom anaa esia, ne sikasɛm gyinabea ka ho, ka mmabun a wɔwɔ nna ne awo akwahosan ho nsɛm ho?"
ID_VL_Amh_Eth_A85C6E4A,Amh_Eth,C_recall_failure,0.09866666666666664,0.09866666666666664,0.1009090909090909,0.144390243902439,59,9,63,የስሜት ቀውስ ያጋጠማት ልጃገረድ አካላዊ እና ስሜታዊ ምልክቶች ምንድን ናቸው?
ID_VL_Eng_Ken_26332018,Eng_Ken,C_recall_failure,0.09866666666666665,0.15933014354066985,0.21421052631578946,0.21706666666666663,28,8,52,When should PEP be taken after having sex?
ID_VL_Lug_Uga_7E7D9A19,Lug_Uga,C_recall_failure,0.09866666666666665,0.09866666666666665,0.09866666666666665,0.12455445544554455,31,27,67,Ngeri ki ze nnyinza okuyitamu okwetangira okwegatta?
ID_VL_Eng_Uga_647DC392,Eng_Uga,C_recall_failure,0.09866666666666667,0.13214285714285712,0.15857142857142856,0.20812499999999998,47,33,63,Why is it important to know my STI status?
ID_VL_Aka_Gha_5CEC4EB5,Aka_Gha,C_recall_failure,0.09866666666666667,0.11186046511627906,0.19270833333333334,0.19270833333333334,12,7,67,So aboafo nneɛma anaa ahyehyɛdeɛ kuo bi wɔ hɔ a ɛma mmoa ne akwankyerɛ a wɔde bɛhyɛ nna ho nkyerɛkyerɛ a ɛkɔ akyiri ase?
ID_VL_Amh_Eth_C3C75611,Amh_Eth,D_weak_pool,0.09866666666666667,0.39466666666666667,0.39466666666666667,0.39466666666666667,2,12,50,ጸሎት ወይም እምነት ሊረዳ ይችላል፣ እና የክላሚዲያ ምልክቶች ምንድናቸው?
ID_VL_Amh_Eth_D4AAC9A3,Amh_Eth,C_recall_failure,0.09866666666666667,0.21142857142857144,0.21142857142857144,0.27534883720930237,20,18,61,ወንዶችና ሴቶች ከቂጥኝ  እንዴት ሊጠበቁ ይችላሉ? እናም ቂጥኝ  በፍጥነት ለሞት ይዳርጋል?
ID_VL_Eng_Eth_BD29EDE9,Eng_Eth,C_recall_failure,0.09866666666666667,0.13813333333333333,0.19,0.19,14,10,53,How can I counsel a girl who has been using the same batch of expired Emergency Pills?
ID_VL_Eng_Ken_83E96EF4,Eng_Ken,C_recall_failure,0.09866666666666667,0.17209302325581394,0.17681415929203542,0.19979999999999998,29,13,56,Is it good to do sex without protection?
ID_VL_Amh_Eth_3531968D,Amh_Eth,C_recall_failure,0.09866666666666667,0.09866666666666667,0.18862745098039216,0.18862745098039216,6,15,61,የመጀመሪያው የሄርፒስ ወረርሽኝ የተለመዱ ምልክቶች ምንድን ናቸው?
ID_VL_Lug_Uga_6793CB09,Lug_Uga,B_reranking_failure,0.09866666666666667,0.74,0.74,0.74,17,1,55,Ngeri ki ezimu ez’okugumiramu enkyukakyuka mu nkula y’omubiri mu kiseera ky’obuvubuka?
ID_VL_Amh_Eth_4E2D6645,Amh_Eth,C_recall_failure,0.09866666666666668,0.037948717948717944,0.09736842105263158,0.1126086956521739,23,1,81,የአካባቢየ/የሰፈሬ የመድኃኒት ቤት ሠራተኛ ለምርመራ ስለሚመጡ ሰዎች ወሬ የሚያናፍስ ከሆነ ምን ማድረግ ይኖርብኛል?
ID_VL_Aka_Gha_C333E861,Aka_Gha,C_recall_failure,0.09866666666666668,0.17671641791044776,0.1786206896551724,0.1786206896551724,8,48,68,"So nsɛnnennen pɔtee bi wɔ hɔ a LGBTQ + mmabun, mmabun a wonni afie, anaa mmabun a wɔadi dɛm hyia bere a ɛfa bɔbeasu mu atirimɔdensɛm (GBV) ho no? (mmerɛw a ɛkɔ soro, nhyehyɛe ahorow a wɔde boa a wonni) ."
ID_VL_Amh_Eth_DF6A8F93,Amh_Eth,C_recall_failure,0.09866666666666668,0.13454545454545452,0.13454545454545452,0.13454545454545452,0,71,75,ትሪኮሞኒያሲስ እንደ ክላሚዲያ ወይም ጨብጥ ለጅምላ የህዝብ ምርመራ ከፍተኛ ቅድሚያ የማይሰጥበት ዋናው ምክንያት ምንድነው?
ID_VL_Lug_Uga_44E2A94B,Lug_Uga,B_reranking_failure,0.09896656534954407,0.10015037593984963,0.74,0.74,12,35,62,Nteekateeka ki esinga obulungi ey'okunaaba mu kiseera ky'okuvubuka?
ID_VL_Eng_Uga_1036708D,Eng_Uga,B_reranking_failure,0.09905511811023623,0.74,0.74,0.74,4,18,45,"What are the signs and symptoms of Trich in women?, please answer this using simple medical terms."
ID_VL_Eng_Gha_4588FC1B,Eng_Gha,C_recall_failure,0.09910714285714287,0.2767479674796748,0.2767479674796748,0.2767479674796748,1,21,54,How can adolescent with disability navigate sexual relationships and intimacy in a supportive and affirming way?
ID_VL_Lug_Uga_0CB5EE5C,Lug_Uga,B_reranking_failure,0.09910714285714287,0.74,0.74,0.74,1,5,65,Nsonga ki ezirina okulowoozebwako ng'oli mu mukwano n’omuntu alina Akawuka akaleeta Siriimu?
ID_VL_Eng_Gha_6AA56E6D,Eng_Gha,C_recall_failure,0.09913875598086123,0.16160919540229884,0.16160919540229884,0.22912133891213388,22,27,51,"What are some common barriers that adolescents face when trying to save money, and how can they overcome these challenges?"
ID_VL_Lug_Uga_A91883FC,Lug_Uga,C_recall_failure,0.09921787709497207,0.1057142857142857,0.12432,0.12869565217391304,41,26,66,Nsonga ki ezisalawo ekika ky'obuyambi bw'emmere obuweebwa abantu abakoseddwa Akawuka akaleeta Siriimu/Siriimu?
ID_VL_Aka_Gha_CEB81F9D,Aka_Gha,C_recall_failure,0.09923371647509577,0.20640949554896143,0.20640949554896143,0.21407142857142858,60,56,73,"Mfasoɔ bɛn na ɛwɔ hɔ sɛ obi hwehwɛ sika ho afotuo firi adwumfoɔ hɔ, na ɛkwan bɛn so na mmabun bɛtumi anya saa nnwuma yi bi sɛ ɛho hia wɔn a?"
ID_VL_Lug_Uga_DAAF7529,Lug_Uga,B_reranking_failure,0.09926829268292683,0.74,0.74,0.74,0,6,68,Waliwo ebika by'emmere ebisobola okuyamba omuntu okukkakkanya Akawuka akaleeta Siriimu?
ID_VL_Lug_Uga_CA9F1D59,Lug_Uga,B_reranking_failure,0.09926829268292683,0.74,0.74,0.74,0,23,64,Lwaki abantu abamu batwala okwegatta nga enneeyisa oba omusono gw'obulamu?
ID_VL_Eng_Gha_55D596AF,Eng_Gha,C_recall_failure,0.09930735930735932,0.1454335260115607,0.1454335260115607,0.16399999999999998,20,20,52,Emphasize the importance of open communication with the healthcare provider during prenatal care.
ID_VL_Swa_Ken_7EEF09AB,Swa_Ken,B_reranking_failure,0.09940298507462686,0.22023809523809523,0.74,0.74,7,1,51,Ni dalili gani zinaweza kuonyesha kuwa rafiki ana virusi vya ukimwi?
ID_VL_Lug_Uga_862C92FD,Lug_Uga,C_recall_failure,0.09940298507462686,0.1374285714285714,0.22769230769230767,0.24666666666666665,50,40,67,Waliyo akatyabaga k'okukwatibwa Obuwuka obuleeta Obulwadde bw'Ekikaba okuva ku kwegattira mu kamwa?
ID_VL_Eng_Uga_E4E751DE,Eng_Uga,C_recall_failure,0.0996153846153846,0.12818897637795273,0.12818897637795273,0.1786206896551724,31,16,47,"What do the different Gonorrhea results mean?, please answer in detail."
ID_VL_Swa_Ken_3CD30E99,Swa_Ken,C_recall_failure,0.0996153846153846,0.0996153846153846,0.11684210526315789,0.148,57,53,60,Ni kipindi gani cha dirisha kwa kipimo cha virusi vya ukimwi nilichochukua?
ID_VL_Eng_Uga_DE3CE88B,Eng_Uga,B_reranking_failure,0.0996153846153846,0.74,0.74,0.74,1,12,49,Can Gonorrhea cure without injections?
ID_VL_Eng_Uga_185DF528,Eng_Uga,B_reranking_failure,0.09961538461538462,0.74,0.74,0.74,0,31,53,What are the different types of TB?
ID_VL_Amh_Eth_864E9A13,Amh_Eth,C_recall_failure,0.09961538461538462,0.09548387096774193,0.09961538461538462,0.12595744680851062,66,35,67,በክንድ ስር የሚቀበረውን የእርግዝና መከላከያ ከተጠቀምኩ ጀምሮ የወር አበባዬ ሙሉ በሙሉ ቀርቷል። ደሙ በውስጤ እየተጠራቀመ ነው?
ID_VL_Eng_Uga_E9FA97E2,Eng_Uga,C_recall_failure,0.0997752808988764,0.1126086956521739,0.15744680851063828,0.15744680851063828,6,13,60,What is the best way to handle peer pressure about sex?
ID_VL_Aka_Gha_AE849217,Aka_Gha,C_recall_failure,0.09984126984126984,0.09977528089887641,0.20720000000000002,0.20720000000000002,18,5,62,"Fa afã biara nni dwuma na yɛ botae bere a woresusuw nyinsɛn a woyi gu ho no, na fa w’adwene si nsɛm ne nneɛma a wode bɛma so."
ID_VL_Lug_Uga_A5BAB050,Lug_Uga,B_reranking_failure,0.09987730061349694,0.74,0.74,0.74,7,12,62,Mu kiseera kino tulina eddagala erikakasiddwa okuwonya Akawuka akaleeta Siriimu?
ID_VL_Lug_Uga_76B90436,Lug_Uga,C_recall_failure,0.10017467248908297,0.18398907103825135,0.18398907103825135,0.18398907103825135,12,25,61,Tekirina buzibu okubuuza abazadde ku kwegatta okutateeka bulabe ku bulamu?
ID_VL_Aka_Gha_2999B735,Aka_Gha,C_recall_failure,0.10025806451612904,0.16065789473684208,0.23475862068965517,0.23475862068965517,7,35,68,"Akwan bɛn na wɔfa so kasa tia nyiyim su anaa nsɛm a ɛnteɛ, a ɛfa nna ne awo akwahosan ho wɔ ɔkwan a ɛma denhyɛ so? (Tema ne ntease a wɔhyɛ ho nkuran) ."
ID_VL_Eng_Gha_3FE68C9C,Eng_Gha,C_recall_failure,0.10033898305084746,0.20992907801418442,0.20992907801418442,0.20992907801418442,1,13,51,Are there any resources or materials you recommend for exploring different perspectives on sexual health and relationships?
ID_VL_Lug_Uga_F0CF9D73,Lug_Uga,C_recall_failure,0.10033898305084746,0.10033898305084746,0.18930232558139534,0.18930232558139534,8,0,65,Lwaki kikulu okwewala okunywegera omuntu alina ebiwundu ku mumwa?
ID_VL_Lug_Uga_6F75EE8A,Lug_Uga,B_reranking_failure,0.10033898305084746,0.10191616766467065,0.74,0.74,6,10,52,Obukyala bukyuka butya mu kiseera ky'okuvubuka?
ID_VL_Swa_Ken_257C54BC,Swa_Ken,C_recall_failure,0.10042857142857142,0.15906542056074768,0.2114285714285714,0.2114285714285714,29,31,59,"Je, mtu hawezi kuambukizwa Ukimwi/UKIMWI hata baada ya kujamiiana?"
ID_VL_Eng_Gha_EF158D5B,Eng_Gha,C_recall_failure,0.10042857142857144,0.16444444444444445,0.2044198895027624,0.2044198895027624,11,20,55,"How are governments and policymakers leveraging technology to strengthen ASRH policies, monitoring systems, and surveillance of key health indicators?"
ID_VL_Lug_Uga_B60A3DCC,Lug_Uga,B_reranking_failure,0.10049382716049383,0.74,0.74,0.74,1,31,68,"Singa omuntu akizuula nti alina Akawuka akaleeta Siriimu leero, abeera akyasuubira okuwangaala n'okulaba ku bazzukulu be?"
ID_VL_Eng_Ken_6AE66582,Eng_Ken,C_recall_failure,0.10064,0.14322580645161292,0.16932203389830508,0.16932203389830508,8,28,78,"Niko na rafiki wangu mpoa kwa masomo lakini tukifika kwa sex, hapendi kunyima watu sex in this life"
ID_VL_Eng_Gha_A7D4CF50,Eng_Gha,C_recall_failure,0.10068027210884353,0.21742268041237112,0.21742268041237112,0.21742268041237112,2,2,39,"What are the barriers that adolescent girls may face in accessing sexual and reproductive health services, and how can these barriers be addressed?"
ID_VL_Eng_Gha_81E03A5E,Eng_Gha,C_recall_failure,0.10068027210884353,0.15136363636363637,0.15136363636363637,0.17351724137931035,59,54,72,How can I prepare myself for the challenges of parenthood as an adolescent?
ID_VL_Eng_Gha_AE2E9AF9,Eng_Gha,C_recall_failure,0.10068027210884353,0.19811023622047244,0.20023529411764707,0.20023529411764707,9,18,46,How can we use communication skills to provide support and encouragement to peers who may be struggling with their mental health?
ID_VL_Eng_Gha_C9525185,Eng_Gha,C_recall_failure,0.10071005917159762,0.12157142857142855,0.14398190045248868,0.1612820512820513,71,20,74,"What should adolescents know about childbirth options and interventions, including pain management, labor support, and cesarean birth?"
ID_VL_Aka_Gha_60141DE9,Aka_Gha,C_recall_failure,0.1009090909090909,0.16365384615384615,0.185,0.185,5,28,77,"Mɛyɛ dɛn adi ntawntawdi a ɛwɔ abusuabɔ mu ho dwuma wɔ ɔkwan a ɛfata ma ahokafo baanu no nyinaa adwene mu yiedi so? (nkitahodi ho nimdeɛ, asɛm a wɔka sie) ."
ID_VL_Eng_Ken_9ABA0F15,Eng_Ken,C_recall_failure,0.1009090909090909,0.13214285714285712,0.17146341463414635,0.17584158415841583,50,45,63,Can tests show negative for HIV when I'm positive?
ID_VL_Amh_Eth_9C10C572,Amh_Eth,C_recall_failure,0.10090909090909092,0.185,0.185,0.185,4,8,76,ARVs እየወሰድኩ ከሆነ፣ በኋለኛው ህይወቴ እርጉዝ መሆን ደህና ነው?
ID_VL_Amh_Eth_92F5DF7B,Amh_Eth,C_recall_failure,0.10090909090909092,0.04933333333333333,0.10829268292682925,0.12634146341463415,57,64,69,ወላጆቼ ከፍላጎቴ ውጪ እንድመረመር ካስገደዱኝ ያ ህጋዊ ነው?
ID_VL_Eng_Uga_13EB22C9,Eng_Uga,C_recall_failure,0.101171875,0.16972477064220182,0.17076923076923076,0.17178571428571426,30,12,56,"If I am treated for Syphilis, when can I have sex again? , please answer in detail."
ID_VL_Swa_Ken_9532CABA,Swa_Ken,B_reranking_failure,0.10126315789473683,0.21421052631578946,0.74,0.74,7,27,60,"Je, mtu yeyote anaweza kuambukizwa Ukimwi/UKIMWI kwa kubusiana?"
ID_VL_Aka_Gha_0640BE0F,Aka_Gha,C_recall_failure,0.10126315789473683,0.13874999999999998,0.15786666666666666,0.22839506172839508,64,17,69,"Kwan a obi wɔ sɛ ɔyɛ ne nipadua deɛ ɔpɛ ho asɛm no kyerɛ dɛn, na adɛn nti na ɛho hia?"
ID_VL_Lug_Uga_FF5A229E,Lug_Uga,B_reranking_failure,0.10126315789473685,0.74,0.74,0.74,3,54,74,Nokolayo ensonga yonna lwaki abantu abamu tebajja kukeberebwa Kawuka akaleeta Siriimu.
ID_VL_Eng_Gha_54F90429,Eng_Gha,C_recall_failure,0.10136986301369862,0.22394736842105264,0.22394736842105264,0.22394736842105264,2,0,40,"Who are the professionals involved in school-based crisis intervention programs, and what qualifications do they have?"
ID_VL_Eng_Gha_C66495A7,Eng_Gha,C_recall_failure,0.10136986301369863,0.13954285714285714,0.15792682926829268,0.15792682926829268,6,30,40,"How effective are different birth control methods at preventing pregnancy, compared to some of the myths I've heard?"
ID_VL_Aka_Gha_C40DB9B4,Aka_Gha,C_recall_failure,0.10136986301369863,0.16377049180327868,0.16377049180327868,0.16789915966386554,69,44,70,Mɛyɛ dɛn ahu sɛ meyɛ LGBTQ +?
ID_VL_Eng_Uga_911F730B,Eng_Uga,C_recall_failure,0.10136986301369863,0.16323529411764706,0.16323529411764706,0.16323529411764706,2,1,51,Can Syphilis cause erectile dysfunction?
ID_VL_Eng_Gha_C561B8DC,Eng_Gha,C_recall_failure,0.1014516129032258,0.21764705882352942,0.21764705882352942,0.21764705882352942,1,1,44,"Is there a legal process for addressing cyberbullying or online harassment? (reporting mechanisms, legal consequences)"
ID_VL_Aka_Gha_F1043785,Aka_Gha,C_recall_failure,0.10156862745098039,0.10156862745098039,0.14439024390243904,0.14439024390243904,6,18,59,Sɛn na 'gender inequality' (pɛyɛ a enni mmarima ne mmaa ntam) ne nyiyimu foforo bɔ mu kanyan SRH?
ID_VL_Aka_Gha_7D106C60,Aka_Gha,C_recall_failure,0.10156862745098039,0.13631578947368422,0.13631578947368422,0.14289655172413793,71,4,72,"kwan bɛn so na amammerɛ, gyedie ne nneyɛe kyerɛ nkorɔfoɔ deɛ wɔndwene mfa nna ne nna mu ayaresa ho wɔ me mpɔtam?"
ID_VL_Swa_Ken_52645A59,Swa_Ken,C_recall_failure,0.10156862745098039,0.10156862745098039,0.10791666666666666,0.10791666666666666,13,0,46,"Je, nikisahau kuchukua matibabu yangu?"
ID_VL_Swa_Ken_83A9C235,Swa_Ken,B_reranking_failure,0.10156862745098039,0.22872727272727272,0.74,0.74,6,0,53,"Je, ninaweza kufanya ngono?"
ID_VL_Aka_Gha_AA38D0A1,Aka_Gha,C_recall_failure,0.10164835164835166,0.1862251655629139,0.20859060402684565,0.20859060402684565,12,0,77,Akwan bɛn na yɛbɛtumi afa so afi nna mu apɔmuden ho nkɔmmɔbɔ ase a ɛrenyɛ aniwuo anaa ɛremma wonnyɛ basaa?
ID_VL_Swa_Ken_7FB33BE5,Swa_Ken,B_reranking_failure,0.10175000000000001,0.15416666666666667,0.74,0.74,14,41,53,"Je, ni vyema kutumia kondomu pamoja na njia tuliyochagua ya kuzuia mimba?"
ID_VL_Eng_Uga_9BDC70D1,Eng_Uga,B_reranking_failure,0.10191616766467065,0.74,0.74,0.74,3,38,48,"Why should  I do a Genital Herpes test?, please answer in detail."
ID_VL_Amh_Eth_F0E98B3B,Amh_Eth,C_recall_failure,0.10206896551724137,0.10206896551724137,0.11999999999999998,0.12333333333333335,52,68,72,በኤች አይ ቪ መያዝ እንደ ቂጥኝ ወይም ጨብጥ ያሉ የተደበቁ ኢንፌክሽኖች የመያዝ እድልን ይጨምራል?
ID_VL_Eng_Uga_B60E695C,Eng_Uga,D_weak_pool,0.10206896551724137,0.17076923076923078,0.399859649122807,0.399859649122807,6,0,55,"What is a Syphilis test?, please answer this using simple medical terms."
ID_VL_Amh_Eth_0299436A,Amh_Eth,C_recall_failure,0.10206896551724137,0.10571428571428573,0.27749999999999997,0.27749999999999997,5,3,45,ጨብጥ እንዴት ይታከማል?
ID_VL_Eng_Gha_AE62990C,Eng_Gha,C_recall_failure,0.1020689655172414,0.13303370786516852,0.18672897196261684,0.18672897196261684,10,0,59,What are some strategies for parents to provide accurate information about puberty and sexual health to their adolescents?
ID_VL_Amh_Eth_0763FCD0,Amh_Eth,D_weak_pool,0.1020689655172414,0.32375,0.32375,0.32375,4,9,55,የሲፊሊስ ቁስሎች ይጎዳሉን?
ID_VL_Lug_Uga_E3B16D36,Lug_Uga,B_reranking_failure,0.10219047619047618,0.74,0.74,0.74,4,11,62,Nnyinza ntya okwerabirira mu nsonga z'okulya engeri gye nnina Akawuka akaleeta Siriimu?
ID_VL_Eng_Gha_27AA7CBC,Eng_Gha,C_recall_failure,0.10223684210526315,0.1353658536585366,0.15293333333333334,0.17921874999999998,27,4,57,"What role do hobbies, interests, and talents play in shaping self-esteem and identity outside of physical appearance?"
ID_VL_Eng_Uga_ECF32053,Eng_Uga,B_reranking_failure,0.10227642276422763,0.74,0.74,0.74,1,12,50,"Are there vaccines for Hepatitis B?, please answer in detail."
ID_VL_Lug_Uga_CE1A1669,Lug_Uga,B_reranking_failure,0.10230414746543778,0.74,0.74,0.74,2,1,59,Okukolagana n’omuntu alina Akawuka akaleeta Siriimu kuvaako okukwatibwa akawuka kano?
ID_VL_Eng_Gha_2285B2EF,Eng_Gha,C_recall_failure,0.10238993710691824,0.11819444444444444,0.16444444444444445,0.16444444444444445,10,7,63,"What is bullying, and how is it different from teasing or conflict?"
ID_VL_Eng_Eth_5CAE9610,Eng_Eth,C_recall_failure,0.10246153846153847,0.223013698630137,0.25291139240506333,0.25999999999999995,26,18,53,How can I counsel a girl who has been using the same batch of expired Emergency Pills?
ID_VL_Amh_Eth_1D61FAC3,Amh_Eth,C_recall_failure,0.10277777777777776,0.12081632653061225,0.2091304347826087,0.2091304347826087,5,4,83,"የእውቀት ጠባቂዎች የወር አበባ መንጻት ነው ይላሉ:: እውነት ነው ደሙ ቀደምት ኢንፌክሽንን "" ""ማጠብ"" ይችላል?"
ID_VL_Lug_Uga_FCB896BB,Lug_Uga,B_reranking_failure,0.10277777777777777,0.7339837398373983,0.7339837398373983,0.7339837398373983,2,23,67,Waliyo engeri y’okukebera Enziku nga totegeereddwa?
ID_VL_Lug_Uga_65B90E94,Lug_Uga,C_recall_failure,0.10277777777777777,0.183954802259887,0.183954802259887,0.185,68,0,75,Enkola z'Abantu ez'okuziyiza si za buseere?
ID_VL_Eng_Gha_4D560A3D,Eng_Gha,C_recall_failure,0.1030379746835443,0.24995555555555554,0.24995555555555554,0.24995555555555554,2,0,46,How can I navigate relationships and dating while exploring my gender identity as an adolescent?
ID_VL_Eng_Uga_00473139,Eng_Uga,B_reranking_failure,0.10325581395348837,0.74,0.74,0.74,4,18,50,"What are the preventive measures of HIV?, please answer in detail."
ID_VL_Eng_Uga_5DEAA737,Eng_Uga,B_reranking_failure,0.10325581395348837,0.74,0.74,0.74,1,0,58,What types of organizations provide HIV/AIDS counseling and support?
ID_VL_Eng_Uga_BCD4344F,Eng_Uga,B_reranking_failure,0.10325581395348837,0.624375,0.624375,0.624375,0,1,51,"Can you be immune to Genital Herpes?, please answer in detail."
ID_VL_Eng_Eth_9BB96155,Eng_Eth,B_reranking_failure,0.10325581395348837,0.74,0.74,0.74,1,15,43,Can prayer or faith help if what cures gonorrhea?
ID_VL_Eng_Gha_4C24A053,Eng_Gha,C_recall_failure,0.10325581395348837,0.1057142857142857,0.16444444444444445,0.21031578947368418,50,9,58,What resources are available to help me develop healthy coping mechanisms after experiencing sexual violence?
ID_VL_Amh_Eth_E1B294DE,Amh_Eth,C_recall_failure,0.10325581395348837,0.11099999999999999,0.15578947368421053,0.16444444444444442,24,41,69,አንድን በሽታ በባህል መድኃኒቶች (ዕፅዋት) ወይም በልዩ ውሃ ብቻ ማዳን ይቻላል?
ID_VL_Amh_Eth_BEF59FE6,Amh_Eth,C_recall_failure,0.10325581395348837,0.21764705882352942,0.21764705882352942,0.21764705882352942,1,52,71,አንድ ሰው ምንም ምልክቶች ከሌለበት የሄርፒስ ስርጭትን ለመከላከል ቁልፉ ምንድን ነው?
ID_VL_Lug_Uga_A9987BDF,Lug_Uga,C_recall_failure,0.10325581395348839,0.10325581395348839,0.10325581395348839,0.10325581395348839,0,0,71,Olufumo kye kimu n'endowooza enkyamu?
ID_VL_Eng_Gha_CDD0B4D4,Eng_Gha,C_recall_failure,0.10338235294117645,0.21192488262910797,0.21192488262910797,0.21192488262910797,2,6,55,"What should I do if I have concerns or questions about my recovery after an abortion, or if I experience symptoms that worry me?"
ID_VL_Aka_Gha_46FDE062,Aka_Gha,C_recall_failure,0.10338235294117647,0.13621890547263682,0.14552301255230124,0.18813559322033896,24,4,69,Nsakraeɛ bɛn na ɛba mmaa awoɔ mu wɔ mmabunyɛ mmerɛ mu?
ID_VL_Eng_Ken_2E13418D,Eng_Ken,B_reranking_failure,0.10344086021505375,0.16541176470588234,0.74,0.74,11,0,52,"What is the importance of testing my baby for HIV, suppose I have HIV?"
ID_VL_Eng_Ken_8570B59F,Eng_Ken,B_reranking_failure,0.10344086021505376,0.15488372093023256,0.74,0.74,11,0,56,”Being abstinent is one way to prevent HIV infection”
ID_VL_Lug_Uga_A6C681B0,Lug_Uga,C_recall_failure,0.10352331606217616,0.10352331606217616,0.22078688524590162,0.22078688524590162,19,3,66,Okufufuggaza Akawuka akaleeta Siriimu kitegeeza ki?
ID_VL_Lug_Uga_0FC79913,Lug_Uga,B_reranking_failure,0.10354948805460751,0.74,0.74,0.74,0,17,59,Nnandiwulidde ntya singa mba ne Kiramidiya?
ID_VL_Lug_Uga_9ECA381B,Lug_Uga,B_reranking_failure,0.10360000000000003,0.74,0.74,0.74,0,17,71,Kusoomoozebwa ki okuliwo mu kwawula omuntu alina Akawuka akaleeta Siriimu/Siriimu ku atakalina?
ID_VL_Swa_Ken_396C357B,Swa_Ken,B_reranking_failure,0.10367149758454106,0.74,0.74,0.74,0,7,60,"Je, kuna tahadhari ninazoweza kufuata ili kuzuia maambukizi ya ukimwi baada ya kuambukizwa, kama vile kondomu iliyovunjika au unyanyasaji wa kijinsia?"
ID_VL_Aka_Gha_E0F3EAB0,Aka_Gha,C_recall_failure,0.10373831775700934,0.1837748344370861,0.1837748344370861,0.19664335664335664,23,2,74,Mmoa bɛn na ɛwɔ hɔ ma mmabun a atipɛnfoɔ nhyɛso ɛreha wɔn ne nsunsuansoɔ a ɛde ba adwenemyare so?
ID_VL_Eng_Uga_AA604892,Eng_Uga,B_reranking_failure,0.10378048780487806,0.74,0.74,0.74,1,20,65,Should I wait and test again to make sure my HIV result is correct?
ID_VL_Aka_Gha_787F2425,Aka_Gha,C_recall_failure,0.10385964912280701,0.11169811320754716,0.13756410256410256,0.16860759493670888,67,65,78,Mmoa bɛn ɛwɔ hɔ ma me sɛ mehia apɔwmuden akwankyerɛ wɔ me babunberɛ mu?
ID_VL_Amh_Eth_670ACC5C,Amh_Eth,C_recall_failure,0.10385964912280701,0.10571428571428569,0.10571428571428569,0.10571428571428569,1,3,56,ለተጨማሪ ደህንነት ሁለት ኮንዶም በአንድ ጊዜ (አንዱ በሌላው ላይ) መጠቀም ደህንነቱ የተጠበቀ ነው?
ID_VL_Eng_Gha_5E368127,Eng_Gha,C_recall_failure,0.10396694214876032,0.10396694214876032,0.16730434782608694,0.16730434782608694,8,23,44,How can parents help adolescents navigate peer pressure and societal expectations during puberty?
ID_VL_Eng_Uga_6545C030,Eng_Uga,C_recall_failure,0.10400000000000001,0.10400000000000001,0.15074074074074076,0.1617674418604651,35,18,49,Can I get pregnant while using birth control?
ID_VL_Lug_Uga_D9C59CD9,Lug_Uga,B_reranking_failure,0.1040625,0.1655593220338983,0.74,0.74,9,12,62,Lwaki kikulu okwebuuza ku musawo singa wabaawo obweraliikirivu oba ebibuuzo ku nkozesa ya kizaalaggumba?
ID_VL_Lug_Uga_E3524444,Lug_Uga,C_recall_failure,0.10414814814814814,0.10414814814814814,0.10414814814814814,0.12869565217391304,63,38,65,Nsobola okwegatta nga nzijanjabiwa Enziku?
ID_VL_Aka_Gha_FCE68504,Aka_Gha,C_recall_failure,0.10414814814814814,0.15443478260869564,0.15443478260869564,0.15443478260869564,1,38,78,Ɔkwan bɛn so na mmeae a wɔhwɛ mmabun akwahosan so (youth-friendly centers) hyɛ asumasɛm nsie mu den?
ID_VL_Lug_Uga_1057A002,Lug_Uga,B_reranking_failure,0.10429530201342281,0.74,0.74,0.74,0,24,77,Biki ebikolebwa mu by’obulamu ku siriimu?
ID_VL_Eng_Gha_CAC4D0EB,Eng_Gha,C_recall_failure,0.10429530201342281,0.16976470588235293,0.17168,0.20468085106382977,48,37,49,"How can we challenge stereotypes, biases, and prejudices that contribute to discrimination and marginalization of persons with disabilities?"
ID_VL_Lug_Uga_E2AFA629,Lug_Uga,C_recall_failure,0.10441717791411043,0.10441717791411043,0.14187969924812027,0.14187969924812027,14,24,64,Okozesa otya ebikozesebwa mu kwekebera Akawuka akaleeta Siriimu?
ID_VL_Aka_Gha_36B5229A,Aka_Gha,C_recall_failure,0.10447058823529412,0.2146223564954683,0.2146223564954683,0.21953964194373402,20,68,74,"Ɔkwan bɛn so na nyinsɛn ba, na dɛn na ɛba bere a wɔnyem?"
ID_VL_Lug_Uga_D7E174E6,Lug_Uga,C_recall_failure,0.10447058823529413,0.167304347826087,0.16818181818181818,0.19999999999999998,45,33,57,Kiki kye nnina okukola singa nzuulibwamu Akawuka akaleeta Siriimu nga ndi lubuto?
ID_VL_Lug_Uga_A939EBD1,Lug_Uga,C_recall_failure,0.10447058823529413,0.14466165413533835,0.19999999999999998,0.19999999999999998,5,46,62,Kiki ekiddako singa nzuulibwamu Akawuka akaleeta Siriimu nga ndi lubuto?
ID_VL_Aka_Gha_28DF6EC4,Aka_Gha,B_reranking_failure,0.10464646464646464,0.4553846153846154,0.4553846153846154,0.5580327868852458,64,60,71,"Ma mmabun tumi ma wɔkasa wɔn ho ne wɔn SOGI ahiade ahorow, berɛ a wɔsan nso ma wɔn ho a wobu ne ahotoso."
ID_VL_Lug_Uga_C37944C1,Lug_Uga,B_reranking_failure,0.10471698113207548,0.74,0.74,0.74,5,35,65,Nsobola okukwatibwa Akawuka akaleeta Siriimu singa nkozesa akajirita k'omulala era ne nneesala mu butanwa?
ID_VL_Eng_Gha_AF475B49,Eng_Gha,C_recall_failure,0.10471698113207548,0.11240506329113922,0.1915294117647059,0.1915294117647059,19,4,58,How can the stigma surrounding STIs affect my relationships with others?
ID_VL_Lug_Uga_9FA4A627,Lug_Uga,B_reranking_failure,0.10471698113207548,0.74,0.74,0.74,0,19,76,Kimiimo ki ekikozesebwa singa omuntu afuna ebika by'Akawuka akaleeta Siriimu ebisukka mu kimu?
ID_VL_Aka_Gha_2D06E8CF,Aka_Gha,C_recall_failure,0.10483333333333333,0.1425185185185185,0.17309941520467834,0.1880327868852459,56,46,71,Dɛn na ɛkyerɛ sɛ wobenya tebea a ɛboa ankorankoro a wɔn bɔbeasu ahorow ne wɔn nna ho akɔnnɔ yɛ ahorow ?
ID_VL_Eng_Ken_991121E7,Eng_Ken,C_recall_failure,0.10506172839506173,0.22999999999999998,0.25064516129032255,0.2526829268292683,40,17,58,Can a person with HIV be in a relationship?
ID_VL_Lug_Uga_503BE788,Lug_Uga,B_reranking_failure,0.10508875739644971,0.161875,0.74,0.74,65,42,78,Mukugu ki oba muntu ki omwesigwa ayinza okuyamba ku bibuuzo by'Akawuka akaleeta Siriimu?
ID_VL_Eng_Uga_E34F76B4,Eng_Uga,C_recall_failure,0.1052132701421801,0.19185185185185183,0.19185185185185183,0.19185185185185183,4,2,49,Which medicines are used to treat both Hepatitis B and HIV?
ID_VL_Eng_Gha_9780C215,Eng_Gha,C_recall_failure,0.10522935779816514,0.11085020242914978,0.14260416666666667,0.14260416666666667,7,17,52,"How does microfinance address the financial needs of adolescents who lack collateral, credit history, or access to traditional banking services?"
ID_VL_Lug_Uga_C926A021,Lug_Uga,B_reranking_failure,0.10522935779816514,0.74,0.74,0.74,0,0,70,Nsobola ntya okwetegekera okugenda mu nsonga ze sisuubira nga siri na waka?
ID_VL_Eng_Gha_6667D3BB,Eng_Gha,C_recall_failure,0.10535593220338982,0.1178343949044586,0.12333333333333334,0.15082802547770702,33,8,57,"What are some challenges or barriers to implementing effective sexual education programs in different cultural contexts, and how can they be addressed?"
ID_VL_Amh_Eth_B04D3376,Amh_Eth,C_recall_failure,0.1057142857142857,0.11384615384615383,0.11772727272727272,0.21583333333333335,64,33,66,አንድ ሕፃን ከተወለደ በኋላ ወዲያውኑ የዓይን ሕመም ቢይዝ ይህ  ሕመም ከእናቱ የተላለፈ ሊሆን ይችላል?
ID_VL_Lug_Uga_6BF7240F,Lug_Uga,B_reranking_failure,0.1057142857142857,0.74,0.74,0.74,0,9,43,Waliwo eddagala erigema Omusujja gw'ekibumba ogwa B?
ID_VL_Amh_Eth_3B4206C5,Amh_Eth,C_recall_failure,0.1057142857142857,0.1459154929577465,0.1667605633802817,0.22089552238805968,34,6,60,ትሪኮሞኒያሲስ እርግዝና ላይ ምን ጉዳት ያስከትላል ?
ID_VL_Eng_Eth_57021049,Eng_Eth,C_recall_failure,0.1057142857142857,0.1057142857142857,0.10918032786885246,0.16586206896551725,26,6,58,How can I get local media or radio to talk about the dangers of early pregnancy?
ID_VL_Amh_Eth_B0CBC61F,Amh_Eth,B_reranking_failure,0.1057142857142857,0.5223529411764706,0.5223529411764706,0.5223529411764706,4,2,72,ኤች አይ ቪ ማለት አንድ ሰው መጥፎ ነገር ስለሰራ ከእግዚአብሔር የሚመጣ ቅጣት ነው?
ID_VL_Lug_Uga_E53E5F4C,Lug_Uga,B_reranking_failure,0.1057142857142857,0.74,0.74,0.74,2,7,67,Akafuba akatasiigibwa era akatalaga bubonero kaawukana katya ku kafuba akasiigibwa era akalaga obubonero?
ID_VL_Eng_Uga_EA75752D,Eng_Uga,C_recall_failure,0.1057142857142857,0.2082634730538922,0.2082634730538922,0.2082634730538922,1,9,47,What factors can influence HIV infection rates?
ID_VL_Eng_Gha_DA003F16,Eng_Gha,C_recall_failure,0.1057142857142857,0.19624309392265193,0.19624309392265193,0.19624309392265193,1,6,46,What are the emotional and psychological effects as an adolescent living with disability?
ID_VL_Lug_Uga_E3395B1A,Lug_Uga,B_reranking_failure,0.1057142857142857,0.74,0.74,0.74,0,33,60,Bikolwa ki ebikubirizibwa singa nneegatta nga sseetangidde nga simanyi muganzi wange bw'ayimiridde ku Kawuka akaleeta Siriimu?
ID_VL_Eng_Gha_E10B1A47,Eng_Gha,C_recall_failure,0.1057142857142857,0.18944,0.24544554455445544,0.24544554455445544,18,4,51,What can I do to maximize the effectiveness of my chosen contraception method?
ID_VL_Amh_Eth_3108D448,Amh_Eth,C_recall_failure,0.1057142857142857,0.2409302325581395,0.2409302325581395,0.2409302325581395,2,6,65,ቂጢኝ የአእምሮ ችግር ሊያመጣ ይችላልን?
ID_VL_Amh_Eth_52828D80,Amh_Eth,C_recall_failure,0.1057142857142857,0.23368421052631577,0.23368421052631577,0.23368421052631577,2,1,57,HPV በእፅዋት ሊድን ይችላል እና ምልክቶቹስ?
ID_VL_Lug_Uga_C7774FAE,Lug_Uga,C_recall_failure,0.1057142857142857,0.1575483870967742,0.1575483870967742,0.16567164179104477,45,7,68,Ebitundu oba abantu bayinza batya okukolera awamu okukendeeza ku Kawuka akaleeta Siriimu?
ID_VL_Amh_Eth_1DAD09B2,Amh_Eth,C_recall_failure,0.10571428571428572,0.0,0.10962962962962962,0.17862068965517242,58,2,71,በትዳር አጋሮች መካከል ለትሪኮሞኒያሲስ መተላለፊያ ዋናው መንገድ ምንድን ነው?
ID_VL_Eng_Uga_47A2A10B,Eng_Uga,B_reranking_failure,0.10571428571428572,0.74,0.74,0.74,2,6,56,Can I expose my unborn baby to Trichomoniasis while I am pregnant?
ID_VL_Eng_Gha_62F5DF2B,Eng_Gha,D_weak_pool,0.10571428571428572,0.21017751479289942,0.3225641025641026,0.3225641025641026,5,2,47,What types of reproductive health services are available to adolescents?
ID_VL_Eng_Uga_5B80B8D1,Eng_Uga,D_weak_pool,0.10571428571428572,0.4008333333333333,0.4008333333333333,0.4008333333333333,0,0,52,"Is Herpes for only women?, please answer in detail."
ID_VL_Aka_Gha_A65E688E,Aka_Gha,C_recall_failure,0.10571428571428573,0.10882352941176471,0.12893939393939394,0.14337500000000003,54,43,69,"Sɛn na mmabun bɛkasa yie fa nna mu apɔwmuden 'sexual health' ho bere a obiara kasa kwan yɛ soronko sso de akyerɛ wɔn awofo, ahwɛfo, wɔn yɔnko ne obiara."
ID_VL_Eng_Gha_9D642932,Eng_Gha,C_recall_failure,0.10571428571428573,0.13680672268907562,0.1834188034188034,0.1834188034188034,18,5,51,"What are the experiences of people with disabilities from different cultural, religious, or societal backgrounds?"
ID_VL_Amh_Eth_6E996E3E,Amh_Eth,C_recall_failure,0.10571428571428573,0.18974358974358974,0.18974358974358974,0.18974358974358974,3,18,63,ትሪኮሞኒየስ ወይም የሴቶች የመራቢያ አካል ኢንፌክሽን ህመም  አለው?
ID_VL_Eng_Uga_3A67470C,Eng_Uga,B_reranking_failure,0.10571428571428573,0.6727272727272727,0.6727272727272727,0.6727272727272727,1,17,47,"Is Syphilis sexually transmitted?, please answer this using simple medical terms."
ID_VL_Amh_Eth_8186A576,Amh_Eth,D_weak_pool,0.10571428571428573,0.11562499999999999,0.1909677419354839,0.3894736842105263,37,3,52,ከእናት ወደ ልጅ ቂጥኝ ሊተላለፍ ይችላል ?
ID_VL_Eng_Uga_03254FBD,Eng_Uga,B_reranking_failure,0.10571428571428573,0.74,0.74,0.74,24,18,51,"How is Syphilis transmitted?, please answer this using simple medical terms."
ID_VL_Aka_Gha_50C187FC,Aka_Gha,C_recall_failure,0.10622009569377991,0.15786666666666666,0.15786666666666666,0.1906060606060606,60,0,86,"Ɛkwan bɛn so na nkabom adesua a yɛfrɛ no *inclusive education* wɔ pɔtɔ kasa mu no, bɛboa ma mmabun ako atia 'stereotypes' (adwene bɔne)  ne nyiyimu?"
ID_VL_Aka_Gha_3C20592F,Aka_Gha,C_recall_failure,0.10632183908045977,0.13602941176470587,0.20894117647058824,0.20894117647058824,8,0,68,"Mmoa bɛn na metumi ahwɛ kwan afi mmrahyɛfo hɔ, sɛ mebɔ bɔbea mu basabasayɔ (GBV) ho amanneɛ a? (nhwehwɛmu, nea wɔayɛ no bɔne a wɔkamfo kyerɛ) ."
ID_VL_Eng_Uga_3F8C1097,Eng_Uga,B_reranking_failure,0.10651515151515153,0.5426666666666667,0.74,0.74,5,4,42,Is it true that painful sex is a sign of a UTI or STI
ID_VL_Aka_Gha_0F844FEF,Aka_Gha,C_recall_failure,0.10653696498054474,0.15838596491228069,0.22605744125326369,0.2878962536023055,38,11,53,"Nneɛma bɛn, telefon a wɔde frɛ nkurɔfo, telefon a wɔde boa, wɛbsaet, anaa app ahorow bɛn na ɛwɔ hɔ ma mmabun a wɔanya nna mu basabasayɛ anaasɛ wɔaka wɔn, na ɔkwan bɛn so na wobetumi anya mmoa ne nsɛm a ɛyɛ kokoam, ɛnyɛ atɛn, ne amammerɛ a ɛfata?"
ID_VL_Eng_Uga_A981FA54,Eng_Uga,C_recall_failure,0.1065843621399177,0.12969072164948453,0.14478260869565215,0.14478260869565215,10,43,49,"what if I feel symptoms for Gonorrhea after treatment what should I do?, please answer in detail."
ID_VL_Eng_Gha_4CBF131D,Eng_Gha,C_recall_failure,0.10661016949152542,0.16612244897959186,0.16612244897959186,0.20267515923566876,40,48,50,How can I build healthy relationships with my partner (if applicable) and my baby?
ID_VL_Swa_Ken_8CED4707,Swa_Ken,B_reranking_failure,0.10663755458515281,0.1767164179104478,0.74,0.74,19,0,55,"Je, maambukizi ya virusi vya ukimwi yanaweza kuzuiwa kwa kutumia tembe za kuzuia mimba?"
ID_VL_Eng_Gha_22BF18F5,Eng_Gha,C_recall_failure,0.10666666666666666,0.1367391304347826,0.1367391304347826,0.16860759493670888,40,32,59,"What are some things I can do to maintain positive mental health as I navigate sexual and reproductive development? (healthy relationships, open communication, self-care)"
ID_VL_Eng_Uga_1A9C672A,Eng_Uga,B_reranking_failure,0.10666666666666669,0.74,0.74,0.74,1,6,65,Can immediate medical intervention after unprotected sex truly cure HIV?
ID_VL_Swa_Ken_FF2336E9,Swa_Ken,C_recall_failure,0.10676616915422885,0.12143589743589742,0.16958333333333334,0.20943396226415098,30,16,57,Kwa nini kwa sasa kuna hatua chache za kuzuia ngono kama vile kutokufanya ngono katika vyuo vikuu?
ID_VL_Eng_Gha_8CC36F3B,Eng_Gha,C_recall_failure,0.10680412371134021,0.20300884955752213,0.24457627118644065,0.24457627118644065,9,2,53,How can I talk to my family and friends about the alternative I'm considering? (communication tips)
ID_VL_Eng_Gha_519554E3,Eng_Gha,C_recall_failure,0.10684491978609625,0.13752212389380528,0.148,0.148,8,11,50,"How can unhealthy gender norms within certain cultures contribute to dating violence among adolescents? (challenging stereotypes, promoting equality)"
ID_VL_Aka_Gha_EE49F329,Aka_Gha,C_recall_failure,0.10692015209125474,0.2368,0.2368,0.2368,0,0,68,"Sikakorabea ahorow te sɛ sikakorabea ne boseabɔ akuw ahorow bɛn na ɛwɔ hɔ, na ɔkwan bɛn so na wɔyɛ adwuma?"
ID_VL_Eng_Uga_D7B102A9,Eng_Uga,B_reranking_failure,0.10710526315789473,0.74,0.74,0.74,4,25,46,"Can Syphilis be tested in Women?, please answer this using simple medical terms."
ID_VL_Eng_Gha_5299E505,Eng_Gha,C_recall_failure,0.1072463768115942,0.19333333333333333,0.19333333333333333,0.19497005988023952,35,35,58,What are some ways that community support can address stigma or discrimination related to puberty and sexual health?
ID_VL_Amh_Eth_3E652603,Amh_Eth,C_recall_failure,0.1072463768115942,0.051929824561403506,0.11021276595744679,0.11021276595744679,6,7,69,የኤች.አይ.ቪ መድኃኒት የመላመድ ምርመራዎች ምንድን ናቸው? መቼስ ጥቅም ላይ ይውላሉ?
ID_VL_Lug_Uga_ECC817A6,Lug_Uga,C_recall_failure,0.10724637681159421,0.10724637681159421,0.10763636363636363,0.1409523809523809,47,29,55,Omwana azaaliddwa ne Kisipi asobola okuwonyezebwa?
ID_VL_Swa_Ken_9215583A,Swa_Ken,C_recall_failure,0.10724637681159421,0.10724637681159421,0.2276923076923077,0.2276923076923077,12,4,58,Kwa Nini Wanawake Wote Wajawazito Wapimwe Virusi Vya Ukimwi?
ID_VL_Eng_Gha_C35B9FEA,Eng_Gha,C_recall_failure,0.10724637681159421,0.10724637681159421,0.14211920529801325,0.24130434782608695,44,3,54,"How can we make schools, communities, and social spaces safer and promote healthy relationships where everyone’s consent is respected? (Bystander intervention programs and educational workshops)"
ID_VL_Eng_Gha_F020E992,Eng_Gha,C_recall_failure,0.10732824427480916,0.2685483870967742,0.2685483870967742,0.2685483870967742,0,6,55,How can I access contraception and birth control methods as an adolescent?
ID_VL_Lug_Uga_EB9F33CB,Lug_Uga,B_reranking_failure,0.10735751295336787,0.74,0.74,0.74,1,61,73,"Abantu banganga batya okutya, okuboolebwa oba obutakkaanya mu kubeera n’omuntu alina Akawuka akaleeta Siriimu?"
ID_VL_Lug_Uga_E11BF0D4,Lug_Uga,C_recall_failure,0.10748603351955308,0.10748603351955308,0.11248,0.74,58,5,63,Ebiseera bya buli muntu mu myaka egy’obuvubuka byawukana bitya?
ID_VL_Lug_Uga_E061F65F,Lug_Uga,C_recall_failure,0.10763636363636363,0.05285714285714285,0.10763636363636363,0.10763636363636363,9,4,70,Eddagala erigema erya Bacille Calmette-Guérin (BCG) likola bulungi kwenkana ki okugema ekika ky'Akafuba eky'amaanyi?
ID_VL_Amh_Eth_F2F9E5FA,Amh_Eth,C_recall_failure,0.10763636363636363,0.28,0.28,0.28,1,15,63,ኤችአይቪ በፍጥነት ይገድላል ወይም ሴቶችን ልጆች ከመውለድ ሊያግዱ ይችላሉ?
ID_VL_Eng_Uga_A754A29F,Eng_Uga,B_reranking_failure,0.10772151898734178,0.74,0.74,0.74,2,2,42,"If I take Septrin before sex, will it protect me from Gonorrhea? , please answer this using simple medical terms."
ID_VL_Eng_Gha_200B2903,Eng_Gha,C_recall_failure,0.10781456953642383,0.22945736434108524,0.23124999999999996,0.23124999999999996,18,23,50,"Are there any eligibility criteria or age restrictions for joining peer support groups, and what steps are involved in becoming a member?"
ID_VL_Lug_Uga_E60C1638,Lug_Uga,B_reranking_failure,0.10791666666666666,0.10791666666666666,0.74,0.74,10,3,66,Okukebera omusaayi kuyinza kukozesebwa kutya okuzuula Akafuba?
ID_VL_Amh_Eth_B2C08394,Amh_Eth,C_recall_failure,0.10791666666666666,0.0925,0.0925,0.10791666666666666,32,0,76,የማህፀንና ተያያዥ ክፍሎች ኢንፌክሽን ምንድን ነው? ያልታከመ ኢንፌክሽንስ እንዴት ለዚህ ችግር ይዳርጋል?
ID_VL_Lug_Uga_88E44A48,Lug_Uga,B_reranking_failure,0.10802919708029196,0.74,0.74,0.74,2,2,65,Lwaki kikulu okukozesa obupiira mu ngeri entuufu?
ID_VL_Eng_Gha_504E2687,Eng_Gha,C_recall_failure,0.10812785388127852,0.16567164179104474,0.1924,0.1924,8,26,52,What can I do if I have heavy periods or experience menstrual pain?
ID_VL_Lug_Uga_7B90942F,Lug_Uga,C_recall_failure,0.10829268292682927,0.12164383561643835,0.19999999999999996,0.2261111111111111,20,13,56,Nsobola okukwatibwa Obuwuka obuleeta Obulwadde bw'Ekikaba nga ndi ku nkola za kizaalaggumba?
ID_VL_Eng_Gha_9C4FFB46,Eng_Gha,C_recall_failure,0.10844827586206897,0.1596078431372549,0.23844444444444446,0.23844444444444446,11,46,50,How much does therapy or counseling typically cost? (mentioning sliding scale options or free resources if available)
ID_VL_Eng_Uga_D0B1E3EB,Eng_Uga,B_reranking_failure,0.10848167539267015,0.12647272727272726,0.74,0.74,6,18,50,"Can Syphilis treatment reverse complications of Syphilis? , please answer this using simple medical terms."
ID_VL_Swa_Ken_B52A9E6B,Swa_Ken,B_reranking_failure,0.1088235294117647,0.74,0.74,0.74,2,7,60,Ni mambo gani muhimu ya kuzingatia wakati wa kueleza mtu umuhimu wa kupimwa virusi vya ukimwi?
ID_VL_Aka_Gha_E9A1FA6F,Aka_Gha,C_recall_failure,0.10882352941176471,0.12731182795698925,0.2137777777777778,0.2137777777777778,13,8,67,Hyɛ  ahosohwɛ ho nkuran sɛ ɔkwan a wɔfa so di adwennwen ne atenka horow a ɛfa nna ne awo akwahosan ho dwuma.
ID_VL_Amh_Eth_87EA7FF5,Amh_Eth,C_recall_failure,0.10882352941176471,0.09652173913043476,0.10741935483870968,0.13155555555555556,22,14,70,ለማግባት አቅደናል። ለእነዚህ ሁሉ ሕመሞች ምርመራ ማድረግ አለብን? የትኞቹ ምርመራዎች በጣም አስፈላጊ ናቸው?
ID_VL_Lug_Uga_9BBC6CBC,Lug_Uga,B_reranking_failure,0.10882352941176471,0.74,0.74,0.74,3,2,62,Waliwo ekika ky'emmere eky'enjawulo ekiyinza okukendeeza ku mikisa gy'okukwatibwa Obuwuka obuleeta Endwadde z'Ekikaba?
ID_VL_Lug_Uga_143665F5,Lug_Uga,C_recall_failure,0.1089570552147239,0.14756598240469207,0.14899328859060404,0.1676243093922652,57,28,60,Tuyinza tutya okukendeeza ku mikisa gy’okukwatibwa Akawuka akaleeta Siriimu?
ID_VL_Eng_Gha_7AD465A1,Eng_Gha,C_recall_failure,0.10899224806201549,0.10999999999999999,0.12109090909090908,0.16086956521739132,34,11,54,"What are some safety considerations for someone experiencing GBV in an abusive household, especially if they come from a marginalized community? (confidentiality, safe spaces)"
ID_VL_Lug_Uga_E71C681A,Lug_Uga,B_reranking_failure,0.10908366533864541,0.74,0.74,0.74,0,20,67,Kisoboka okuwona Akawuka akaleeta Siriimu singa obujjanjabi butandikirawo oluvannyuma lw'embeera ekuteeka mu katyabaga k'okukwatibwa Akawuka?
ID_VL_Eng_Gha_1C612EC2,Eng_Gha,C_recall_failure,0.10910256410256411,0.13582278481012658,0.18356589147286823,0.18356589147286823,5,1,43,What are some effective methods for evaluating the impact and outcomes of peer-to-peer mentorship programs on the economic empowerment of adolescents?
ID_VL_Eng_Eth_1F45DBFD,Eng_Eth,C_recall_failure,0.10918032786885246,0.19999999999999996,0.26528301886792455,0.26528301886792455,15,62,66,"If I have a secret boyfriend, is this against my faith?"
ID_VL_Eng_Gha_69B7C0FA,Eng_Gha,D_weak_pool,0.10918032786885246,0.18849056603773584,0.3657471264367816,0.3657471264367816,16,0,39,"How can my sexual health and reproductive experiences affect my mental health? (stress, anxiety, depression)"
ID_VL_Eng_Gha_15B02530,Eng_Gha,C_recall_failure,0.10926174496644295,0.17903225806451611,0.17903225806451611,0.17903225806451611,3,8,57,What are some strategies for advocating for LGBTQ+ inclusion and acceptance within cultural or religious institutions?
ID_VL_Lug_Uga_A4515AE0,Lug_Uga,B_reranking_failure,0.10926174496644295,0.10926174496644295,0.74,0.74,12,10,67,Okugejja kulina akakwate mu ngeri yonna ku ddagala lya ARVs?
ID_VL_Eng_Uga_96EE50E5,Eng_Uga,B_reranking_failure,0.10931818181818181,0.10931818181818181,0.74,0.74,14,50,52,"Do IUDs increase chances of getting Gonorrhea? , please answer in detail."
ID_VL_Lug_Uga_B193C8B8,Lug_Uga,C_recall_failure,0.10962962962962962,0.10962962962962962,0.2740740740740741,0.2740740740740741,6,47,59,Nnina okutegeeza omubeezi wange singa mba nnina Obuwuka obuleeta Obulwadde bw'Ekikaba?
ID_VL_Eng_Ken_F5159494,Eng_Ken,D_weak_pool,0.10962962962962965,0.3288888888888889,0.3288888888888889,0.3288888888888889,4,3,39,How many deaths are reported among children aged between 0 to 14 years?
ID_VL_Swa_Ken_39034B65,Swa_Ken,B_reranking_failure,0.1097457627118644,0.74,0.74,0.74,4,29,53,"Je, ninaweza kuchumbiana na kuoa ikiwa nina Virusi Vya Ukimwi?"
ID_VL_Aka_Gha_23E2FCB4,Aka_Gha,C_recall_failure,0.10999999999999999,0.10571428571428572,0.14799999999999996,0.14799999999999996,8,3,65,"Ɔkwan bɛn so na nyinsɛn a wɔtwe wɔn ho fi ho 'Abstinence' no siw nyinsɛn ano, na dɛn nti na ɛmmɔ wɔn ho ban mfi STI ho?"
ID_VL_Eng_Uga_EBD8A3B1,Eng_Uga,C_recall_failure,0.10999999999999999,0.1126086956521739,0.15443478260869567,0.15443478260869567,9,74,77,"Compare the level of  adherence to ARVs between men and  women for middle aged people., please answer in detail."
ID_VL_Lug_Uga_D1403430,Lug_Uga,C_recall_failure,0.11005128205128203,0.10011764705882353,0.1383478260869565,0.15526785714285718,38,7,74,Biki ebikolebwa okuddukanya embeera y'Akawuka akaleeta Siriimu?
ID_VL_Eng_Gha_6A662FCE,Eng_Gha,C_recall_failure,0.11008264462809918,0.11008264462809916,0.15578947368421053,0.15578947368421053,10,12,53,"Promote bystander intervention, challenging gender norms, and online safety practices."
ID_VL_Eng_Gha_3EB05181,Eng_Gha,C_recall_failure,0.1102127659574468,0.19434343434343435,0.19434343434343435,0.19434343434343435,3,12,58,"How does stress impact our sexual and reproductive health, and what strategies can we use to manage stress in this context?"
ID_VL_Eng_Ken_4EE4334E,Eng_Ken,C_recall_failure,0.1102127659574468,0.17146341463414635,0.17146341463414635,0.17146341463414635,1,1,58,"""Since my screening test was negative, does that imply I don't have the disease?"""
ID_VL_Eng_Uga_94AD6252,Eng_Uga,B_reranking_failure,0.11028846153846153,0.721025641025641,0.721025641025641,0.721025641025641,1,1,51,"What are the benefits of the Chlamydia test?, please answer this using simple medical terms."
ID_VL_Aka_Gha_D1BDB8C0,Aka_Gha,C_recall_failure,0.11035087719298245,0.12566037735849056,0.12566037735849056,0.13874999999999998,31,52,66,Mɛyɛ dɛn de me gyidie ne me me nna ne awoɔ ho akwahosan (SRH) gyinaesie anante?
ID_VL_Lug_Uga_C7C1FB1B,Lug_Uga,C_recall_failure,0.11035087719298245,0.09012820512820513,0.12869565217391302,0.12869565217391302,9,8,67,Buzibu ki obutuuka ku bulamu nga buva ku Kabootongo?
ID_VL_Eng_Gha_6AFA828C,Eng_Gha,C_recall_failure,0.11035087719298245,0.11035087719298245,0.12171052631578946,0.13631578947368422,24,21,43,Are there any misconceptions or myths about PrEP that adolescents should be aware of?
ID_VL_Eng_Gha_A77D95F1,Eng_Gha,C_recall_failure,0.11035087719298246,0.20300884955752213,0.20300884955752213,0.20300884955752213,2,19,55,What should I discuss with my doctor about my health history before starting contraception?
ID_VL_Eng_Gha_C775E395,Eng_Gha,C_recall_failure,0.1103867403314917,0.12476744186046512,0.13155555555555556,0.13361111111111112,34,36,56,How can I practice self-reflection and examine my own biases and assumptions during puberty?
ID_VL_Eng_Uga_1EE89A4C,Eng_Uga,C_recall_failure,0.11038674033149172,0.23257142857142854,0.23257142857142854,0.23257142857142854,8,33,68,What can be done to prevent HIV from developing into AIDS?
ID_VL_Eng_Gha_F6C31218,Eng_Gha,C_recall_failure,0.11044776119402985,0.14799999999999996,0.15539999999999998,0.24963855421686748,36,8,49,How can I talk to my parents or caregivers about my sleep concerns during puberty?
ID_VL_Aka_Gha_3838B326,Aka_Gha,C_recall_failure,0.11057471264367814,0.12744444444444442,0.12744444444444442,0.14011834319526628,64,19,73,So apɔw-mu-tenteneeyɛ dwumadie anaa agodie bi wɔ hɔ a ɛyɛ mmabun anaa?
ID_VL_Lug_Uga_7D2120AD,Lug_Uga,B_reranking_failure,0.11057471264367816,0.07789473684210525,0.74,0.74,16,0,56,Kiki kye nnina okukola singa ntandika okugenda mu nsonga zange ez'ekikyala nga siri waka?
ID_VL_Lug_Uga_6319629B,Lug_Uga,C_recall_failure,0.11061855670103093,0.11061855670103093,0.14912547528517112,0.14912547528517112,10,59,75,Nneetaaga okukeberebwa ne bwe mba neewulira bulungi?
ID_VL_Lug_Uga_E79F9F3D,Lug_Uga,B_reranking_failure,0.11065420560747662,0.74,0.74,0.74,0,14,60,Lwaki okugenda okukyukakyuka kw'ennaku z'okugenderako kubaawo nnyo ku ntandikwa y'okugenda mu nsonga?
ID_VL_Aka_Gha_7C441FE7,Aka_Gha,C_recall_failure,0.11065420560747663,0.148,0.14919354838709678,0.30716981132075477,63,29,71,Mfe bɛn na wɔahyɛ ato hɔ sɛ obi betu nyinsɛn agu wɔ me mpɔtam hɔ? (awofo pene a wɔhwehwɛ) .
ID_VL_Lug_Uga_D5D1C669,Lug_Uga,C_recall_failure,0.11065420560747663,0.1215962441314554,0.19028571428571425,0.19028571428571425,18,39,58,Kasannyalaze ka mubiri ki akasinga okuvaako enkyukakyuka mu mubiri n’enkyukakyuka mu bitundu ebizaala n'okufulumizibwa kw'enkwaso?
ID_VL_Eng_Gha_F791F1E5,Eng_Gha,C_recall_failure,0.11070866141732283,0.14156521739130434,0.17281437125748506,0.17281437125748506,6,27,56,What resources are available to adolescents who are experiencing food insecurity or homelessness in their communities?
ID_VL_Eng_Gha_54669D19,Eng_Gha,C_recall_failure,0.11077844311377244,0.17146341463414635,0.2153731343283582,0.2153731343283582,13,9,47,How can I identify and resist peer pressure related to sex or risky behaviors?
ID_VL_Aka_Gha_696608AA,Aka_Gha,C_recall_failure,0.11077844311377244,0.16901234567901235,0.16901234567901235,0.16901234567901235,4,13,62,"Ɔkwan bɛn so na nkitahodi ho nimdeɛ a yɛbɛma atu mpɔn no betumi aboa yɛn ma yɛada yɛn nkate ne yɛn nsusuwii adi yiye, na ama yɛanya adwene mu yiedi?"
ID_VL_Aka_Gha_BF5D2FDF,Aka_Gha,D_weak_pool,0.11083700440528632,0.30833333333333335,0.30833333333333335,0.30833333333333335,4,45,63,Dɛn ne sɛnkyerɛnne ahorow a ɛkyerɛ sɛ abusuabɔ pa ne obuo wom?
ID_VL_Eng_Gha_0F5675F8,Eng_Gha,C_recall_failure,0.11083700440528635,0.22032362459546923,0.22032362459546923,0.22032362459546923,4,1,39,"How effective are different birth control methods, and what are their potential side effects?"
ID_VL_Aka_Gha_39118497,Aka_Gha,C_recall_failure,0.11099999999999999,0.17309941520467836,0.1754074074074074,0.21527272727272728,35,65,69,"Dɛn ne akwan bi a mɛfa so ama nkurɔfo ate adwenem akwahosan ho asɛm na wɔama mmoa a, wɔhwehwɛ wɔ me sukuu anaa mpɔtam hɔ no ayɛ nea ɛfata? (nkyerɛkyerɛ ho nhyiam ahorow, sohyial media ɔsatu ahorow)"
ID_VL_Aka_Gha_BDC14F1F,Aka_Gha,C_recall_failure,0.11099999999999999,0.13557251908396947,0.14415584415584415,0.14415584415584415,13,15,70,So mihia m’awofo 'consent' na mayi nyinsɛn agu wɔ baabi a mete no? So nneɛma bi wɔ hɔ a ɛyɛ soronko?
ID_VL_Eng_Ken_553D2625,Eng_Ken,C_recall_failure,0.11099999999999999,0.17671641791044776,0.22999999999999998,0.22999999999999998,17,4,46,Is it possible to have a relationship?
ID_VL_Amh_Eth_3E493F43,Amh_Eth,C_recall_failure,0.11099999999999999,0.20098765432098767,0.20098765432098767,0.23368421052631577,40,19,58,ጸሎት ወይም ጸበል ኤችአይቪን ሊፈዉሱ ይችላሉ?
ID_VL_Lug_Uga_0BC4D7BA,Lug_Uga,C_recall_failure,0.11099999999999999,0.15906542056074766,0.2352317880794702,0.2352317880794702,10,19,66,"Singa omuntu abeera n’Akawuka akaleeta Siriimu nga tayagala kumira ddagala, anaafa?"
ID_VL_Eng_Eth_6E8F75A1,Eng_Eth,D_weak_pool,0.111,0.28,0.35519999999999996,0.35519999999999996,7,7,56,"If I touch someone with HIV, will I catch the virus?"
ID_VL_Eng_Eth_104556E5,Eng_Eth,C_recall_failure,0.111,0.21764705882352942,0.21764705882352942,0.21764705882352942,0,27,46,What is the specific complication of untreated Gonorrhea in women if PID is excluded?
ID_VL_Amh_Eth_2812859A,Amh_Eth,C_recall_failure,0.111,0.22904761904761906,0.22904761904761906,0.22904761904761906,3,32,58,በወጣት ሴት ላይ ያልታከመ ጨብጥ የተደበቁ አደጋዎች ምንድን ናቸው?
ID_VL_Amh_Eth_9A8CFA3C,Amh_Eth,C_recall_failure,0.111,0.17209302325581394,0.20555555555555557,0.22424242424242424,37,57,66,የሰው ፓፒሎማ ቫይረስ(ኤች.ፒ.ቪ) ያለህክምና በራሱ ሊድን ይችላል?
ID_VL_Amh_Eth_D2762BDC,Amh_Eth,C_recall_failure,0.111,0.09652173913043478,0.111,0.111,11,0,72,በዓለም አቀፍ ደረጃ ጨብጥን ለማከም ከጊዜ ወደ ጊዜ አስቸጋሪ እየሆነ የመጣው ለምንድን ነው?
ID_VL_Amh_Eth_033D2BCE,Amh_Eth,C_recall_failure,0.111,0.111,0.13999999999999999,0.13999999999999999,8,1,56,የ HPV ክትባት ለመውሰድ ከፍተኛው ዕድሜ ስንት ነው?
ID_VL_Eng_Ken_02ED73CE,Eng_Ken,B_reranking_failure,0.11100000000000002,0.74,0.74,0.74,3,3,51,Do mosquitos play a role in the transmission of HIV?
ID_VL_Eng_Gha_56AB087A,Eng_Gha,C_recall_failure,0.11114624505928852,0.11114624505928852,0.1942772861356932,0.1942772861356932,9,4,52,How can I manage cravings for unhealthy foods during puberty?
ID_VL_Lug_Uga_73B9C2AC,Lug_Uga,B_reranking_failure,0.11122699386503067,0.74,0.74,0.74,1,41,64,Waliwo amazima gonna agali mu nzikiriza nti okwegatta ng’oli mu nsonga kusobola okukendeeza ku bulumi bw’olubuto?
ID_VL_Eng_Gha_C7332304,Eng_Gha,C_recall_failure,0.11150684931506849,0.2740740740740741,0.2740740740740741,0.2740740740740741,2,0,53,How can I continue my education or prepare for future goals while pregnant or parenting as an adolescent?
ID_VL_Eng_Gha_10142131,Eng_Gha,C_recall_failure,0.11150684931506849,0.185,0.19340909090909092,0.19340909090909092,7,4,49,What are some tips for establishing a bedtime routine that helps me sleep better during puberty?
ID_VL_Eng_Uga_0328C136,Eng_Uga,B_reranking_failure,0.11164912280701754,0.74,0.74,0.74,6,26,44,"If I share a utensil with someone with Syphilis, can I get Syphilis?, please answer in detail."
ID_VL_Eng_Gha_FCEF1972,Eng_Gha,C_recall_failure,0.11169811320754716,0.15896296296296297,0.18336283185840704,0.18336283185840704,14,0,45,How can mindfulness help me cultivate more meaningful relationships with others?
ID_VL_Eng_Uga_FB7D3BA1,Eng_Uga,C_recall_failure,0.11169811320754716,0.11169811320754716,0.11169811320754716,0.11169811320754716,0,2,47,Are there any signs of STIs that mean I should see a doctor immediately?
ID_VL_Lug_Uga_FB95D0FC,Lug_Uga,B_reranking_failure,0.11179856115107914,0.13271739130434784,0.74,0.74,19,0,71,Biki bye nsaanidde okulowoozaako singa maama ayinza okuba nga yafa Akawuka akaleeta Siriimu?
ID_VL_Eng_Uga_620D4A1F,Eng_Uga,B_reranking_failure,0.11186046511627906,0.74,0.74,0.74,4,1,48,How does HIV manifest?
ID_VL_Eng_Uga_E3BCD6F3,Eng_Uga,B_reranking_failure,0.11186046511627908,0.16926686217008796,0.74,0.74,29,6,52,"After someone is infected with HIV, how long does it take before they start feeling sick?"
ID_VL_Eng_Uga_F5EDF382,Eng_Uga,B_reranking_failure,0.11186046511627909,0.74,0.74,0.74,4,14,43,"Can treatment for Gonorrhea fail?, please answer in detail."
ID_VL_Lug_Uga_451D38FE,Lug_Uga,B_reranking_failure,0.11193277310924371,0.74,0.74,0.74,2,30,67,"Singa weegatta ne muganzi wo omulenzi alina Akawuka akaleeta Siriimu era nga ku mmwe mwembi tekuli alina biwundu mu kiseera ekyo, Akawuka akaleeta Siriimu kasobola okusaasaanyizibwa?"
ID_VL_Eng_Gha_EBA742D2,Eng_Gha,C_recall_failure,0.11195571955719558,0.27152454780361757,0.27152454780361757,0.27152454780361757,1,9,50,How can I ensure that I am eating a healthy diet and getting the nutrients I need for a healthy pregnancy?
ID_VL_Lug_Uga_D7C4CAED,Lug_Uga,B_reranking_failure,0.11212121212121212,0.74,0.74,0.74,0,41,69,Jjajja wange omusajja yangamba nti abantu abalina Akawuka akaleeta Siriimu kati basobola okuwangaala ng’omuntu omulala yenna; kituufu?
ID_VL_Eng_Uga_020A4497,Eng_Uga,B_reranking_failure,0.11212121212121212,0.74,0.74,0.74,0,5,65,Do some foods strengthen immunity to lower the chances of STI infection?
ID_VL_Aka_Gha_271E3EE2,Aka_Gha,C_recall_failure,0.11224719101123595,0.13401574803149605,0.15539999999999998,0.17026548672566372,61,24,78,"Dwuma bɛn na mmabun betumi adi wɔ nna mu apɔmuden pɛyɛ ne nna mu nyarewa 'STI' asiane a wɔbɛtew so, ama obiara ho nkamfo mu?"
ID_VL_Eng_Ken_A58E83DD,Eng_Ken,D_weak_pool,0.11227586206896553,0.19870370370370372,0.24506493506493507,0.3282258064516129,29,9,68,"Let’s say you are having a boyfriend and you have come to know that he is HIV positive and you had already engaged in sex and the time you were doing so, none of you had wounds. Can HIV be transmitted if none had a wound?"
ID_VL_Aka_Gha_B1A6B1F1,Aka_Gha,C_recall_failure,0.11248,0.13214285714285715,0.13214285714285715,0.1402614379084967,54,12,70,Mɛyɛ dɛn anya ayaresafoɔ a me mfɛre sɛ mɛka me babunyɛ ho asɛm akyerɛ wɔn?
ID_VL_Lug_Uga_8B4BD7E7,Lug_Uga,B_reranking_failure,0.11253456221198158,0.74,0.74,0.74,4,6,64,Biki ebiva mu kukwatibwa Obuwuka obuleeta Obulwadde bw'Ekikaba mu mbeerabantu?
ID_VL_Lug_Uga_74EDA60E,Lug_Uga,B_reranking_failure,0.11254752851711025,0.15857142857142859,0.74,0.74,11,34,74,"Singa omukyala yeegatta n’omwami aliko obulemu ng’alina Akawuka akaleeta Siriimu, kinaakyusa ku mikisa gy’okusaasaanya Akawuka akaleeta Siriimu?"
ID_VL_Aka_Gha_14F7CE8D,Aka_Gha,C_recall_failure,0.1126086956521739,0.21045871559633025,0.21045871559633025,0.23049180327868854,34,12,67,Mɛyɛ dɛn aboa m’adamfo bi a wahyia nna mu basabasayɛ?
ID_VL_Lug_Uga_787515B9,Lug_Uga,B_reranking_failure,0.1126086956521739,0.16201183431952665,0.74,0.74,14,0,46,Obusannyalaze bw'omubiri bukola mulimu ki mu nfuga y'ebirowoozo n’enneewulira z’okwegatta mu myaka gy’obuvubuka?
ID_VL_Swa_Ken_597278C5,Swa_Ken,B_reranking_failure,0.11260869565217393,0.74,0.74,0.74,3,11,56,"Je, ninaweza kufanya nini ikiwa nina Ukimwi ili kupata mtoto asiye na Ukimwi?"
ID_VL_Aka_Gha_56DC8907,Aka_Gha,C_recall_failure,0.11271523178807946,0.15358490566037736,0.17351724137931032,0.2011650485436893,51,32,75,Mɛyɛ dɛn ahu sɛ mehia mmara mu mmoa (legal assistance) ntɛm?
ID_VL_Eng_Gha_61542765,Eng_Gha,C_recall_failure,0.11276190476190476,0.20913043478260868,0.20913043478260868,0.20913043478260868,3,22,46,How can I access reliable information and resources about sexual development and reproductive health during puberty?
ID_VL_Eng_Eth_6DE59332,Eng_Eth,C_recall_failure,0.1128813559322034,0.11384615384615385,0.1819672131147541,0.1819672131147541,10,6,63,"How do I handle a girl who insists on a ""secret"" birth control method that is not clinically recommended?"
ID_VL_Eng_Uga_13087974,Eng_Uga,B_reranking_failure,0.11297709923664122,0.74,0.74,0.74,1,0,55,"What can I know about Trichomoniasis?, please answer in detail."
ID_VL_Lug_Uga_A5AECF37,Lug_Uga,C_recall_failure,0.11297709923664123,0.11297709923664123,0.14377142857142855,0.14377142857142855,13,54,70,Biki ebikozesebwa mu kukola obupiira ebitangira amazzi okukwatagana mu kwegatta?
ID_VL_Eng_Uga_4E2D6255,Eng_Uga,B_reranking_failure,0.11297709923664123,0.24272,0.74,0.74,18,28,60,"I was informed that I have chlamydia, what can I do?, please answer this using simple medical terms."
ID_VL_Lug_Uga_3B2D520B,Lug_Uga,B_reranking_failure,0.11297709923664123,0.11297709923664123,0.74,0.74,14,3,61,Obupiira butangira butya okukwatagana kw'amazzi mu kwegatta?
ID_VL_Eng_Uga_503B4078,Eng_Uga,C_recall_failure,0.11305555555555555,0.25356643356643355,0.25356643356643355,0.25356643356643355,0,0,68,What are the complications of Trichomoniasis?
ID_VL_Eng_Gha_F24823AB,Eng_Gha,C_recall_failure,0.11346666666666666,0.18287356321839082,0.20639455782312924,0.2137777777777778,21,29,40,"What are some healthy self-care practices that can improve my mental well-being during adolescence? (physical activity, relaxation techniques, healthy eating)"
ID_VL_Aka_Gha_8DCDCD03,Aka_Gha,C_recall_failure,0.11346666666666666,0.11346666666666666,0.1913793103448276,0.1913793103448276,7,49,57,Anammɔn bɛn na mmabun betumi atu de asusu ahotosoɔ a ɛwɔ nna ne awoɔ apɔmuden a pɔtɔɔ kasa mu wɔfrɛ no 'reproductive health' ho nsɛm a wohyia no mu yie?
ID_VL_Lug_Uga_DCD1C413,Lug_Uga,B_reranking_failure,0.1134969325153374,0.74,0.74,0.74,1,26,71,Abasawo basalawo batya ku ddagala lya ARV omwana ly'alina okumira n'ery'omuntu omukulu?
ID_VL_Swa_Ken_4148BD11,Swa_Ken,C_recall_failure,0.11358139534883721,0.15837638376383764,0.17301408450704225,0.22036764705882356,42,8,63,"Je, seti ya kujitathmini ni sahihi?"
ID_VL_Eng_Uga_ADF75924,Eng_Uga,C_recall_failure,0.11384615384615383,0.0978512396694215,0.11384615384615383,0.14653465346534653,31,50,66,What causes sexual anxiety to woman minus who has no man?
ID_VL_Eng_Eth_BF2C14A0,Eng_Eth,C_recall_failure,0.11384615384615383,0.1409523809523809,0.20413793103448274,0.20413793103448274,14,0,32,"Does gonorrhea always cause pain, and does it have a cure?"
ID_VL_Eng_Gha_A7F333B3,Eng_Gha,C_recall_failure,0.11384615384615383,0.1743455497382199,0.1743455497382199,0.21544303797468353,25,10,47,"What factors can affect the effectiveness of a chosen birth control method? (improper use, missed pills, etc.)"
ID_VL_Amh_Eth_7A8D03AA,Amh_Eth,C_recall_failure,0.11384615384615383,0.11384615384615383,0.14800000000000002,0.296,22,39,50,ሄርፒስ እንዴት ይተላለፋል?
ID_VL_Eng_Gha_FF4625AF,Eng_Gha,C_recall_failure,0.11384615384615385,0.16444444444444445,0.16444444444444445,0.16444444444444445,4,16,51,"What reproductive health screenings or tests should I consider, and how often should I receive them?"
ID_VL_Eng_Gha_D61169A1,Eng_Gha,C_recall_failure,0.11384615384615385,0.11384615384615385,0.16818181818181815,0.16818181818181815,12,35,49,How can I communicate with my peers or partners about sexual development and boundaries during puberty?
ID_VL_Eng_Gha_500E15C0,Eng_Gha,C_recall_failure,0.11384615384615385,0.1590082644628099,0.1590082644628099,0.16348837209302325,52,19,53,How can adolescents support each other in fostering body positivity and building self-esteem within peer groups and social networks?
ID_VL_Lug_Uga_A15C159A,Lug_Uga,B_reranking_failure,0.11384615384615385,0.74,0.74,0.74,0,0,63,Nsonga ki ekwata ku bwebulungulule ekosa ekiseera ky'okuvubuka?
ID_VL_Aka_Gha_3F4B1A70,Aka_Gha,C_recall_failure,0.11384615384615385,0.14627906976744184,0.1606201550387597,0.18215384615384617,52,36,72,Kyerɛ senia yebetumi ama obi ehunu sɛ ɛho hia sɛ yɛyɛ  bammɔ bia ɛyɛ na ɛka obiara ho ama yen mmabun a  sɛbi wɔadi dɛmdi.
ID_VL_Eng_Eth_C9D6A63B,Eng_Eth,C_recall_failure,0.11384615384615385,0.14800000000000002,0.14800000000000002,0.14800000000000002,0,18,66,How long can the Trichomonas vaginalis parasite survive outside the body?
ID_VL_Eng_Gha_A4364FCD,Eng_Gha,C_recall_failure,0.11384615384615385,0.11384615384615385,0.11384615384615385,0.11384615384615385,1,8,57,How can I be respectful of someone else's cultural background when discussing sex?
ID_VL_Eng_Ken_AC6A7C85,Eng_Ken,C_recall_failure,0.11414893617021275,0.24365853658536585,0.24365853658536585,0.27687074829931974,23,0,52,What is the best way to disclose to my partner that I am HIV positive?
ID_VL_Eng_Uga_38749F3C,Eng_Uga,B_reranking_failure,0.11419753086419754,0.74,0.74,0.74,2,8,54,"Which medicines can treat an STI? , please answer in detail."
ID_VL_Eng_Gha_551FF086,Eng_Gha,D_weak_pool,0.11422818791946307,0.23492063492063492,0.32771428571428574,0.32771428571428574,10,1,57,What strategies can adolescents use to mobilize their peers and communities to support sexual and reproductive rights initiatives?
ID_VL_Lug_Uga_396D1FFB,Lug_Uga,B_reranking_failure,0.11426470588235293,0.74,0.74,0.74,1,2,59,Kika kya kapiira ki ekisinga obulungi mu kuwa obukuumi?
ID_VL_Eng_Gha_331F63FB,Eng_Gha,C_recall_failure,0.11426470588235293,0.16744525547445255,0.16744525547445255,0.16744525547445255,3,5,62,"What are the most common STIs among adolescents, and what are their symptoms?"
ID_VL_Aka_Gha_1FF49B78,Aka_Gha,C_recall_failure,0.1143089430894309,0.1143089430894309,0.1143089430894309,0.1317808219178082,20,54,71,Ɛhen na menya mmoa a ɛwɔ hɔ ma mmabun a wɔwɔ adwenemhaw wɔ nna mu apɔmden mu?
ID_VL_Lug_Uga_82FF1F2E,Lug_Uga,B_reranking_failure,0.1143089430894309,0.74,0.74,0.74,0,8,71,Mitendera ki gye nsobola okugoberera okusobola okuwangaala obulungi nga nnina Akawuka akaleeta Siriimu/Siriimu?
ID_VL_Swa_Ken_4A636AF5,Swa_Ken,B_reranking_failure,0.11436363636363636,0.15696969696969698,0.74,0.74,6,8,63,"Je, kushiriki mlo na watu wenye chanya kunaambukiza virusi vya ukimwi/UKIMWI?"
ID_VL_Lug_Uga_E4FD6C34,Lug_Uga,C_recall_failure,0.11438485804416404,0.11684210526315789,0.12039682539682539,0.12039682539682539,18,6,60,Ki kye nnina okukola singa nfuna okulumizibwa mu lubuto okutawona nga ndi mu nsonga zange ez'ekikyala?
ID_VL_Eng_Gha_83F82F16,Eng_Gha,C_recall_failure,0.11439613526570047,0.11439613526570047,0.11640449438202247,0.1861349693251534,23,23,40,"What are some common myths or misconceptions about family planning, and how can they be addressed?"
ID_VL_Eng_Gha_A394ED54,Eng_Gha,C_recall_failure,0.11443298969072163,0.14122137404580154,0.14695035460992906,0.15358490566037733,54,53,55,"How can I navigate the emotional challenges that come with dating and romantic relationships as a teenager? (rejection, jealousy, communication)"
ID_VL_Eng_Gha_7227890E,Eng_Gha,C_recall_failure,0.11447513812154696,0.13401574803149607,0.1673366834170854,0.1984674329501916,45,6,53,"How can I determine if a hormonal method is right for me, given my health history?"
ID_VL_Eng_Uga_51976E75,Eng_Uga,C_recall_failure,0.11452380952380953,0.15386138613861386,0.15386138613861386,0.2103921568627451,23,39,70,What are the best ways to maintain sexual health?
ID_VL_Eng_Gha_BFBEAC7A,Eng_Gha,C_recall_failure,0.11458064516129032,0.19328358208955224,0.19328358208955224,0.19328358208955224,3,7,51,How can I address stigma or discrimination related to sexuality or reproductive health within my cultural or religious community?
ID_VL_Eng_Gha_143029A9,Eng_Gha,C_recall_failure,0.11458064516129032,0.2178888888888889,0.2178888888888889,0.2178888888888889,3,2,59,"What is sexual arousal and how does it happen? (explain in a general, non-explicit way)"
ID_VL_Lug_Uga_9D4E8B5D,Lug_Uga,B_reranking_failure,0.11464788732394368,0.74,0.74,0.74,4,7,63,Nsobola ntya okukola ku mabala g’omusaayi agajja mu ngoye zange nga ndi mu nsonga z'ekikyala?
ID_VL_Lug_Uga_30385DD7,Lug_Uga,C_recall_failure,0.11468634686346862,0.19947826086956522,0.19947826086956522,0.74,64,40,68,Omuntu asobola okulowooza nti okubeera n’Akawuka akaleeta Siriimu kukwatagana n’okubeera omutono?
ID_VL_Lug_Uga_B6DCBD05,Lug_Uga,B_reranking_failure,0.11472868217054265,0.12514705882352942,0.74,0.74,8,7,62,Kisoboka okuzaala omwana mu ngeri ey'obutonde nga nnina Akawuka akaleeta Siriimu?
ID_VL_Lug_Uga_1D24181C,Lug_Uga,B_reranking_failure,0.11472868217054265,0.12427480916030534,0.74,0.74,8,8,62,Nsobola okuzaala omwana mu ngeri ey'obutonde nga nnina Akawuka akaleeta Siriimu?
ID_VL_Eng_Eth_4EF492C1,Eng_Eth,C_recall_failure,0.11482758620689654,0.11482758620689654,0.1992307692307692,0.1992307692307692,5,8,59,"My church offers food to the poor. If I ask for extra for my special diet needed to fight my infection, will they judge me?"
ID_VL_Eng_Uga_624A2A50,Eng_Uga,C_recall_failure,0.11482758620689655,0.13914529914529913,0.1751145038167939,0.18048780487804877,46,48,65,Can you get an STIs without having sexual intercourse
ID_VL_Lug_Uga_43D75413,Lug_Uga,B_reranking_failure,0.11482758620689656,0.74,0.74,0.74,4,19,70,Kiki ekibaawo singa omuntu alina Akawuka akaleeta Siriimu takozesa nkola ya kukaweweeza?
ID_VL_Swa_Ken_BF98E734,Swa_Ken,B_reranking_failure,0.1149514563106796,0.74,0.74,0.74,0,7,41,"Je, ni hatua gani inayofaa kuchukua wakati kondomu inapopasuka wakati wa kujamiiana?"
ID_VL_Aka_Gha_610FAA3F,Aka_Gha,C_recall_failure,0.1149800796812749,0.15004608294930877,0.19664335664335664,0.20051612903225804,45,14,66,Dɛn atorɔ adwene  anaa anansesɛm ahorow na ɛfa adwenemyare ho a ɛsɛ sɛ mmabun hu?
ID_VL_Eng_Gha_A107CC46,Eng_Gha,C_recall_failure,0.1151111111111111,0.10246153846153847,0.13499999999999998,0.15618090452261307,28,8,44,How do healthcare providers ensure that electronic health records containing sensitive information about adolescent patients are secure and protected?
ID_VL_Amh_Eth_7DE1BDFE,Amh_Eth,C_recall_failure,0.11511111111111111,0.12081632653061224,0.13874999999999998,0.13874999999999998,6,10,67,አንዲት ሴት ልጅ የጾታ ጥቃት እንደደረሰባት ከነገረችኝ፣ ማድረግ ያለብኝ የመጀመሪያው እና በጣም አስፈላጊው ነገር ምንድን ነው?
ID_VL_Amh_Eth_0F6B40D0,Amh_Eth,C_recall_failure,0.11511111111111111,0.11511111111111111,0.11511111111111111,0.1275862068965517,69,38,78,አንድ ልጅ የወለደ ወንድ ድብቅ ኢንፌክሽን (በሽታ) ሊኖርበት አይችልም የሚለውነሰ ልማዳዊ አስተሳሰብ መቀበል አስተማማኝ ነው?
ID_VL_Eng_Gha_8F7C1D59,Eng_Gha,C_recall_failure,0.11511111111111111,0.15321585903083698,0.15321585903083698,0.15321585903083698,3,6,53,How can I maintain a balanced diet during puberty if I have food allergies or dietary restrictions?
ID_VL_Swa_Ken_1789BE63,Swa_Ken,B_reranking_failure,0.11511111111111111,0.74,0.74,0.74,4,0,52,"Je, inawezekana kuwa na uhusiano?"
ID_VL_Eng_Uga_D8230076,Eng_Uga,C_recall_failure,0.11524590163934426,0.12999999999999998,0.14134831460674158,0.14605263157894738,36,37,54,Is Hepatitis B curable?
ID_VL_Eng_Gha_E506F670,Eng_Gha,C_recall_failure,0.11524590163934427,0.13214285714285712,0.16612244897959183,0.16612244897959183,7,4,45,How can I protect myself and my partner from STIs if we engage in oral or anal sex?
ID_VL_Eng_Uga_2FB70DAB,Eng_Uga,B_reranking_failure,0.11532467532467533,0.15475285171102662,0.74,0.74,17,8,63,Why is it a good idea for teens to wear gloves during chores or gardening?
ID_VL_Swa_Ken_BB01B2A5,Swa_Ken,C_recall_failure,0.11537634408602152,0.12932038834951456,0.17146341463414633,0.1750537634408602,60,18,68,"Je, kama hutambuliki unaweza kupitisha virusi vya ukimwi?"
ID_VL_Aka_Gha_6E068097,Aka_Gha,C_recall_failure,0.1154609929078014,0.1154609929078014,0.13640552995391703,0.1526984126984127,21,6,59,Nnuane bɛn na ɛboa ma menyin wɔ mmerantebere ne mmabaabere mu?
ID_VL_Lug_Uga_700E0EFC,Lug_Uga,B_reranking_failure,0.1154609929078014,0.74,0.74,0.74,2,4,56,Obusannyalaze bw'omu mubiri bukola mulimu ki mu kiseera ky'okuvubuka?
ID_VL_Lug_Uga_33B0FB53,Lug_Uga,B_reranking_failure,0.1154609929078014,0.15809090909090912,0.74,0.74,18,4,48,Obusannyalaze bw'omubiri bufuga butya embeera n’ebirowoozo mu myaka gy’obuvubuka?
ID_VL_Eng_Gha_9CA8A5C4,Eng_Gha,C_recall_failure,0.11551219512195121,0.1811618257261411,0.1811618257261411,0.19588235294117648,24,3,59,"What types of healthcare services are essential for adolescents, and how can they benefit from early detection, diagnosis, and treatment of health conditions?"
ID_VL_Eng_Gha_3C5BF3A7,Eng_Gha,C_recall_failure,0.11562499999999998,0.12073684210526316,0.1366153846153846,0.13784313725490194,27,31,48,"How can adolescents develop viable business plans, set realistic goals, manage finances, track expenses, and assess the feasibility and profitability of their business ideas?"
ID_VL_Aka_Gha_CEDA8BBB,Aka_Gha,C_recall_failure,0.115625,0.2261111111111111,0.2261111111111111,0.2261111111111111,3,50,52,Fa nneɛma ma kokoam mmoa akuw ne telefon a wɔde frɛ nkurɔfo ma mmabun a wodi nsɛm yi ho dwuma titiriw.
ID_VL_Lug_Uga_B69F5EAB,Lug_Uga,B_reranking_failure,0.115625,0.74,0.74,0.74,2,4,58,Eddagala eriweweeza ku Kawuka akaleeta Siriimu likkakkanya litya ku Kawuka mu mubiri?
ID_VL_Amh_Eth_D0725B5C,Amh_Eth,C_recall_failure,0.115625,0.115625,0.115625,0.115625,0,4,49,ቂጥኝ ሴት ልጆች እንዳይወልዱ ያደርጋል?
ID_VL_Lug_Uga_2ED087D4,Lug_Uga,B_reranking_failure,0.11570032573289904,0.74,0.74,0.74,4,19,60,Nkola ki ezeetaagisa okulwanyisa Akawuka akaleeta Siriimu/Siriimu?
ID_VL_Lug_Uga_891F4683,Lug_Uga,B_reranking_failure,0.11580152671755725,0.17319148936170214,0.74,0.74,17,41,67,Kisoboka okumanya omuntu bw'ayimiridde ku Akawuka akaleeta Siriimu nga ye takubuulidde?
ID_VL_Eng_Gha_737D1FB6,Eng_Gha,C_recall_failure,0.11599999999999999,0.23016722408026752,0.23016722408026752,0.23016722408026752,0,7,50,"How can the use of technology, social media, or digital platforms be leveraged to facilitate reflective practices among adolescents, such as by providing access to educational resources, self-help tools, online communities, or virtual counseling services that promote self-reflection and self-care?"
ID_VL_Eng_Gha_E05B46C5,Eng_Gha,C_recall_failure,0.11607843137254902,0.1795266272189349,0.19903448275862068,0.19903448275862068,10,0,53,How can I ensure the privacy and security of my personal health information when using telehealth services?
ID_VL_Aka_Gha_11E9CDAA,Aka_Gha,C_recall_failure,0.11628571428571427,0.18862745098039213,0.18862745098039213,0.2114285714285714,40,27,68,Yɛbɛyɛ dɛn ahwɛ ahu sɛ LGBTQ+ mmabun bɛte nka sɛ wɔwɔ ahobammɔ na wɔama wɔn ho tumi sɛ wɔbɛda wɔn ho adi ankasa wɔ wɔn mpɔtam hɔ?
ID_VL_Eng_Gha_CEAE71CF,Eng_Gha,C_recall_failure,0.11633187772925763,0.24666666666666665,0.24666666666666665,0.24666666666666665,0,14,61,"How can I ensure that my sexual decision-making is respectful, consensual, and affirming of my own and others' autonomy and agency?"
ID_VL_Eng_Gha_8603156A,Eng_Gha,C_recall_failure,0.11635220125786162,0.20506024096385542,0.20506024096385542,0.20506024096385542,0,2,58,How can international funding mechanisms be made more responsive to the diverse needs and priorities of adolescents in different cultural and socio-economic contexts?
ID_VL_Eng_Ken_87623997,Eng_Ken,C_recall_failure,0.11648148148148146,0.14800000000000002,0.15462686567164177,0.16033333333333333,45,36,46,What is the importance of getting tested for HIV when you're pregnant?
ID_VL_Eng_Gha_4A552EA0,Eng_Gha,C_recall_failure,0.11648148148148148,0.17076923076923076,0.19688073394495412,0.20094827586206898,44,38,57,"What are some unhealthy coping mechanisms that adolescents may turn to when struggling with intense emotions, and how can they replace these with healthier alternatives?"
ID_VL_Aka_Gha_6D3EE1DC,Aka_Gha,C_recall_failure,0.11660606060606063,0.2131391585760518,0.22372093023255812,0.22372093023255812,16,29,59,Mɛyɛ dɛn atumi ne m’awofo akasa afa nsɛmti a ɛho hia te sɛ nna anaa adwenemyare ho?
ID_VL_Swa_Ken_B11AF726,Swa_Ken,B_reranking_failure,0.11665024630541873,0.74,0.74,0.74,1,65,67,"Niko na rafiki wangu mpoa kwa masomo lakini tukifika kwa ngono, hapendi kunyima watu ngono in this life"
ID_VL_Amh_Eth_D52721E7,Amh_Eth,C_recall_failure,0.11684210526315789,0.12685714285714286,0.17939393939393938,0.17939393939393938,9,38,75,ወላጆቼ በጣም ድሆች ናቸው እናም ልዩ መድሃኒት መግዛት አይችሉም። አሁንም የኤች አይ ቪ ክኒኖችን ማግኘት እችላለሁ?
ID_VL_Amh_Eth_9BDF0377,Amh_Eth,C_recall_failure,0.11684210526315789,0.11684210526315789,0.11684210526315789,0.14388888888888887,47,27,58,ማንኛውም የኤች.ፒ.ቪ ኢንፌክሽን ለካንሰር ይዳርጋል?
ID_VL_Eng_Gha_DF8F4197,Eng_Gha,C_recall_failure,0.11684210526315789,0.11684210526315789,0.19353846153846155,0.19353846153846155,9,13,55,"Where can I find resources to learn more about healthy relationship dynamics? (educational websites, workshops)"
ID_VL_Eng_Uga_89A0B7EB,Eng_Uga,C_recall_failure,0.11684210526315789,0.11684210526315789,0.14605263157894738,0.19853658536585364,41,47,50,"After how long should I tell my partner that I have Genital Herpes? , please answer in detail."
ID_VL_Amh_Eth_A6C9537F,Amh_Eth,C_recall_failure,0.11684210526315789,0.1670967741935484,0.21925925925925924,0.21925925925925924,18,6,56,ሄርፒስን በዕፅዋት (በባሕላዊ መድኃኒቶች) ማዳን ይቻላል?
ID_VL_Amh_Eth_50843242,Amh_Eth,C_recall_failure,0.11684210526315789,0.08377358490566036,0.13875,0.13875,6,54,72,በቁስሌ ዙሪያ ያለው ቆዳ በጣም ያብጣል። መቆጣቱን ለማስታገስ ትንሽ የአልዎ ቬራ ጄል ወይም የኮኮናት ዘይት መጠቀም እችላለሁን?
ID_VL_Eng_Gha_64575BC4,Eng_Gha,C_recall_failure,0.1168421052631579,0.2340816326530612,0.2340816326530612,0.2340816326530612,4,4,45,How do age of consent laws apply to relationships where both individuals are minors?
ID_VL_Eng_Uga_B4698DB3,Eng_Uga,B_reranking_failure,0.11684210526315791,0.74,0.74,0.74,1,15,50,What happens if Herpes is left untreated while pregnant?
ID_VL_Swa_Ken_7F53DC0A,Swa_Ken,C_recall_failure,0.11716666666666667,0.11716666666666667,0.23433333333333334,0.23433333333333334,12,9,60,"Je, dawa ya virusi vya ukimwi ipo?"
ID_VL_Eng_Gha_B69F68C3,Eng_Gha,C_recall_failure,0.11716666666666667,0.14566929133858267,0.14566929133858267,0.14566929133858267,0,4,62,"What are the opportunities and challenges associated with innovative financing mechanisms, such as social impact bonds or results-based financing, for supporting ASRH programs and interventions?"
ID_VL_Aka_Gha_1BAC5C15,Aka_Gha,C_recall_failure,0.11728301886792453,0.15973568281938325,0.15973568281938325,0.18499999999999997,66,50,72,"Sɛ yɛ yi nna ne awoɔ ho honam akwaa si nkyɛn a, nsunsuansoɔ bɛn na mmabunyɛ de ba nipadua no so?"
ID_VL_Amh_Eth_7354EA6F,Amh_Eth,C_recall_failure,0.11746031746031745,0.11746031746031745,0.137037037037037,0.16033333333333333,20,2,47,በምክር ባለሙያ  እና በማህበረሰብ ጤና ሰራተኛ መካከል ያለው ልዩነት ምንድን ነው?
ID_VL_Swa_Ken_132A5E58,Swa_Ken,B_reranking_failure,0.11746031746031746,0.74,0.74,0.74,3,15,60,"Nikipimwa Virusi vya Korona, je, nitalazimika kuwaambia kuwa ninaishi na virusi vya ukimwi?"
ID_VL_Eng_Gha_E1E89E7E,Eng_Gha,C_recall_failure,0.1175968992248062,0.139247311827957,0.1433910034602076,0.14852112676056337,42,24,49,"What are my options for childbirth, and how can I make informed decisions about my birth plan and preferences?"
ID_VL_Swa_Ken_8F660BBD,Swa_Ken,B_reranking_failure,0.11764102564102566,0.74,0.74,0.74,0,28,62,"Je, ninaweza kupata Ukimwi kupitia urafiki wa mashoga au usagaji?"
ID_VL_Eng_Gha_0D67D38E,Eng_Gha,C_recall_failure,0.11772727272727272,0.23079207920792078,0.23079207920792078,0.23079207920792078,1,3,56,How can adolescents participate in disability rights advocacy?
ID_VL_Lug_Uga_4E9D23E9,Lug_Uga,C_recall_failure,0.11772727272727274,0.15832558139534886,0.21764705882352942,0.21764705882352942,9,39,68,Nsonga ki ezisobola okwongera ku katyabaga k'okusaasaanya Akawuka akaleeta Siriimu mu kiseera ky'okunywegeragana?
ID_VL_Lug_Uga_AB450578,Lug_Uga,B_reranking_failure,0.11772727272727275,0.13058823529411764,0.74,0.74,7,22,58,Mu bwangu ki omwana wange mw'alina okukeberebwa Akawuka akaleeta Siriimu?
ID_VL_Lug_Uga_D5881C1C,Lug_Uga,B_reranking_failure,0.11787610619469026,0.74,0.74,0.74,4,3,71,Omukyala omukadde yategeezezza nti obwagazi obw’okwegatta kya bulijjo; kituufu?
ID_VL_Eng_Uga_C777A07F,Eng_Uga,B_reranking_failure,0.11787610619469027,0.16444444444444445,0.74,0.74,46,4,62,How can you come to terms with a positive HIV test result?
ID_VL_Aka_Gha_C521BF2D,Aka_Gha,C_recall_failure,0.11803680981595091,0.18262820512820513,0.18262820512820513,0.19521472392638037,24,21,60,Dɛn nti na 'hormone' nti me nya akisikuru 'acne' mpofirim?
ID_VL_Swa_Ken_9DB94EEE,Swa_Ken,C_recall_failure,0.11815126050420167,0.11815126050420167,0.16818181818181818,0.16818181818181818,6,3,65,"Je, mwanamume akiutoa uume wake kabla ya kumwaga manii, je anaweza kujiambukiza yeye au mwanamke huyo virusi vya ukimwi/UKIMWI?"
ID_VL_Lug_Uga_BA92992E,Lug_Uga,B_reranking_failure,0.11815126050420167,0.1592405063291139,0.74,0.74,12,25,58,Abantu abakulu abalina Akawuka akaleeta Siriimu basobola okuwangaala n'okutuukiriza ebyetaagisa mu mukwano?
ID_VL_Lug_Uga_DDECC40B,Lug_Uga,C_recall_failure,0.11819444444444444,0.12081632653061225,0.1634538152610442,0.1934640522875817,53,59,65,Omuntu asobola atya okubeera n'omuntu alina Akawuka akaleeta Siriimu/Siriimu?
ID_VL_Swa_Ken_F1EAB64A,Swa_Ken,C_recall_failure,0.11839999999999998,0.14295454545454545,0.23326086956521735,0.23326086956521735,55,16,73,"Je, Ukimwi vinaweza kusababisha kifo?"
ID_VL_Swa_Ken_C1D48A10,Swa_Ken,C_recall_failure,0.11839999999999998,0.14295454545454545,0.23326086956521735,0.23326086956521735,17,16,67,"Je, Ukimwi ina uwezo wa kusababisha kifo?"
ID_VL_Lug_Uga_98550B1E,Lug_Uga,B_reranking_failure,0.1184,0.74,0.74,0.74,3,4,68,Oyinza otya okuyamba muganzi wo mu mbeera y'obwongo nga bw'okola ku bweraliikirivu bwe obw'okubeera mu katyabaga k'okukwatibwa Akawuka akaleeta Siriimu?
ID_VL_Amh_Eth_FD72B050,Amh_Eth,C_recall_failure,0.1184,0.07589743589743589,0.1184,0.1184,15,0,71,ትሪኮሞኒያሲስ ያለበት ሰው እንደገና ሊያዝ ይችላልን?
ID_VL_Lug_Uga_2B29BF36,Lug_Uga,B_reranking_failure,0.1184,0.1184,0.74,0.74,5,53,60,Okukeberebwa Akawuka akaleeta Siriimu kinaannyamba kitya?
ID_VL_Lug_Uga_F71FB9A6,Lug_Uga,B_reranking_failure,0.1184,0.74,0.74,0.74,1,50,62,Nneetaaga okubuulirako muganzi wange nga bwe nnali nkwatiddwako Obuwuka obuleeta Obulwadde bw'Ekikaba?
ID_VL_Amh_Eth_DC4AD56B,Amh_Eth,C_recall_failure,0.11840000000000002,0.2466666666666667,0.2466666666666667,0.2466666666666667,3,6,47,የክላሚዲያ በሽታ ይድናል?
ID_VL_Eng_Gha_79C773A0,Eng_Gha,D_weak_pool,0.11864978902953588,0.19340909090909092,0.3349473684210526,0.3349473684210526,12,1,52,"What are some creative ways to raise awareness about GBV among my peers and in my community? (art projects, social media campaigns, educational events)"
ID_VL_Eng_Uga_1A7167C7,Eng_Uga,C_recall_failure,0.11876543209876542,0.12566037735849056,0.196144578313253,0.196144578313253,18,7,55,What does being diagnosed with HIV mean?
ID_VL_Eng_Ken_74F0BEAE,Eng_Ken,B_reranking_failure,0.11892857142857144,0.2257,0.74,0.74,16,6,56,What should do to prevent HIV?
ID_VL_Eng_Uga_EE6081AC,Eng_Uga,C_recall_failure,0.11915254237288136,0.17565656565656565,0.19078125,0.19078125,5,46,61,What terms are used to describe individuals living with HIV?
ID_VL_Eng_Eth_98A21F1C,Eng_Eth,C_recall_failure,0.11935483870967739,0.06529411764705882,0.11935483870967739,0.1295,37,12,56,What is the most common reason for a person to be infected with Syphilis again after they have been cured?
ID_VL_Lug_Uga_2ACB4FBD,Lug_Uga,B_reranking_failure,0.11935483870967742,0.74,0.74,0.74,0,16,64,Kisoboka Akawuka akaleeta Siriimu/Siriimu okubaawo nga kiva ku Ndwadde za Kikaba?
ID_VL_Eng_Ken_636F6E5C,Eng_Ken,B_reranking_failure,0.11953846153846154,0.74,0.74,0.74,1,0,62,What are the expected outcomes of treatment for a baby or child with HIV?
ID_VL_Aka_Gha_B92DA22B,Aka_Gha,C_recall_failure,0.11953846153846154,0.11953846153846154,0.12032520325203253,0.148,27,38,57,Nneɛma anaa mmoa kuo bɛn na ɛwɔ hɔ ma mmabun a wɔrehwehwɛ nsɛm pii afa nyinsɛn ne awoɔ nnuro ho?
ID_VL_Aka_Gha_3805F907,Aka_Gha,C_recall_failure,0.11959595959595958,0.12333333333333332,0.16851485148514853,0.16851485148514853,14,0,77,GBV bɛtumi asi wɔ ayonkofa biara mu anaa ɔbaa ne barima nkitahodeɛ nkutoo?
ID_VL_Eng_Gha_98CF1188,Eng_Gha,C_recall_failure,0.11959595959595959,0.15416666666666665,0.15416666666666665,0.24666666666666665,28,18,37,Can contraception methods protect against sexually transmitted infections (STIs)?
ID_VL_Aka_Gha_14296C07,Aka_Gha,C_recall_failure,0.11970588235294116,0.14306666666666668,0.15310344827586206,0.16086956521739132,53,13,69,"Amanaman ntam ahyehyɛde ahorow bi wɔ hɔ a wɔreyɛ adwuma wɔ ASRR ahorow ho a metumi asua ho ade pii anaasɛ mede me ho ahyɛ mu mpo? (UNFPA, Mmabun Tumi Dwumadi Nkitahodi)"
ID_VL_Lug_Uga_AD409244,Lug_Uga,B_reranking_failure,0.11980952380952381,0.74,0.74,0.74,1,7,60,Nsobola ntya okuwangaala n'Akawuka akaleeta Siriimu/Siriimu?
ID_VL_Eng_Gha_4970ED9A,Eng_Gha,C_recall_failure,0.11980952380952381,0.2973214285714285,0.2973214285714285,0.2973214285714285,1,0,35,"What are some ways that safe spaces and support groups can provide resources and assistance to adolescents living with disability who may be experiencing homelessness, family rejection, or other forms of crisis?"
ID_VL_Eng_Uga_24E9BCFD,Eng_Uga,C_recall_failure,0.11999999999999998,0.11999999999999998,0.23545454545454547,0.23545454545454547,13,29,39,Can Gonorrhea be tested in urine?
ID_VL_Aka_Gha_12922F83,Aka_Gha,C_recall_failure,0.11999999999999998,0.1278181818181818,0.15948275862068967,0.15948275862068967,13,17,75,"Ɛkyerɛ sɛ sɛn, sɛ wowɔ hokwan sɛ wonya ntiasɛa emu dɔ efa dea abroɔfo taa frɛ no 'sexuality' ho nkyerɛkyerɛ a ɛdi mu?"
ID_VL_Eng_Uga_6E3A0BA8,Eng_Uga,C_recall_failure,0.11999999999999998,0.11999999999999998,0.23545454545454547,0.23545454545454547,13,29,39,Can Gonorrhea be tested in Urine?
ID_VL_Eng_Eth_F22B5B98,Eng_Eth,C_recall_failure,0.11999999999999998,0.259,0.29255813953488374,0.29255813953488374,7,2,56,What is the most common reason for a person to be infected with Syphilis again after they have been cured?
ID_VL_Lug_Uga_74DFB83F,Lug_Uga,C_recall_failure,0.12,0.18323809523809523,0.18323809523809523,0.19853658536585367,21,2,66,Enziku bulwadde bwa kikaba?
ID_VL_Amh_Eth_8CD321B0,Amh_Eth,C_recall_failure,0.12000000000000001,0.148,0.148,0.34638297872340423,54,0,56,ጨብጥ አደገኛ ነው? አንዲት ሴት ልጅ እንዳትወልድ ሊያደርጋት ይችላል?
ID_VL_Eng_Uga_1F5DF912,Eng_Uga,C_recall_failure,0.12012987012987014,0.1366153846153846,0.150873786407767,0.1771830985915493,29,35,57,"Can you be immune to Syphilis?, please answer in detail."
ID_VL_Eng_Uga_7AA1C567,Eng_Uga,B_reranking_failure,0.12021660649819493,0.74,0.74,0.74,37,5,47,Which medicines can treat an Syphilis? 
ID_VL_Eng_Uga_A1791E93,Eng_Uga,B_reranking_failure,0.12021660649819493,0.74,0.74,0.74,2,26,52,Can Syphilis treatment reverse the complications of Syphilis? 
ID_VL_Eng_Uga_C7DE96EA,Eng_Uga,C_recall_failure,0.12025,0.12025,0.18314999999999998,0.18314999999999998,14,32,67,"If I don’t see any signs after testing positive, does that mean I don’t have HIV?"
ID_VL_Eng_Gha_D9F2DD0D,Eng_Gha,C_recall_failure,0.12025,0.2011282051282051,0.2011282051282051,0.2011282051282051,3,35,52,What are some ways to use technology and digital communication responsibly during puberty?
ID_VL_Swa_Ken_8150E0C9,Swa_Ken,B_reranking_failure,0.12038277511961723,0.12038277511961723,0.74,0.74,10,4,52,"Je, dawa za ART hupambana vipi na maambukizi ya virusi vya ukimwi?"
ID_VL_Aka_Gha_757750A9,Aka_Gha,C_recall_failure,0.12046511627906975,0.22271844660194173,0.22271844660194173,0.25371428571428567,20,54,57,Nneɛma bɛn na ɛwɔ hɔ a ɛbɛboa me ma mahwehwɛ me nna ne me bɔbeasu mu sɛ minnim a?
ID_VL_Aka_Gha_02F06B90,Aka_Gha,C_recall_failure,0.12046511627906976,0.12333333333333335,0.14645833333333336,0.19704142011834322,21,8,68,Kwan bɛn so na hormones nnuro te sɛ birth control pills (awoɔ ho nnuro) ne patches ha nipadua no?
ID_VL_Aka_Gha_43CF2FDE,Aka_Gha,C_recall_failure,0.12046511627906976,0.19185185185185183,0.19473684210526315,0.2257627118644068,51,57,73,Ɔkwan bɛn so na me bɔbeasu anaa nna ho akɔnnɔ nya m’adwene akwahosan ne m’akwahosan so nsunsuannso?
ID_VL_Amh_Eth_49E2623D,Amh_Eth,C_recall_failure,0.12046511627906978,0.12046511627906978,0.12046511627906978,0.12046511627906978,0,0,64,አንዲት ልጃገረድ በክንድ ስር ከሚቀበረው የእርግዝና መከላከያ(ለረጅም ጊዜ የሚቆይ) እና ፒልስ ወይም ክኒን(በተጠቃሚዋ የሚወሰን) መካከል እንድትመርጥ እንዴት መርዳት እችላለሁ?
ID_VL_Eng_Gha_A48E40F1,Eng_Gha,C_recall_failure,0.12046511627906978,0.1333720930232558,0.16835978835978835,0.16835978835978835,7,14,51,"What are some cultural norms or traditions related to sexual behavior, relationships, and gender roles?"
ID_VL_Eng_Uga_7C3F1ADD,Eng_Uga,D_weak_pool,0.12070921985815602,0.4377464788732394,0.4377464788732394,0.4377464788732394,0,21,42,"What are the ways of avoiding getting Human Immunodeficiency Virus, please answer in detail."
ID_VL_Aka_Gha_3FF350BF,Aka_Gha,C_recall_failure,0.12073684210526316,0.18100719424460432,0.18100719424460432,0.20067796610169492,51,32,65,"kwan bɛn so na mmabun betumi de digital adi dwuma de asiw awo ntoatoaso, amammerɛ, ne kasa mu mpaapaemu ano, na wɔne atiefo, mpɔtam, ne mpɔtamfo adi nkitaho wɔ nsɛm a ɛfa ASRH ho?"
ID_VL_Eng_Gha_E3B56360,Eng_Gha,C_recall_failure,0.12076388888888889,0.1613533834586466,0.19078125,0.19078125,6,14,57,How can I track my menstrual cycle?
ID_VL_Eng_Gha_83F02DC7,Eng_Gha,C_recall_failure,0.12081632653061225,0.14306666666666665,0.14306666666666665,0.18905109489051092,48,42,62,What are some strategies for communicating sexual and reproductive health information in a way that is accessible and understandable to adolescents with varying levels of health literacy?
ID_VL_Amh_Eth_0BA6EAB9,Amh_Eth,C_recall_failure,0.12081632653061225,0.12081632653061225,0.1292063492063492,0.1292063492063492,8,20,79,ንክኪ በማደርግበት ጊዜ የሆነ ነገር እንዳይይዘኝ ወይም እንዳይተላለፍብኝ ጥሬ ሥጋን ወይም ስፖንጅን እንደ መከላከያ መጠቀም እችላለሁ?
ID_VL_Eng_Gha_8BAAF744,Eng_Gha,C_recall_failure,0.12109090909090908,0.17497536945812808,0.19185185185185183,0.24,23,4,51,"How can healthcare providers and service providers create gender-affirming and inclusive spaces that respect individuals' gender identities and preferences, and provide comprehensive sexual and reproductive health care for all adolescents?"
ID_VL_Eng_Eth_304B8590,Eng_Eth,C_recall_failure,0.12109090909090908,0.13591836734693877,0.24342105263157893,0.24342105263157893,8,0,39,"How do boys and girls avoid problems of gonorrhea, and do they get it differently?"
ID_VL_Eng_Uga_23D7E6A1,Eng_Uga,B_reranking_failure,0.12109090909090908,0.5266666666666666,0.5266666666666666,0.5266666666666666,0,0,55,"Can Syphilis cause erectile dysfunction?, please answer in detail."
ID_VL_Aka_Gha_48212DDB,Aka_Gha,C_recall_failure,0.12124293785310734,0.2304918032786885,0.2304918032786885,0.2304918032786885,1,22,59,Mɛyɛ dɛn ahu kɔkɔbɔ nsɛnkyerɛnne a ɛkyerɛ sɛ obi wɔ abusuabɔ a ɛnyɛ papa anaasɛ ɛyɛ ayayade?
ID_VL_Eng_Gha_09F64405,Eng_Gha,C_recall_failure,0.12126050420168066,0.1855457227138643,0.1855457227138643,0.1855457227138643,2,0,52,What are some strategies for dealing with stress eating or emotional eating during puberty?
ID_VL_Swa_Ken_D34794CC,Swa_Ken,B_reranking_failure,0.12126050420168066,0.74,0.74,0.74,1,8,58,"Je, ni sahihi kwamba virusi vya ukimwi vinaweza kuenezwa kwa kubusiana?"
ID_VL_Eng_Ken_AC09BDB7,Eng_Ken,C_recall_failure,0.12131147540983607,0.13977777777777778,0.14478260869565218,0.14478260869565218,18,42,60,What should I do if I have a very bright friend but who is ALS very generous with sex?
ID_VL_Eng_Eth_D2E82F38,Eng_Eth,C_recall_failure,0.12131147540983607,0.18776119402985075,0.208125,0.2513207547169811,37,3,45,What is the difference between an HIV test that uses saliva and one that uses blood?
ID_VL_Eng_Gha_BBF483CE,Eng_Gha,C_recall_failure,0.12143589743589742,0.13767441860465118,0.16444444444444445,0.16444444444444445,14,27,58,How can I deal with social media pressure and unrealistic portrayals of relationships?
ID_VL_Aka_Gha_F5F59B22,Aka_Gha,C_recall_failure,0.12149253731343285,0.12149253731343285,0.12333333333333334,0.18106382978723404,24,62,66,So mpɔtam hɔfo a wɔkɔ nkurɔfo nkyɛn ho nhyehyɛe ahorow betumi de kokoam nnwuma a ɛfata mmabun ama?
ID_VL_Aka_Gha_82EC9F2D,Aka_Gha,C_recall_failure,0.12153284671532848,0.2895652173913043,0.2895652173913043,0.2895652173913043,0,37,80,Dɛn ne akwan horow bi a wɔfa so hu na wɔkwati Intanɛt so nsisi anaa mmɔden a wɔbɔ sɛ wonsia saa nkurɔfo ayayade  ma wɔn a wɔresi sɔ mbere mu?
ID_VL_Swa_Ken_BD4F6118,Swa_Ken,B_reranking_failure,0.12157142857142857,0.16851485148514853,0.74,0.74,5,3,56,"Je, watu walio na wapenzi wengi wana uwezekano mkubwa wa kupata virusi vya ukimwi kuliko wale walio na wapenzi mmoja tu?"
ID_VL_Eng_Gha_9AEA622F,Eng_Gha,C_recall_failure,0.1215962441314554,0.1676068376068376,0.1676068376068376,0.1676068376068376,4,40,52,What are some ways to enhance pleasure and intimacy in a sexual relationship?
ID_VL_Lug_Uga_65C06B93,Lug_Uga,D_weak_pool,0.12171052631578948,0.3587878787878788,0.3587878787878788,0.3587878787878788,2,1,52,Nsobola okufuna Kiramidiya okuva mu kaabuyonjo?
ID_VL_Lug_Uga_010E4265,Lug_Uga,B_reranking_failure,0.12173160173160175,0.185,0.74,0.74,7,1,54,"Nategeezebwa nti nnina Kiramidiya, nkole ntya?"
ID_VL_Lug_Uga_17CBA85D,Lug_Uga,B_reranking_failure,0.12206185567010308,0.74,0.74,0.74,0,3,63,Obuwangaazi bw'omuntu ali ku ddagala lya ARV busuubirwa kwenkana wa?
ID_VL_Eng_Gha_84A2576C,Eng_Gha,C_recall_failure,0.12220183486238534,0.12858156028368795,0.15209486166007904,0.1761904761904762,25,4,65,"What are some ways to prioritize pleasure and intimacy in a sexual relationship, even when contraception or STI prevention is a concern?"
ID_VL_Eng_Gha_098C60B3,Eng_Gha,C_recall_failure,0.12257668711656441,0.15269841269841267,0.15325443786982246,0.15325443786982246,13,12,50,"How can adolescents cope with the physical changes of puberty, such as growth spurts, acne, and body hair?"
ID_VL_Swa_Ken_3C28F5DC,Swa_Ken,D_weak_pool,0.12265193370165747,0.30508771929824563,0.30508771929824563,0.30508771929824563,1,0,62,"Je, kuna njia nyingine zozote za kuzuia Ukimwi mbali na kujinyima na kutumia tembe?"
ID_VL_Eng_Uga_51A1F5DF,Eng_Uga,B_reranking_failure,0.12276497695852534,0.74,0.74,0.74,4,0,42,Can you give me ways to handle my menstrual period if it starts unexpectedly in public?
ID_VL_Lug_Uga_AE01A122,Lug_Uga,C_recall_failure,0.12282157676348547,0.12282157676348547,0.1267403314917127,0.1471590909090909,29,36,71,Osobola okunnyonnyola emitendera egigobererwa mu kukozesa akantu akakozesebwa mu kwekebera Akawuka akaleeta Siriimu/Siriimu?
ID_VL_Eng_Uga_6EA05D13,Eng_Uga,B_reranking_failure,0.12284584980237152,0.17226229508196722,0.74,0.74,29,14,67,"When one is infected with HIV, when might they notice any symptoms?"
ID_VL_Lug_Uga_B4146E4A,Lug_Uga,B_reranking_failure,0.12333333333333331,0.14695035460992906,0.74,0.74,10,9,59,Omuntu asobola okuyonsa singa abeera ng'alina Akawuka akaleeta Siriimu?
ID_VL_Amh_Eth_15CE6A66,Amh_Eth,C_recall_failure,0.12333333333333332,0.2018181818181818,0.2611764705882353,0.2611764705882353,5,5,48,የቂጥኝ የመጀመሪያዉ ደረጃ  ቁስል ህመም አለዉ?
ID_VL_Lug_Uga_A5B83693,Lug_Uga,B_reranking_failure,0.12333333333333332,0.74,0.74,0.74,1,4,46,Kiramidiya asobola okujjanjabibwa?
ID_VL_Eng_Gha_F1901B7E,Eng_Gha,C_recall_failure,0.12333333333333332,0.16086956521739132,0.16086956521739132,0.16086956521739132,2,6,46,what is sexual orientation and what are the types?
ID_VL_Eng_Ken_255B30E2,Eng_Ken,B_reranking_failure,0.12333333333333332,0.74,0.74,0.74,1,25,45,How can I access the HIV self test?
ID_VL_Amh_Eth_2F65FAFA,Amh_Eth,C_recall_failure,0.12333333333333332,0.06434782608695652,0.1126086956521739,0.12333333333333332,46,1,62,ጤናማ ትዳር እና አደገኛ ወይም ጤናማ ያልሆነ ትዳር ምልክቶች ምንድን ናቸው?
ID_VL_Amh_Eth_0F44704F,Amh_Eth,C_recall_failure,0.12333333333333332,0.12333333333333332,0.16444444444444442,0.16444444444444442,9,35,51,ጨብጥ በእጽዋት ሊታከም ይችላል?
ID_VL_Eng_Gha_D02CE0C1,Eng_Gha,C_recall_failure,0.12333333333333332,0.2711801242236025,0.2711801242236025,0.2711801242236025,2,18,60,Is it safe to start weightlifting or strength training during puberty?
ID_VL_Eng_Gha_92170475,Eng_Gha,C_recall_failure,0.12333333333333332,0.18869999999999998,0.21207317073170728,0.24868852459016394,28,26,53,How can I challenge harmful cultural practices or beliefs that may impact puberty-related outcomes?
ID_VL_Eng_Eth_DB23AA8C,Eng_Eth,C_recall_failure,0.12333333333333332,0.1793939393939394,0.21322033898305082,0.29600000000000004,24,1,60,"If a person gets recurring boils or bumps on their private area, how do they know if it's Herpes or something else?"
ID_VL_Aka_Gha_8E46D534,Aka_Gha,D_weak_pool,0.12333333333333332,0.08409090909090909,0.3905555555555556,0.46736842105263154,51,47,70,"Ɛhe na metumi anya nsɛm a wotumi de ho to so a ɛfa nyinsɛn ano aduru ho ama nna ho akɔnnɔ ahorow ne ɔbarima ne ɔbea nna ho nkyerɛkyerɛmu ahorow? ( abɛɛfo ntentan ahorow, awofoyɛ ho nneɛma a wɔayɛ ho nhyehyɛe)"
ID_VL_Eng_Gha_17EC889C,Eng_Gha,C_recall_failure,0.12333333333333332,0.17559322033898303,0.24897196261682245,0.24897196261682245,11,26,48,What are some signs that indicate my parents or family members are supportive of my gender and sexual identity as an adolescent with disability?
ID_VL_Eng_Uga_837217E0,Eng_Uga,B_reranking_failure,0.12333333333333332,0.74,0.74,0.74,2,3,52,Where can I access affordable sexual health services?
ID_VL_Eng_Uga_15B24E1D,Eng_Uga,B_reranking_failure,0.12333333333333332,0.12333333333333332,0.74,0.74,14,6,45,Do I have to tell my sexual partner about my HIV status?
ID_VL_Eng_Uga_22D839D3,Eng_Uga,B_reranking_failure,0.12333333333333334,0.74,0.74,0.74,2,2,36,What does a positive Chlamydia test mean?
ID_VL_Lug_Uga_907276EA,Lug_Uga,C_recall_failure,0.12333333333333334,0.19980000000000003,0.19980000000000003,0.2276923076923077,45,5,71,Kiki ekiyinza okukolebwa okutangira akawuka ka siriimu okukula n’afuuka mukenenya?
ID_VL_Aka_Gha_C56811CD,Aka_Gha,D_weak_pool,0.12333333333333334,0.33967213114754097,0.33967213114754097,0.33967213114754097,1,15,72,Mɛyɛ dɛn aboa nnamfoɔ anaa sɛ tipɛnfoɔ a wɔwɔ nnipadua mu haw?
ID_VL_Lug_Uga_B9F6143B,Lug_Uga,C_recall_failure,0.12333333333333335,0.12333333333333335,0.1307906976744186,0.14,39,14,46,Obusannyalaze bw'omubiri obw’enjawulo bukolagana butya okuleeta enkyukakyuka ezibaawo mu myaka gy’obuvubuka?
ID_VL_Lug_Uga_A7C854E4,Lug_Uga,C_recall_failure,0.12333333333333335,0.1331216931216931,0.14677685950413222,0.17883333333333334,51,8,71,Okwennyamira kabonero ka kawuka akaleeta Siriimu oba Siriimu?
ID_VL_Eng_Gha_BD1A8F4B,Eng_Gha,C_recall_failure,0.12333333333333335,0.13874999999999998,0.17895424836601306,0.17895424836601306,9,2,42,"Is it normal to be attracted to people of the same sex, opposite sex, or both?"
ID_VL_Eng_Uga_4D16F049,Eng_Uga,C_recall_failure,0.12333333333333335,0.17862068965517242,0.17862068965517242,0.21483870967741936,45,32,55,What should I do if I have a crush but don’t want to date yet?
ID_VL_Aka_Gha_22BD3388,Aka_Gha,C_recall_failure,0.12333333333333335,0.15043956043956042,0.1549738219895288,0.175,24,12,57,Dɛn nti na mete nka sɛ mabrɛ mmerɛ nyinaa?
ID_VL_Aka_Gha_A3D70628,Aka_Gha,C_recall_failure,0.12376306620209057,0.15725,0.17782945736434108,0.18645669291338585,48,1,60,Fa akwankyerɛ a emu da hɔ na ɛyɛ tiawa ma wɔ sɛnea wɔde nnuru ahorow a wɔde siw nyinsɛn ano bedi dwuma ho.
ID_VL_Eng_Gha_1A435206,Eng_Gha,C_recall_failure,0.12395939086294415,0.18567272727272724,0.18567272727272724,0.18567272727272724,0,0,48,"Is it important to brush my teeth more often during puberty, and how can I maintain good oral hygiene?"
ID_VL_Eng_Ken_317304B5,Eng_Ken,C_recall_failure,0.124,0.13549295774647888,0.17874396135265702,0.17954098360655737,46,57,60,Where does HIV/AIDS come from?
ID_VL_Swa_Ken_F664C720,Swa_Ken,C_recall_failure,0.12402234636871508,0.12402234636871508,0.18888111888111886,0.19782178217821783,44,49,68,"Je, unahisije kuwa na uhusiano wa karibu na mtu kingono?"
ID_VL_Swa_Ken_79903D96,Swa_Ken,B_reranking_failure,0.12404624277456648,0.74,0.74,0.74,2,24,59,"Je, virusi vya ukimwi huambukizwa kwa kutiwa damu mishipani?"
ID_VL_Lug_Uga_797E3984,Lug_Uga,C_recall_failure,0.12407185628742515,0.17971428571428572,0.17971428571428572,0.17971428571428572,1,0,72,Enkola z'okutangira okusaasaana kw'Akawuka akaleeta Siriimu zireetera omwana eyaakazaalibwa okuba ow'enjawulo ku baana abalala?
ID_VL_Eng_Uga_8ED8A80D,Eng_Uga,B_reranking_failure,0.12416107382550334,0.2941025641025641,0.74,0.74,16,16,55,Can I get Hepatitis B from having unprotected sex?
ID_VL_Eng_Ken_FE7EE362,Eng_Ken,B_reranking_failure,0.12416107382550334,0.74,0.74,0.74,3,0,50,Are test results kept confidential?
ID_VL_Eng_Gha_F9B21E6E,Eng_Gha,C_recall_failure,0.12416107382550337,0.1440268456375839,0.1440268456375839,0.1440268456375839,0,3,58,"What are long-acting reversible contraceptives (LARCs), and how do they compare to other methods?"
ID_VL_Eng_Gha_8116E3FC,Eng_Gha,C_recall_failure,0.12421428571428571,0.1389519650655022,0.1423076923076923,0.20379679144385027,33,10,55,"How can I empower myself to make informed, autonomous, and responsible decisions about my sexual health and well-being?"
ID_VL_Swa_Ken_369E5AF8,Swa_Ken,B_reranking_failure,0.12427480916030534,0.74,0.74,0.74,4,25,63,"Je, ni afua zipi za kimatibabu na kiteknolojia kuhusu Ukimwi?"
ID_VL_Eng_Gha_9CF20859,Eng_Gha,C_recall_failure,0.12432,0.12432,0.1940983606557377,0.1940983606557377,13,7,59,Are there effective ways to use online tools like petitions or fundraising campaigns to advocate for ASRRs? (Understanding online advocacy strategies)
ID_VL_Aka_Gha_ABAE4F43,Aka_Gha,C_recall_failure,0.12432,0.13531428571428572,0.1620952380952381,0.19028571428571428,51,55,71,Dɛn ne mmara kwan so asɛdeɛ a ɛwɔ nnipa a wɔwɔ HIV anaa STI foforɔ so?
ID_VL_Lug_Uga_2172A0AA,Lug_Uga,B_reranking_failure,0.12439655172413794,0.74,0.74,0.74,0,0,54,Okusiiga kw'Akawuka akaleeta Siriimu okuva ku maama okudda ku mwana kye ki?
ID_VL_Eng_Uga_636FA890,Eng_Uga,C_recall_failure,0.12442477876106195,0.15050847457627117,0.15050847457627117,0.16972477064220184,46,20,59,What are the expected outcomes of treatment for a baby or child with HIV?
ID_VL_Eng_Ken_7A9A8EF5,Eng_Ken,B_reranking_failure,0.12442477876106195,0.16552631578947366,0.74,0.74,13,8,57,Can someone with undetectable viral load still transmit HIV to others?
ID_VL_Swa_Ken_5AEA6352,Swa_Ken,B_reranking_failure,0.12445454545454546,0.16974910394265233,0.74,0.74,6,0,59,Hatua na vipindi vya Ukimwi/UKIMWI?
ID_VL_Eng_Gha_F48F709C,Eng_Gha,C_recall_failure,0.12448598130841124,0.14050632911392405,0.14050632911392405,0.15136363636363637,35,27,63,"How can I use my voice and skills to advocate for change and create a safer environment for everyone? (social media campaigns, educational workshops)"
ID_VL_Eng_Gha_333EE344,Eng_Gha,C_recall_failure,0.12459183673469389,0.19579766536964976,0.19579766536964976,0.19579766536964976,1,9,49,What are some strategies for adolescents with disabilities to assert their legal rights and advocate for themselves in various situations?
ID_VL_Eng_Gha_C4576CC3,Eng_Gha,C_recall_failure,0.12463157894736841,0.12463157894736841,0.1574468085106383,0.1574468085106383,8,3,42,"How can I incorporate self-care practices into my daily routine, even when I'm busy with school and other activities? (time management, prioritizing self)"
ID_VL_Eng_Gha_4A5B1AFF,Eng_Gha,C_recall_failure,0.12463157894736841,0.12463157894736841,0.12463157894736841,0.14415584415584415,32,43,58,How will my body be different from my friends'?
ID_VL_Lug_Uga_4CEC495B,Lug_Uga,B_reranking_failure,0.12467391304347825,0.74,0.74,0.74,0,0,44,Okuzuula Tuliici?
ID_VL_Eng_Gha_B89F72F3,Eng_Gha,C_recall_failure,0.1247191011235955,0.1451898734177215,0.20506024096385544,0.20506024096385544,12,16,52,"How is confidentiality protected in healthcare settings, such as doctor's offices, clinics, and hospitals?"
ID_VL_Aka_Gha_47378190,Aka_Gha,C_recall_failure,0.12475095785440612,0.2479,0.2479,0.259,44,9,63,"Ɔkwan bɛn so na fekubɔ a ɛda aban adwumayɛbea ahorow, apɔwmuden ho adwumayɛfo, insurance adwumakuw ahorow, mpɔtam hɔ ahyehyɛde ahorow, ne amanaman ntam mmoa a wɔde ma ntam no betumi aboa ma wɔatrɛw apɔwmuden ho nhyehyɛe ne apɔwmuden ho insurance a mmabun nya mu na wɔahyɛ wɔn sikasɛm mu ahoɔden ne asetra mu nkabom ho nkuran?"
ID_VL_Lug_Uga_A8596F8C,Lug_Uga,B_reranking_failure,0.12481927710843374,0.74,0.74,0.74,0,18,59,Ani yavumbula Kabootongo?
ID_VL_Eng_Gha_5CA0C428,Eng_Gha,C_recall_failure,0.12481927710843374,0.16,0.16048192771084338,0.19152941176470586,33,4,57,What challenges exist in ensuring that legal protections for adolescent sexual and reproductive health are effectively enforced and implemented?
ID_VL_Amh_Eth_B194990B,Amh_Eth,C_recall_failure,0.12507042253521128,0.12507042253521128,0.12507042253521128,0.12507042253521128,0,0,60,"የምርመራ ውጤቴ ""ያልተለየ"" ቢሆን ምን ማለት ነው?"
ID_VL_Lug_Uga_DCC5D975,Lug_Uga,C_recall_failure,0.12514705882352942,0.09704918032786886,0.12514705882352942,0.12514705882352942,8,6,72,Ki ekinaabaawo singa sifuna bujjanjabi bwa Kisipi?
ID_VL_Eng_Gha_A837FE68,Eng_Gha,C_recall_failure,0.12523076923076923,0.16174863387978142,0.20839080459770115,0.2269938650306748,25,5,52,Are there restrictions on the types of abortion procedures available based on gestational age?
ID_VL_Eng_Eth_AD77E82F,Eng_Eth,C_recall_failure,0.12523076923076923,0.19802816901408452,0.2650746268656717,0.2650746268656717,10,6,63,"How do I handle a girl who insists on a ""secret"" birth control method that is not clinically recommended?"
ID_VL_Eng_Gha_67F5AE02,Eng_Gha,C_recall_failure,0.1252910052910053,0.15609375,0.18277108433734937,0.20030075187969923,45,47,57,"What is risk perception, and how does it influence the decisions I make regarding my sexual and reproductive health?"
ID_VL_Lug_Uga_AE49C079,Lug_Uga,B_reranking_failure,0.12532258064516127,0.12532258064516127,0.74,0.74,15,46,58,Weekebeza otya Akafuba?
ID_VL_Swa_Ken_2932A211,Swa_Ken,C_recall_failure,0.1253225806451613,0.16744525547445255,0.16999999999999998,0.16999999999999998,7,19,51,"Rafiki yangu anaposhuka moyo na anapanga kujiua, ninaweza kumsaidiaje?"
ID_VL_Lug_Uga_0279E2AB,Lug_Uga,B_reranking_failure,0.12534201954397395,0.12534201954397395,0.74,0.74,6,15,59,Abavubuka basobola batya okuzimba emikwano eminywevu era egibayamba mu kiseera ky'okuvubuka?
ID_VL_Eng_Eth_780B3657,Eng_Eth,C_recall_failure,0.12542372881355932,0.14800000000000002,0.14800000000000002,0.14800000000000002,4,23,51,What is the most effective way to manage a rumor or stigma about a girl who had an early pregnancy?
ID_VL_Eng_Eth_39C1E262,Eng_Eth,C_recall_failure,0.12542372881355934,0.161875,0.2720588235294118,0.2720588235294118,14,9,59,"If my parents are forcing me to drop out of school to work to pay for my medicine, what are my options?"
ID_VL_Eng_Uga_68BD075B,Eng_Uga,B_reranking_failure,0.1255357142857143,0.15251908396946565,0.74,0.74,6,16,57,Can someone with undetectable viral load still transmit HIV to others?
ID_VL_Eng_Gha_53D2D56D,Eng_Gha,C_recall_failure,0.12557575757575756,0.15805825242718446,0.18397790055248617,0.18397790055248617,13,0,65,What are some  resources or organizations that can help me find sexual and reproductive healthcare providers in my area?
ID_VL_Eng_Uga_2B69C95E,Eng_Uga,B_reranking_failure,0.12566037735849056,0.74,0.74,0.74,2,3,55,Are there any helpful apps to learn about sex?
ID_VL_Eng_Eth_30307633,Eng_Eth,C_recall_failure,0.12566037735849056,0.12566037735849056,0.1608695652173913,0.1608695652173913,18,49,58,What is the importance of treating Trichomoniasis in women with co-existing bacterial vaginosis (BV)?
ID_VL_Eng_Eth_A2178F84,Eng_Eth,C_recall_failure,0.12566037735849056,0.10325581395348837,0.10385964912280701,0.15074074074074073,34,3,57,What is the difference between empowerment and simply providing resources?
ID_VL_Amh_Eth_98C7472A,Amh_Eth,C_recall_failure,0.1256603773584906,0.2419230769230769,0.2419230769230769,0.2419230769230769,0,1,69,የኤች አይ ቪ እና ኤድስ ልዩነት ምንድነው?
ID_VL_Aka_Gha_A66FD7F7,Aka_Gha,C_recall_failure,0.12571428571428572,0.1403448275862069,0.1774489795918367,0.2416326530612245,56,0,74,"Dɛn na pintinn gyinae kyerɛ, na ɔkwan bɛn so na ɛsono no wɔ sɛ obi yɛ anaasɛ ɔyɛ basabasa wɔ asetra mu nkitahodi ne gyinaesi mu?"
ID_VL_Aka_Gha_1BC044FC,Aka_Gha,C_recall_failure,0.12582995951417003,0.22372093023255812,0.23630252100840338,0.23630252100840338,18,63,69,"Sɛ wɔyɛ nhwehwɛmu hu sɛ wɔwɔ HIV a, ɛbɛyɛ dɛn na mmabun atumi anya HIV ayaresa, na hokwan bɛn na wɔwɔ wɔ ɔhwɛ ne mmoa a ɛfata ho?"
ID_VL_Lug_Uga_8D536C75,Lug_Uga,B_reranking_failure,0.12590277777777778,0.74,0.74,0.74,1,21,68,Magezi ki agayinza okuweebwa abavubuka abatya okwogera ne baganzi baabwe ku kwekebeza Akawuka akaleeta Siriimu?
ID_VL_Amh_Eth_46C8ADFE,Amh_Eth,C_recall_failure,0.12595744680851062,0.0896969696969697,0.1328205128205128,0.13767441860465113,41,1,69,"ለምንድን ነው ክላሚዲያ ብዙውን ጊዜ ""ጸጥ ያለ ወረርሽኝ"" የሚባለው?"
ID_VL_Lug_Uga_42378962,Lug_Uga,B_reranking_failure,0.1260144927536232,0.74,0.74,0.74,6,18,47,Nnyinza ntya okukendeeza ku katyabaga kange ak’okufuna Akawuka ka Vvayiraasi akaleeta Kisipi?
ID_VL_Lug_Uga_95A0F356,Lug_Uga,B_reranking_failure,0.1260144927536232,0.1260144927536232,0.74,0.74,5,10,46,Tuyinza tutya okukendeeza ku mikisa gy’okukwatibwa Akawuka ka Vvayiraasi akaleeta Kisipi?
ID_VL_Aka_Gha_6B65A6A4,Aka_Gha,C_recall_failure,0.12613636363636363,0.2869387755102041,0.2869387755102041,0.2869387755102041,0,28,71,Kwati sɛ wode aduruyɛ ho afotu pɔtee bɛma na kyerɛ wɔn akwaahosan ho adwumayɛfo a wɔfata ma wɔahu ayaresa ne asane ahorow ho nsɛm.
ID_VL_Eng_Uga_91F0647D,Eng_Uga,C_recall_failure,0.12613636363636363,0.1767164179104478,0.19473684210526315,0.2263529411764706,51,47,53,Is it safe to have oral sex with a partner who has Herpes?
ID_VL_Eng_Gha_4303CBC1,Eng_Gha,C_recall_failure,0.1262015503875969,0.2011650485436893,0.2011650485436893,0.2011650485436893,4,33,45,What are some strategies for promoting open and respectful dialogue about sexual and reproductive health across cultural and religious differences?
ID_VL_Eng_Ken_711C7673,Eng_Ken,C_recall_failure,0.12634146341463415,0.14095238095238094,0.18,0.22816666666666668,65,62,69,Is there any facility trying to find more about HIV and come up with something to prevent and find solution just like Corona?
ID_VL_Eng_Gha_F910ABB3,Eng_Gha,C_recall_failure,0.12634146341463415,0.12634146341463415,0.12634146341463415,0.13784313725490197,27,27,59,What are some safe and effective ways to use social media to promote abortion rights awareness?
ID_VL_Eng_Gha_9136F1F8,Eng_Gha,C_recall_failure,0.12634146341463415,0.11524590163934426,0.15857142857142856,0.15857142857142856,14,8,52,Do I need parental consent to use certain methods of contraception in my area?
ID_VL_Eng_Uga_5E472E22,Eng_Uga,C_recall_failure,0.12634146341463415,0.13253731343283584,0.13253731343283584,0.16818181818181818,41,41,44,"Can one have HSV-1 and HSV-2 at the same time?, please answer this using simple medical terms."
ID_VL_Lug_Uga_92715F6E,Lug_Uga,B_reranking_failure,0.1264957264957265,0.23919191919191918,0.74,0.74,6,1,62,Ensonga ki eziviirako emabega w'okukeberebwa Akawuka akaleeta Siriimu nga ndi lubuto?
ID_VL_Eng_Gha_FC902838,Eng_Gha,C_recall_failure,0.1264957264957265,0.23215686274509803,0.23215686274509803,0.23215686274509803,0,2,56,Discuss the limitations of other birth control methods in STI protection.
ID_VL_Lug_Uga_80DAA8CA,Lug_Uga,C_recall_failure,0.12649572649572652,0.17871698113207546,0.17871698113207546,0.1904234527687296,43,36,54,Lwaki kikulu okufufuggaza Akawuka akaleeta Siriimu?
ID_VL_Lug_Uga_AD7D6F81,Lug_Uga,C_recall_failure,0.12657894736842104,0.08222222222222222,0.12657894736842104,0.12657894736842104,10,0,66,"Okugeza, singa nzijanjabibwa Enziku ne siwona, bujjanjabi ki bwe nteekeddwa okukozesa okusobola okuwona?"
ID_VL_Eng_Gha_5C8AC066,Eng_Gha,C_recall_failure,0.12657894736842104,0.161875,0.18893617021276596,0.18893617021276596,18,28,43,What types of crises related to sexual and reproductive health are typically addressed by school-based intervention programs?
ID_VL_Eng_Gha_C86C6544,Eng_Gha,C_recall_failure,0.12666666666666668,0.14208,0.19137931034482758,0.20273972602739726,48,35,53,"What should I do if I encounter judgment, discrimination, or stigma when seeking reproductive healthcare services?"
ID_VL_Eng_Uga_E3AD64D4,Eng_Uga,C_recall_failure,0.1270149253731343,0.18753424657534246,0.18753424657534246,0.21605839416058395,29,7,58,Why are infections more severe for people living with HIV?
ID_VL_Swa_Ken_06783C34,Swa_Ken,D_weak_pool,0.12701492537313433,0.339672131147541,0.339672131147541,0.339672131147541,0,50,64,"Ikiwa msichana wangu amechoka kutumia ARV na anataka kujiua, ninaweza kumshauri nini?"
ID_VL_Aka_Gha_DF0F06CB,Aka_Gha,C_recall_failure,0.1271875,0.1271875,0.20181818181818184,0.20181818181818184,13,39,58,Nneɛma ne mmoa dwumadie bɛn na ɛwɔ hɔ ma LGBTQ+ mmabun a ebia wɔbɛhyia haw anaa nitan wɔ wɔn mpɔtam?
ID_VL_Eng_Eth_9364F3D0,Eng_Eth,C_recall_failure,0.1271875,0.17076923076923076,0.185,0.19473684210526312,48,12,56,What should I do if my husband demands that I remove my implant?
ID_VL_Aka_Gha_AD64B56C,Aka_Gha,C_recall_failure,0.12731182795698925,0.12604395604395605,0.14863247863247864,0.16765625,56,9,85,Atosɛm akɛse a nkurɔfo gye di wɔ awo nhyenhyɛe a broni frɛ no 'birth control' ano aduru ho no bi ne dɛn?
ID_VL_Aka_Gha_95863A76,Aka_Gha,C_recall_failure,0.12734883720930232,0.290379746835443,0.290379746835443,0.290379746835443,3,4,44,Dɛn ne adwene a ɛnteɛ anaa anansesɛm a wɔtaa nya wɔ nyinsɛn a woyi gu ho a ɛsɛsɛ mmabun hu?
ID_VL_Aka_Gha_10F1BC81,Aka_Gha,C_recall_failure,0.12734883720930235,0.18967509025270757,0.18967509025270757,0.25911671924290225,32,71,78,Akwan bɛn na wobɛfa so ne nnipa a wo danso anaa ɛsono wɔn amammerɛ adi nkitaho na woasua biribi afi wɔn hɔ wɔ bere a meresi sɔ mu?
ID_VL_Eng_Gha_FF46A6BF,Eng_Gha,C_recall_failure,0.12737704918032786,0.1493577981651376,0.185,0.185,19,5,65,"How can I stay safe and responsible when participating in community engagement activities related to GBV? (importance of boundaries, working with trusted adults)"
ID_VL_Aka_Gha_907BFE36,Aka_Gha,C_recall_failure,0.12744444444444444,0.14724489795918366,0.14724489795918366,0.1567487684729064,34,35,66,So nneɛma pɔtee bi wɔ hɔ a ɛsɛ sɛ wosusuw ho ma LGBTQ+ mmabun bere a wɔrepaw nnuru a wɔde siw nyinsɛn ano no?
ID_VL_Aka_Gha_8DEDF9FB,Aka_Gha,C_recall_failure,0.12749063670411984,0.1485826771653543,0.17526315789473684,0.20458823529411765,26,2,73,"Dɛn ne 'PrEP', na ɔkwan bɛn so na ɛyɛ adwuma de siw 'HIV' yareɛ ano?"
ID_VL_Eng_Gha_9D9D028E,Eng_Gha,C_recall_failure,0.12767605633802817,0.12767605633802817,0.15749271137026238,0.15749271137026238,6,41,49,How can I incorporate physical activity into my daily routine during puberty?
ID_VL_Lug_Uga_9C7FACA6,Lug_Uga,B_reranking_failure,0.12771573604060915,0.16818181818181815,0.74,0.74,5,21,56,Kisoboka omuntu okumanya omuntu alina Akawuka akaleeta Siriimu?
ID_VL_Eng_Gha_8FE069B6,Eng_Gha,C_recall_failure,0.1277380952380952,0.13703703703703704,0.1510204081632653,0.15857142857142856,45,41,66,Encourage adolescents to think critically about how to create a more inclusive and equitable environment for sexual health.
ID_VL_Eng_Uga_BC20B9F2,Eng_Uga,C_recall_failure,0.12776978417266188,0.14335078534031415,0.1667032967032967,0.20155642023346304,49,50,52,"Can Gonorrhea be treated?, please answer this using simple medical terms."
ID_VL_Lug_Uga_F1458426,Lug_Uga,B_reranking_failure,0.1281564245810056,0.17814814814814817,0.74,0.74,13,0,64,Nsonga ki ezifuga emikisa gy’okukwatibwa Akawuka akaleeta Siriimu mu kwegatta?
ID_VL_Lug_Uga_2E2BDC6C,Lug_Uga,B_reranking_failure,0.12840182648401827,0.1634538152610442,0.74,0.74,10,21,62,Ngeri ki esinga obulungi ey'okubeeramu n'abantu abalina Akawuka akaleeta Siriimu/Siriimu?
ID_VL_Lug_Uga_039A8ED5,Lug_Uga,B_reranking_failure,0.1284722222222222,0.15376623376623377,0.74,0.74,14,1,66,"Okusaasaana kw'Akawuka akaleeta Siriimu kwetaagisa okufulumya amazzi g’okuzaala, oba kuyinza okubaawo ne we gatali?"
ID_VL_Swa_Ken_A8535961,Swa_Ken,B_reranking_failure,0.12847222222222224,0.19252032520325202,0.74,0.74,5,22,54,"Je, mama mwenye Ukimwi anawezaje kuhakikisha kuwa ana mtoto asiye na Ukimwi?"
ID_VL_Eng_Gha_78F2CE6B,Eng_Gha,C_recall_failure,0.12850299401197604,0.20854545454545453,0.22199999999999998,0.22199999999999998,6,11,43,What are some challenges and barriers that adolescents with disabilities may face and how can they be addressed?
ID_VL_Eng_Uga_65F30779,Eng_Uga,B_reranking_failure,0.12869565217391304,0.74,0.74,0.74,2,5,43,Does an emergency pill after sex protect me from Gonorrhea?
ID_VL_Eng_Gha_BC55300B,Eng_Gha,C_recall_failure,0.12869565217391304,0.19129251700680272,0.19516483516483515,0.19516483516483515,19,0,63,What are some tips for using contraception correctly and effectively?
ID_VL_Eng_Eth_BAC7E2B9,Eng_Eth,D_weak_pool,0.12869565217391304,0.2114285714285714,0.3415384615384615,0.3415384615384615,12,2,37,Does stress make herpes symptoms worse?
ID_VL_Eng_Uga_9D4EDB71,Eng_Uga,C_recall_failure,0.12869565217391304,0.12869565217391304,0.13929411764705882,0.13929411764705882,30,8,48,"What food can I eat to treat Gonorrhea?, please answer this using simple medical terms."
ID_VL_Amh_Eth_5CB85AED,Amh_Eth,C_recall_failure,0.12869565217391304,0.12869565217391304,0.15578947368421053,0.15578947368421053,18,6,69,የአባላዘር በሽታዎች ጸበል በመጠጣት ይድናሉ?
ID_VL_Lug_Uga_288F3435,Lug_Uga,B_reranking_failure,0.12887640449438204,0.12887640449438204,0.74,0.74,9,8,50,Nnyinza ntya okukwatibwa Kabootongo?
ID_VL_Aka_Gha_C88A618E,Aka_Gha,C_recall_failure,0.12890322580645158,0.24666666666666665,0.24666666666666665,0.24666666666666665,0,63,73,Hyɛ mmabun nkuran ma wɔne apomoden ho ɔbenfo bi nsusuw asiane ahorow ne nea ɛhaw wɔn ankorankoro ho mfa nkyerɛ wɔn ankasa akwankyerɛ.
ID_VL_Aka_Gha_AB73295B,Aka_Gha,C_recall_failure,0.12890322580645164,0.15857142857142856,0.15857142857142856,0.18784615384615383,67,23,75,Ɛdeɛn na ɛsɛ se me yɛ wɔ berɛ a wɔrehyɛ me ama madi mpaso agorɔ a mempɛ?
ID_VL_Eng_Gha_35F789BC,Eng_Gha,C_recall_failure,0.1289908256880734,0.16818181818181815,0.16818181818181815,0.16818181818181815,2,47,54,How can education and capacity building initiatives enhance adolescents' knowledge and understanding of sexual and reproductive health (SRH) issues on a global scale?
ID_VL_Eng_Eth_4A1DAB32,Eng_Eth,C_recall_failure,0.1292063492063492,0.12109090909090908,0.18,0.18,7,17,65,"If I find an old antibiotic cream for skin infections in my cupboard, can I apply it to my STI sore?"
ID_VL_Lug_Uga_3FDE9814,Lug_Uga,C_recall_failure,0.12937062937062935,0.14130653266331658,0.1634538152610442,0.17939393939393938,61,60,72,Kiki ekyetaagisa okubeera obulungi n'okuyamba omuntu alina Akawuka akaleeta Siriimu?
ID_VL_Aka_Gha_3FA7F104,Aka_Gha,C_recall_failure,0.12941704035874438,0.17447154471544715,0.20067796610169494,0.20067796610169494,11,15,60,"So akwan bi wɔ hɔ a mmabun bɛfa so aka wɔn suahu ne wɔn adwene akyerɛ mpɔtam hɔ ahyehyɛde ahorow de abɔ wɔn adwuma a ɛfa mmabun bɔbeasu ne awoɔ mu apɔwmuden ne wɔn ho kwan (ASRR) ahorow ho amanneɛ? (Nhwehwɛmu, akuw a wɔde wɔn adwene si so, mmabun nhyiam ahorow)"
ID_VL_Eng_Uga_1059EA28,Eng_Uga,B_reranking_failure,0.1294460641399417,0.74,0.74,0.74,4,17,48,"How does HSV manifest?, please answer in detail."
ID_VL_Lug_Uga_61A66444,Lug_Uga,C_recall_failure,0.1295,0.1295,0.17971428571428572,0.1875482093663912,23,36,56,Waliwo akakwate wakati w’okubeera omutono ennyo n'okubeera n’Akawuka akaleeta Siriimu?
ID_VL_Eng_Eth_C012A0FF,Eng_Eth,D_weak_pool,0.1295,0.2690909090909091,0.2690909090909091,0.30358974358974355,29,26,43,What is the most common presentation of Secondary Syphilis besides the rash?
ID_VL_Lug_Uga_28CE231E,Lug_Uga,B_reranking_failure,0.12969072164948453,0.14880434782608698,0.74,0.74,13,0,53,Lwaki nfuna enkyukakyuka nnyingi omulundi gumu nga nkyali mu myaka gy’obuvubuka?
ID_VL_Eng_Eth_524F93FF,Eng_Eth,C_recall_failure,0.12982456140350873,0.1906060606060606,0.22317460317460314,0.22317460317460314,9,22,40,"In my area, people use the milk from the Euphorbia tree for warts. Is this the right way to remove my genital warts?"
ID_VL_Aka_Gha_89FA6A68,Aka_Gha,C_recall_failure,0.1298245614035088,0.13155555555555554,0.14800000000000002,0.17839285714285716,58,1,70,Dɛn ne afotu bi a wode bɛsɔ nsɛm a ɛwɔ abɛɛfo ntentan so no mu ahotoso ahwɛ?
ID_VL_Eng_Gha_78786140,Eng_Gha,C_recall_failure,0.12986754966887418,0.21074433656957925,0.21074433656957925,0.21074433656957925,1,0,37,"What are some common misconceptions or myths about sexual consent, and how can adolescents challenge and correct these misconceptions?"
ID_VL_Aka_Gha_53CD6268,Aka_Gha,C_recall_failure,0.12987755102040816,0.13650485436893203,0.1690123456790123,0.2060227272727273,35,9,67,"Dɛn ne haw ahorow a LGBTQ+ ankorankoro taa hyia, na mɛyɛ dɛn atumi adi ho dwuma?"
ID_VL_Eng_Gha_713F8F8C,Eng_Gha,C_recall_failure,0.1299512195121951,0.16744525547445255,0.22506912442396312,0.22506912442396312,12,11,47,"How can livelihood skills development contribute to addressing broader social and economic challenges, such as poverty reduction, youth unemployment, gender inequality, and sustainable development?"
ID_VL_Aka_Gha_EC24A3C5,Aka_Gha,C_recall_failure,0.13010989010989013,0.1583946488294314,0.1583946488294314,0.1837748344370861,46,51,60,"Ɔkwan bɛn so na mmabun betumi anya ɛnanom akwahosan ho nhyehyɛe, na dɛn na ɛsɛ sɛ wɔhwɛ kwan wɔ bere a wɔahyɛ da ayɛ ansa na wɔawo ne awo no?"
ID_VL_Eng_Gha_781799FF,Eng_Gha,C_recall_failure,0.13013793103448273,0.13013793103448273,0.16740359897172236,0.20905,35,24,47,How can I navigate societal expectations and stereotypes related to disability?
ID_VL_Lug_Uga_290E3E89,Lug_Uga,B_reranking_failure,0.1302145922746781,0.74,0.74,0.74,9,0,65,Mitendera ki emituufu egy’okukozesa PEP?
ID_VL_Lug_Uga_0CF173F9,Lug_Uga,B_reranking_failure,0.1302145922746781,0.19028571428571425,0.74,0.74,7,1,73,Emyaka gy'okuvubuka mu basajja kye ki?
ID_VL_Eng_Gha_F836F571,Eng_Gha,C_recall_failure,0.13024,0.15664233576642334,0.1624390243902439,0.1992307692307692,34,46,57,"What role does body language, tone of voice, and non-verbal cues play in conveying assertiveness and confidence in social interactions and decision-making?"
ID_VL_Aka_Gha_702753A1,Aka_Gha,C_recall_failure,0.13024,0.13454545454545452,0.16033333333333333,0.16033333333333333,6,22,69,ɛbɛtumi ayɛ sɛ adwenemu apomoden ho nnuru ne awoɔ ntoatoasoɔ nkwammoa nnuru  (hormonal birth control) bi bɛtumi adi nsia anaa?
ID_VL_Aka_Gha_77D21E02,Aka_Gha,C_recall_failure,0.1302816901408451,0.196144578313253,0.21281045751633987,0.226625,24,7,49,"Dɛn ne awo akwahosan ho nhyehyɛe, na dɛn nti na ɛho hia ma mmabun?"
ID_VL_Eng_Ken_C1DD484A,Eng_Ken,C_recall_failure,0.1303409090909091,0.1303409090909091,0.1303409090909091,0.1351304347826087,51,61,66,"What should I do to reduce the risk of contracting HIV following a recent possible exposure, such as a condom break or sexual assault?"
ID_VL_Swa_Ken_235FC3D5,Swa_Ken,B_reranking_failure,0.1303409090909091,0.17411764705882352,0.74,0.74,7,16,67,"Kwa watu ambao ""wame chill"" , Je wanaweza kuishi bila kujua hali yao?"
ID_VL_Eng_Uga_16DE66C9,Eng_Uga,C_recall_failure,0.13058823529411764,0.14170212765957446,0.2642857142857143,0.2642857142857143,15,30,57,Can I tell if someone has an STI just by looking at them?
ID_VL_Amh_Eth_CAFDA613,Amh_Eth,C_recall_failure,0.13058823529411764,0.16,0.185,0.30272727272727273,56,1,59,ጨብጥ አንዲት ሴት ልጅ እንዳትወልድ ሊያደርጋት ይችላል?
ID_VL_Swa_Ken_92B26ACD,Swa_Ken,C_recall_failure,0.13058823529411764,0.1432258064516129,0.15102040816326529,0.1698360655737705,23,10,49,Inachukua muda gani kwa kipimo cha virusi vya ukimwi kugundua virusi?
ID_VL_Swa_Ken_1A3C2131,Swa_Ken,C_recall_failure,0.13058823529411764,0.18793650793650793,0.19,0.19547169811320755,42,43,57,"Je, kuwa katika uhusiano kunaniruhusu kupima Virusi Vya Ukimwi?"
ID_VL_Eng_Eth_E776B886,Eng_Eth,D_weak_pool,0.13058823529411764,0.41625,0.41625,0.41625,0,28,43,How is trichomoniasis diagnosed?
ID_VL_Eng_Gha_71A3FAD2,Eng_Gha,C_recall_failure,0.13058823529411764,0.16444444444444445,0.18088888888888888,0.21791411042944786,33,40,53,"How can schools, youth organizations, and peer networks play a role in promoting health literacy, preventive care, and responsible health-seeking behaviors among adolescents?"
ID_VL_Aka_Gha_09CB3942,Aka_Gha,C_recall_failure,0.13058823529411764,0.2288659793814433,0.23062330623306232,0.2504325699745547,30,2,61,"Asiane bɛn na ebetumi aba wɔ sikakorabea ne sika a wɔde bɛhyɛ mu ho akwan horow so, na ɔkwan bɛn so na mmabun betumi asi gyinae a ɛfata de atew asiane ahorow yi so?"
ID_VL_Swa_Ken_EF705D01,Swa_Ken,B_reranking_failure,0.13058823529411764,0.18734177215189873,0.74,0.74,9,4,69,"Je, ninaweza kuwa na virusi vya UKIMWI, lakini wingi wa virusi vyangu hautoshi kunifanya niwe na UKIMWI?"
ID_VL_Aka_Gha_D4E80839,Aka_Gha,C_recall_failure,0.13058823529411764,0.1559197324414716,0.22089552238805968,0.24590769230769233,21,3,56,"Nkwammoaa bɛn na ɛka ho wɔ mmerantebere ne mmabaabere mu, na dɛn na ɛyɛ?"
ID_VL_Lug_Uga_613758C3,Lug_Uga,C_recall_failure,0.13076305220883533,0.15809090909090912,0.15809090909090912,0.15809090909090912,3,11,49,Enkyukakyuka mu busannyalaze bw'omubiri zisobola zitya okutaataaganya y'omwetoloolo gw'enkyukakyuka z'omubiri ezibaawo mu lunaku olulamba?
ID_VL_Eng_Uga_5C72AEBD,Eng_Uga,B_reranking_failure,0.1307906976744186,0.74,0.74,0.74,3,5,37,"If I have unprotected sex, after how long do chlamydia symptoms appear?, please answer in detail."
ID_VL_Eng_Gha_B8ADAD87,Eng_Gha,C_recall_failure,0.13092307692307692,0.15376623376623377,0.15376623376623377,0.161875,29,29,47,"How can I advocate for mental health awareness and support within my school, community, or peer group?"
ID_VL_Lug_Uga_A4F34185,Lug_Uga,B_reranking_failure,0.13108571428571428,0.74,0.74,0.74,1,11,67,"Bwe mba nnina Akawuka akaleeta Siriimu era nga njagala abawala, nnyinza ntya okukwana mu ngeri etanteeka mu atyabaga era ey'obuvunaanyizibwa?"
ID_VL_Eng_Uga_69785221,Eng_Uga,B_reranking_failure,0.13113924050632914,0.74,0.74,0.74,2,15,33,Can Syphilis be tested from the Mouth?
ID_VL_Eng_Gha_9CA3FBB3,Eng_Gha,C_recall_failure,0.13120567375886527,0.14591549295774647,0.15205479452054793,0.15205479452054793,14,2,43,How can we identify and analyze the persuasive tactics and appeals used in advertisements and marketing campaigns related to sexual health products or services?
ID_VL_Eng_Gha_2434A678,Eng_Gha,C_recall_failure,0.13120567375886527,0.19527777777777777,0.19527777777777777,0.19527777777777777,4,1,51,"What is intersectionality, and how does it apply to adolescents with disabilities? (overlapping identities and how they affect experiences)"
ID_VL_Lug_Uga_4B356E9A,Lug_Uga,C_recall_failure,0.13120567375886527,0.13120567375886527,0.13120567375886527,0.74,58,4,71,B'ani mu nsi yonna abakoseddwa Akawuka akaleeta Siriimu?
ID_VL_Eng_Gha_7D2F4E58,Eng_Gha,C_recall_failure,0.13129032258064516,0.25813953488372093,0.25813953488372093,0.25813953488372093,1,0,54,How often should I see a doctor during pregnancy?
ID_VL_Aka_Gha_BA6C34AB,Aka_Gha,C_recall_failure,0.1314018691588785,0.22904761904761906,0.22904761904761906,0.22904761904761906,0,49,69,Hu mmabun a wɔfi mmeae ahorow ne nna ho akɔnnɔ ahorow ahiade ahorow.
ID_VL_Eng_Uga_B719BB68,Eng_Uga,C_recall_failure,0.1314018691588785,0.1314018691588785,0.14021052631578948,0.1574468085106383,33,9,63,What causes antiretroviral therapy (ART) resistance in HIV-infected individuals?
ID_VL_Lug_Uga_25F06B0A,Lug_Uga,C_recall_failure,0.13144736842105265,0.15857142857142853,0.17187096774193547,0.1771830985915493,66,1,67,Kiki omuntu ky’alina okulowoozaako ng’abeera n’omuntu alina akawuka ka siriimu?
ID_VL_Aka_Gha_71710434,Aka_Gha,B_reranking_failure,0.13155555555555554,0.7091666666666667,0.7091666666666667,0.74,50,47,57,Mɛyɛ dɛn atumi akasa atia nsusuwii hunu a ɛfa nna mu dwumadi a wɔatwa no tiaa sɛ LGBTQ+  nnipa ho a ensusuw nneɛma afoforo a ɛfa nipasu ho? (a wɔhyɛ nsɛm a ɛda ntamgyinafo adi) .
ID_VL_Eng_Gha_78EF7666,Eng_Gha,C_recall_failure,0.13155555555555554,0.19821428571428573,0.19821428571428573,0.19821428571428573,4,16,49,What are some strategies for identifying and challenging harmful or misleading information about sexual health in the media?
ID_VL_Aka_Gha_C30FF46E,Aka_Gha,C_recall_failure,0.13155555555555556,0.14653465346534655,0.1554,0.1554,7,24,72,Mɛyɛ dɛn na m'anya SRH mmoa a ɛyɛ kokoam na ɛfata mmabun?
ID_VL_Eng_Eth_25F934BF,Eng_Eth,C_recall_failure,0.13155555555555556,0.2466666666666667,0.29914893617021276,0.29914893617021276,19,33,53,What are the main ways for a woman to be screened for HPV?
ID_VL_Lug_Uga_467F358B,Lug_Uga,C_recall_failure,0.13169491525423727,0.12634146341463415,0.18911111111111112,0.18911111111111112,16,20,64,Mugaso ki oguli mu kukebeza omwana wange omuwere Akawuka akaleeta Siriimu singa mbeera nga nnina Akawuka akaleeta Siriimu?
ID_VL_Aka_Gha_0837B8A3,Aka_Gha,C_recall_failure,0.1316949152542373,0.17918238993710695,0.17918238993710695,0.17918238993710695,3,1,52,Dɛn ne adwene a ɛnteɛ anaa anansesɛm ahorow a wɔtaa nya wɔ nna mu akwahosan ne mmabun a wɔadi dɛm ho ?
ID_VL_Swa_Ken_0FE1621A,Swa_Ken,B_reranking_failure,0.1318811881188119,0.74,0.74,0.74,4,1,65,"Je, kuna dawa iliyoundwa kushughulikia Ukimwi?"
ID_VL_Aka_Gha_07F194F9,Aka_Gha,C_recall_failure,0.1318811881188119,0.22557620817843865,0.22557620817843865,0.22557620817843865,1,35,69,"Dɛn ne awotowaa, awotowaa, ɔbarima akyi berɛmo, ne prostate gland no dwumadi?"
ID_VL_Eng_Uga_B1FEAD13,Eng_Uga,B_reranking_failure,0.13214285714285712,0.74,0.74,0.74,0,19,47,"Forms of Human Immunodeficiency Virus?, please answer this using simple medical terms."
ID_VL_Lug_Uga_10CC4604,Lug_Uga,B_reranking_failure,0.13214285714285712,0.13214285714285712,0.74,0.74,9,37,64,Lwaki okufuuweeta sigala kya bulabe nnyo eri abantu abalina Akawuka akaleeta Siriimu?
ID_VL_Aka_Gha_8A0F4EFB,Aka_Gha,C_recall_failure,0.13214285714285715,0.2316521739130435,0.282442748091603,0.282442748091603,15,4,63,"Gyinapɛn ne gyidi bɛn na yɛn amammerɛ, anaa yɛn som kyerɛkyerɛ fa abusuabɔ, aware, ne abusua nhyehyɛe ho?"
ID_VL_Eng_Gha_AE455CC6,Eng_Gha,C_recall_failure,0.13214285714285715,0.08604651162790697,0.13214285714285715,0.13214285714285715,6,1,54,What are some strategies for promoting inclusion and acceptance of diversity within my peer group or community during puberty?
ID_VL_Aka_Gha_F071D879,Aka_Gha,C_recall_failure,0.13227053140096617,0.19552845528455282,0.19552845528455282,0.23456603773584903,44,9,58,"Dɛn ne gyidie ahorow bi a ɛfa LGBTQ+ ankorankoro ho wɔ amammerɛ anaa nyamesom fekuw mu, na kwan bɛn so na wobetumi adi ho dwuma?"
ID_VL_Lug_Uga_9F6FACC1,Lug_Uga,B_reranking_failure,0.1322705314009662,0.74,0.74,0.74,4,9,64,Mbuulira obubonero bwa Kiramidiya.
ID_VL_Aka_Gha_90B2B633,Aka_Gha,C_recall_failure,0.1322905027932961,0.1363157894736842,0.2088709677419355,0.2088709677419355,9,4,84,"Ɔkwan bɛn so na ɛsono mfe wɔde pene ho mmra a yɛ sononko firi nkurow nkurow mu, na dɛn ne akwankyerɛ titiriw a ɛwɔ yɛn mpɔtam hɔ?"
ID_VL_Eng_Gha_CA97EBF5,Eng_Gha,C_recall_failure,0.1325373134328358,0.1336774193548387,0.14611464968152865,0.15043956043956044,28,14,51,"What are the potential risks and consequences of sharing intimate or personal content online, and how can I make informed decisions about what to share?"
ID_VL_Eng_Eth_D8E88EBB,Eng_Eth,C_recall_failure,0.1325373134328358,0.19527777777777777,0.2466666666666667,0.2466666666666667,8,5,61,"What is the correct age, according to health guidance, for a girl to marry?"
ID_VL_Eng_Eth_98DE8EBB,Eng_Eth,C_recall_failure,0.1325373134328358,0.1681818181818182,0.1681818181818182,0.17939393939393938,27,48,67,How can I explain that contraceptives do not cause a woman to be promiscuous?
ID_VL_Eng_Gha_6DE299A1,Eng_Gha,C_recall_failure,0.1326896551724138,0.1787919463087248,0.1872289156626506,0.1872289156626506,7,2,52,"How can adolescents learn to adapt their livelihood skills to changing labor market demands, technological innovations, and economic trends?"
ID_VL_Lug_Uga_973B6977,Lug_Uga,B_reranking_failure,0.1328205128205128,0.74,0.74,0.74,1,0,64,Omuntu ayinza atya okukwatibwa Tuliici?
ID_VL_Eng_Eth_EAFDE7D9,Eng_Eth,C_recall_failure,0.1328205128205128,0.1328205128205128,0.20468085106382977,0.23125000000000004,25,6,53,What are the main ways for a woman to be screened for HPV?
ID_VL_Eng_Gha_0C74DC0F,Eng_Gha,C_recall_failure,0.13282051282051283,0.16754716981132078,0.18389221556886226,0.2200526315789474,26,1,56,What are some strategies for improving my mental health and well-being during puberty?
ID_VL_Aka_Gha_E623A689,Aka_Gha,C_recall_failure,0.13289795918367348,0.18603351955307262,0.18603351955307262,0.18603351955307262,0,55,67,Hyɛ mmabun nkuran sɛ wɔnyɛ wɔn ankasa ne afoforo akyigyinafo denam nkitahodie a ɛda adi pefee ne ntease a wɔbɛma anya nkɔso so.
ID_VL_Aka_Gha_C1156D6D,Aka_Gha,C_recall_failure,0.13291262135922333,0.12333333333333335,0.20362416107382553,0.23315068493150684,20,18,75,"Mɛyɛ dɛn ahu akwan pa a mɛfa so agyina nkate bɔne te sɛ aniwu anaa awerɛhow a ebetumi aba bere a nna mu akɔnnɔ epegya ne mu no? (adebɔ ho aguadidan ahorow, ɔne w’adamfo bi kasa)"
ID_VL_Lug_Uga_B09D721B,Lug_Uga,C_recall_failure,0.13293413173652696,0.1736312849162011,0.17619047619047623,0.17862068965517242,62,16,63,Kituufu nti omuntu alina Akawuka akaleeta Siriimu asobola okuba n'obuwangaazi n'asigala ng'asiiga abalala akawuka?
ID_VL_Eng_Gha_5E2AD32D,Eng_Gha,C_recall_failure,0.13303370786516852,0.18048780487804877,0.21232067510548525,0.21232067510548525,6,6,54,"What are the potential consequences of digital media use on adolescents' mental health, well-being, and social relationships, and how can digital literacy skills help mitigate these risks?"
ID_VL_Eng_Gha_06D25913,Eng_Gha,D_weak_pool,0.13319999999999999,0.3171428571428571,0.3171428571428571,0.3171428571428571,2,0,34,How can I recognize the warning signs of an unhealthy or abusive relationship?
ID_VL_Eng_Gha_5129950D,Eng_Gha,C_recall_failure,0.1332,0.24769874476987447,0.24769874476987447,0.24769874476987447,2,2,45,Are there organizations or resources available to help adolescents understand their rights and protections as research participants in sexual and reproductive health research?
ID_VL_Aka_Gha_B7C93ACF,Aka_Gha,C_recall_failure,0.1333720930232558,0.17546391752577317,0.2135772357723577,0.2135772357723577,5,6,69,Mɛyɛ dɛn na mahye asi hɔ na makura mu wɔ m’abusuabɔ mu?
ID_VL_Amh_Eth_B0AE8F08,Amh_Eth,C_recall_failure,0.13344262295081968,0.28190476190476194,0.28190476190476194,0.28190476190476194,0,19,48,የጤና ባለሙያዎች ስለ ጨብጥ ምልክት የሌለው ሊሆን ይቻል እንደሆነ ምን ይላሉ?
ID_VL_Eng_Gha_B0C4A01C,Eng_Gha,C_recall_failure,0.13353383458646617,0.11985915492957747,0.1939310344827586,0.1939310344827586,9,0,58,"How do positive rewards or benefits from peers, such as praise, acceptance, popularity, or tangible rewards, shape my willingness to conform to certain behaviors or expectations, including those related to sexual and reproductive health?"
ID_VL_Aka_Gha_FAD409E2,Aka_Gha,C_recall_failure,0.13373493975903614,0.1878756476683938,0.1878756476683938,0.1878756476683938,3,15,75,Ɔkwan bɛn so na mmabun betumi anya adwene a ɛkyerɛ sɛ wogye wɔn atom na wɔanya tema berɛ a wɔrefa nipadua ne atenka mu nsakrae a ɛba wɔ mmabunberɛ mu?
ID_VL_Eng_Gha_161237C9,Eng_Gha,C_recall_failure,0.1339047619047619,0.24666666666666667,0.25643564356435644,0.25643564356435644,11,0,52,Are there situations where it might not be appropriate or safe to involve parents or family members in seeking support?
ID_VL_Eng_Gha_D942644C,Eng_Gha,C_recall_failure,0.13390476190476192,0.148,0.148,0.148,4,41,48,How can parents and family members educate themselves about sexual reproductive health of adolescents with disability and support their children?
ID_VL_Lug_Uga_E3EA2D7F,Lug_Uga,C_recall_failure,0.1339655172413793,0.20955752212389378,0.2380869565217391,0.2380869565217391,9,43,60,Waliwo okusobozi bw'okufuna Akawuka akaleeta Siriimu singa nnalamusa omuntu akalina?
ID_VL_Aka_Gha_568CC69B,Aka_Gha,C_recall_failure,0.1340377358490566,0.19796178343949045,0.19796178343949045,0.19796178343949045,4,48,66,"Dɛn ne mmarima ne mmea awo nhyehyɛe no afa horow, na dɛn ne wɔn dwumadi ahorow?"
ID_VL_Eng_Gha_FA585B27,Eng_Gha,C_recall_failure,0.13405797101449274,0.16219178082191782,0.16219178082191782,0.16219178082191782,4,14,43,"What physical changes happen to the body during pregnancy? (hormonal changes, weight gain, etc.)"
ID_VL_Aka_Gha_CBCEABDE,Aka_Gha,C_recall_failure,0.134125,0.17759999999999998,0.17759999999999998,0.1906060606060606,28,51,77,"Ɔkwan bɛn so na m’adwene mu apɔmuden ka me nna ne awo apɔmuden a mepaw? (adwenemhaw a ɛka sɛnea wɔhwɛ wɔn ho, nipadua mfonini a ɛka nna mu abusuabɔ)"
ID_VL_Aka_Gha_F94D6204,Aka_Gha,C_recall_failure,0.13424778761061948,0.16730434782608694,0.17209302325581396,0.19588235294117645,26,10,62,Mɛyɛ dɛn atumi ayɛ ayɔnkofo ama akuw a wɔato wɔn hintidua anaasɛ wonni ananmusifo pii wɔ mmerantebere ne mmabaabere mu?
ID_VL_Lug_Uga_E0653245,Lug_Uga,B_reranking_failure,0.1343312101910828,0.14651006711409395,0.74,0.74,9,18,41,Ndabirira ki esinga obulungi ey'akawuka akaleeta Omusujja gw'ekibumba ogwa B?
ID_VL_Amh_Eth_19BC143E,Amh_Eth,C_recall_failure,0.13454545454545452,0.05967741935483872,0.07655172413793104,0.13454545454545452,70,23,79,ማሳከክን ለማስቆም በቁስሉ ውስጥ ማሽተት (በጥሩ የተፈጨ ትምባሆ) እንዳስቀምጥ ተነገረኝ።
ID_VL_Amh_Eth_445DCC38,Amh_Eth,C_recall_failure,0.13454545454545452,0.14799999999999996,0.14799999999999996,0.23368421052631577,52,4,59,ኤችአይቪ  በ ወባ  መተላለፍ ይችላል?
ID_VL_Eng_Gha_C6641285,Eng_Gha,C_recall_failure,0.13454545454545452,0.23257142857142854,0.2581395348837209,0.2581395348837209,8,3,54,"What role can parents, caregivers, and schools play in promoting responsible social media use and fostering open dialogues with adolescents about SRH topics, values, and boundaries?"
ID_VL_Eng_Uga_B0C07FCC,Eng_Uga,C_recall_failure,0.13454545454545452,0.12906976744186047,0.18301075268817202,0.2114285714285714,46,31,48,"Can I have protected sex if my partner has Genital Herpes?, please answer in detail."
ID_VL_Lug_Uga_55273407,Lug_Uga,B_reranking_failure,0.13454545454545452,0.18282352941176472,0.74,0.74,38,6,62,Nkebera ki ekakasa Akawuka akaleeta Siriimu?
ID_VL_Eng_Eth_81FB18B3,Eng_Eth,C_recall_failure,0.13454545454545455,0.20492307692307693,0.20492307692307693,0.20492307692307693,12,47,65,"In my culture, we use co-sleeping (thigh-sex or okusoma) to avoid pregnancy. Does this method prevent STIs like Chlamydia?"
ID_VL_Eng_Gha_F28E4122,Eng_Gha,B_reranking_failure,0.13454545454545455,0.13454545454545455,0.50875,0.50875,5,40,53,"Are there resources available to help me explore sexual health in a way that feels positive and affirming of my SOGI? (educational materials, LGBTQ+ focused workshops)"
ID_VL_Aka_Gha_474EBC19,Aka_Gha,D_weak_pool,0.1348768472906404,0.2877777777777778,0.32852017937219735,0.32852017937219735,7,22,48,"Ɔkwan bɛn so na awofo, wɔn a wɔhwɛ wɔn, akyerɛkyerɛfo, ne akwahosan ho adwumayɛfo betumi aboa mmabun ma wɔanya nsɛm ho amanneɛbɔ ho nimdeɛ nea broni ka no 'media literacy skills' a wɔde bɛhwehwɛ nna ne awo akwahosan ho nsɛm mu wɔ kwan pa mu?"
ID_VL_Eng_Gha_A3925731,Eng_Gha,C_recall_failure,0.13499999999999998,0.2864516129032258,0.2864516129032258,0.2864516129032258,0,0,51,"How confidential are mental health services for adolescents, and what are the privacy protections in place?"
ID_VL_Aka_Gha_4A15544D,Aka_Gha,C_recall_failure,0.13499999999999998,0.163716814159292,0.163716814159292,0.1651785714285714,50,35,63,"Akwan bɛn na etumi aboa paa yie wɔ nhunu mu, nkyerɛkyerɛ ne nkuranhyɛ wɔ nna ne awoɔ apɔmden a pɔtɔɔ kasa mu wɔfrɛ no 'reproductive health' ho wɔ mmabun a watu akɔtena mmeammea foforɔ ne wɔn a wɔtutututu akwan kɔ baabi foforɔ mu?"
ID_VL_Eng_Gha_CF1D7D3A,Eng_Gha,C_recall_failure,0.135,0.21803571428571428,0.21803571428571428,0.21803571428571428,2,0,49,What are some healthy ways to express intimacy without sexual activity?
ID_VL_Swa_Ken_FB0D3CDA,Swa_Ken,C_recall_failure,0.13507936507936508,0.13742857142857143,0.20591304347826084,0.20591304347826084,7,6,77,"Je, Wizara ya Afya inashughulikia vipi mwito unaoletwa na Ukimwi, haswa kwa kuzingatia magonjwa mapya kama COVID-19, ambayo yanaonekana kugeuza umakini kutoka kwa maswala yanayohusiana na Ukimwi?"
ID_VL_Swa_Ken_AC20AF11,Swa_Ken,B_reranking_failure,0.13526881720430106,0.13526881720430106,0.74,0.74,6,44,54,"Je, tunahitaji kufanya ngono salama kwa kutumia kondomu pamoja na chaguo letu la kuzuia mimba?"
ID_VL_Eng_Gha_5CCE5BA9,Eng_Gha,C_recall_failure,0.1353658536585366,0.21202247191011236,0.21202247191011236,0.2276923076923077,37,1,49,How does stigma surrounding STIs and HIV affect people's access to testing and treatment?
ID_VL_Lug_Uga_6F07B60F,Lug_Uga,B_reranking_failure,0.13542483660130716,0.74,0.74,0.74,0,2,58,Nkola ki ez’okuggyamu olubuto eziriwo?
ID_VL_Aka_Gha_3D114802,Aka_Gha,C_recall_failure,0.1354248366013072,0.14637362637362633,0.21031578947368423,0.2573913043478261,45,35,74,"So mobile apps anaa ‘digital apps’   bi wɔ hɔ a ebetumi aboa mmabun ma wɔayɛ wɔn ahobammɔ nhyehyɛe a wɔde bedi dwuma, ama wɔanya nneɛma ne mmoa daa?"
ID_VL_Eng_Ken_E42E707A,Eng_Ken,C_recall_failure,0.1354248366013072,0.1354248366013072,0.16086956521739132,0.16086956521739132,12,27,50,What benefits do pregnant women get from knowing their HIV status?
ID_VL_Eng_Gha_1F652A87,Eng_Gha,C_recall_failure,0.13566666666666666,0.1987037037037037,0.2690909090909091,0.2690909090909091,10,20,51,How can adolescents navigate conflicts or disagreements within their relationships in a healthy way?
ID_VL_Aka_Gha_99B49350,Aka_Gha,C_recall_failure,0.1359183673469388,0.20719999999999997,0.2531578947368421,0.28,54,57,61,"Nneɛma bɛn na ɛwɔ hɔ a ɛbɛboa me ma matete abofra bere a meyɛ ɔbabun? (sikasɛm mu mmoa, mmofra hwɛ a wobetumi apaw, nhomasua nhyehyɛe ahorow) ."
ID_VL_Lug_Uga_8F1CB2CC,Lug_Uga,C_recall_failure,0.13609195402298851,0.17575000000000002,0.17575000000000002,0.74,55,54,63,Omuntu ayinza atya okufuna essanyu wadde ng'awangaala n'Akawuka akaleeta Siriimu?
ID_VL_Lug_Uga_E8294A67,Lug_Uga,C_recall_failure,0.13612040133779263,0.13612040133779263,0.18550964187327823,0.20978193146417445,55,11,58,Lwaki okwekebeza Akawuka akaleeta Siriimu entakera kikulu?
ID_VL_Lug_Uga_363E6EF4,Lug_Uga,B_reranking_failure,0.13616,0.74,0.74,0.74,3,8,58,Kisoboka omuntu okukwatibwa Akawuka akaleeta Siriimu okuyita mu kwegattira awava obubi?
ID_VL_Eng_Gha_E519DD7E,Eng_Gha,C_recall_failure,0.13621890547263682,0.12965811965811963,0.193717277486911,0.193717277486911,6,34,52,"What are the potential limitations or challenges associated with social protection programs, such as limited coverage, inadequate funding, bureaucratic barriers, stigma, or exclusionary policies?"
ID_VL_Amh_Eth_A14923C2,Amh_Eth,D_weak_pool,0.1363157894736842,0.2726315789473684,0.3594285714285714,0.3594285714285714,5,2,62,ከጓደኛዬ ጋር ምግብ ወይም መጠጥ ካካፈልኩ በኤች አይ ቪ መያዝ እችላለሁ?
ID_VL_Eng_Eth_EDD877C8,Eng_Eth,D_weak_pool,0.13631578947368422,0.3819354838709678,0.3819354838709678,0.3819354838709678,1,5,40,"Is trichomoniasis dangerous, and can it be cured?"
ID_VL_Eng_Gha_4758367B,Eng_Gha,C_recall_failure,0.13631578947368422,0.13631578947368422,0.24666666666666665,0.24666666666666665,19,24,44,How can I improve my communication skills with my parents or caregivers during puberty?
ID_VL_Eng_Ken_27372B52,Eng_Ken,B_reranking_failure,0.13645390070921984,0.74,0.74,0.74,4,7,43,Explain the meaning of PEP.
ID_VL_Eng_Uga_AF36B8CC,Eng_Uga,C_recall_failure,0.13650485436893203,0.16365384615384615,0.20651162790697675,0.20651162790697675,11,19,63,How is HIV detected?
ID_VL_Eng_Gha_5A5226E6,Eng_Gha,C_recall_failure,0.13650485436893203,0.1950909090909091,0.2296551724137931,0.2674698795180723,23,6,37,Do youth-friendly healthcare facilities offer telehealth or online services for adolescents who may prefer remote consultations?
ID_VL_Lug_Uga_204DB9DA,Lug_Uga,C_recall_failure,0.1366153846153846,0.13893877551020406,0.13893877551020406,0.228,70,1,73,Akawuka akaleeta Siriimu katwalibwa katya ennaku zino naddala nga waliwo obujjanjabi obutuufu?
ID_VL_Aka_Gha_98AE4334,Aka_Gha,C_recall_failure,0.13668789808917198,0.14705128205128204,0.1765137614678899,0.2196875,51,9,66,So nhyehyɛe ahorow wɔ hɔ a wɔbɛma ayɛ mmerɛw sɛ mmabun betumi anya ‘sexual reproductive health’ ho nhyehyɛe ahorow?
ID_VL_Eng_Uga_AB102C9B,Eng_Uga,B_reranking_failure,0.13668789808917198,0.18323809523809526,0.74,0.74,16,5,52,How can someone contract Trichomoniasis?
ID_VL_Eng_Gha_EFC59738,Eng_Gha,C_recall_failure,0.13668789808917198,0.13977777777777778,0.17117437722419926,0.17117437722419926,17,35,39,"What are some common myths or misconceptions about pregnancy options, and how can they be corrected?"
ID_VL_Swa_Ken_B993FF63,Swa_Ken,C_recall_failure,0.1367391304347826,0.20736263736263738,0.23735849056603775,0.23735849056603775,19,29,66,"Je, afya ya akili ya mtu imeathiriwa na Ukimwi?"
ID_VL_Swa_Ken_6A1ABA9D,Swa_Ken,C_recall_failure,0.1367391304347826,0.20736263736263738,0.20736263736263738,0.2304918032786885,50,5,57,"Je, Ukimwi huathiri afya ya akili ya mtu?"
ID_VL_Lug_Uga_25DB5946,Lug_Uga,C_recall_failure,0.13684931506849313,0.19409836065573768,0.19409836065573768,0.74,68,1,69,Okubeera n’ebika by'a Siriimu eby’enjawulo kiyinza okukaluubiriza Akawuka akaleeta Siriimu okuddukanya?
ID_VL_Aka_Gha_46685257,Aka_Gha,C_recall_failure,0.13691629955947135,0.13282051282051283,0.171523178807947,0.171523178807947,10,7,67,"Dwuma bɛn na abɛɛfo mfidie 'Technology' di de boa mmabun ma wonya ɔhwɛ a ɛfata, a telehealth ne online resources ka ho?"
ID_VL_Eng_Gha_9C2DFA97,Eng_Gha,C_recall_failure,0.137037037037037,0.15938461538461537,0.19185185185185186,0.19185185185185186,9,20,64,"What steps can adolescents take if they experience harassment or abuse in the workplace, and what support services are available to them?"
ID_VL_Aka_Gha_1CA35CFB,Aka_Gha,C_recall_failure,0.13703703703703704,0.18737179487179487,0.18737179487179487,0.18737179487179487,0,36,78,Dɛn ne ankorankora ahotew pa ma m’akyi akwaa ne m’akwahosan nyinaa?
ID_VL_Lug_Uga_8C1AB2C7,Lug_Uga,B_reranking_failure,0.13703703703703704,0.74,0.74,0.74,6,34,64,Kiki ekinaabaawo singa omuntu alina Akawuka akaleeta Siriimu ayosa okumira eddagala lya ARV?
ID_VL_Eng_Gha_D25864F2,Eng_Gha,C_recall_failure,0.13703703703703704,0.1921153846153846,0.22965517241379313,0.22965517241379313,13,16,48,"Where can I find confidential support services and resources? (e.g., hotlines, crisis centers, therapists)"
ID_VL_Aka_Gha_DEDA4E16,Aka_Gha,B_reranking_failure,0.13703703703703707,0.46736842105263154,0.7091666666666667,0.7091666666666667,9,32,55,"Fa LGBTQ+ nneɛma a wɔahyehyɛ, a wɛbsaet, telefon a wɔde frɛ nkurɔfo, ne ɔman nnwumakuo ahorow ka ho ma."
ID_VL_Eng_Uga_3CED4D1F,Eng_Uga,B_reranking_failure,0.1372185430463576,0.7067,0.74,0.74,17,16,55,"I was informed that I have Syphilis, what can I do?, please answer in detail."
ID_VL_Aka_Gha_587EF344,Aka_Gha,C_recall_failure,0.137258064516129,0.20992907801418437,0.24306569343065693,0.24814371257485035,24,2,72,"Ɔhaw mu dwumadie nhyehyɛeɛ no, afã pɔtee bɛn na wɔhwɛ so na wɔhwehwɛ mu daa?"
ID_VL_Swa_Ken_505C7527,Swa_Ken,C_recall_failure,0.13736526946107783,0.15325443786982249,0.15325443786982249,0.21806763285024153,24,19,54,"Je, nini maana ya magonjwa nyemelezi?"
ID_VL_Aka_Gha_5304317F,Aka_Gha,C_recall_failure,0.13736526946107783,0.15310344827586206,0.17642384105960263,0.2030487804878049,37,13,71,"Dɛn ne nneɛma bi a ɛde nyinsɛn mu ɔhaw ba a ɛsɛ sɛ mihu? (mfe a obi adi, ayaresa tebea horow a na ɛwɔ hɔ dedaw, abusua abakɔsɛm) ."
ID_VL_Eng_Gha_4568F426,Eng_Gha,C_recall_failure,0.13742857142857143,0.13742857142857143,0.24666666666666665,0.24666666666666665,6,5,52,Address potential concerns about side effects of contraceptives and how to manage them.
ID_VL_Aka_Gha_F2A03459,Aka_Gha,C_recall_failure,0.13742857142857143,0.18175438596491228,0.22114942528735632,0.22114942528735632,9,43,73,Dɛn nti na mereyɛ tenten anaa nwi refuw wɔ mmeae foforo?
ID_VL_Eng_Gha_B836C448,Eng_Gha,C_recall_failure,0.1375221238938053,0.1375221238938053,0.21803571428571428,0.21803571428571428,10,4,54,Are there any specific phrases or language that I can use to start the conversation in a respectful and non-threatening way?
ID_VL_Eng_Eth_36136E15,Eng_Eth,C_recall_failure,0.13767441860465116,0.2819047619047619,0.2819047619047619,0.2819047619047619,0,0,43,Does HIV transmit through kissing?
ID_VL_Aka_Gha_3F22FAF8,Aka_Gha,C_recall_failure,0.13781376518218624,0.1457142857142857,0.1594475138121547,0.1594475138121547,19,54,60,Ɔkwan bɛn so na mmabun betumi de wɔn ho ahyɛ sabi dɛmdi hokwan nkamfoɔ mu?
ID_VL_Aka_Gha_080AADFB,Aka_Gha,C_recall_failure,0.13784313725490194,0.19277310924369748,0.29344827586206895,0.29344827586206895,10,1,59,"Dɛn na pene a wɔpene so kyerɛ wɔ Intanɛt so nkitahodi te sɛ nkrasɛm, sohyial media, ne agodie abɛɛfo ntetan beae so?"
ID_VL_Eng_Gha_C8040FB7,Eng_Gha,C_recall_failure,0.13788819875776395,0.15779411764705883,0.1648181818181818,0.18776119402985075,31,7,61,"What protections exist against exploitation, including forced labor, child labor, and trafficking, and how can adolescents recognize and report such abuses?"
ID_VL_Lug_Uga_62210670,Lug_Uga,B_reranking_failure,0.13796610169491524,0.74,0.74,0.74,3,7,70,Buwuka ki obuleeta endwadde obulumba omubiri olw'okunafuyizibwa Akawuka akaleeta Siriimu?
ID_VL_Eng_Gha_12E153A6,Eng_Gha,C_recall_failure,0.13813333333333333,0.185,0.185,0.185,3,2,45,"What role can youth-led organizations, youth advocates, and peer educators play in raising awareness about the links between climate change and ASRH and promoting youth-led solutions and innovations?"
ID_VL_Lug_Uga_0C5921F8,Lug_Uga,B_reranking_failure,0.13813333333333333,0.13813333333333333,0.74,0.74,15,14,59,Ebyokulabirako bya Kiramidiya bye biri wa?
ID_VL_Eng_Uga_0DF407B8,Eng_Uga,B_reranking_failure,0.13819277108433736,0.74,0.74,0.74,1,10,64,Do I need to test more than once to know if I’m HIV negative?
ID_VL_Aka_Gha_C4BBB7A9,Aka_Gha,C_recall_failure,0.1382183908045977,0.24454022988505741,0.25180555555555556,0.2778339350180505,63,24,65,"Dɛn ne anansesɛm anaa adwene a ɛnteɛ bi a ɛfa ahwɛfo a wɔde wɔn ho gye mu ho, na ɔkwan bɛn so na mmabun betumi akasa atia saa nsusuwii a ɛnteɛ yi na wɔakamfo ntease a ɛyɛ nketenkete wɔ adwuma a wɔn a wɔhwɛ no betumi adi wɔ nna mu basabasayɛ a wosiw ano no ho?"
ID_VL_Eng_Gha_CE000AF0,Eng_Gha,C_recall_failure,0.13824175824175822,0.23941176470588238,0.255,0.255,15,6,60,What are the different terms used for people who are not heterosexual (LGBTQ+)?
ID_VL_Aka_Gha_7C967F79,Aka_Gha,C_recall_failure,0.13824175824175824,0.20871794871794871,0.20871794871794871,0.20871794871794871,2,33,64,Mɛyɛ dɛn atumi ne nkurɔfo adi nkitaho yie na makyerɛ obu wɔ Intanɛt so afa nna ne abusuabɔ ho?
ID_VL_Eng_Gha_1335E5DB,Eng_Gha,C_recall_failure,0.13824175824175824,0.19028571428571428,0.20468085106382977,0.20468085106382977,16,15,44,How can schools and educational institutions create inclusive environments that challenge stereotypes and promote acceptance of adolescents living with disability and their sexuality?
ID_VL_Swa_Ken_F4ACC7E2,Swa_Ken,D_weak_pool,0.13828282828282829,0.339672131147541,0.339672131147541,0.339672131147541,3,56,64,Nina msichana ambaye amechoka kutumia dawa za Ukimwi na anataka kujiua. Ninaweza kumpa ushauri gani?
ID_VL_Swa_Ken_282C6470,Swa_Ken,D_weak_pool,0.13828282828282829,0.18231884057971015,0.339672131147541,0.339672131147541,61,57,72,"Je, ninaweza kumpa ushauri gani msichana ambaye amechoka kutumia ARV na anafikiria kujiua?"
ID_VL_Swa_Ken_B5CAA993,Swa_Ken,C_recall_failure,0.13845161290322583,0.1498159509202454,0.15348148148148147,0.1666225165562914,34,23,65,Unawezaje kumzuia mtu kukufanya usijisikie vizuri katika hali za kijamii?
ID_VL_Amh_Eth_7A4C75D4,Amh_Eth,C_recall_failure,0.13874999999999998,0.13874999999999998,0.13874999999999998,0.13874999999999998,0,0,80,ባለቤቴ በኮንዶም መጠቀምን እይፈልግም ‘ስሜት የለውም’ ይላል። እኔ እንዴት መልስ ልሰጠው እችላለው?
ID_VL_Eng_Gha_2A26F770,Eng_Gha,C_recall_failure,0.13874999999999998,0.14535714285714285,0.14557377049180328,0.1596078431372549,28,19,55,How can I contribute to creating a supportive and inclusive environment within my peer group that values diversity and respects individual differences?
ID_VL_Aka_Gha_1B3DBD5C,Aka_Gha,C_recall_failure,0.13875,0.15124087591240876,0.17411764705882354,0.17480314960629922,57,58,71,"Akwan bɛn na metumi de adi dwuma de abua abɛɛfo kwantenpɔn so ɔhaw anaa nsɛm a enni obu ho dwuma wɔ ɔkwan a ɛho akokwaw so? (wɔabu wɔn ani gu nneɛma bɔne so, siw wɔn a wɔde di dwuma no kwan)"
ID_VL_Eng_Eth_DA330AA1,Eng_Eth,B_reranking_failure,0.13875,0.5223529411764706,0.5223529411764706,0.5223529411764706,3,35,56,What does HIV stand for?
ID_VL_Lug_Uga_D4DD1B56,Lug_Uga,B_reranking_failure,0.13875,0.24252100840336133,0.74,0.74,17,3,57,Kisoboka omuntu okwegatta n’omuntu alina Akawuka akaleeta Siriimu nga teyeetangidde ne katamukwata?
ID_VL_Aka_Gha_8ACD4E10,Aka_Gha,C_recall_failure,0.1389387755102041,0.2252173913043478,0.2252173913043478,0.2252173913043478,0,1,67,Mɛyɛ dɛn anya nyinsɛn mu nhwehwɛmu ho nhyehyɛe ahorow no bi ?
ID_VL_Aka_Gha_5496F63C,Aka_Gha,C_recall_failure,0.13896713615023473,0.11169811320754716,0.18920454545454546,0.20376811594202898,61,14,79,"Dwuma bɛn na nsusuiɛ a ɛmu dɔ boa ma obi bu atɛntenenee, otumi siesie ɔhaw, na ohu sɛ ne ho hia?"
ID_VL_Aka_Gha_7C52FA17,Aka_Gha,C_recall_failure,0.13903030303030303,0.1865040650406504,0.1865040650406504,0.21553398058252426,48,32,60,"Sɛ mihyia nsɛnnennen anaa ɔhaw bi wɔ nyinsɛn a woyi gu akyi a, dɛn na ɛsɛ sɛ meyɛ? (hia a ɛho hia sɛ wɔhwɛ obi a wodi akyi) ."
ID_VL_Eng_Ken_69F753F1,Eng_Ken,C_recall_failure,0.13903030303030303,0.14800000000000002,0.16709677419354835,0.24666666666666665,27,47,49,How can you help HIV positive person who is being discriminated in the community?
ID_VL_Eng_Gha_36EE1640,Eng_Gha,C_recall_failure,0.13909774436090225,0.17619047619047618,0.17619047619047618,0.21764705882352942,23,24,48,How can I navigate conflicting cultural or ethical beliefs about puberty-related topics?
ID_VL_Eng_Gha_8255DA61,Eng_Gha,C_recall_failure,0.13914529914529913,0.24666666666666665,0.24666666666666665,0.24666666666666665,1,21,41,What are the physical changes associated with sexual development during puberty?
ID_VL_Aka_Gha_63F2AE24,Aka_Gha,C_recall_failure,0.1391743119266055,0.1681818181818182,0.20579881656804733,0.23404651162790696,63,44,70,Ɔkwan bɛn so na nna mu yareɛ nya nsunsuansoɔ  wɔ awo ne awoɔ ho apɔmuden?
ID_VL_Eng_Gha_0F25477D,Eng_Gha,C_recall_failure,0.13920792079207922,0.19670886075949362,0.19670886075949362,0.19670886075949362,3,0,54,What happens if I leave an STI untreated?
ID_VL_Eng_Gha_E6E987CA,Eng_Gha,C_recall_failure,0.13929411764705882,0.1360919540229885,0.18694736842105264,0.18694736842105264,7,0,55,How can I work with other organizations or groups in my community to create a more comprehensive approach to preventing GBV? (collaboration and partnerships)
ID_VL_Aka_Gha_AE270DA7,Aka_Gha,C_recall_failure,0.13937219730941705,0.18013157894736842,0.19913621262458472,0.20222222222222225,38,31,73,Mɛyɛ dɛn atumi ahyɛ pɛyɛ ne nnipa nyinaa nkabom ho nkuran wɔ m’abusuabɔ mu na makamfo abusuabɔ a ɛyɛ papa a ɛkɔ so wɔ me mpɔtam hɔ?
ID_VL_Eng_Uga_A921CB4C,Eng_Uga,B_reranking_failure,0.13942028985507246,0.74,0.74,0.74,3,7,59,At what point after infection can someone start transmitting HIV to others?
ID_VL_Eng_Uga_5BD93609,Eng_Uga,B_reranking_failure,0.13942028985507246,0.74,0.74,0.74,3,7,56,When does HIV become transmissible after a person is infected?
ID_VL_Eng_Uga_CA6CAF9B,Eng_Uga,B_reranking_failure,0.13942028985507246,0.13942028985507246,0.74,0.74,18,14,52,After how long does an infected person reach a contagious/infectious period in HIV progression?
ID_VL_Swa_Ken_838B77AD,Swa_Ken,B_reranking_failure,0.13942028985507246,0.17671641791044776,0.74,0.74,7,0,54,"Je, ni uamuzi wa busara kushiriki ngono bila ulinzi?"
ID_VL_Swa_Ken_8FF19886,Swa_Ken,D_weak_pool,0.13962264150943396,0.19473684210526315,0.2225857519788918,0.31820000000000004,23,10,62,Ni mambo gani yanayochangia kuongezeka kwa kuwashwa kwa watu walio na virusi vya ukimwi?
ID_VL_Swa_Ken_EBD14B0C,Swa_Ken,B_reranking_failure,0.13984251968503938,0.74,0.74,0.74,1,12,54,"Je, watu walio na virusi vya ukimwi wana uwezekano mkubwa wa kuambukizwa virusi vya korona?"
ID_VL_Eng_Gha_0A8BB5B4,Eng_Gha,C_recall_failure,0.13999999999999999,0.13999999999999999,0.22123711340206187,0.22123711340206187,14,0,53,Are there clinics or health centers specifically for adolescents that offer contraception?
ID_VL_Amh_Eth_4639447B,Amh_Eth,D_weak_pool,0.13999999999999999,0.35391304347826086,0.35391304347826086,0.35391304347826086,4,8,71,ኤች አይ ቪ በወባ ትንኝ ንክሻ ወይም ምግብ በመጋራት ሊተላለፍ ይችላል?
ID_VL_Swa_Ken_1E639261,Swa_Ken,C_recall_failure,0.13999999999999999,0.19038834951456307,0.19038834951456307,0.19434343434343435,44,33,68,"""Kuchagua kutojihusisha na ngono ni aina ya kuzuia Virusi Vya Ukimwi."""
ID_VL_Lug_Uga_04E55BD5,Lug_Uga,C_recall_failure,0.14,0.17133004926108372,0.17133004926108372,0.17133004926108372,3,21,63,Nnyinza ntya okwewala endwadde ezireetebwa obuwuka obw’omutawaana?
ID_VL_Aka_Gha_AB3B4D37,Aka_Gha,C_recall_failure,0.14,0.24666666666666665,0.24666666666666665,0.24666666666666665,0,56,68,Kwan bɛn na wobetumi de adi dwuma de ahwɛ ahu sɛ amanaman ntam sika a wɔde ma ASRH no bɛkɔ so atra hɔ na akɔ so aboa akwahosan mu nkɔso a ɛbɛkyɛ ama mmabun?
ID_VL_Aka_Gha_36D8393A,Aka_Gha,C_recall_failure,0.14011834319526628,0.15504761904761905,0.22199999999999998,0.23280898876404496,54,49,76,Ma mmoa mmeaeɛ a ɛfa LGBTQ+ akwahosan ho nhyehyɛeɛ anaa nkitahodiɛ nɔmba (hotlines) a wɔde akwankyerɛ pɔtee bɛma afa nna mu akwahosan ho ama saa mpɔtam yi
ID_VL_Eng_Gha_A334058A,Eng_Gha,C_recall_failure,0.14017621145374448,0.24116071428571428,0.24116071428571428,0.24116071428571428,2,28,62,"What are the challenges and opportunities for integrating sexual and reproductive health education into broader initiatives aimed at promoting adolescent health, well-being, and lifelong learning within our education system?"
ID_VL_Eng_Uga_97154633,Eng_Uga,B_reranking_failure,0.14017621145374448,0.74,0.74,0.74,2,19,42,"How can I protect hiv from myself?, please answer in detail."
ID_VL_Eng_Gha_49A22441,Eng_Gha,C_recall_failure,0.1403448275862069,0.1623225806451613,0.20959537572254333,0.20959537572254333,15,2,53,How can researchers ensure that informed consent is obtained from adolescent participants in sexual and reproductive health research?
ID_VL_Eng_Uga_4B657BCC,Eng_Uga,C_recall_failure,0.1403448275862069,0.1403448275862069,0.14800000000000002,0.14800000000000002,11,22,48,"What happens if you sleep with someone who has Syphilis?, please answer this using simple medical terms."
ID_VL_Eng_Eth_C9E26074,Eng_Eth,C_recall_failure,0.1403448275862069,0.1403448275862069,0.20966666666666667,0.20966666666666667,17,2,47,What is the protocol if a girl is denied her inheritance rights by her family?
ID_VL_Eng_Gha_7DBF4BC1,Eng_Gha,C_recall_failure,0.14043795620437957,0.185,0.18746666666666667,0.18746666666666667,18,1,60,How can I promote equality and inclusivity within my relationships and advocate for healthy relationship dynamics in my community?
ID_VL_Aka_Gha_B7B56EA7,Aka_Gha,C_recall_failure,0.1406,0.169281045751634,0.169281045751634,0.169281045751634,0,10,69,"Mɛyɛ dɛn atumi de me berɛ anaa m’ahokokwaw ama de aboa mpɔtam hɔ ahyehyɛde ahorow a wɔreyɛ ASRR ahorow no ho adwuma? (Sika a wɔboaboa ano ho nhyiam ahorow, adwumayɛ ho nnwuma, atipɛnfo nkyerɛkyerɛ)"
ID_VL_Eng_Uga_D1151FFF,Eng_Uga,B_reranking_failure,0.1406,0.74,0.74,0.74,1,20,42,"Classify Syphilis., please answer this using simple medical terms."
ID_VL_Lug_Uga_DE12DBF1,Lug_Uga,C_recall_failure,0.14066115702479337,0.16572916666666665,0.17965317919075147,0.18076335877862595,56,32,58,Nkola ki maama ali olubuto ng'alina Akawuka akaleeta Siriimu z'ayinza okukozesa okukakasa nti azaala omwana atakalina?
ID_VL_Lug_Uga_24AA5685,Lug_Uga,C_recall_failure,0.14066115702479337,0.16572916666666665,0.17965317919075147,0.1871264367816092,28,19,57,Maama ow’olubuto ng'alina Akawuka akaleeta Siriimu asobola atya okukakasa nti azaala omwana atakalina?
ID_VL_Eng_Uga_70FD6672,Eng_Uga,C_recall_failure,0.1407042253521127,0.1776,0.1949268292682927,0.19853658536585367,46,11,61,"If I complete Syphilis treatment and abstain from sex, can I get the infection again?, please answer this using simple medical terms."
ID_VL_Eng_Gha_3BE79DF4,Eng_Gha,C_recall_failure,0.14070422535211272,0.14070422535211272,0.185,0.185,6,50,55,Highlight the importance of creating a safe space for survivors to speak up and for bystanders to intervene.
ID_VL_Aka_Gha_3C365296,Aka_Gha,C_recall_failure,0.1407361963190184,0.185,0.185,0.185,0,54,67,"Wɔ mmabunyɛ mmerɛ mu no, dɛn na menyɛ sɛ me te nka a ɛne me pɛ ne me gyedie bɔ bira?"
ID_VL_Eng_Gha_2E25B5EE,Eng_Gha,C_recall_failure,0.1407361963190184,0.1407361963190184,0.1625757575757576,0.1625757575757576,12,27,54,"Are there specific risk reduction strategies tailored to different sexual activities (e.g., oral sex, anal sex)?"
ID_VL_Eng_Uga_5E7B72C8,Eng_Uga,C_recall_failure,0.14083870967741935,0.17194117647058824,0.17194117647058824,0.17205,52,39,59,Are there risk factors for getting HIV?
ID_VL_Eng_Ken_12B2102D,Eng_Ken,B_reranking_failure,0.14095238095238094,0.14095238095238094,0.74,0.74,14,39,49,What measures are essential to protect others from HIV if I am infected?
ID_VL_Eng_Ken_CDFD9531,Eng_Ken,B_reranking_failure,0.14095238095238094,0.74,0.74,0.74,3,25,56,"If I have HIV, what is the best way to protect others?"
ID_VL_Lug_Uga_3A3E46B0,Lug_Uga,C_recall_failure,0.14095238095238097,0.16818181818181818,0.16818181818181818,0.16818181818181818,12,29,68,Akatyabaga k'abantu abeegattira awava obubi kasingako kw'ako ak'abo abeegattira mu bukyala mu kukwatibwa Akawuka akaleeta Siriimu?
ID_VL_Eng_Eth_90E0A95B,Eng_Eth,D_weak_pool,0.14095238095238097,0.2726315789473684,0.37,0.4036363636363636,28,9,38,"What are the most common body parts where the HPV virus can cause cancer, besides the female cervix?"
ID_VL_Eng_Uga_9E2A7324,Eng_Uga,B_reranking_failure,0.14107913669064748,0.14107913669064748,0.5791304347826087,0.6803791469194314,21,36,45,When should I get a Chlamydia test?
ID_VL_Eng_Uga_949CD8D4,Eng_Uga,C_recall_failure,0.14110169491525423,0.11436363636363636,0.15200000000000002,0.19211538461538463,46,51,71,"Between Syphilis and Gonorrhea, which one is more dangerous?"
ID_VL_Aka_Gha_43B409EF,Aka_Gha,C_recall_failure,0.14111627906976743,0.16818181818181818,0.1698360655737705,0.19445255474452555,52,53,71,"Mɛyɛ dɛn atumi ne ɔpanyin bi a megye no adi akasa afa GBV ho a mente nka sɛ wɔabu no atɛn anaasɛ m’ani awu? (nnipa a wɔbɛboa wɔn, nkitahodi ho nimdeɛ a wɔde sua) ."
ID_VL_Aka_Gha_3E75C3B4,Aka_Gha,C_recall_failure,0.1411842105263158,0.14147058823529413,0.15488372093023256,0.19353846153846152,63,34,76,Akwan bɛn na yɛbɛfa so ahyɛ awoɔ nhyehyɛeɛ apɔwmuden mu den na y'asi ɛho yareɛ ano kwan?
ID_VL_Lug_Uga_88A5FA0D,Lug_Uga,B_reranking_failure,0.1412213740458015,0.74,0.74,0.74,1,24,52,Omuntu atalina Kawuka akaleeta Siriimu asobola okusiigibwa oyo akalina?
ID_VL_Eng_Gha_6F5842C3,Eng_Gha,C_recall_failure,0.14122137404580154,0.2755862068965518,0.2755862068965518,0.2755862068965518,0,16,43,What are the ethical considerations involved in providing adolescents with access to information about sexual and reproductive health?
ID_VL_Aka_Gha_C0398710,Aka_Gha,C_recall_failure,0.14127272727272727,0.19865771812080538,0.24348387096774193,0.24348387096774193,9,29,61,"Dɛn ne intanɛt ne ""digital"" abrabɔ pa, na dɛn nti na ɛho hia wɔ mmabun nna ne awo akwahosan ho?"
ID_VL_Eng_Gha_40EF3935,Eng_Gha,C_recall_failure,0.14134831460674158,0.11436363636363636,0.1904950495049505,0.1904950495049505,17,3,56,How can taking care of your health before pregnancy—like managing medical conditions and eating well—affect the risks you might face during pregnancy?
ID_VL_Aka_Gha_E2D9DE5D,Aka_Gha,C_recall_failure,0.14134831460674158,0.19304347826086957,0.22394736842105262,0.22394736842105262,19,1,62,Wubetumi aka sɛnea yɛn abusua no gyinapɛn ahorow asiesie wo gyinaesi ahorow a ɛfa nna mu akwahosan ne abusuabɔ ho no ho nhwɛso ahorow bi akyerɛ me?
ID_VL_Aka_Gha_3602F8AC,Aka_Gha,C_recall_failure,0.1414705882352941,0.1316949152542373,0.15222857142857144,0.15653846153846152,61,20,82,"Mbabun a asiane anaa ɔtan bi betumi ato wɔn no, kwan bi wɔ hɔ a yebetumi apa wɔn kokoamsɛm asɛm mu a yɛnkora so koraa?"
ID_VL_Lug_Uga_AB0B4CC5,Lug_Uga,D_weak_pool,0.14151394422310756,0.30417177914110427,0.30417177914110427,0.30417177914110427,0,1,48,Kisipi akwata Ebitundu by'ekyama ayinza kubinjawazibwa atya?
ID_VL_Lug_Uga_16476E3F,Lug_Uga,B_reranking_failure,0.14156521739130434,0.74,0.74,0.74,0,33,56,Akawuka akaleeta Siriimu kasobola okusiigibwa mu mitendera egisooka oluvannyuma lw'okukwatibwa Akawuka?
ID_VL_Lug_Uga_CC0243C6,Lug_Uga,B_reranking_failure,0.1415884476534296,0.24544554455445544,0.74,0.74,8,8,44,Luvannyuma lwa bbanga ki akaweke k'okumakya (P2) lwe kayinza okukozesebwa ne kasigala nga kakola bulungi?
ID_VL_Eng_Ken_68AB80EA,Eng_Ken,C_recall_failure,0.14160493827160495,0.2004166666666667,0.2167676767676768,0.2167676767676768,15,2,38,Can I breastfeed my baby?
ID_VL_Eng_Ken_1634725B,Eng_Ken,B_reranking_failure,0.14170212765957446,0.14170212765957446,0.74,0.74,8,0,57,Is the risk of HIV transmission only limited to homosexuals?
ID_VL_Eng_Gha_66124AB4,Eng_Gha,C_recall_failure,0.14170212765957446,0.21724770642201832,0.22199999999999998,0.22199999999999998,6,2,35,"How can safe spaces and support groups promote self-expression, creativity, and personal growth for adolescents living with disability"
ID_VL_Eng_Gha_08E895D7,Eng_Gha,C_recall_failure,0.14170212765957446,0.25208791208791204,0.25208791208791204,0.25208791208791204,0,2,38,"Can adolescents receive real-time support through online crisis intervention services, such as chat or instant messaging?"
ID_VL_Aka_Gha_D9F195D0,Aka_Gha,C_recall_failure,0.14170212765957446,0.1275862068965517,0.14170212765957446,0.15333333333333332,51,9,65,Mɛyɛ dɛn asiesie me pia mu ma nna pa bere a mere nyin no?
ID_VL_Eng_Uga_FDAB3441,Eng_Uga,B_reranking_failure,0.14187969924812027,0.74,0.74,0.74,1,16,45,How can I manage the effects of hormonal changes on my body and emotions during puberty?
ID_VL_Eng_Gha_9F8CC29F,Eng_Gha,C_recall_failure,0.14191780821917807,0.18282352941176472,0.18282352941176472,0.18686868686868685,23,0,50,"What are some common examples of stigma and discrimination faced by adolescents seeking sexual and reproductive healthcare, and how can they be addressed?"
ID_VL_Aka_Gha_DC96925E,Aka_Gha,C_recall_failure,0.1419178082191781,0.17238636363636364,0.18409756097560975,0.19185185185185183,29,17,73,So akwan anaa dwumadi ahorow bi wɔ hɔ a m’abusua betumi abom ayɛ de ama yɛn adwenemyare ahorow atu mpɔn na ahyɛ yɛn abusuabɔ mu den?
ID_VL_Swa_Ken_B3952193,Swa_Ken,B_reranking_failure,0.1419178082191781,0.16444444444444442,0.74,0.74,5,25,65,"Je, kiwango cha virusi kisichoonekana kinamaanisha nini?"
ID_VL_Eng_Ken_1E43FBD2,Eng_Ken,B_reranking_failure,0.1419767441860465,0.21904,0.74,0.74,5,32,48,"My parents might get tough if I turn out positive with HIV, what should I do if I fear getting tested?"
ID_VL_Lug_Uga_C26E2706,Lug_Uga,B_reranking_failure,0.142020202020202,0.74,0.74,0.74,0,16,70,Lufumo ki olusinga okuba olw'ekiralu lwe wali owulidde ku Buwuka obuleeta Obulwadde bw'Ekikaba?
ID_VL_Eng_Gha_3240D7A1,Eng_Gha,C_recall_failure,0.142020202020202,0.20056074766355142,0.20056074766355142,0.20056074766355142,3,0,50,Is it normal to feel insecure or unsure of myself during adolescence?
ID_VL_Eng_Gha_ADAA44CA,Eng_Gha,C_recall_failure,0.14207999999999998,0.18025641025641023,0.18025641025641023,0.18025641025641023,2,1,51,What role does body language and nonverbal communication play in conveying confidence and assertiveness when discussing sensitive topics like sexual health?
ID_VL_Eng_Gha_FFA623D0,Eng_Gha,C_recall_failure,0.14211920529801325,0.14211920529801325,0.14563829787234042,0.1670967741935484,20,16,63,How can I take care of my reproductive health?
ID_VL_Eng_Gha_DCB51C53,Eng_Gha,C_recall_failure,0.14214689265536723,0.20966666666666667,0.20966666666666667,0.20966666666666667,1,2,42,"How are ethical considerations addressed when designing research studies that involve sensitive topics such as sexual behavior, contraception, or STIs?"
ID_VL_Swa_Ken_DA143A47,Swa_Ken,C_recall_failure,0.14218340611353714,0.2084507042253521,0.2084507042253521,0.22424242424242424,20,15,66,Ni hatua gani ninaweza kuchukua ili kulinda zote mbili mimi na wale walio karibu nami kutoka kwa Virusi Vya Ukimwi?
ID_VL_Eng_Gha_4A4B5563,Eng_Gha,C_recall_failure,0.14222841225626742,0.205979381443299,0.2060227272727273,0.2060227272727273,12,21,40,"How do I use each type of contraception correctly and effectively? (specific instructions for pills, condoms, etc.)"
ID_VL_Aka_Gha_FFD0F9D5,Aka_Gha,C_recall_failure,0.1423076923076923,0.18093406593406594,0.18093406593406594,0.18093406593406594,3,3,73,"Dɛn ne akwan horow bi a mmabun betumi afa so aka wɔn ahye ho asɛm pefee na wɔahwehwɛ pene wɔ Intanɛt so nkitahodi mu, a nea ɛka ho ne kasa a emu da hɔ a wɔde bedi dwuma, wɔne onipa foforo no akɔhwɛ, na wɔabu wɔn ahofadi?"
ID_VL_Lug_Uga_4269C28C,Lug_Uga,C_recall_failure,0.1423076923076923,0.1423076923076923,0.1423076923076923,0.1423076923076923,0,48,57,Kirungi okubuuza omusawo wange ku bulamu bw’okwegatta?
ID_VL_Lug_Uga_58274E80,Lug_Uga,B_reranking_failure,0.14256880733944954,0.74,0.74,0.74,7,8,71,Abantu bakwatibwa Kawuka kaleeta Siriimu kokka okuyita mu kwegatta?
ID_VL_Aka_Gha_13D5F2F7,Aka_Gha,C_recall_failure,0.1426181818181818,0.2747524752475248,0.2747524752475248,0.2747524752475248,1,2,61,"Mɛyɛ dɛn ahwɛ ahu sɛ m’afotu nhyiam ahorow no yɛ kokoamsɛm, na dɛn ne hokwan ahorow a mewɔ wɔ asumasɛm ne kokoamsɛm ho?"
ID_VL_Eng_Gha_B88E830F,Eng_Gha,C_recall_failure,0.14265060240963853,0.1901388888888889,0.1901388888888889,0.1901388888888889,3,15,53,What should adolescents do if they miss a dose of PrEP or have concerns about adherence?
ID_VL_Lug_Uga_5820B3F2,Lug_Uga,C_recall_failure,0.14265060240963856,0.14265060240963856,0.1509452736318408,0.16946564885496182,60,3,69,Kituufu okulumizibwa mu kwegatta kabonero ka Buwuka obukwata Omuyitiro gw'omusulo oba Obuwuka obuleeta Obulwadde bw'Ekikaba?
ID_VL_Swa_Ken_C7F4F4F9,Swa_Ken,D_weak_pool,0.14269058295964127,0.25656934306569346,0.2938235294117647,0.351231884057971,64,27,69,"Je, inachukuliwa kuwa hitimisho iwapo mtu atapimwa kuwa na virusi vya ukimwi?"
ID_VL_Lug_Uga_D5F0FB6A,Lug_Uga,C_recall_failure,0.14271428571428568,0.14271428571428568,0.14271428571428568,0.15061946902654869,54,19,68,"Nkola ki ez'okwetangira ze nsobola okukozesa okwewala okukwatibwa endwadde endala, naddala nga nnina Akawuka akaleeta Siriimu?"
ID_VL_Swa_Ken_9D1B83DF,Swa_Ken,B_reranking_failure,0.1427142857142857,0.2432167832167832,0.74,0.74,6,2,49,"Ni jinsia gani inakabiliwa na uwezekano mkubwa wa kuambukizwa, wasichana au wavulana?"
ID_VL_Aka_Gha_BC67F831,Aka_Gha,C_recall_failure,0.14271428571428574,0.2075907590759076,0.2075907590759076,0.22162436548223352,51,30,63,Mɛyɛ dɛn atumi anya mmoa efi mpɔtamfoɔ hɔ sɛ ɔbabun a ɔwɔ dɛmdi?
ID_VL_Aka_Gha_6DB99102,Aka_Gha,C_recall_failure,0.14274111675126905,0.1773271889400922,0.1773271889400922,0.20391111111111113,42,26,63,"Susu nhwehwɛmu akwan ahorow, ho a kɔkoam ayaresabea ne ofie nhwehwɛmu (sɛ ɛwɔ hɔ a) ka ho."
ID_VL_Aka_Gha_E4347D51,Aka_Gha,C_recall_failure,0.14280701754385966,0.15398843930635836,0.1963265306122449,0.1963265306122449,5,27,66,Mɛyɛ dɛn bere a me ho asɛe?
ID_VL_Aka_Gha_7412B293,Aka_Gha,C_recall_failure,0.14295454545454545,0.17333333333333334,0.21946768060836497,0.21946768060836497,19,3,67,"Dwuma bɛn na ahye di wɔ atipɛnfo nhyɛso a enye a wɔko tia mu, na mɛyɛ dɛn atumi de asi hɔ na makura mu?"
ID_VL_Eng_Ken_DABF984E,Eng_Ken,B_reranking_failure,0.14295454545454545,0.1829213483146067,0.74,0.74,5,1,52,Can HIV really kill?
ID_VL_Swa_Ken_D89462E8,Swa_Ken,B_reranking_failure,0.14302521008403363,0.14302521008403363,0.74,0.74,15,5,65,"Je, nitachukua muda gani PrEP kama nina Ukimwi?"
ID_VL_Eng_Gha_EE33688D,Eng_Gha,C_recall_failure,0.14302521008403363,0.16914285714285715,0.2090076335877863,0.21827338129496404,26,17,54,"How can I use ""I"" statements and assertive language to communicate my needs, preferences, and boundaries in sexual situations?"
ID_VL_Eng_Gha_9561C813,Eng_Gha,C_recall_failure,0.14306666666666668,0.14306666666666668,0.1926027397260274,0.1926027397260274,7,4,51,"How do sexual assault laws protect individuals against various forms of sexual violence, including rape, sexual harassment, and coercion?"
ID_VL_Eng_Uga_9342A09F,Eng_Uga,B_reranking_failure,0.1432258064516129,0.74,0.74,0.74,2,25,44,As a woman should I also get treatment for Syphilis?
ID_VL_Eng_Gha_25B8A42F,Eng_Gha,C_recall_failure,0.1432258064516129,0.17133004926108375,0.17133004926108375,0.18887029288702928,29,3,51,"How can I use digital tools or apps to track my mood, emotions, and mental health symptoms?"
ID_VL_Eng_Uga_A7CDE143,Eng_Uga,C_recall_failure,0.1432258064516129,0.11237037037037037,0.17759999999999998,0.17759999999999998,19,35,59,"Are there risk factors for getting HIV?, please answer in detail."
ID_VL_Swa_Ken_BE153187,Swa_Ken,C_recall_failure,0.1432258064516129,0.1432258064516129,0.1432258064516129,0.17814814814814817,46,30,54,"Je, kipimo cha virusi vya ukimwi kinaweza kugundua virusi mara moja?"
ID_VL_Lug_Uga_87A37F10,Lug_Uga,B_reranking_failure,0.1432258064516129,0.74,0.74,0.74,0,24,60,Abantu abamira eddagala ly'Akawuka akaleeta Siriimu bafuna obuzibu bwonna ku bulamu bwabwe?
ID_VL_Aka_Gha_D0A44432,Aka_Gha,C_recall_failure,0.14322580645161292,0.14322580645161292,0.1596078431372549,0.2044736842105263,54,0,72,Ɔkwan bɛn so na kɔndɔm boa ma asiane a ɛwɔ hɔ sɛ obi benya STI ne HIV bere a ɔne obi reda no so tew?
ID_VL_Eng_Gha_727716EC,Eng_Gha,C_recall_failure,0.14322580645161292,0.22255639097744362,0.22255639097744362,0.22255639097744362,0,0,59,"How can adolescents use their entrepreneurial skills and experiences to address social, environmental, or health challenges in their communities and make a positive impact on society?"
ID_VL_Aka_Gha_CF8EBC5A,Aka_Gha,C_recall_failure,0.14322580645161292,0.2365986394557823,0.2365986394557823,0.2365986394557823,2,12,68,Ɔkwan bɛn so na awofoɔ ne abusuafɔ betumi adi wɔn ankasa animhwɛ ne adwene a ɛnteɛ a wɔwɔ wɔ gender ho nna ne mu akɔnnɔ ho dwuma?
ID_VL_Eng_Ken_7F4D908C,Eng_Ken,C_recall_failure,0.1433201581027668,0.2332608695652174,0.24365853658536585,0.2459214501510574,33,9,46,How to tell my partner am HIV positive?
ID_VL_Swa_Ken_DC57546D,Swa_Ken,B_reranking_failure,0.14337499999999997,0.74,0.74,0.74,3,6,68,"Je, unaweza kueleza matokeo ninayoweza kukabiliana nayo nikipata virusi vya ukimwi?"
ID_VL_Aka_Gha_2031D750,Aka_Gha,C_recall_failure,0.1434361233480176,0.21893491124260356,0.23184549356223172,0.25029411764705883,24,19,64,Ɔkwan bɛn so na mmabun betumi de wɔn ho ahyɛ nsɛm ho amanneɛbɔ mu dwumadi ne nsɛm a wɔka de hyɛ nkurɔfo nkuran mu de ahyɛ nsusuaso bɔne a nna mu ɔbrasɛe de ba no ho nimdeɛ ho nkuran na wɔahyɛ nsɛm ho amanneɛbɔfo ananmusifo a asɛyɛde wom kɛse?
ID_VL_Eng_Uga_CDE918B3,Eng_Uga,B_reranking_failure,0.14358208955223878,0.74,0.74,0.74,2,6,66,Does taking HIV medication reduce the chance of passing HIV to a baby?
ID_VL_Eng_Gha_7F53A88E,Eng_Gha,D_weak_pool,0.14362869198312236,0.19676300578034683,0.36767295597484284,0.36767295597484284,11,0,44,Is it normal to have acne during puberty?
ID_VL_Swa_Ken_20DDA0FF,Swa_Ken,B_reranking_failure,0.14366300366300366,0.24395604395604395,0.74,0.74,9,0,57,Ni nini chanzo kikuu cha virusi vya ukimwi/UKIMWI?
ID_VL_Eng_Gha_5DAE1201,Eng_Gha,C_recall_failure,0.1436893203883495,0.17391705069124425,0.2516,0.2516,13,20,51,How can I say no to sex if my partner is pressuring me?
ID_VL_Aka_Gha_5A0CDD7C,Aka_Gha,D_weak_pool,0.1436893203883495,0.34306513409961686,0.34306513409961686,0.34306513409961686,3,27,57,Dɛn ne kɔkɔbɔ sɛnkyerɛnne ahorow bi a ɛkyerɛ sɛ obi wɔ abusuabɔ a enni  apɔwmuden anaa ayayade mu?
ID_VL_Eng_Gha_CDFB4DB9,Eng_Gha,C_recall_failure,0.1436893203883495,0.14627906976744184,0.2282978723404255,0.2282978723404255,9,6,59,How can adolescents balance the need for social connectedness with the importance of self-care and alone time to maintain mental health and prevent burnout?
ID_VL_Eng_Uga_35BA9357,Eng_Uga,B_reranking_failure,0.14368932038834953,0.14368932038834953,0.74,0.74,9,22,56,Which HIV-related symptoms should not be ignored?
ID_VL_Lug_Uga_0990A647,Lug_Uga,B_reranking_failure,0.14377142857142855,0.74,0.74,0.74,3,20,35,Ebibinja by'Omusujja gw'ekibumba ogwa B.
ID_VL_Lug_Uga_26996AAB,Lug_Uga,B_reranking_failure,0.14388888888888887,0.14388888888888887,0.74,0.74,7,1,68,Okukomolebwa kukutangira obutakwatibwa Siriimu oba akawuka akamuleeta?
ID_VL_Aka_Gha_0EA2622B,Aka_Gha,C_recall_failure,0.14388888888888887,0.1695833333333333,0.17955882352941177,0.20056074766355142,45,56,66,Ɛhe na metumi anya mmara mu afotu anaa mmoa pa sɛ mewɔ nsɛmmisa fa hokwan ahorow a mewɔ wɔ nyinsɛn mu ho a?
ID_VL_Eng_Gha_7BA24588,Eng_Gha,C_recall_failure,0.1438888888888889,0.1438888888888889,0.1438888888888889,0.1438888888888889,0,1,40,How does the crisis intervention program measure its impact on reducing the recurrence of sexual and reproductive health crises among adolescents?
ID_VL_Lug_Uga_8EE9581A,Lug_Uga,B_reranking_failure,0.1438888888888889,0.74,0.74,0.74,3,2,66,Nsobola okukwata ku muntu ne nfuna Kiramidiya?
ID_VL_Eng_Uga_92A54D04,Eng_Uga,B_reranking_failure,0.1440268456375839,0.1930434782608696,0.74,0.74,14,5,46,Do all individuals with HIV develop opportunistic infections?
ID_VL_Eng_Gha_BA3DF7FF,Eng_Gha,C_recall_failure,0.144070796460177,0.16305084745762713,0.1834710743801653,0.1834710743801653,17,10,59,"What are the key components of respectful relationships, and how do they relate to consent, communication, and boundaries?"
ID_VL_Eng_Gha_1578D709,Eng_Gha,C_recall_failure,0.144070796460177,0.1770940170940171,0.1912359550561798,0.23412429378531072,38,16,48,"How do cultural norms, values, and expectations influence adolescents' choices and opportunities related to livelihood skills development, and how can these factors be addressed to promote gender equality and social inclusion?"
ID_VL_Eng_Gha_56CE4B42,Eng_Gha,D_weak_pool,0.14415584415584418,0.3139393939393939,0.3139393939393939,0.3139393939393939,0,19,51,How can adolescents overcome barriers such as stigma or fear of judgment when accessing STI/HIV testing and treatment services?
ID_VL_Eng_Gha_9BDF90F2,Eng_Gha,C_recall_failure,0.14415584415584418,0.21863636363636363,0.21863636363636363,0.21863636363636363,4,0,66,"How can I access contraceptive services in a way that is inclusive, respectful, and supportive of my sexual reproductive health?"
ID_VL_Lug_Uga_1C453357,Lug_Uga,B_reranking_failure,0.14429999999999998,0.74,0.74,0.74,1,1,68,Osobola okwetangira Akawuka akaleeta Siriimu/Siriimu singa weegatta n’omuwala omuto?
ID_VL_Eng_Gha_EEDAA802,Eng_Gha,C_recall_failure,0.144390243902439,0.144390243902439,0.16465,0.16465,9,20,55,"How can adolescent living with disability use media platforms to share their own stories and experiences, and why is this important?"
ID_VL_Eng_Uga_83B0B35C,Eng_Uga,C_recall_failure,0.144390243902439,0.12267379679144386,0.12932038834951456,0.144390243902439,38,2,59,"How do I know that I have Gonorrhea?, please answer this using simple medical terms."
ID_VL_Eng_Eth_9F294A8B,Eng_Eth,B_reranking_failure,0.144390243902439,0.28645161290322574,0.4873170731707317,0.6367441860465116,29,0,49,"Is chlamydia curable, and how is it diagnosed and prevented?"
ID_VL_Eng_Gha_8EDEC44D,Eng_Gha,C_recall_failure,0.14449704142011835,0.11422818791946308,0.1358454106280193,0.14598639455782314,38,12,53,What are some examples of how disability affects people from diverse backgrounds?
ID_VL_Lug_Uga_1F878B32,Lug_Uga,B_reranking_failure,0.14449704142011835,0.74,0.74,0.74,4,11,65,Wakati w'omuwala n'omulenzi ani alina emikisa emingi egy'okukwatibwa Akawuka akaleeta Siriimu?
ID_VL_Eng_Gha_20F0156A,Eng_Gha,C_recall_failure,0.14453125,0.21006451612903226,0.21006451612903226,0.21006451612903226,3,2,48,Can adolescents receive information about preventing STIs during their visit to STI testing and treatment services?
ID_VL_Aka_Gha_6CD66193,Aka_Gha,C_recall_failure,0.14459770114942527,0.262803738317757,0.262803738317757,0.262803738317757,0,18,59,So akwahosan ho adwumayɛfo betumi ayɛ ayaresa anaa nhwehwɛmu wɔ mmabun mu a wɔmpene so?
ID_VL_Eng_Uga_D105C8D6,Eng_Uga,C_recall_failure,0.1445977011494253,0.15310344827586203,0.21764705882352942,0.22089552238805968,23,0,56,Can I get HIV if an HIV-infected person coughs or sneezes near me?
ID_VL_Aka_Gha_C6A7EE39,Aka_Gha,C_recall_failure,0.14478260869565218,0.18500000000000003,0.1968807339449541,0.1968807339449541,6,21,75,Dɛn ne ahye a ɛfata a ɛsɛ sɛ wɔde si hɔ wɔ abusuabɔ a wɔne nnipa a wɔwɔ nna mu osuahu ahorow gu ahorow mu?
ID_VL_Eng_Eth_177D6E7E,Eng_Eth,C_recall_failure,0.14478260869565218,0.23680000000000004,0.23680000000000004,0.23680000000000004,3,35,45,Is there stages syphilis?
ID_VL_Eng_Gha_84F2FD0F,Eng_Gha,C_recall_failure,0.14486772486772487,0.16789915966386554,0.18186440677966098,0.18760563380281692,50,0,56,"How do laws protect minors from sexual violence, exploitation, and grooming by adults, peers, or authority figures, and what resources are available to minors who experience abuse or coercion?"
ID_VL_Aka_Gha_060EDF5B,Aka_Gha,C_recall_failure,0.1450980392156863,0.1660487804878049,0.17590163934426228,0.17597560975609755,32,3,59,Dɛn ne akwan horow bi a wɔfa so yɛ tebea horow a ɛka obiara ho na ɛboa mmabun nna ho?
ID_VL_Aka_Gha_79A28903,Aka_Gha,C_recall_failure,0.1450980392156863,0.24518072289156628,0.24518072289156628,0.24518072289156628,4,0,52,"Sɛ meyɛ nhwehwɛmu hu sɛ mewɔ nna mu yareɛ (STI ) a, dɛn na ɛsɛ sɛ meyɛ?"
ID_VL_Eng_Uga_19B814FC,Eng_Uga,C_recall_failure,0.1452760736196319,0.13293413173652693,0.16635658914728682,0.19775862068965513,38,37,60,How can I talk to a teenage boy about the risks of sex with an older partner who is living with HIV without annoying him?
ID_VL_Eng_Gha_750565F5,Eng_Gha,C_recall_failure,0.14535714285714285,0.21676767676767678,0.21676767676767678,0.21676767676767678,3,1,62,What is the role of nutrition in adolescent sexual and reproductive health?
ID_VL_Eng_Gha_64D6DFBF,Eng_Gha,C_recall_failure,0.14547008547008547,0.20181818181818184,0.20181818181818184,0.20438095238095239,34,24,58,What are the legal consequences of not disclosing an STI diagnosis to sexual partners?
ID_VL_Eng_Gha_D7B00BDC,Eng_Gha,C_recall_failure,0.1455056179775281,0.23785714285714282,0.23785714285714282,0.23785714285714282,2,17,46,"What ethical considerations should social media influencers take into account when creating and sharing content related to ASRH, including issues of accuracy, sensitivity, inclusivity, and consent?"
ID_VL_Eng_Gha_48223120,Eng_Gha,C_recall_failure,0.14557377049180328,0.19697841726618703,0.19697841726618703,0.19697841726618703,0,2,55,"What are the consequences of not setting or enforcing boundaries in relationships, particularly in terms of my emotional well-being, self-respect, and personal safety?"
ID_VL_Aka_Gha_13432E61,Aka_Gha,C_recall_failure,0.14566929133858267,0.18930232558139537,0.18930232558139537,0.21605839416058398,69,3,72,"kwan bɛn so na m’adwene mu akwahosan betumi aka me ne me nnamfo, m’abusuafo, ne ɔdɔfo ntam abusuabɔ?"
ID_VL_Eng_Gha_5B62A8DF,Eng_Gha,C_recall_failure,0.1456692913385827,0.17594405594405596,0.2450955414012739,0.2450955414012739,9,2,53,What role does peer support and collaboration play in life skills education programs?
ID_VL_Aka_Gha_EB67146A,Aka_Gha,C_recall_failure,0.1456692913385827,0.19733333333333336,0.19733333333333336,0.19733333333333336,2,12,63,"Ɛbɛyɛ dɛn na obi atumi ahu sɛ ɔwɔ STI anaa HIV, na sɛ osusuw sɛ wanya bi a, anammɔn bɛn na ɛsɛ sɛ ɔyɛ?"
ID_VL_Swa_Ken_42F90F92,Swa_Ken,C_recall_failure,0.14569948186528497,0.20943396226415098,0.20943396226415098,0.24147368421052634,56,35,70,Kwa nini kwa sasa kuna hatua chache za kuzuia ngono kama vile kujizuia katika chuo kikuu ni chini 10%
ID_VL_Aka_Gha_DF57C59A,Aka_Gha,C_recall_failure,0.14569948186528497,0.20762589928057557,0.24481203007518798,0.24481203007518798,6,38,64,Ɔkwan bɛn so na awofo ne abusua mufo betumi abɛyɛ wɔn a wɔboa mmabun a wɔadi dɛm mpɔtam hɔfo na wɔakamfo wɔn hokwan ahorow?
ID_VL_Eng_Gha_0EAF04B5,Eng_Gha,C_recall_failure,0.14575757575757575,0.19240000000000002,0.19853658536585367,0.19853658536585367,8,1,51,What are some ways to establish boundaries in relationships that protect our mental health and promote healthy communication?
ID_VL_Eng_Eth_6502D6A2,Eng_Eth,C_recall_failure,0.14575757575757575,0.14575757575757575,0.14575757575757575,0.14575757575757575,0,0,52,"What are the signs of postpartum hemorrhage (PPH), and what is the immediate field response?"
ID_VL_Aka_Gha_BDF070AA,Aka_Gha,C_recall_failure,0.14575757575757578,0.20284263959390858,0.20284263959390858,0.25877300613496934,21,0,69,"So telehealth adwumayɛbea ahorow betumi de mmoa ama wɔ nyinsɛn ano aduru, STI nhwehwɛmu, nyinsɛn, ne nna mu apɔwmuden ho nsɛm ho?"
ID_VL_Swa_Ken_FA575CEA,Swa_Ken,B_reranking_failure,0.14583941605839415,0.24542713567839197,0.74,0.74,8,27,61,"Je, inawezekana kwa mtu yeyote kuambukizwa Ukimwi/UKIMWI kwa kubusiana?"
ID_VL_Eng_Gha_9FDDDE2E,Eng_Gha,C_recall_failure,0.14583941605839415,0.17358024691358026,0.2062295081967213,0.21527272727272725,24,11,62,Address the connection between mental well-being and healthy sexual development.
ID_VL_Swa_Ken_6AA415B5,Swa_Ken,B_reranking_failure,0.14591549295774647,0.74,0.74,0.74,1,0,74,Ni kipindi gani cha wakati kinahitajika na virusi ili kuenea?
ID_VL_Eng_Gha_AF5B8F47,Eng_Gha,C_recall_failure,0.14596330275229358,0.24753521126760564,0.24753521126760564,0.24753521126760564,4,2,55,"How can legal and policy frameworks support the integration of sexual and reproductive health services with other essential health services, such as HIV prevention and treatment, mental health support, and noncommunicable disease prevention?"
ID_VL_Swa_Ken_DE9205EA,Swa_Ken,B_reranking_failure,0.14598639455782314,0.74,0.74,0.74,0,17,48,"""Kutumia kondomu ndiyo njia mwafaka zaidi ya kupunguza hatari yako ya kuambukizwa Virusi Vya Ukimwi wakati wa kujamiiana."""
ID_VL_Swa_Ken_23F47A55,Swa_Ken,B_reranking_failure,0.14605263157894735,0.24666666666666667,0.74,0.74,7,6,56,UKIMWI ni nini?
ID_VL_Eng_Gha_5FBBF0B1,Eng_Gha,C_recall_failure,0.14605263157894738,0.17039473684210527,0.17329113924050632,0.19424999999999998,48,2,51,"Can you explain common media techniques, such as framing, stereotyping, sexualization, and normalization, used in media content related to sexual behaviors and reproductive health, and how they can influence adolescent attitudes, beliefs, and behaviors?"
ID_VL_Eng_Ken_DFE2C0A0,Eng_Ken,C_recall_failure,0.14617283950617285,0.23104072398190045,0.23104072398190045,0.23104072398190045,4,21,56,"During birth, how can one ensure her child is not infected with HIV?"
ID_VL_Eng_Gha_48B763D5,Eng_Gha,C_recall_failure,0.14660377358490567,0.23480769230769227,0.23480769230769227,0.23480769230769227,0,18,53,"How can learning about topics like puberty, contraception, and STIs affect our self-esteem and body image, and what are some strategies for managing any negative feelings that may arise?"
ID_VL_Aka_Gha_C0E3BEFD,Aka_Gha,C_recall_failure,0.14666666666666667,0.19782178217821783,0.19968253968253968,0.23102439024390242,49,44,66,"So yebetumi de botae ahorow asi yɛn ani so wɔ check-ins ho, te sɛ nsɛmti pɔtee bi ho nkitahodie a yɛbɛma ayɛ kɛse anaasɛ tumi a yɛde bedi ɔhaw ahorow ho dwuma na yɛabom asi gyinae yie?"
ID_VL_Eng_Gha_AA143CD8,Eng_Gha,C_recall_failure,0.14666666666666667,0.22719298245614034,0.22719298245614034,0.22719298245614034,2,11,46,How does cultural or societal attitudes towards consent and communication impact sexual interactions and relationships?
ID_VL_Swa_Ken_782351D9,Swa_Ken,C_recall_failure,0.14666666666666667,0.14693140794223825,0.21874213836477985,0.74,51,45,67,Ninaweza kujieleza jinsi gani bila kusababisha wasiwasi usiofaa?
ID_VL_Eng_Gha_EAAFE543,Eng_Gha,C_recall_failure,0.14672413793103448,0.18974358974358974,0.18974358974358974,0.1989247311827957,36,5,45,"How do cultural attitudes towards marriage, family planning, and pregnancy influence adolescent sexual and reproductive decision-making?"
ID_VL_Lug_Uga_BA533122,Lug_Uga,C_recall_failure,0.14677685950413225,0.14677685950413225,0.16531914893617022,0.16531914893617022,12,11,50,Kisipi akwata Ebitundu by'ekyama asobola okusiigibwa okuyita mu kwegatta okw'omu kamwa?
ID_VL_Eng_Gha_A08DD21B,Eng_Gha,C_recall_failure,0.14698630136986301,0.17411764705882354,0.17411764705882354,0.17411764705882354,4,22,53,"How do I recognize the signs and symptoms of sexual dysfunction, and when should I seek help from a healthcare provider?"
ID_VL_Eng_Uga_67F1698C,Eng_Uga,B_reranking_failure,0.14701986754966886,0.39936507936507937,0.74,0.74,43,2,47,"How do I get vaccinated for Herpes?, please answer in detail."
ID_VL_Eng_Ken_3818CFD3,Eng_Ken,B_reranking_failure,0.14705128205128207,0.74,0.74,0.74,4,8,58,What marks the transition from the second stage of HIV?
ID_VL_Aka_Gha_A0A04DC4,Aka_Gha,C_recall_failure,0.14708074534161492,0.16041958041958043,0.1667032967032967,0.17939393939393938,39,63,76,Nkrasɛm pa a yebetumi aka afa nna mu apomoden ho no bi ne dɛn?
ID_VL_Eng_Gha_D0421DFA,Eng_Gha,D_weak_pool,0.14718232044198892,0.23440993788819875,0.3896808510638298,0.3896808510638298,11,1,62,How can I say no to unwanted sexual advances in a clear and assertive way?
ID_VL_Eng_Gha_D43CDD6D,Eng_Gha,C_recall_failure,0.14722513089005235,0.1750207468879668,0.19614457831325302,0.19614457831325302,6,11,44,"What is sexual pleasure, and how can I explore and understand my own desires"
ID_VL_Eng_Gha_6A36AF18,Eng_Gha,C_recall_failure,0.14722513089005235,0.1601169590643275,0.16777327935222675,0.1696815286624204,34,19,59,"Are there specific challenges or risks associated with obtaining and giving consent in online environments, such as miscommunication, coercion, or pressure?"
ID_VL_Lug_Uga_6676CC75,Lug_Uga,B_reranking_failure,0.14728155339805826,0.12173160173160175,0.74,0.74,5,1,53,Bubonero ki obwoleka Kiramidiya mu baami n'abakyala?
ID_VL_Aka_Gha_DF465290,Aka_Gha,C_recall_failure,0.14733031674208144,0.2079881656804734,0.24270096463022506,0.25899999999999995,41,25,69,"Nnyinasosɛm titiriw bɛn na ɛwɔ sikasɛm nhyehyɛe a etu mpɔn mu, na ɔkwan bɛn so na mmabun betumi ayɛ wɔn sika a wobenya ho nhyehyɛe de ayɛ sikakorabea de adi kan?"
ID_VL_Aka_Gha_D605E770,Aka_Gha,C_recall_failure,0.14743295019157088,0.1604819277108434,0.19146853146853143,0.19146853146853143,18,15,61,"Ɔkwan bɛn so na dijitaal akwan ne mfiridwuma nya ɔkwan, a mmabun fa so nya nsɛm, kyɛ, na wɔde di dwuma no so nkɛntɛnso?"
ID_VL_Eng_Gha_D7C4FE9C,Eng_Gha,C_recall_failure,0.1475083056478405,0.19790697674418606,0.25860215053763436,0.25860215053763436,14,9,50,"How can adolescents challenge and resist gender-based discrimination, sexism, and misogyny in their communities, schools, and social circles, and promote greater gender equality and inclusivity?"
ID_VL_Eng_Gha_22498F66,Eng_Gha,C_recall_failure,0.14799999999999996,0.1906748466257669,0.20780821917808218,0.23424460431654673,31,10,49,"What are the potential risks and consequences of uncritical media consumption in peer interactions, such as misinformation, cyberbullying, peer exclusion, and social comparison?"
ID_VL_Lug_Uga_923B7820,Lug_Uga,C_recall_failure,0.148,0.148,0.148,0.148,0,41,50,Okukomolebwa kw'abaami kusobola okunkuuma obutafuna Kisipi akwata Ebitundu by'ekyama?
ID_VL_Aka_Gha_CAC5B68C,Aka_Gha,C_recall_failure,0.148,0.23689768976897688,0.23689768976897688,0.2659375,45,1,58,"Ɔkwan bɛn so na ASRH nhyehyɛe ahorow betumi adi nnipa ne osuahu ahorow a ɛda ntam, a abusuakuo, mmusuakuw, nyamesom, nna ho akɔnnɔ, ne asetra mu sikasɛm tebea ka ho ho dwuma, de ahyɛ ɔhwɛ a ɛka obiara ho na ɛfata wɔ amammerɛ mu ama mmabun nyinaa ho nkuran?"
ID_VL_Eng_Eth_F8999246,Eng_Eth,C_recall_failure,0.148,0.148,0.18836363636363634,0.19240000000000002,26,17,53,"I have an itch, but no discharge. Should I still worry about an infection?"
ID_VL_Eng_Gha_ADA58417,Eng_Gha,D_weak_pool,0.148,0.30081300813008127,0.30081300813008127,0.30081300813008127,2,1,46,How can education on stereotypes and discrimination against adolescents living with disability promote empathy and understanding among peers and within communities?
ID_VL_Eng_Gha_2FD340C0,Eng_Gha,C_recall_failure,0.148,0.2527950310559006,0.2527950310559006,0.2527950310559006,0,6,38,What are the safest and healthiest ways for adolescent living with disability to explore their sexuality and desires?
ID_VL_Lug_Uga_62305D27,Lug_Uga,C_recall_failure,0.148,0.148,0.148,0.148,0,12,67,Kisoboka okubeera ne Kisipi okumala emyaka?
ID_VL_Amh_Eth_9E50AA42,Amh_Eth,C_recall_failure,0.14800000000000002,0.21142857142857147,0.21142857142857147,0.26428571428571423,24,16,47,የምች በሽታ በእርግዝና ወቅት አደገኛ ነው?
ID_VL_Eng_Ken_3F800385,Eng_Ken,C_recall_failure,0.14800000000000002,0.14800000000000002,0.16033333333333333,0.16033333333333333,16,43,45,Why Should All Pregnant Women Get Tested for HIV?
ID_VL_Eng_Eth_F4E559E5,Eng_Eth,B_reranking_failure,0.14800000000000002,0.14800000000000002,0.5074285714285715,0.5074285714285715,7,1,45,How can chlamydia be prevented?
ID_VL_Eng_Uga_96822E22,Eng_Uga,C_recall_failure,0.14800000000000002,0.16914285714285712,0.16914285714285712,0.16914285714285712,1,1,39,Can I talk to my parents about sex and STIs?
ID_VL_Eng_Eth_73991A47,Eng_Eth,C_recall_failure,0.14800000000000002,0.290379746835443,0.290379746835443,0.290379746835443,4,5,52,"My friends are forcing me to stay out late. If I tell my family, will they punish me?"
ID_VL_Amh_Eth_1E52D770,Amh_Eth,D_weak_pool,0.14800000000000002,0.31157894736842107,0.31157894736842107,0.31157894736842107,0,13,57,ልጃገረዶች የሴቶችን ኮንዶም በመጠቀም ራሳቸውን መከላከል ይችላሉ?
ID_VL_Lug_Uga_7DDAC1B6,Lug_Uga,C_recall_failure,0.14800000000000002,0.14800000000000002,0.18911111111111112,0.18911111111111112,50,24,63,Kyetaagisa maama alina Akawuka akaleeta Siriimu okukebeza omwana we Akawuka kano?
ID_VL_Eng_Gha_5844F9FC,Eng_Gha,C_recall_failure,0.14800000000000002,0.2336842105263158,0.2336842105263158,0.2336842105263158,0,0,43,What are some examples of successful initiatives or programs that have promoted gender equality and improved adolescent sexual and reproductive health outcomes?
ID_VL_Amh_Eth_F5C9B047,Amh_Eth,C_recall_failure,0.14800000000000002,0.14800000000000002,0.15269841269841267,0.15269841269841267,16,0,63,ሊድን በሚችል እና በሕክምና ብቻ ሊታገሥ (ሊቆጣጠሩት) በሚችል የአባላዘር በሽታ መካከል ያለው ዋናው ልዩነት ምንድን ነው?
ID_VL_Lug_Uga_C3B534DB,Lug_Uga,C_recall_failure,0.14800000000000002,0.2775,0.296,0.296,14,46,63,Nkyasobola okucakalako ne mikwano gyange singa mbeera nnina Obuwuka obuleeta Obulwadde bw'Ekikaba?
ID_VL_Eng_Uga_75F8E3A8,Eng_Uga,B_reranking_failure,0.14800000000000002,0.74,0.74,0.74,1,37,57,"What are the safe sex practices when you have Trichomoniasis?, please answer this using simple medical terms."
ID_VL_Eng_Gha_DF70FB2A,Eng_Gha,C_recall_failure,0.14800000000000002,0.15310344827586206,0.185,0.185,9,5,56,"What strategies are effective in engaging governments, policymakers, and donors in supporting and funding global initiatives for ASRH, including advocacy for increased investment and resource allocation?"
ID_VL_Lug_Uga_32F8DBAB,Lug_Uga,C_recall_failure,0.14843657817109143,0.13142857142857145,0.2142105263157895,0.22512676056338027,52,12,66,Kisoboka okufuna Akawuka akaleeta Siriimu/Siriimu nga mbadde mu mbeera eyinza okunviirako okumufuna omulundi gumu?
ID_VL_Aka_Gha_8BABCE3B,Aka_Gha,C_recall_failure,0.14859437751004012,0.1990151515151515,0.1990151515151515,0.1990151515151515,2,7,63,Dɛn ne nna mu ɔhaw na dɛn na ɛbɛtumi de aba?
ID_VL_Aka_Gha_BFDDC3D9,Aka_Gha,C_recall_failure,0.14866071428571428,0.19067484662576686,0.2531578947368421,0.2531578947368421,18,4,63,Mɛyɛ dɛn ahu sɛnkyerɛnne ahorow a ɛkyerɛ sɛ obi wɔ ayɔnkofa pa?
ID_VL_Aka_Gha_FFF9F585,Aka_Gha,C_recall_failure,0.14869158878504674,0.14063348416289592,0.14869158878504674,0.1677906976744186,67,6,68,"Nsunsuansoɔ bɛn na ebetumi aba sɛ wɔannkora apɔmuden mu asumasɛm so yie, ma mmabun ne apɔmuden adwumayɛfoɔ nyinaa?"
ID_VL_Aka_Gha_FEC21BBE,Aka_Gha,C_recall_failure,0.14880434782608695,0.20913043478260873,0.2168965517241379,0.2573913043478261,61,19,81,"So nnipa akuo pɔtee bi wɔ hɔ a wohyia nsɛnnennen soronko wɔ STI ahorow ano sie ho? (mmabun, nna ho adwumayɛfo, nnipa a wɔadi dɛm) ."
ID_VL_Eng_Uga_382B5B86,Eng_Uga,B_reranking_failure,0.14893081761006288,0.74,0.74,0.74,0,5,43,What are hormones?
ID_VL_Aka_Gha_8FB5D27B,Aka_Gha,C_recall_failure,0.1489308176100629,0.1994326241134752,0.22403669724770647,0.22403669724770647,15,61,71,"Dɛn ne akwan bi a mɛfa so ama nkurɔfo ate hokwan ahorow a wɔwɔ sɛ woyi nyinsɛn gu no ase na wɔatew animtiaabu so wɔ me mpɔtam hɔ? (nkyerɛkyerɛ ɔsatu ahorow, sohyial media so dwumadi ahorow) ."
ID_VL_Eng_Gha_F75D599F,Eng_Gha,C_recall_failure,0.14902777777777776,0.14902777777777776,0.1724271844660194,0.17378787878787877,34,3,54,"What are some common fears or concerns that people have about coming out, and how can they be addressed?"
ID_VL_Eng_Gha_C1836315,Eng_Gha,C_recall_failure,0.1491699604743083,0.2537142857142857,0.2537142857142857,0.2537142857142857,0,1,37,How can I communicate my sexual needs and desires to a partner?
ID_VL_Eng_Gha_93A74792,Eng_Gha,C_recall_failure,0.14919354838709675,0.26564102564102565,0.27073170731707313,0.2733333333333333,49,7,50,What types of sexual and reproductive health services should be accessible to adolescents?
ID_VL_Aka_Gha_369147EB,Aka_Gha,C_recall_failure,0.1492436974789916,0.2484671532846715,0.2688581314878893,0.2688581314878893,6,15,59,"Dɛn ne akwanside anaa haw a ɛtaa ba a mmabun betumi ahyia bere a wɔde wɔn ho bɛhyɛ nneyɛe a ɛma wosusuw nneɛma ho, te sɛ nneɛma a ɛtwetwe adwene, wɔn ho nsɛm a ɛnteɛ, fekubɔ mu ntotoho, anaa suro a wosuro sɛ wobebu wɔn atɛn, na ɔkwan bɛn so na wobetumi de boasetɔ, ne mmoa a efi ankorankoro a wogye wɔn di hɔ adi akwanside ahorow yi so?"
ID_VL_Aka_Gha_C3FE0183,Aka_Gha,C_recall_failure,0.14927038626609443,0.17685534591194965,0.2323255813953488,0.2323255813953488,9,37,74,Mɛyɛ dɛn atumi apɛ m’ankasa adwenemyare ho ahiade ahorow a mɛkamfo akyerɛ no mu berekro a meboa ɔbabun a ɔte ase a sebi wɔadi dɛm no nso?
ID_VL_Eng_Gha_23377BBC,Eng_Gha,C_recall_failure,0.1493577981651376,0.21061538461538462,0.2208955223880597,0.2208955223880597,5,4,51,Is it normal to feel embarrassed or shy when asking questions about sexual and reproductive health?
ID_VL_Aka_Gha_05000BC6,Aka_Gha,C_recall_failure,0.14935779816513764,0.1595625,0.1862251655629139,0.1862251655629139,9,12,60,"Dɛn ne akwanside akwan a wɔfa so siw nyinsɛn ano, na etu mpɔn sɛn wɔ nyinsɛn ne STI ahorow a wosiw mu?"
ID_VL_Eng_Gha_93E34C35,Eng_Gha,C_recall_failure,0.1494230769230769,0.2573913043478261,0.2573913043478261,0.2730097087378641,43,7,46,What barriers do adolescents face in accessing sexual and reproductive health services?
ID_VL_Eng_Gha_C74CC890,Eng_Gha,C_recall_failure,0.1494581280788177,0.2324187725631769,0.2324187725631769,0.2558364312267658,37,16,60,"What mechanisms exist for monitoring and evaluating the implementation of sexual and reproductive health laws and policies at the national and regional levels, and how can adolescents and civil society organizations contribute to accountability efforts?"
ID_VL_Eng_Gha_561C9210,Eng_Gha,C_recall_failure,0.1496629213483146,0.20313725490196077,0.2673949579831933,0.2673949579831933,9,4,47,What should I do if someone violates my body autonomy or makes me feel uncomfortable?
ID_VL_Eng_Uga_F7FF88D4,Eng_Uga,B_reranking_failure,0.1496629213483146,0.74,0.74,0.74,5,4,50,"Explain chlamydia to me., please answer in detail."
ID_VL_Eng_Uga_F8170EBF,Eng_Uga,C_recall_failure,0.1496629213483146,0.10215488215488215,0.1751333333333333,0.1751333333333333,6,17,55,What are the different types of contraceptives?
ID_VL_Eng_Gha_3DEFA849,Eng_Gha,C_recall_failure,0.149873417721519,0.15792682926829268,0.15857142857142856,0.16650000000000004,20,34,71,"What are some common drugs that are used to facilitate sexual assaults, and how do they affect a person's ability to consent and resist unwanted advances?"
ID_VL_Lug_Uga_FD053963,Lug_Uga,B_reranking_failure,0.14990353697749195,0.74,0.74,0.74,0,0,72,Bintu ki ebisalawo oba kiba kya bulamu eri abavubuka okwenyigira mu bikolwa eby’okwegatta?
ID_VL_Aka_Gha_B20DCB6E,Aka_Gha,C_recall_failure,0.14991379310344827,0.19968253968253968,0.2553521126760563,0.2553521126760563,6,10,70,"Ɔkwan bɛn so na mmeae a ahobammɔ ""safe space"" wɔ ne mmoa akuw ma hokwan ahorow a wɔde bɛkyekye ""building"" adamfofa ne asetra mu nkitahodi wɔ mmabun a woadi dɛm mpɔtam hɔ no mu?"
ID_VL_Aka_Gha_21813D25,Aka_Gha,C_recall_failure,0.1499346405228758,0.15578947368421053,0.16496815286624203,0.17559322033898306,54,16,70,"Sɛ mmabun ne wɔn awofo adwene anaa afotu a ɛfa nsɛmti a ɛfa mmerantebere ne mmabaabere ho nhyia a, dɛn na ɛsɛ sɛ wɔyɛ?"
ID_VL_Eng_Uga_FDD4FF21,Eng_Uga,B_reranking_failure,0.1499346405228758,0.14695035460992908,0.74,0.74,14,28,69,How can HIV mess with someone’s health or energy?
ID_VL_Eng_Uga_816462CB,Eng_Uga,B_reranking_failure,0.1499346405228758,0.1499346405228758,0.74,0.74,24,10,64,What changes happen to your health when you have HIV?
ID_VL_Aka_Gha_37CC863B,Aka_Gha,C_recall_failure,0.1499346405228758,0.1499346405228758,0.1874025974025974,0.1874025974025974,6,2,71,Dwuma bɛn na aduan pa di wɔ mmabun nna ne awo akwahosan mu?
ID_VL_Lug_Uga_B18AD67D,Lug_Uga,B_reranking_failure,0.15,0.74,0.74,0.74,3,0,66,Akawuka akaleeta Siriimu kalina abantu nga bwe kabakwata tekalaga bubonero era babeera basobola okukasiiga abantu abalala?
ID_VL_Lug_Uga_1EAC41D9,Lug_Uga,C_recall_failure,0.15,0.15952095808383232,0.19078125,0.19078125,6,19,62,Kitegeeza ki okubeera n'Akawuka akaleeta Siriimu naye nga tolaga bubonero era nga tolwala?
ID_VL_Aka_Gha_4F77A665,Aka_Gha,C_recall_failure,0.15,0.21645000000000003,0.25529999999999997,0.25529999999999997,7,36,60,"Ɔkwan bɛn so na mede nnuro biara a wɔde siw nyinsɛn ano di dwuma yie? (akwankyerɛ pɔtee a ɛfa nnuro, kɔndɔm, ne nea ɛkeka ho)"
ID_VL_Eng_Gha_B048FAA1,Eng_Gha,C_recall_failure,0.15,0.15,0.15539999999999998,0.1592405063291139,28,25,52,What are some techniques for building rapport and establishing trust in relationships through communication during puberty?
ID_VL_Aka_Gha_C4536F1D,Aka_Gha,C_recall_failure,0.15014492753623188,0.2598809523809523,0.2598809523809523,0.2598809523809523,3,11,62,Dɛn ne nneɛma atitiriw a ɛwɔ sikasɛm ho nimdeɛ mu a ɛsɛ sɛ mmabun hu?
ID_VL_Eng_Gha_B576255E,Eng_Gha,C_recall_failure,0.15014492753623188,0.15014492753623188,0.17411764705882354,0.17411764705882354,8,1,42,"What are the connections between emotional regulation and mental health disorders, such as anxiety, depression, or borderline personality disorder?"
ID_VL_Aka_Gha_39820CFF,Aka_Gha,C_recall_failure,0.15018450184501847,0.16559440559440558,0.2204255319148936,0.2204255319148936,6,49,61,"Dɛn ne mmara kwan so nkyerɛase ahorow a ɛfa GBV ahorow te sɛ honam fam ayayade, nna mu ɔbrasɛe, anaa kɔmputa so ayayade ho? (nea ɛyɛ nsɛmmɔnedie a wɔbɛte ase) ."
ID_VL_Eng_Ken_C40D4874,Eng_Ken,B_reranking_failure,0.15037433155080215,0.30925373134328354,0.74,0.74,6,19,42,How long can I live if I contract HIV?
ID_VL_Eng_Uga_E67093A0,Eng_Uga,B_reranking_failure,0.15040650406504064,0.74,0.74,0.74,0,19,59,What difference does condom promotion make in lowering HIV risk?
ID_VL_Eng_Eth_BFBF397B,Eng_Eth,C_recall_failure,0.15050847457627117,0.24314285714285716,0.24314285714285716,0.28956521739130436,43,1,57,How can I report a case of physical abuse without revealing the girl's identity?
ID_VL_Eng_Gha_6929DE73,Eng_Gha,C_recall_failure,0.15050847457627117,0.161875,0.19304347826086957,0.19304347826086957,8,11,57,What are the benefits of seeking support from trusted adults or mental health professionals when navigating relationship challenges or social difficulties?
ID_VL_Amh_Eth_B5B453CA,Amh_Eth,C_recall_failure,0.1505084745762712,0.17411764705882352,0.21346153846153842,0.21346153846153842,14,40,43,ክላሚዲያ ሴቶች ልጅ እንዳይወልዱ ሊያደርግ ይችላል?
ID_VL_Eng_Eth_45F50C52,Eng_Eth,C_recall_failure,0.1505084745762712,0.1902857142857143,0.19968253968253968,0.24666666666666665,46,27,57,What is the difference between empowerment and simply providing resources?
ID_VL_Lug_Uga_F30EE4FE,Lug_Uga,B_reranking_failure,0.15061946902654866,0.74,0.74,0.74,0,10,48,"Ebitundu byange eby’ekyama bisiiwa, nnina Kisipi akwata Ebitundu by'ekyama?"
ID_VL_Aka_Gha_C8DCD19F,Aka_Gha,C_recall_failure,0.15078369905956113,0.1862251655629139,0.1862251655629139,0.19485207100591717,45,55,67,"Nneɛma bɛn na ɛsɛ sɛ misusuw ho bere a merepaw ɔkwan a wɔfa so siw nyinsɛn ano no, na mɛyɛ dɛn ahu nea ɛfata me?"
ID_VL_Eng_Gha_F945F2FD,Eng_Gha,C_recall_failure,0.150873786407767,0.150873786407767,0.185,0.185,9,3,60,How can adolescents cope with feelings of rejection or social exclusion in a way that preserves self-esteem and mental well-being?
ID_VL_Eng_Gha_C4CB294F,Eng_Gha,C_recall_failure,0.15092105263157893,0.1726666666666667,0.1726666666666667,0.1726666666666667,4,3,57,How can I respect and appreciate the cultural diversity of others as I navigate through puberty?
ID_VL_Eng_Gha_50521700,Eng_Gha,C_recall_failure,0.1510204081632653,0.13454545454545452,0.1510204081632653,0.16160919540229887,49,27,58,"What are the potential risks and limitations of self-defense strategies in preventing sexual violence, and how can adolescents balance the need for self-protection with the importance of seeking help from trusted adults or authorities when necessary?"
ID_VL_Eng_Gha_FEBEC0DB,Eng_Gha,C_recall_failure,0.15109947643979058,0.15109947643979058,0.2346341463414634,0.2346341463414634,12,2,61,How can I say no to unwanted sexual advances?
ID_VL_Aka_Gha_E3C43657,Aka_Gha,C_recall_failure,0.15121739130434783,0.15913978494623654,0.19016759776536313,0.2276923076923077,25,36,66,"Dɛn ne akwan foforo bi a wɔfa so di dwuma wɔ aman ahorow so de di nsɛmti a ɛho hia te sɛ pene, nna ho akɔnnɔ, ne ɔbarima ne ɔbea nna ho nkyerɛkyerɛ ho dwuma?"
ID_VL_Eng_Gha_C09CB506,Eng_Gha,C_recall_failure,0.15127071823204416,0.20706422018348625,0.23257142857142854,0.24252100840336133,29,11,51,"What strategies can be used to overcome cultural and linguistic barriers in sexual and reproductive health communication, such as providing multilingual resources, using culturally appropriate terminology, or employing interpreters or cultural brokers?"
ID_VL_Lug_Uga_39EC8CA1,Lug_Uga,B_reranking_failure,0.15136363636363637,0.74,0.74,0.74,0,0,75,Nafuna okulumizibwa omutwe okw’amaanyi nga mmaze okwegatta; kiyinza okuba nga kyekuusa ku Kawuka akaleeta Siriimu?
ID_VL_Eng_Gha_DD39D793,Eng_Gha,C_recall_failure,0.15156626506024096,0.21925925925925926,0.21925925925925926,0.21925925925925926,2,0,44,"How can adolescents access legal assistance and advocacy services, and what are the steps involved in seeking help during a crisis?"
ID_VL_Eng_Gha_38D77B9A,Eng_Gha,C_recall_failure,0.15179487179487178,0.24666666666666665,0.24666666666666665,0.24666666666666665,0,1,65,Discuss how pre-existing medical conditions or mental health concerns might impact contraceptive choices.
ID_VL_Amh_Eth_F1F8343E,Amh_Eth,C_recall_failure,0.15179487179487178,0.19999999999999996,0.19999999999999996,0.19999999999999996,1,5,55,ትሪኮሞኒያስስ  የሚመጣው በምንድን ነው፣ እንዴት ይተላለፋል እና ይታከማል?
ID_VL_Eng_Uga_2DE46E91,Eng_Uga,B_reranking_failure,0.15179487179487178,0.74,0.74,0.74,4,12,49,"Does Hepatitis B have symptoms?, please answer this using simple medical terms."
ID_VL_Lug_Uga_B7360C4F,Lug_Uga,B_reranking_failure,0.15187772925764192,0.74,0.74,0.74,1,4,66,Emirundi emeka gye nnina okukyusa engoye n’obugoye obw’omunda mu kiseera ky'okuvubuka?
ID_VL_Aka_Gha_85197FF4,Aka_Gha,C_recall_failure,0.15187772925764192,0.22978947368421052,0.22978947368421052,0.22978947368421052,0,4,72,So nhoma anaa nhomasua nneɛma bi wɔ hɔ a wokamfo kyerɛ mmabun na ama wɔasua nna ne awoɔ apɔwmuden ho ade pii?
ID_VL_Aka_Gha_5BE6128E,Aka_Gha,C_recall_failure,0.15193916349809886,0.16385714285714287,0.24419999999999997,0.24419999999999997,11,11,62,"Akwan bɛn so na metumi abɔ me ho ban afi nna mu ɔbrasɛe ""sexual abuse"" ho sɛ ɔbabun a wadi dɛm?"
ID_VL_Eng_Gha_700B5D5F,Eng_Gha,C_recall_failure,0.15199999999999997,0.15618090452261307,0.1816606498194946,0.22819383259911896,29,37,41,What is a healthy relationship with my body?
ID_VL_Lug_Uga_06843C86,Lug_Uga,B_reranking_failure,0.15200000000000002,0.74,0.74,0.74,3,42,71,Bintu ki ebiyinza okuyamba okwenkanyankaya ebirowoozo by'omuntu n'okuyambako ku nkyukakyuka mu mbeera ze mu kiseera ky'okuvubuka?
ID_VL_Aka_Gha_217D65A0,Aka_Gha,C_recall_failure,0.15205479452054793,0.16789915966386554,0.16789915966386554,0.16789915966386554,1,49,73,Kyerɛ mmaabun kwan wɔ sɛnea wobetumi anya adwune mu ɔyaresafo anaa ɔfotufo a ne ho akokwaw wɔ wɔn ahiade pɔtee mu ne nea wɔbɛhwɛ kwan wɔ ayaresa bere mu no ho.
ID_VL_Eng_Gha_B807D78A,Eng_Gha,C_recall_failure,0.15211111111111109,0.15211111111111109,0.16333333333333333,0.16333333333333333,8,9,44,How do employment rights differ for adolescents working in informal or precarious employment compared to those in formal employment?
ID_VL_Aka_Gha_ECE66FA2,Aka_Gha,C_recall_failure,0.1521111111111111,0.20216494845360825,0.20216494845360825,0.24666666666666667,32,35,88,"Nneɛma bi wɔ hɔ a ɛtumi si mmabun kwan ma wɔntumi nnya mmoa a ɛho hia wɔ berɛ a wɔresiesie wɔn ho (aftercare) no mu, na akwan bi nso wɔ hɔ a yɛbɛtumi afa so asiesie"
ID_VL_Lug_Uga_15F0EA19,Lug_Uga,C_recall_failure,0.1522633744855967,0.151609756097561,0.1522633744855967,0.74,59,37,68,Osobola okuwa obubaka obukwata ku katyabaga bw’okusaasaanya Akawuka akaleeta Siriimu ng’obeera wamu n’omuntu akalina?
ID_VL_Swa_Ken_9D9887BC,Swa_Ken,B_reranking_failure,0.15235294117647058,0.17232876712328765,0.74,0.74,6,3,46,"Je, inawezekana mtu kurithi magonjwa ya zinaa?"
ID_VL_Eng_Gha_F7315749,Eng_Gha,C_recall_failure,0.15235294117647058,0.13577981651376145,0.1681818181818182,0.2625806451612903,37,41,49,"How can we foster a sense of belonging and empowerment for adolescents with disabilities within their families, peer groups, and broader communities?"
ID_VL_Lug_Uga_6A18E5AF,Lug_Uga,C_recall_failure,0.15246231155778894,0.15246231155778894,0.15246231155778894,0.15246231155778894,2,15,50,Ddi lwe nsobola okuddamu okwekebeza okukakasa bwe nnyimiridde ku Kawuka akaleeta Siriimu?
ID_VL_Eng_Gha_D5CA69AB,Eng_Gha,C_recall_failure,0.1524848484848485,0.21511627906976746,0.2592700729927007,0.2592700729927007,11,1,46,"How do community-based organizations address cultural norms, values, and sensitivities related to sexuality and reproductive health within the communities they serve?"
ID_VL_Lug_Uga_9F2EBEFC,Lug_Uga,C_recall_failure,0.152625,0.17590163934426228,0.2051818181818182,0.2051818181818182,15,28,65,Nkola ntya singa nteebereza muganzi wange omuwala okuba n'Akawuka akaleeta Siriimu ate nga neegasse naye nga sseetangidde ekiro kya jjo?
ID_VL_Eng_Gha_692E07B6,Eng_Gha,C_recall_failure,0.152625,0.29106666666666664,0.29106666666666664,0.29106666666666664,0,3,58,"How can adolescents advocate for their right to access affordable, transparent, and inclusive financial services that meet their diverse needs and preferences?"
ID_VL_Aka_Gha_986F9025,Aka_Gha,C_recall_failure,0.152625,0.19437788018433183,0.23773755656108597,0.23773755656108597,9,6,64,"Sɛ ɔbabun bi yɛ nhwehwɛmu hu sɛ ɔwɔ nna mu yareɛ a, ayaresa bɛn na wobetumi apaw, na ɛhe na wobetumi anya ayaresa ho nhyehyɛe?"
ID_VL_Eng_Gha_238D6F44,Eng_Gha,C_recall_failure,0.1526984126984127,0.15524475524475526,0.1687719298245614,0.1834959349593496,34,7,62,"How can schools address common stressors and challenges that students face, such as academic pressure, social conflicts, or family issues?"
ID_VL_Aka_Gha_341EF40B,Aka_Gha,C_recall_failure,0.15282608695652172,0.17792349726775958,0.19782178217821783,0.2033587786259542,52,0,58,Dɛn nti na awoɔ mu nkwammoa ahorow sesa wɔ mmerantebere ne mmabaabere mu?
ID_VL_Eng_Gha_C4E7F7DD,Eng_Gha,C_recall_failure,0.15289256198347106,0.22641791044776122,0.22641791044776122,0.22641791044776122,0,4,56,"How can adolescents and their families access food assistance programs, such as SNAP (Supplemental Nutrition Assistance Program) or school meal programs?"
ID_VL_Aka_Gha_7337C599,Aka_Gha,C_recall_failure,0.15291512915129155,0.1694392523364486,0.1980923076923077,0.1980923076923077,9,54,65,"Ɛdeɛn na ɛsɛ sɛ meyɛ berɛ a mewɔ nna mu ho ansɛmbisa anaa m'adwene yɛ me nyaa ɛfa nnamudwuma kwan pa, a mentumi nka nkyerɛ m'awofoɔ mpo, anaasɛ wɔn a wɔhwɛ me so?"
ID_VL_Lug_Uga_798E175F,Lug_Uga,B_reranking_failure,0.15296089385474856,0.74,0.74,0.74,0,58,69,Nsonga ki eziyinza okuviirako omuntu alina Akawuka akaleeta Siriimu okuba nga akyakwatibwa endwadde zinnakigwanyizi?
ID_VL_Amh_Eth_D39E198B,Amh_Eth,C_recall_failure,0.15310344827586206,0.26909090909090916,0.26909090909090916,0.26909090909090916,1,2,52,"ዶክተሮች ""ወንዶች ያለ ምልክት እንኳን የአባላዘር በሽታዎችን ሊያስተላልፉ ይችላሉ?"" የሚለውን ጥያቄ እንዴት ያብራራሉ?"
ID_VL_Amh_Eth_74EFF545,Amh_Eth,C_recall_failure,0.15310344827586206,0.185,0.185,0.2368,61,9,74,ኤች አይ ቪ ካለባት አክስቴ ጋር የአልጋ መጋራት እና ከተመሳሳይ ሳህን መብላት እችላለሁ?
ID_VL_Swa_Ken_638E1388,Swa_Ken,C_recall_failure,0.15310344827586206,0.16754716981132073,0.17367346938775513,0.25145631067961166,33,8,54,“Ni salama kufanya ngono mara moja bila kutumia kondomu
ID_VL_Eng_Ken_2F4DD219,Eng_Ken,B_reranking_failure,0.15310344827586206,0.3594285714285714,0.481860465116279,0.481860465116279,8,1,37,How many deaths for women aged above 15 years?
ID_VL_Eng_Ken_940C3503,Eng_Ken,B_reranking_failure,0.15310344827586206,0.74,0.74,0.74,4,3,50,How do we know if we are HIV positive?
ID_VL_Eng_Ken_7D97AC0F,Eng_Ken,B_reranking_failure,0.15310344827586206,0.74,0.74,0.74,0,31,53,Can I date and marry if I have HIV?
ID_VL_Eng_Gha_D3F4A49B,Eng_Gha,C_recall_failure,0.15323232323232322,0.1563380281690141,0.24371257485029937,0.24371257485029937,7,10,45,"How can social protection programs be tailored to address the specific needs and vulnerabilities of marginalized or disadvantaged groups of adolescents, such as girls, refugees, migrants, disabled youth, or LGBTQ+ individuals?"
ID_VL_Eng_Gha_E7C225DA,Eng_Gha,C_recall_failure,0.15325443786982246,0.19064406779661017,0.24666666666666665,0.29820895522388063,21,7,47,"What types of contraceptives are available for adolescents, and how do they work to prevent pregnancy?"
ID_VL_Swa_Ken_6DB2B020,Swa_Ken,C_recall_failure,0.15325443786982249,0.2030827067669173,0.2030827067669173,0.2183606557377049,61,61,63,Unaweza kutoa taarifa juu ya dhana ya magonjwa nyemelezi?
ID_VL_Eng_Uga_A630AD9D,Eng_Uga,B_reranking_failure,0.15328571428571428,0.17551282051282052,0.74,0.74,8,2,67,Why is access to ARV medications important?
ID_VL_Eng_Ken_30A5648E,Eng_Ken,B_reranking_failure,0.15328571428571428,0.179295154185022,0.74,0.74,7,26,50,Is there a cure for HIV/AIDS?
ID_VL_Eng_Gha_5A304528,Eng_Gha,C_recall_failure,0.15333333333333332,0.21322033898305082,0.21322033898305082,0.22199999999999998,21,20,48,How can adolescents access trauma-informed care if they are uncomfortable discussing their experiences openly?
ID_VL_Eng_Gha_F05EEEFE,Eng_Gha,C_recall_failure,0.15341463414634146,0.20095846645367413,0.20095846645367413,0.21292452830188685,33,11,51,"How can partnerships between government agencies, healthcare providers, insurers, community organizations, and international donors contribute to expanding access to healthcare and health insurance for adolescents and promoting their economic empowerment and social inclusion?"
ID_VL_Eng_Ken_EAC80DA1,Eng_Ken,C_recall_failure,0.15341463414634146,0.15609374999999998,0.15609374999999998,0.18179930795847754,46,48,49,Is there truth to the claim that the sharing of all personal items can cause HIV/AIDS transmission?
ID_VL_Aka_Gha_FD5166E6,Aka_Gha,C_recall_failure,0.15341463414634146,0.27666666666666667,0.27666666666666667,0.27666666666666667,0,24,67,"Ɔkwan bɛn so na mmabun betumi ne mpanyimfo, ahyehyɛde ahorow, ne nhyehyɛeyɛfo ayɛ biako de ayɛ nhyehyɛe, ne nhyiam ahorow, a ɛde ahobammɔ, pɛyɛ, ne atɛntrenee di kan ma mpɔtam hɔfo nyinaa, titiriw wɔn a wɔato wɔn hintidua kɛse anaasɛ wɔyɛ mmerɛw kɛse wɔ basabasayɛ ho, na wɔde adi dwuma?"
ID_VL_Eng_Gha_A29319FA,Eng_Gha,D_weak_pool,0.15348148148148147,0.19116666666666665,0.20639455782312927,0.34109375,34,31,52,How do I recognize and avoid engaging with misinformation or harmful content about sexual and reproductive health online?
ID_VL_Eng_Gha_A5B5CDC2,Eng_Gha,C_recall_failure,0.1534814814814815,0.1566137566137566,0.1955440414507772,0.1955440414507772,5,2,49,"How can adolescents and their families enroll in health insurance programs and understand their rights, benefits, coverage limits, and out-of-pocket expenses?"
ID_VL_Swa_Ken_FB2B8B80,Swa_Ken,B_reranking_failure,0.15358490566037736,0.74,0.74,0.74,3,2,46,Ni hatua gani za kuzuia zinaweza kuchukuliwa ili kuepuka kuambukizwa kifua kikuu (TB)?
ID_VL_Eng_Gha_11536E99,Eng_Gha,C_recall_failure,0.15358490566037739,0.1722751322751323,0.1722751322751323,0.18385093167701866,24,0,55,How can I incorporate family planning into my overall reproductive life plan and goals for the future?
ID_VL_Aka_Gha_34F3193C,Aka_Gha,C_recall_failure,0.1536332179930796,0.18440894568690097,0.18741514360313316,0.1975,67,12,88,Kwan bɛn so na biribi tumi yɛ akwansidie ma obi faahodie a ɔwɔ sɛ ɔbɛ wo ho? Ma nhwɛsoɔ?
ID_VL_Eng_Uga_F374190D,Eng_Uga,B_reranking_failure,0.15369230769230768,0.74,0.74,0.74,2,19,57,I’m really afraid of my parents finding out if I tested positive for HIV; what should I do?
ID_VL_Aka_Gha_A6D964A3,Aka_Gha,C_recall_failure,0.1538613861386139,0.2340816326530612,0.2340816326530612,0.2340816326530612,3,27,61,"Adwene a mede si biribi so betumi aboa me ama m’adwene atu mpɔn na mede m’adwene asi biribi so, titiriw bere a wɔreyɛ sɔhwɛ anaa tebea horow a nhyɛso kɛse wom?"
ID_VL_Swa_Ken_C8C85AD6,Swa_Ken,B_reranking_failure,0.15395973154362416,0.74,0.74,0.74,0,9,63,"Je, inawezekana kwa saratani kuambukizwa kwa kujamiiana?"
ID_VL_Eng_Gha_7930BA20,Eng_Gha,C_recall_failure,0.15395973154362416,0.22348993288590602,0.22348993288590602,0.22348993288590602,2,5,60,"Are all STIs and HIV treatable, and what are the available treatment options?"
ID_VL_Eng_Gha_9C6D52D5,Eng_Gha,C_recall_failure,0.15416666666666665,0.15014492753623188,0.25705263157894737,0.25705263157894737,16,17,62,Can you explain the concept of enthusiastic consent?
ID_VL_Eng_Gha_D88C656D,Eng_Gha,C_recall_failure,0.15416666666666667,0.18911111111111112,0.196144578313253,0.196144578313253,14,41,50,What steps can policymakers take to prioritize climate resilience in sexual and reproductive health programs and services for adolescents?
ID_VL_Aka_Gha_770C7798,Aka_Gha,C_recall_failure,0.15416666666666667,0.18341880341880343,0.18341880341880343,0.19277310924369748,35,1,65,"So mpɔtam hɔ ahyehyɛde ahorow ma mmerante ne mmabaa hokwan ahorow, ma wɔde wɔn ho hyɛ wɔn gyinaesi nhyehyɛe anaa akannifo dwumadi mu? (Mmabun afotu bagua ahorow, mmabun agyinatukuw ahorow)"
ID_VL_Amh_Eth_989D9D4A,Amh_Eth,C_recall_failure,0.15416666666666667,0.0925,0.15416666666666667,0.2072,41,3,66,ለሄርፒስ መድኃኒት አለ?
ID_VL_Swa_Ken_BD0B0FA2,Swa_Ken,B_reranking_failure,0.15416666666666667,0.74,0.74,0.74,0,4,73,"Je, tunawezaje kumaliza ugonjwa huu hatari uitwao UKIMWI?"
ID_VL_Aka_Gha_3E2B6091,Aka_Gha,C_recall_failure,0.15416666666666667,0.2187826086956522,0.23965909090909093,0.2923131672597865,60,34,70,"Ɔkwan bɛn so na mmabun ne wɔn mmusua betumi ayɛ adwuma abom de akasa atia ɔmanfo nsusuwii hunu ne animtiaabu a ɛbata abusua nhyehyɛe ho, na wɔhyɛ nnipa ahorow ahorow, ne wɔn a wɔka bom wɔ wɔn mpɔtam hɔ no ho nkuran?"
ID_VL_Lug_Uga_527C8F50,Lug_Uga,B_reranking_failure,0.15416666666666667,0.1581679389312977,0.74,0.74,8,42,72,"Singa omuntu abeera yeewulira nga mulamu, ateekeddwa okugenda okwekebeza Akawuka akaleeta Siriimu?"
ID_VL_Eng_Gha_84C86C46,Eng_Gha,C_recall_failure,0.15416666666666667,0.17281437125748506,0.18500000000000003,0.18500000000000003,14,9,45,"What are the potential consequences of negative body image and low self-esteem, and how can adolescents seek support if they are struggling?"
ID_VL_Eng_Gha_65F202F9,Eng_Gha,C_recall_failure,0.15443478260869564,0.19096774193548388,0.19096774193548388,0.19096774193548388,3,41,53,"Encourage adolescents to be advocates for themselves and others by promoting open communication, understanding, and seeking professional help when needed."
ID_VL_Lug_Uga_AADF3692,Lug_Uga,B_reranking_failure,0.1545054945054945,0.74,0.74,0.74,1,8,68,Kiki kye nsobola okukola singa nkizuula nti nneegasse n'omuntu alina Akawuka akaleeta Siriimu?
ID_VL_Lug_Uga_CEEF9FA8,Lug_Uga,B_reranking_failure,0.1545054945054945,0.74,0.74,0.74,2,4,64,"Singa nkitegedde nti nsuze n’omuntu alina Akawuka akaleeta Siriimu era nga ntya okwekebeza, nnina kukola ki?"
ID_VL_Eng_Uga_425E0259,Eng_Uga,B_reranking_failure,0.1545054945054945,0.6497560975609756,0.6497560975609756,0.6954216867469879,23,1,64,How does the perception which young people have towards HIV correspond to the infection rate today?
ID_VL_Eng_Uga_231AE7C7,Eng_Uga,B_reranking_failure,0.15455696202531646,0.69375,0.69375,0.69375,0,23,40,Can Genital Herpes be tested from the mouth?
ID_VL_Eng_Eth_87E5F0FE,Eng_Eth,C_recall_failure,0.15462686567164177,0.1965625,0.20350000000000001,0.21764705882352942,27,25,57,What is the cost of having a baby delivered at the nearest traditional birth attendant?
ID_VL_Lug_Uga_52246D05,Lug_Uga,B_reranking_failure,0.15462686567164177,0.15462686567164177,0.74,0.74,15,16,64,Kiki omuntu ky’alina okulowoozaako bw'aba amaze emyaka egiwerako nga teyeekebeza Kawuka akaleeta Siriimu?
ID_VL_Aka_Gha_FC377A4C,Aka_Gha,C_recall_failure,0.15475285171102662,0.2076258992805755,0.21240740740740738,0.2726315789473684,40,26,60,Mɛyɛ dɛn ahwehwɛ m’ankasa nna ho akɔnnɔ ne me nipasu mu na mate ase?
ID_VL_Amh_Eth_C2171429,Amh_Eth,C_recall_failure,0.15488372093023256,0.11562499999999999,0.24666666666666667,0.24666666666666667,10,2,58,ክላሚዲያ በራሱ ጊዜ ሊጠፋ ይችላል? ትክክለኛው የምርመራ መንገድስ ምንድነው?
ID_VL_Eng_Gha_D8E049DE,Eng_Gha,C_recall_failure,0.15488372093023256,0.23510416666666667,0.2987155963302752,0.2987155963302752,7,9,47,How can adolescents support each other in preventing and managing reproductive health issues through peer education and support networks?
ID_VL_Amh_Eth_A2814044,Amh_Eth,C_recall_failure,0.15488372093023256,0.18893617021276593,0.18893617021276593,0.18893617021276593,0,5,76,ኤች አይ ቪ መያዝ የእግዚአብሔር ቅጣት እንደሆነ ሰምቻለሁ። ሃይማኖቴ የሚያስተምረው ይህን ነው?
ID_VL_Eng_Gha_EF06FCCB,Eng_Gha,C_recall_failure,0.15508982035928146,0.19053892215568863,0.19053892215568863,0.19053892215568863,2,4,42,What additional services or support are typically offered alongside shelter and housing assistance to address the holistic needs of adolescents in crisis situations?
ID_VL_Aka_Gha_6BEBAC31,Aka_Gha,C_recall_failure,0.15516129032258066,0.23643153526970953,0.23643153526970953,0.23643153526970953,0,15,68,Dwuma bɛn na nkwammoa ahodoɔ di wɔ awo nhyehyɛe no sohwɛ mu?
ID_VL_Aka_Gha_C7468F59,Aka_Gha,C_recall_failure,0.15516129032258066,0.1669172932330827,0.174367816091954,0.18753424657534248,24,3,67,"So ahyehyɛde ahorow bi wɔ hɔ a wɔreyɛ adwuma wɔ mmɔden a wɔbɔ sɛ wɔbɛtew animtiaabu so a metumi aboa? (akuw a wɔkamfo kyerɛ, nnwuma a mmabun di anim) ."
ID_VL_Aka_Gha_448AAA9E,Aka_Gha,C_recall_failure,0.15521951219512195,0.1805952380952381,0.23049180327868857,0.23049180327868857,6,2,65,Dɛn na metumi ahwɛ kwan wɔ bere a matu nyinsɛn agu akyi no? (honam ne nkate fam) .
ID_VL_Eng_Gha_65001423,Eng_Gha,C_recall_failure,0.15524475524475523,0.19409836065573768,0.24034188034188037,0.24034188034188037,9,31,39,How can I develop healthy self-esteem and confidence to make decisions on my own terms?
ID_VL_Eng_Gha_9FEEFDFF,Eng_Gha,C_recall_failure,0.15530864197530864,0.16243902439024388,0.16243902439024388,0.16586206896551725,35,8,42,How does the crisis intervention program ensure that the confidentiality and privacy of adolescents are maintained during the monitoring and evaluation activities?
ID_VL_Eng_Gha_ADEDDA80,Eng_Gha,D_weak_pool,0.15530864197530864,0.300625,0.300625,0.300625,0,53,64,"Provide resources for youth-led initiatives, volunteering opportunities, and educational materials for raising awareness."
ID_VL_Aka_Gha_C17AF08A,Aka_Gha,C_recall_failure,0.15542319749216305,0.21240740740740743,0.21240740740740743,0.21240740740740743,4,16,75,Ɔkwan bɛn so na honam mu nkwammoa ahorow ka m’ahoɔden ne sɛnea meda?
ID_VL_Amh_Eth_DB946570,Amh_Eth,C_recall_failure,0.15578947368421053,0.15578947368421053,0.19733333333333333,0.19733333333333333,5,9,45,ሴቶች ብዙ ጊዜ ኤችፒቪ (HPV) እንዳለባቸው እንዴት ሊያውቁ ይችላሉ?
ID_VL_Aka_Gha_60E7A113,Aka_Gha,C_recall_failure,0.15578947368421053,0.1681818181818182,0.17378787878787877,0.185,56,41,73,Ɔkwan bɛn so na metumi anya kɔkoam ne atemmuo a ennim apɔmuden akwankyerɛ ne mmoa ama mpanyin mu kɔ ho nsɛm?
ID_VL_Eng_Gha_49AC9087,Eng_Gha,D_weak_pool,0.15578947368421053,0.15578947368421053,0.15578947368421053,0.4480733944954128,30,52,56,Guide adolescents on how to find a therapist or counselor who specializes in their specific needs and what to expect during therapy sessions.
ID_VL_Amh_Eth_1A432F0A,Amh_Eth,B_reranking_failure,0.15578947368421053,0.4625,0.4625,0.4625,2,24,74,ጸሎት ወይም እምነት ሰዎችን ከኤች አይ ቪ ሊፈውሱ ይችላል ፣ ካልቻለ ግን ሰዎች ኤች አይ ቪን እንዴት ይከላከላሉ?
ID_VL_Eng_Eth_5A057C11,Eng_Eth,C_recall_failure,0.15578947368421053,0.15578947368421053,0.15578947368421053,0.15578947368421053,0,0,57,Can you get an STI from giving blood?
ID_VL_Eng_Uga_C0A0473A,Eng_Uga,B_reranking_failure,0.15578947368421056,0.6366480446927374,0.6366480446927374,0.6366480446927374,1,11,46,"What are the health complications of Syphilis?, please answer in detail."
ID_VL_Eng_Gha_EB6D2FED,Eng_Gha,C_recall_failure,0.15602409638554215,0.1998850574712644,0.2018181818181818,0.2018181818181818,11,38,53,"How can I communicate my risk perceptions and concerns effectively with my peers, partners, or healthcare providers, including expressing my boundaries, negotiating consent, and seeking support or guidance in making responsible choices?"
ID_VL_Eng_Uga_863E1F2A,Eng_Uga,B_reranking_failure,0.15602409638554215,0.15416666666666667,0.74,0.74,12,20,49,"How can I tell my partner that I have Syphilis?, please answer this using simple medical terms."
ID_VL_Eng_Ken_FB4FB88A,Eng_Ken,C_recall_failure,0.15609374999999998,0.15609374999999998,0.15609374999999998,0.15609374999999998,1,2,50,Can sharing all personal items really lead to the transmission of HIV/AIDS?
ID_VL_Eng_Gha_A0017720,Eng_Gha,C_recall_failure,0.15609375,0.18163636363636362,0.21234782608695651,0.21234782608695651,9,35,49,Can we establish boundaries and confidentiality agreements to ensure that I feel comfortable sharing my thoughts and feelings with you?
ID_VL_Eng_Gha_1BF645F6,Eng_Gha,C_recall_failure,0.15618090452261305,0.23270440251572325,0.23270440251572325,0.23270440251572325,2,13,56,"What are some common cultural norms or practices related to gender roles and expressions, and how do they impact individuals' sense of identity?"
ID_VL_Eng_Uga_F69777A1,Eng_Uga,B_reranking_failure,0.1562222222222222,0.6395061728395062,0.6395061728395062,0.74,22,1,64,How  does the perception  which young people have towards HIV correspond to the  infection rate today?
ID_VL_Eng_Gha_B5A47200,Eng_Gha,C_recall_failure,0.1562222222222222,0.20597938144329897,0.20597938144329897,0.20597938144329897,0,0,57,Why is it important for adolescents to undergo regular STI testing?
ID_VL_Eng_Gha_FBA6ABF7,Eng_Gha,C_recall_failure,0.1562222222222222,0.18203208556149733,0.20438095238095239,0.22677419354838713,38,20,66,"How can I share my goals and experiences with others, such as through peer support groups, social media, or community forums, to inspire and motivate others, seek advice or feedback, and build a sense of belonging and solidarity in pursuing common health goals?"
ID_VL_Eng_Gha_0977C513,Eng_Gha,C_recall_failure,0.15622222222222223,0.22275510204081633,0.22275510204081633,0.22275510204081633,1,9,46,How can I navigate pressure from peers or partners to engage in sexual activity that I'm not comfortable with?
ID_VL_Eng_Gha_A3B442BD,Eng_Gha,C_recall_failure,0.15622222222222223,0.27565,0.27565,0.27565,0,0,48,What are some common misconceptions or myths about disability that adolescents should be aware of?
ID_VL_Aka_Gha_55CEE5DB,Aka_Gha,C_recall_failure,0.15627329192546585,0.21459999999999996,0.22502923976608186,0.28111731843575416,63,39,77,Mɛyɛ dɛn adi mfɛfo nhyɛso a ɛfa mpa so agodie wo bere a merepaw sɛ mɛtwe me ho afi ho no ho?
ID_VL_Eng_Gha_7318B96D,Eng_Gha,C_recall_failure,0.15639175257731958,0.2120731707317073,0.22716279069767442,0.22716279069767442,11,1,42,"What are some examples of successful youth-led initiatives and advocacy campaigns that have contributed to advancing ASRH policies, programs, and rights globally?"
ID_VL_Eng_Gha_113634A5,Eng_Gha,C_recall_failure,0.1564757709251101,0.15805825242718446,0.1592405063291139,0.18893617021276593,43,9,58,"What strategies are used to promote resilience, coping skills, and emotional well-being among students?"
ID_VL_Eng_Gha_B20507BB,Eng_Gha,C_recall_failure,0.15653846153846152,0.23848341232227488,0.23848341232227488,0.23848341232227488,0,0,54,"What legal options do pregnant adolescents have if they experience coercion, abuse, or neglect from partners, family members, or healthcare providers?"
ID_VL_Swa_Ken_41191AA7,Swa_Ken,B_reranking_failure,0.15653846153846152,0.74,0.74,0.74,0,48,57,"Je, ni shughuli gani zinazoleta hatari kubwa zaidi ya kusambaza UKIMWI?"
ID_VL_Amh_Eth_AB0E664E,Amh_Eth,C_recall_failure,0.15653846153846154,0.23941176470588235,0.24666666666666662,0.24666666666666662,5,3,55,ለሁሉም የበአባለዘር ኢንፌክሽኖች የደም ምርመራ ብቻ በቂ ነው የሚባለው እውነት ነው?
ID_VL_Eng_Uga_13075157,Eng_Uga,C_recall_failure,0.1567487684729064,0.1567487684729064,0.1567487684729064,0.17619047619047623,37,1,73,Doesn’t staying too long on one regimen lead to HIV resistance?
ID_VL_Eng_Gha_AAF78C67,Eng_Gha,C_recall_failure,0.15682119205298012,0.2205050505050505,0.2205050505050505,0.2205050505050505,3,0,61,"How do laws and policies regarding sexual activity impact individuals with disabilities, and what legal protections are in place to ensure their rights and safety?"
ID_VL_Eng_Gha_10DF9974,Eng_Gha,C_recall_failure,0.15682119205298012,0.18679611650485436,0.18679611650485436,0.18679611650485436,0,3,70,"How can adolescents involve their peers or loved ones in their safety planning process, fostering a supportive environment and building a network of allies who can offer assistance and encouragement?"
ID_VL_Eng_Gha_9280C5AA,Eng_Gha,C_recall_failure,0.1568478260869565,0.2576785714285714,0.2576785714285714,0.2576785714285714,4,6,54,"What role do parental attitudes, beliefs, and cultural background play in shaping their perspectives on issues such as dating, sexual activity, contraception, and STI prevention, and how can I engage in constructive dialogue to address any differences or misunderstandings?"
ID_VL_Eng_Gha_BD44089D,Eng_Gha,C_recall_failure,0.15684782608695652,0.1878756476683938,0.1878756476683938,0.2826388888888889,28,0,53,How do I recognize and respond to online grooming or predatory behavior from strangers who may try to exploit me sexually?
ID_VL_Eng_Eth_D4EA120A,Eng_Eth,C_recall_failure,0.15696969696969698,0.185,0.185,0.185,2,0,54,I use a shared razor for shaving because blades are too costly. Does this high-risk practice put me at risk for HIV or Hepatitis B?
ID_VL_Eng_Gha_DC8A4922,Eng_Gha,C_recall_failure,0.1570949720670391,0.1570949720670391,0.20304878048780486,0.20304878048780486,16,2,61,What are the potential benefits of incorporating interactive and participatory methods into CSE delivery?
ID_VL_Eng_Gha_9B4E164B,Eng_Gha,C_recall_failure,0.15712328767123285,0.13874999999999998,0.19557142857142856,0.19557142857142856,18,17,55,How can I navigate jealousy or possessiveness in a relationship?
ID_VL_Lug_Uga_4C68EB17,Lug_Uga,B_reranking_failure,0.15725,0.20514851485148514,0.74,0.74,15,0,69,Akawuka akaleeta Siriimu kasobola okusaasaanyizibwa ne bwe waba tewali kumala oba amazzi ag'ekikyala?
ID_VL_Lug_Uga_51DB1A37,Lug_Uga,C_recall_failure,0.1573053892215569,0.1573053892215569,0.2,0.74,66,55,68,Waliwo obutuufu bwonna mu ndowooza nti Akawuka akaleeta Siriimu kandiba okugereesa?
ID_VL_Aka_Gha_0B49452D,Aka_Gha,C_recall_failure,0.1573228346456693,0.16754716981132076,0.18305263157894738,0.18390532544378696,42,44,82,"Ɛden ne nsunsuansoɔ a ɛbɛba me so sɛ megye na mɛsanfa mu numu, na mebɔ ho dawuro 'advertising', sansɔ tɔn ho asɛm a ɛfa sexual health ho adi ntɛm?"
ID_VL_Aka_Gha_580D7B71,Aka_Gha,C_recall_failure,0.15735632183908044,0.1910989010989011,0.20602272727272725,0.20602272727272725,7,15,78,Awoɔ hokwan bɛn na ɛsɛ sɛ mmabun hunu?
ID_VL_Amh_Eth_76F72255,Amh_Eth,D_weak_pool,0.1574468085106383,0.34905660377358494,0.34905660377358494,0.34905660377358494,4,23,43,ሄርፒስ በጣም የተለመደ ከሆነ ጸሎት ወይም እምነት ሊረዳ ይችላል?
ID_VL_Amh_Eth_6DC7CAC7,Amh_Eth,C_recall_failure,0.1574468085106383,0.04352941176470589,0.1574468085106383,0.1574468085106383,6,0,60,አንድ ሰው ከክላሚዲያ እና ከጨብጥ ከዳነ ከጥቂት ወራት በኋላ እንደገና መመርመር ለምን አስፈለገ?
ID_VL_Eng_Gha_871C0884,Eng_Gha,C_recall_failure,0.15770491803278686,0.23841004184100417,0.2559166666666667,0.2559166666666667,6,4,54,How can adolescents use human rights-based approaches to advocate for comprehensive sexuality education in schools and communities?
ID_VL_Aka_Gha_C7FEE39F,Aka_Gha,C_recall_failure,0.15770491803278688,0.16602564102564105,0.17646153846153845,0.20579881656804733,29,20,74,"Mɛyɛ dɛn atumi adi atenka fam nsɛnnennen a ɛba bere a me ne obi bɛbɔ ne ɔdɔ mu abusuabɔ bere a meyɛ ɔbabun no ho dwuma? (pow, ahoɔyaw, nkitahodi) ."
ID_VL_Aka_Gha_DC713D96,Aka_Gha,C_recall_failure,0.15770491803278688,0.16544715447154473,0.16546583850931673,0.1831313131313131,66,51,80,Mɛyɛ dɛn ne adwuma ahorow anaa akuw afoforo a wɔwɔ me mpɔtam hɔ ayɛ adwuma de ayɛ ɔkwan a wɔfa so siw GBV ano? (adwumayɛ ne fekubɔ) .
ID_VL_Eng_Gha_114B9547,Eng_Gha,C_recall_failure,0.1577941176470588,0.2743103448275862,0.2743103448275862,0.2743103448275862,0,15,47,Are there supportive adults or resources I can turn to for help in dealing with negative peer pressure?
ID_VL_Eng_Uga_F3A02120,Eng_Uga,C_recall_failure,0.1579268292682927,0.20273972602739723,0.20273972602739723,0.20273972602739723,2,9,47,"Can my unborn baby get infected with Genital Herpes?, please answer in detail."
ID_VL_Eng_Gha_2C913A7C,Eng_Gha,C_recall_failure,0.15797752808988763,0.15805825242718446,0.19123595505617974,0.19790697674418603,46,4,50,How does abstinence fit into a healthy relationship when both partners might have different preferences?
ID_VL_Eng_Ken_EF40D162,Eng_Ken,C_recall_failure,0.15797752808988766,0.16976470588235293,0.18679611650485436,0.18679611650485436,7,10,61,Is AIDS the inevitable outcome from HIV infection?
ID_VL_Eng_Gha_ABD2B512,Eng_Gha,C_recall_failure,0.15805825242718446,0.23766423357664235,0.23766423357664235,0.23766423357664235,1,6,61,"Are there any additional legal considerations or protections for adolescents who may be in vulnerable situations, such as those involving coercion or exploitation?"
ID_VL_Aka_Gha_3139D32C,Aka_Gha,C_recall_failure,0.1581196581196581,0.17452830188679247,0.18692041522491348,0.19853658536585367,30,37,74,"Mɛyɛ dɛn ahyɛ me nnamfo anaa m’atipɛnfo nkuran ma wɔabɛka me ho ma wɔasua adwene pa nhyehɛe, na dɛn nti na ɛho hia sɛ meka saa akwan yi akyerɛ afoforo?"
ID_VL_Eng_Gha_97FE56C5,Eng_Gha,C_recall_failure,0.15816793893129769,0.19328358208955226,0.21583333333333332,0.21583333333333332,12,24,39,How can investments in adolescent sexual and reproductive health resilience and preparedness contribute to mitigating the impact of future global health emergencies on this vulnerable population?
ID_VL_Aka_Gha_8EB22579,Aka_Gha,D_weak_pool,0.15826589595375723,0.3043971631205673,0.3043971631205673,0.3043971631205673,2,12,63,Mɛyɛ dɛn ada no adi akyerɛ m’awofo sɛ mepɛ sɛ mebɔ nkɔmmɔ a emu da hɔ na ɛyɛ nokware fa nna ne awo akwahosan ho a memma wɔnte nka sɛ wɔahyɛ wɔn anaasɛ wɔn ho nyɛ wɔn dɛ?
ID_VL_Eng_Gha_7D66971E,Eng_Gha,C_recall_failure,0.15826589595375723,0.19512437810945274,0.19547169811320755,0.2059433962264151,44,36,50,"How can adolescents leverage their diverse identities, experiences, and perspectives to advocate for inclusive, rights-based approaches to sexual and reproductive health that prioritize equity and social justice?"
ID_VL_Eng_Gha_D4BF7A4B,Eng_Gha,C_recall_failure,0.15826589595375723,0.18637037037037038,0.18986842105263158,0.22089552238805968,50,4,59,"How does the concept of capacity relate to adolescents' ability to provide informed consent for healthcare services, including sexual and reproductive health services?"
ID_VL_Eng_Gha_28F4E3CE,Eng_Gha,C_recall_failure,0.15828877005347594,0.25465587044534416,0.25465587044534416,0.25465587044534416,1,31,45,What resources or support networks are available to help me navigate sexual decision-making and seek guidance if needed?
ID_VL_Lug_Uga_6DEDCBA5,Lug_Uga,B_reranking_failure,0.15857142857142853,0.1634538152610442,0.74,0.74,14,2,67,Nkola ki ze nsaanidde okugoberera nga mbeera n’omuntu alina Akawuka akaleeta Siriimu?
ID_VL_Eng_Gha_B34191B8,Eng_Gha,C_recall_failure,0.15857142857142856,0.19260273972602743,0.24926315789473685,0.24926315789473685,13,19,49,"What are some promising initiatives or models from other countries that aim to improve access to sexual and reproductive health services for adolescents with disabilities, and how can these be adapted and implemented locally?"
ID_VL_Aka_Gha_0DDE29A6,Aka_Gha,C_recall_failure,0.15857142857142856,0.20226666666666665,0.2578064516129032,0.2578064516129032,10,43,67,"Ɔkwan bɛn so na ahye a wɔde besi hɔ ne nkitahodie a emu yɛ den a wɔde bedi dwuma betumi aboa mmabun ma wɔadi adwennwen so wɔ wɔne wɔn atipɛnfo, abusua, ne afoforo ntam abusuabɔ mu?"
ID_VL_Eng_Uga_7CE40679,Eng_Uga,B_reranking_failure,0.15857142857142856,0.15857142857142856,0.74,0.74,8,5,59,Is it possible to get vaccinated against STIs?
ID_VL_Lug_Uga_022AADDA,Lug_Uga,B_reranking_failure,0.15857142857142856,0.74,0.74,0.74,2,15,68,Kikakasiddwa ddala nti Akawuka akaleeta Siriimu takalina ddagala?
ID_VL_Amh_Eth_EA83BF00,Amh_Eth,C_recall_failure,0.15857142857142856,0.111,0.12333333333333334,0.15857142857142856,21,2,66,በወጣት ሴት ውስጥ በክላሚዲያ ወይም ጨብጥ የሚከሰቱ የፔልቪክ ኢንፍላማቶሪ በሽታ (PID) ምልክቶች ምንድ ናቸው?
ID_VL_Swa_Ken_0DC5FB06,Swa_Ken,C_recall_failure,0.15857142857142856,0.1986315789473684,0.2299029126213592,0.2299029126213592,14,28,57,Ninawezaje kujilinda mimi na wengine kutokana na Virusi Vya Ukimwi?
ID_VL_Eng_Gha_0ABA590E,Eng_Gha,C_recall_failure,0.15857142857142856,0.185,0.19473684210526315,0.2067647058823529,20,8,42,What role does mutual respect and trust play in establishing and maintaining consent in sexual encounters?
ID_VL_Amh_Eth_6A8A616F,Amh_Eth,C_recall_failure,0.15857142857142859,0.1624390243902439,0.1624390243902439,0.22521739130434784,20,2,68,አንዲት ሴት የኤች.ፒ.ቪ ክትባት ስለወሰደች ብቻ የማኅፀን በር ካንሰር ቅድመ ምርመራ ማድረግ አያስፈልጋትም?
ID_VL_Eng_Gha_92779574,Eng_Gha,C_recall_failure,0.15857142857142859,0.19670886075949362,0.20651162790697675,0.20651162790697675,11,29,47,How can adolescents support each other in promoting gender equality and non-discrimination?
ID_VL_Swa_Ken_73D92ACE,Swa_Ken,B_reranking_failure,0.15857142857142859,0.74,0.74,0.74,3,4,60,"Je, inawezekana mimi kufanya ngono?"
ID_VL_Amh_Eth_19675F06,Amh_Eth,C_recall_failure,0.15857142857142859,0.15857142857142859,0.15857142857142859,0.15857142857142859,0,0,73,በሰውነት ላይ ወጥቶ የነበረ ህመም አልባ ቁስለት ቢጠፋ የቂጥኝ በሽታ መዳንን ያሳያል?
ID_VL_Lug_Uga_8532FC74,Lug_Uga,B_reranking_failure,0.15887005649717514,0.17112499999999997,0.74,0.74,7,15,56,Kiki ekiwonya Kiramidiya?
ID_VL_Swa_Ken_84E3B774,Swa_Ken,B_reranking_failure,0.1588957055214724,0.1689763779527559,0.74,0.74,15,15,66,"Je, nifanye nini ikiwa ninaogopa kujua hali yangu kwa sababu ikiwa nina virusi, wazazi wangu watakuwa wagumu kwangu?"
ID_VL_Eng_Gha_5894F7F1,Eng_Gha,C_recall_failure,0.15892617449664428,0.20030075187969926,0.2524031007751938,0.2524031007751938,15,1,46,"What is prenatal care, and why is it important for pregnant adolescents?"
ID_VL_Aka_Gha_DB52CA58,Aka_Gha,C_recall_failure,0.15896296296296297,0.20139240506329115,0.20139240506329115,0.20139240506329115,4,24,55,"Ɔkwan bɛn so na nyiyim ahorow a ɛka bom, te sɛ mmusua mu nyiyim, tumidi, ne adesuakuw mu nyiyim ma nyiyim a egyina ɔbarima ne ɔbea nna so ne nnipa a wɔde wɔn to nkyɛn mu ba no yɛ kɛse, na akwan bɛn na wɔfa so di pɛyɛ a enni hɔ yi ho dwuma?"
ID_VL_Eng_Gha_80051B10,Eng_Gha,C_recall_failure,0.15900826446280994,0.24894009216589857,0.24894009216589857,0.24894009216589857,0,5,44,"How does the reproductive system function, including processes such as menstruation, ovulation, and fertilization?"
ID_VL_Eng_Gha_06D3DB93,Eng_Gha,C_recall_failure,0.1591,0.2316030534351145,0.24147368421052634,0.24147368421052634,15,11,40,What are some examples of successful advocacy efforts and legal reforms that have advanced adolescent sexual and reproductive rights at the national and global levels?
ID_VL_Lug_Uga_683C510E,Lug_Uga,B_reranking_failure,0.15910000000000002,0.74,0.74,0.74,0,2,59,Kisoboka Akawuka akaleeta Siriimu/Siriimu okusiigibwa okuyita mu ndagaluse ya bajjajja bo?
ID_VL_Lug_Uga_B676291D,Lug_Uga,B_reranking_failure,0.15913978494623657,0.74,0.74,0.74,0,6,53,Omanyi engeri PEP gy'ekola oba ya ki?
ID_VL_Eng_Uga_F343D9EB,Eng_Uga,C_recall_failure,0.15928251121076234,0.15928251121076234,0.16885906040268453,0.2101775147928994,39,9,59,What is the most effective method of using contraception during sex to minimize the risk of contracting HIV and STIs?
ID_VL_Eng_Gha_F2A9DC8A,Eng_Gha,C_recall_failure,0.15930555555555553,0.23125,0.23125,0.23125,2,2,50,"What role do schools, youth organizations, faith-based groups, and other community institutions play in supporting and implementing prevention programs?"
ID_VL_Aka_Gha_8B8148F6,Aka_Gha,C_recall_failure,0.15938461538461537,0.18663716814159292,0.20277580071174375,0.20455284552845526,63,7,64,Nsɛmfua ne nsusuwii ahorow bɛn na wɔtaa de di dwuma a ɛfa ɔbarima ne ɔbea ntam abusuabɔ ho a ɛsɛ sɛ mehu?
ID_VL_Eng_Gha_B4ADAF89,Eng_Gha,C_recall_failure,0.1593846153846154,0.23821917808219178,0.23821917808219178,0.2428125,28,7,43,"How can community outreach programs help me access information and resources about contraception, STI prevention, and other reproductive health topics?"
ID_VL_Eng_Gha_D2C65EE4,Eng_Gha,C_recall_failure,0.15948275862068964,0.1829213483146067,0.1829213483146067,0.1829213483146067,1,4,47,"How can certain medical conditions affect my ability to use hormonal birth control? (e.g., blood clots, migraines)"
ID_VL_Lug_Uga_D53AE57F,Lug_Uga,C_recall_failure,0.15966804979253113,0.15966804979253113,0.1693661971830986,0.185,61,57,74,Lwaki omuntu ayinza okusalawo okukeberebwa mu kalwaliro mu kifo ky’okwekeberera awaka?
ID_VL_Eng_Gha_797EBE87,Eng_Gha,C_recall_failure,0.15980066445182725,0.19176079734219267,0.21108974358974358,0.21108974358974358,6,17,50,How can I prioritize self-care and seek professional help if I experience sexual dysfunction or related health issues?
ID_VL_Eng_Gha_A6499CDC,Eng_Gha,C_recall_failure,0.15984,0.15984,0.15984,0.16838323353293413,60,49,65,"What are some reasons why someone might choose to abstain from sex? (religious beliefs, personal values, not being ready)"
ID_VL_Eng_Gha_952E6ABB,Eng_Gha,C_recall_failure,0.15984,0.20239316239316238,0.23785714285714282,0.23785714285714282,8,23,54,"How can schools, community organizations, and youth-serving agencies provide resources, training, and support to help adolescents develop their digital content creation skills and use them for positive social impact?"
ID_VL_Eng_Gha_C2BAF0E0,Eng_Gha,C_recall_failure,0.15987654320987654,0.18672897196261684,0.18672897196261684,0.1883636363636364,53,42,58,"Are there any cultural or language barriers that may affect adolescents' ability to provide informed consent, and how can these be addressed?"
ID_VL_Swa_Ken_D06405A8,Swa_Ken,C_recall_failure,0.15989949748743718,0.19434343434343435,0.19434343434343435,0.2299029126213592,53,33,56,”Kujizuia ni njia mojawapo ya kuzuia maambukizi ya Virusi Vya Ukimwi”
ID_VL_Aka_Gha_F54AD0A2,Aka_Gha,C_recall_failure,0.15999999999999998,0.1687719298245614,0.2328448275862069,0.2328448275862069,6,17,70,Si so dua sɛ nyinsɛn ano aduru a wɔpaw no yɛ gyinaesi a ɛma tumi a ɛma mmabun tumi di wɔn awo akwahosan so.
ID_VL_Eng_Eth_08601833,Eng_Eth,C_recall_failure,0.15999999999999998,0.06342857142857142,0.1670967741935484,0.1670967741935484,9,1,52,What is the main public health benefit of widespread HPV vaccination?
ID_VL_Amh_Eth_314D3441,Amh_Eth,C_recall_failure,0.16,0.22424242424242422,0.22424242424242422,0.3171428571428571,53,1,70,ፀበል ወይም ባህላዊ መድሀኒቶች ከ ኤችአይቪ ነጻ ያደርጋሉ?
ID_VL_Aka_Gha_77A6E17C,Aka_Gha,C_recall_failure,0.1600709219858156,0.1536332179930796,0.20245283018867927,0.21547058823529414,48,7,84,"Amanneɛbɔ mmeaeɛ a ɛka 'sexual health' (baanu ntam nkɔmmɔbɔ ne ahoɔden) ho asɛm no, sɛn na yɛbɛyɛ ahu nnaadaasɛm te sɛ asɛm a wɔama ano ayɛ kɛse dodo, obi ankasa ne suahunu a ɔde kyerɛ, anaa nea enni baabi pɔtee a asɛm no firi?"
ID_VL_Eng_Gha_B231C60B,Eng_Gha,C_recall_failure,0.16014925373134328,0.2448529411764706,0.2710891089108911,0.2710891089108911,10,1,40,How do peer-to-peer mentorship programs support adolescents in transitioning from education to employment or furthering their education?
ID_VL_Aka_Gha_3EAE0032,Aka_Gha,C_recall_failure,0.16014925373134328,0.12431999999999999,0.1626950354609929,0.18666666666666665,40,25,76,"Adwene mu mmoa (emotional support) bɛn na mebehia berɛ a mayɛ ""abortion"" (apɔn afuru) akyi? (afotuo adwumfoɔ, anaa mmoa akuo bi)?"
ID_VL_Eng_Gha_343ADA2A,Eng_Gha,C_recall_failure,0.1602061855670103,0.23082568807339449,0.23082568807339449,0.23082568807339449,2,1,43,What are some key components of effective communication in a healthy relationship?
ID_VL_Eng_Gha_9ACB394A,Eng_Gha,C_recall_failure,0.1602547770700637,0.17619047619047618,0.21527272727272725,0.21527272727272725,5,24,45,"What lessons can be learned from successful examples of international funding and resource allocation for ASRH, and how can these be applied to improve future initiatives?"
ID_VL_Eng_Gha_AD05B912,Eng_Gha,C_recall_failure,0.16033333333333333,0.21836065573770494,0.21836065573770494,0.21836065573770494,1,10,38,Can we discuss the importance of consistency and commitment to our regular check-ins as a way to strengthen our bond and promote trust and understanding between us?
ID_VL_Eng_Gha_D0401587,Eng_Gha,C_recall_failure,0.16033333333333333,0.18905109489051092,0.24879310344827588,0.24879310344827588,16,1,47,"What strategies can adolescents use to build coalitions, alliances, and partnerships to strengthen their advocacy for economic empowerment?"
ID_VL_Eng_Gha_8FD33AFC,Eng_Gha,C_recall_failure,0.16068571428571427,0.16068571428571427,0.20666666666666667,0.20666666666666667,9,0,59,How can I navigate a relationship if I find out my partner has an STI?
ID_VL_Eng_Gha_FF4C96D6,Eng_Gha,C_recall_failure,0.16086956521739132,0.15578947368421053,0.16086956521739132,0.16086956521739132,12,2,50,"How often do peer support groups meet, and what is the typical format of these meetings?"
ID_VL_Lug_Uga_4C7D9313,Lug_Uga,C_recall_failure,0.160974025974026,0.1997718631178707,0.1997718631178707,0.22242774566473986,30,18,62,PEP eyamba etya omuntu abaddeko mu katyabaga k'okukwatibwa Akawuka akaleeta Siriimu?
ID_VL_Lug_Uga_F96671A5,Lug_Uga,C_recall_failure,0.160974025974026,0.1997718631178707,0.1997718631178707,0.22242774566473986,24,12,63,Omuntu abaddeko mu mbeera emuteeka mu katyabaga k'okukwatibwa Akawuka akaleeta Siriimu yeetaaga kumanya ki ku nkozesa ya PEP?
ID_VL_Eng_Gha_F75D1E3C,Eng_Gha,C_recall_failure,0.16105882352941178,0.23679999999999995,0.23679999999999995,0.23679999999999995,1,3,45,"What are some lifestyle factors, such as diet, exercise, and sleep, that can affect sexual health and functioning?"
ID_VL_Aka_Gha_F143262F,Aka_Gha,C_recall_failure,0.16108843537414963,0.2021296296296296,0.2021296296296296,0.23257142857142857,56,17,76,Wobɛyɛ dɛn adi ntawntawdi anaa adwene a enhyia ho dwuma wɔ nkitahodie a ɛfata mu?
ID_VL_Eng_Gha_B15E54F6,Eng_Gha,C_recall_failure,0.16112903225806452,0.1973333333333333,0.1976712328767123,0.20992907801418437,48,29,55,What should I do if I experience stigma or discrimination related to an STI diagnosis?
ID_VL_Aka_Gha_81F631D4,Aka_Gha,C_recall_failure,0.1612290502793296,0.21337423312883436,0.21337423312883436,0.21337423312883436,2,30,73,Akwan bɛn so na atipɛnfo nkɛntɛnso pa betumi aboa ma wɔatew animtiaabu so na wɔahyɛ nna mu akwahosan ho nsɛmti a wɔde bu animtiaabu ho nkuran wɔ me mpɔtam hɔ?
ID_VL_Eng_Uga_207E863F,Eng_Uga,B_reranking_failure,0.1612820512820513,0.5749640287769785,0.5749640287769785,0.5749640287769785,1,1,61,"Does the Syphilis treatment make you lame?, please answer in detail."
ID_VL_Aka_Gha_4FCCA39A,Aka_Gha,C_recall_failure,0.1612820512820513,0.2424858757062147,0.2424858757062147,0.2642857142857143,21,52,75,Dɛn ne nsɛnkyerɛnne a ɛkyerɛ sɛ akwahosan ho ɔyaresafo anaa adwumayɛbea bi anya adwenemhaw ho amanneɛbɔ anaa nhumu?
ID_VL_Eng_Gha_33BABA88,Eng_Gha,C_recall_failure,0.16145454545454543,0.21961290322580646,0.21961290322580646,0.21961290322580646,0,2,50,"How can adolescents access mental health support and counseling services to address maternal health concerns, including stress, anxiety, and depression?"
ID_VL_Aka_Gha_A8499B92,Aka_Gha,C_recall_failure,0.16145454545454543,0.1717857142857143,0.19606837606837607,0.2385123966942149,55,3,66,So ɛyɛ hwee sɛ megye m’ankasa nna ho akɔnnɔ tum anaa ɔbarima ne ɔbea nna ho bɔbea kyim?
ID_VL_Eng_Gha_FFFE77C8,Eng_Gha,C_recall_failure,0.16160919540229884,0.16160919540229884,0.16160919540229884,0.16160919540229884,2,3,52,What are the signs that a healthcare provider or service is trauma-informed?
ID_VL_Aka_Gha_66AA9385,Aka_Gha,C_recall_failure,0.16160919540229884,0.1911961722488038,0.2084507042253521,0.2137777777777778,67,47,87,Si so dua deɛn nti a dwumadie a wodi no mpɔtam sɛ wodebesi GSV ano na ayɛ ɔkwan a wɔfaso deboa nkorɔfoɔ.
ID_VL_Eng_Gha_B788F5D1,Eng_Gha,C_recall_failure,0.16160919540229884,0.24139037433155075,0.24139037433155075,0.24139037433155075,0,15,59,"What are the positive aspects of social media in promoting SRH awareness, education, and access to information and services among adolescents globally?"
ID_VL_Swa_Ken_8A4CFE1F,Swa_Ken,B_reranking_failure,0.16160919540229884,0.74,0.74,0.74,0,14,64,"Je, inakubalika kwamba nitaambukizwa virusi vya ukimwi ikiwa nitafanya ngono na mtu aliyeambukizwa bila kondomu?"
ID_VL_Eng_Gha_DF7D0DD7,Eng_Gha,C_recall_failure,0.1616504854368932,0.20468085106382977,0.25775280898876407,0.25775280898876407,5,33,55,"How can adolescents prevent reproductive health issues through lifestyle choices, contraception use, and other preventive measures?"
ID_VL_Eng_Ken_3D9C4E64,Eng_Ken,C_recall_failure,0.16168067226890753,0.17026548672566372,0.29600000000000004,0.29600000000000004,19,6,57,How can I relate with an infected person without discriminating against them?
ID_VL_Eng_Gha_586A346A,Eng_Gha,C_recall_failure,0.16168067226890756,0.20555555555555555,0.2092413793103448,0.2363888888888889,21,4,49,"How do socioeconomic factors, including poverty, displacement, and lack of access to education and employment opportunities, intersect with adolescents' SRH vulnerabilities in conflict and post-conflict settings?"
ID_VL_Eng_Gha_87079AD4,Eng_Gha,C_recall_failure,0.1616806722689076,0.17019999999999996,0.17019999999999996,0.17019999999999996,3,5,50,"How can I start practicing mindfulness in my daily life, especially as a busy adolescent?"
ID_VL_Eng_Gha_5CB5E69C,Eng_Gha,C_recall_failure,0.161875,0.196144578313253,0.20514851485148514,0.20514851485148514,8,1,41,"What are some healthy coping mechanisms to manage the emotional challenges of pregnancy as an adolescent? (relaxation techniques, talking to a therapist)"
ID_VL_Aka_Gha_4FDC6E1B,Aka_Gha,C_recall_failure,0.161875,0.20492307692307693,0.20492307692307693,0.20607594936708862,20,24,64,"Mɛyɛ dɛn atumi ne nnamfo, abusuafo, anaa ɔdɔ ahokafo de ahye a ɛfata asi hɔ na ama m’adwene mu yiedi adi kan? (ka sɛ dabi, de anohyeto ahorow si hɔ) ."
ID_VL_Eng_Gha_73318749,Eng_Gha,C_recall_failure,0.161875,0.161875,0.2068817204301075,0.2068817204301075,9,0,42,How can peer-to-peer mentorship programs help adolescents develop essential skills for entering the workforce or starting their own businesses?
ID_VL_Aka_Gha_3F76BE1D,Aka_Gha,C_recall_failure,0.161875,0.252,0.252,0.252,1,1,71,Mɛyɛ dɛn akwati abɛɛfo ntetan so nsisi anaa mmoa a wɔkyere mmoa we a wɔyɛ wɔn ho sɛ obi foforo?
ID_VL_Eng_Eth_6A5E6920,Eng_Eth,C_recall_failure,0.161875,0.161875,0.161875,0.16754716981132073,34,21,72,"What is the legal status of Abortion in this country, and when is it allowed?"
ID_VL_Eng_Gha_FE9936A3,Eng_Gha,C_recall_failure,0.161875,0.18231884057971015,0.20797385620915032,0.22372093023255815,42,36,49,"What role do healthcare providers, educators, and other professionals play in supporting and collaborating with community outreach programs?"
ID_VL_Aka_Gha_B758588D,Aka_Gha,C_recall_failure,0.1619742489270386,0.2701,0.2701,0.2701,3,29,55,Nneɛma anaa mmoa nkitahodibea bɛn na ɛwɔ hɔ a ɛbɛboa me ma masua pii afa digital akenkan ne akyerɛw ne intanɛt so ahobammɔ ho wɔ mmerantebere ne mmabaabere mu?
ID_VL_Eng_Gha_A8A2B7AD,Eng_Gha,C_recall_failure,0.16202614379084967,0.17171270718232046,0.17171270718232046,0.21017751479289942,22,7,64,What should I do if I start experiencing changes in body odor or hygiene-related issues that make me feel embarrassed?
ID_VL_Aka_Gha_E4429EBB,Aka_Gha,C_recall_failure,0.16204379562043797,0.19947826086956522,0.217469387755102,0.23870967741935487,49,50,61,Mɛyɛ dɛn atumi anya adwenemyare ho nsɛm a edi mu na ahotosɔ wɔ mu wɔ abɛɛfo kwantenpɔn so?
ID_VL_Aka_Gha_1BF90E27,Aka_Gha,C_recall_failure,0.1620952380952381,0.19353846153846155,0.21377777777777776,0.21377777777777776,9,25,72,Metumi abisa akwahosan ho ɔyaresafo a ɔne me amammerɛ yɛ pɛ anaasɛ ɔwɔ osuahu a ɔne mmabun a wofi m’amammerɛ mpɔtam hɔ yɛ adwuma?
ID_VL_Eng_Gha_07F8D4F0,Eng_Gha,C_recall_failure,0.1621201413427562,0.14978851963746226,0.18019480519480519,0.2722279792746114,56,29,58,"How can I access resources and support services for pregnant adolescents, including housing, financial assistance, and parenting education?"
ID_VL_Aka_Gha_AAB97E49,Aka_Gha,C_recall_failure,0.16215139442231075,0.17370892018779344,0.18974358974358974,0.18974358974358974,16,7,63,Mɛyɛ dɛn adi akasakasa a me ne m’abusuafo anaa me nnamfonom ntam wɔ mmerantebere ne mmabaabere mu no ho dwuma?
ID_VL_Aka_Gha_8F5486B7,Aka_Gha,C_recall_failure,0.16228070175438597,0.16415492957746478,0.19374545454545453,0.19374545454545453,12,28,63,Mɛyɛ dɛn atumi ne m’awofo abɔ nkɔmmɔ a ɛfa nyinsɛn ano a wosiw ho no mu sɛ wɔmpene so a?
ID_VL_Eng_Gha_5C508720,Eng_Gha,C_recall_failure,0.16228070175438597,0.16228070175438597,0.23125,0.23125,5,1,51,"Can we discuss how to handle sensitive conversations or situations that arise when respecting privacy, such as respecting my boundaries when I'm with friends or discussing personal matters with other family members?"
ID_VL_Aka_Gha_4E20FD1A,Aka_Gha,C_recall_failure,0.1624390243902439,0.2194915254237288,0.2194915254237288,0.2194915254237288,3,16,52,"Mɛyɛ dɛn atumi ne me nnamfo ne m’abusuafo anya abusuabɔ a emu yɛ den na ɛboa yie? (nkitahodi ho nimdeɛ, atie a wɔde nsiyɛ, ahiade ahorow a wɔda no adi) ."
ID_VL_Aka_Gha_8D7248E2,Aka_Gha,D_weak_pool,0.16263736263736261,0.35238095238095235,0.35238095238095235,0.3805714285714286,51,59,67,"So mmara kwan so nneɛma bi wɔ hɔ ma nnipa pɔtee bi a wɔreyɛ GBV, te sɛ nna mu dwumadi a wɔatwa no tiaa sɛ LGBTQ+ mmerante ne mmabaa anaa atubrafo? (mmara kwan so mmoa titiriw, nnwuma a ɛfa amammerɛ ho) ."
ID_VL_Aka_Gha_F10C718B,Aka_Gha,C_recall_failure,0.16263736263736264,0.2208955223880597,0.2479581151832461,0.2584931506849315,52,26,59,Dɛn ne nhwɛso ahorow bi a ɛkyerɛ mmoa anaa nhyehye a sukuu node wɔn ho gye mu no mu ɔhaw ahorow de ma mmabun a wɔrehyia nna mu basabasayɛ anaa ayayade no?
ID_VL_Eng_Uga_681134E2,Eng_Uga,B_reranking_failure,0.16272251308900523,0.18122448979591838,0.74,0.74,10,6,56,"With all the new medicines, do people with HIV have a normal life expectancy now?"
ID_VL_Swa_Ken_1688782F,Swa_Ken,B_reranking_failure,0.16273858921161824,0.74,0.74,0.74,1,2,57,"Je, dawa hizi watu hutumia kazi kama P2 kuzuia mimba?"
ID_VL_Swa_Ken_88ADDAB1,Swa_Ken,B_reranking_failure,0.1628,0.74,0.74,0.74,2,31,64,Shida ya Ukimwi ni nini?
ID_VL_Eng_Uga_C7F7BDA1,Eng_Uga,B_reranking_failure,0.1628,0.74,0.74,0.74,3,0,45,Does Human Immunodeficiency Virus have symptoms?
ID_VL_Eng_Gha_EE6E2E72,Eng_Gha,C_recall_failure,0.1628,0.1628,0.1801315789473684,0.1801315789473684,17,1,44,What are some strategies for creating a supportive and inclusive family environment for adolescent with disability and their sexuality?
ID_VL_Swa_Ken_0C6F3051,Swa_Ken,B_reranking_failure,0.1628,0.15488372093023256,0.74,0.74,14,1,60,"Je, ninaweza kupata virusi vya ukimwi/UKIMWI kwa kula na mtu mwenye virusi vya ukimwi?"
ID_VL_Aka_Gha_AA0B7B14,Aka_Gha,C_recall_failure,0.1628,0.1628,0.19840579710144923,0.2087179487179487,56,8,72,Ɔkwan bɛn so na animtiaabu a ɛwɔ nna mu nyarewa (STI) ho no betumi ahaw me ne afoforo ntam abusuabɔ?
ID_VL_Swa_Ken_E1F85B33,Swa_Ken,B_reranking_failure,0.1628,0.18570342205323193,0.74,0.74,6,0,60,"Je, ni hatua gani za maendeleo ya Ukimwi/UKIMWI?"
ID_VL_Eng_Gha_FFE575F6,Eng_Gha,C_recall_failure,0.1628930817610063,0.21303030303030301,0.24793814432989691,0.24793814432989691,9,3,61,"What resources and educational materials are available to help adolescents learn more about consent in online interactions, including online courses, workshops, articles, and videos?"
ID_VL_Eng_Uga_74102D5D,Eng_Uga,C_recall_failure,0.16293577981651375,0.15716814159292036,0.17646153846153845,0.1964601769911504,30,1,45,"Can I have protected sex if my partner has Syphilis?, please answer in detail."
ID_VL_Eng_Gha_CD1F5318,Eng_Gha,C_recall_failure,0.1629357798165138,0.16818181818181815,0.19985401459854013,0.19985401459854013,6,11,39,"What are some key components of a healthy relationship, such as communication, trust, and respect?"
ID_VL_Eng_Uga_33CB202E,Eng_Uga,B_reranking_failure,0.16305084745762713,0.74,0.74,0.74,0,7,50,"What is AIDS?, please answer this using simple medical terms."
ID_VL_Eng_Gha_F6729464,Eng_Gha,C_recall_failure,0.1631496062992126,0.16901234567901233,0.1787640449438202,0.2035,41,0,54,What strategies can I use to express disagreement or refusal in a calm and respectful manner when faced with peer pressure to engage in risky sexual behaviors?
ID_VL_Eng_Gha_A561E1E9,Eng_Gha,C_recall_failure,0.16331034482758622,0.20555555555555555,0.20976377952755906,0.21583333333333335,24,13,51,How can I balance the influence of positive peers with my own values and beliefs when making decisions about my sexual health?
ID_VL_Aka_Gha_D7C524A5,Aka_Gha,C_recall_failure,0.1633766233766234,0.12869565217391304,0.12869565217391304,0.1633766233766234,20,17,71,"Gyinaɛ bɛn na amammerɛ wɔ fa SRH ayaresa hwehwɛeɛ ho, na dɔkotafoɔ bɛyɛ dɛn aboa?"
ID_VL_Aka_Gha_BAA4B71A,Aka_Gha,C_recall_failure,0.16348837209302325,0.18580086580086583,0.20902597402597406,0.21475524475524474,31,58,80,"Dɛn ne apaɔwmuden ho ahiade pɔtee bi anaa nneɛma a ɛsɛ sɛ wosusuw ho ma mmabun a wɔadi dɛm, na mɛyɛ dɛn atumi ne m’apɔwmuden ho ɔyaresafo abɔ ho dawuro?"
ID_VL_Swa_Ken_1A82833C,Swa_Ken,B_reranking_failure,0.16348837209302325,0.18103004291845493,0.74,0.74,5,16,73,"Je, ni utaratibu gani wa kufanyiwa uchunguzi?"
ID_VL_Eng_Gha_C9DC72B8,Eng_Gha,C_recall_failure,0.16357894736842105,0.22791999999999998,0.22791999999999998,0.22791999999999998,4,11,50,"What are some community resources and support services available to survivors of alcohol and drug-facilitated assaults, and how can adolescents access these resources if needed?"
ID_VL_Aka_Gha_DD2467AC,Aka_Gha,C_recall_failure,0.16357894736842105,0.2133742331288343,0.2133742331288343,0.2133742331288343,4,17,65,"Sɛ meyɛ nhwehwɛmu hu sɛ mewɔ STI a, dɛn na ɛsɛ sɛ meyɛ, na ayaresa bɛn na ɛwɔ hɔ?"
ID_VL_Eng_Gha_9EA7017C,Eng_Gha,C_recall_failure,0.16357894736842105,0.20116504854368933,0.23124999999999998,0.23215686274509806,43,32,45,What are the consequences of gender-based discrimination on adolescents' mental and physical health?
ID_VL_Lug_Uga_62F5F7C2,Lug_Uga,C_recall_failure,0.1637446808510638,0.15279352226720647,0.1637446808510638,0.185,28,40,76,Waliyo engeri y’okufunamu empeke z'AKawuka akaleeta Siriimu nga tosasudde?
ID_VL_Eng_Uga_CB371D97,Eng_Uga,B_reranking_failure,0.1639520958083832,0.6487671232876712,0.74,0.74,8,10,45,When should I get tested for STIs?
ID_VL_Eng_Gha_83C501CB,Eng_Gha,C_recall_failure,0.1639520958083832,0.18672897196261684,0.19473684210526315,0.19790697674418603,34,21,44,How do cultural or societal attitudes towards pleasure and intimacy impact sexual experiences and relationships?
ID_VL_Eng_Gha_3F1BE0D0,Eng_Gha,C_recall_failure,0.16397727272727272,0.16397727272727272,0.16925531914893616,0.1861349693251534,35,24,55,"What steps can I take to protect my legal rights as a person living with disability, particularly if I face discrimination or harassment?"
ID_VL_Eng_Gha_493E904D,Eng_Gha,C_recall_failure,0.16397727272727272,0.16397727272727272,0.164,0.1654658385093168,29,3,52,"What factors contribute to gender-based pay disparities, such as occupational segregation, unconscious bias, lack of transparency in salary negotiations, or limited access to educational and career opportunities?"
ID_VL_Eng_Gha_095FFA81,Eng_Gha,C_recall_failure,0.16397727272727275,0.16397727272727275,0.18799999999999994,0.18799999999999994,6,10,47,"What are the different roles that bystanders can play in preventing sexual violence, such as active intervention, distraction, delegation, or support for the victim, and how can adolescents determine the most appropriate response in a given situation?"
ID_VL_Eng_Gha_81F38DD4,Eng_Gha,D_weak_pool,0.16402061855670103,0.16402061855670103,0.32842696629213486,0.32842696629213486,11,20,47,What are some effective self-care practices that LGBTQ+ adolescents can incorporate into their daily lives to promote mental wellness?
ID_VL_Eng_Gha_42A259A6,Eng_Gha,C_recall_failure,0.16408695652173913,0.2018181818181818,0.25379061371841155,0.25379061371841155,7,11,34,How do youth employment programs and internships address specific needs or challenges faced by marginalized or underserved youth populations?
ID_VL_Aka_Gha_01A9E71F,Aka_Gha,C_recall_failure,0.16412451361867703,0.18569288389513108,0.18569288389513108,0.2029535864978903,65,61,77,"Sɛn na ayaresa nhyehyɛeɛ a ɛhunu na ɛbu wɔn a wɔafa akwanhyia anaa ahohiahia mu (trauma-informed approaches) bɛtumi aboa ma wɔadi nsɛm a ɛfa nnipa kuo a wɔn ani nnye wɔn ho anaa wɔadi wɔn so animtiaa ho? Nnipa kuo te sɛ mmarima a wɔne mmarima da anaa mmaa a wɔne mmaa da (LGBTQ+), nnipa a wɔn ho yɛ tuntum (people of color), atubrafoɔ (immigrants), akwanfoɔ a wɔrepɛ ahobammɔ (refugees), nnipa a wɔwɔ dɛmdi (people with disabilities), ne nnipa afoforɔ a atetesɛm kyerɛ sɛ wɔahyɛ wɔn so. Na sɛn na saa nhyehyɛeɛ yi bɛtumi ama atɛntenenee ne pɛpɛɛpɛyɛ akɔ anim wɔ asetena mu?"
ID_VL_Swa_Ken_1D5E6AEE,Swa_Ken,B_reranking_failure,0.16444444444444442,0.74,0.74,0.74,2,8,60,"Je, unaweza kupata Ukimwi ikiwa unajihusisha na mtu aliye na Ukimwi kwa kutumia kondomu?"
ID_VL_Eng_Gha_7630A8A7,Eng_Gha,C_recall_failure,0.16444444444444442,0.22199999999999998,0.22199999999999998,0.22199999999999998,4,47,62,"How can adolescents contribute to sustainability efforts within sexual and reproductive health services, such as reducing waste and carbon emissions?"
ID_VL_Aka_Gha_6FB78271,Aka_Gha,C_recall_failure,0.16444444444444442,0.16444444444444442,0.18806629834254143,0.19588235294117645,21,29,70,"Adwuma ho kwan bɛn na ɛwɔ hɔ ma mmabun, na wɔbɛyɛ dɛn ahu na wɔanya bi ayɛ?"
ID_VL_Eng_Gha_04287378,Eng_Gha,C_recall_failure,0.16444444444444442,0.20245283018867924,0.20245283018867924,0.20245283018867924,1,1,46,Emphasize the importance of prenatal care in identifying and managing potential risks.
ID_VL_Lug_Uga_E1B41171,Lug_Uga,C_recall_failure,0.16444444444444445,0.14800000000000002,0.1687719298245614,0.1687719298245614,18,30,66,Kibi okubeera n’abantu be weegatta nabo abawera?
ID_VL_Aka_Gha_49257AF1,Aka_Gha,C_recall_failure,0.16444444444444445,0.24266233766233763,0.2726315789473684,0.2726315789473684,17,2,75,"Dɛn ne nneɛma titiriw a ɛwɔ akwahosan nhyehyɛe a ɛyɛ den na ɛyɛ adwuma yiye ma mmabun nna ne awo akwahosan mu, na ɔkwan bɛn so na wobetumi de saa nneɛma yi adi dwuma wɔ amammerɛ ne asasesin ahorow mu?"
ID_VL_Aka_Gha_2BCFBE01,Aka_Gha,C_recall_failure,0.16444444444444445,0.20413793103448274,0.2385981308411215,0.2385981308411215,18,36,68,"So ɛsɛ sɛ metwɛn ma m’awofoɔ de asɛmti a ɛfa nna mu akwahosan ho ba, anaasɛ ɛnyɛ hwee sɛ m’ankasa mefi nkɔmmɔbɔ no ase?"
ID_VL_Eng_Eth_6D204496,Eng_Eth,C_recall_failure,0.16444444444444445,0.16444444444444445,0.1938095238095238,0.1938095238095238,14,1,37,Is it true that hiv always show symptoms?
ID_VL_Lug_Uga_46B518DE,Lug_Uga,C_recall_failure,0.16444444444444445,0.16444444444444445,0.16444444444444445,0.16444444444444445,0,5,57,Ntegeera ntya nti ndi mwetegefu okuganza?
ID_VL_Amh_Eth_687213F9,Amh_Eth,C_recall_failure,0.16444444444444445,0.16444444444444445,0.25371428571428567,0.25371428571428567,18,0,58,ኤችአይቪ  ሞትን በፍጥነት ያስከትላል?
ID_VL_Amh_Eth_14C8B3B4,Amh_Eth,D_weak_pool,0.16444444444444445,0.16586206896551725,0.16586206896551725,0.3148936170212766,26,13,56,ወንዶችና ሴቶች ችግሮችን እንዴት ይከላከላሉ? ኤችአይቪስ በመሳሳም ይተላለፋል?
ID_VL_Eng_Gha_7781321E,Eng_Gha,B_reranking_failure,0.16444444444444445,0.74,0.74,0.74,1,38,49,Are there youth-led advocacy groups working on ASRRs that I can join? (Finding age-appropriate ways to participate)
ID_VL_Eng_Gha_0066853D,Eng_Gha,C_recall_failure,0.16444444444444445,0.26564102564102565,0.26564102564102565,0.26564102564102565,2,11,51,How can adolescents navigate the healthcare system to find affordable sexual and reproductive healthcare services that meet their needs and preferences?
ID_VL_Aka_Gha_FB2CA025,Aka_Gha,C_recall_failure,0.16444444444444445,0.2276923076923077,0.2276923076923077,0.2276923076923077,0,0,69,Ahokokwaw pɔtee bɛn na wobu no sɛ ɛho hia na ama mmabun adi yie wɔ adwumayɛ mu anaasɛ wɔafi wɔn ankasa nnwuma ase?
ID_VL_Eng_Gha_CCA1B45C,Eng_Gha,C_recall_failure,0.16476562499999997,0.2109345794392523,0.22062111801242237,0.22062111801242237,11,0,40,"What are some myths and misconceptions about alcohol and drug-facilitated assaults, and how can education and awareness efforts challenge these harmful beliefs?"
ID_VL_Aka_Gha_5E9953D2,Aka_Gha,C_recall_failure,0.16485148514851483,0.20092715231788078,0.24365853658536585,0.24365853658536585,11,7,73,Nkyerɛkyerɛmu ne mmoa bɛn na ɛsɛ sɛ yɛde ma na ama mmofra a wɔrenyin a wɔwɔ dɛmdi anya kwan adi dwuma wɔ awogyee ne mmofra ayaresa dwumadie mu?
ID_VL_Eng_Gha_177A8A5F,Eng_Gha,C_recall_failure,0.16485148514851486,0.16485148514851486,0.17886255924170616,0.18336283185840707,29,45,51,"What are the warning signs that someone may be a bully, and how can we address the underlying issues that lead to bullying behavior?"
ID_VL_Lug_Uga_EFB56207,Lug_Uga,B_reranking_failure,0.1648704663212435,0.74,0.74,0.74,3,7,70,Okubeera n'Akawuka akaleeta Siriimu/Siriimu kirina akakwate ku mbeera oba ku nneeyisa?
ID_VL_Eng_Gha_566E3CBE,Eng_Gha,C_recall_failure,0.16489130434782606,0.16489130434782606,0.1906060606060606,0.1906060606060606,15,13,50,How do I decide which methods to use for dual protection based on my needs and preferences?
ID_VL_Eng_Gha_80BBAE52,Eng_Gha,C_recall_failure,0.1649142857142857,0.19985401459854013,0.20555555555555557,0.20555555555555557,17,8,52,"How do social media platforms and online communities influence discussions about sexuality, relationships, and body image among adolescents?"
ID_VL_Eng_Uga_44CAA5A2,Eng_Uga,B_reranking_failure,0.16493975903614455,0.74,0.74,0.74,2,0,54,Can I give birth naturally if I am HIV positive?
ID_VL_Eng_Uga_AFC2CCFC,Eng_Uga,B_reranking_failure,0.16493975903614458,0.6124137931034482,0.6940689655172414,0.6940689655172414,8,10,45,When should I get tested for STIs?
ID_VL_Eng_Gha_B74EBA93,Eng_Gha,C_recall_failure,0.16496815286624203,0.21339534883720934,0.21339534883720934,0.21339534883720934,3,27,49,What are the legal requirements and ethical considerations surrounding confidentiality when seeking STI/HIV testing and treatment as an adolescent?
ID_VL_Eng_Gha_EC86A890,Eng_Gha,C_recall_failure,0.16499999999999998,0.16499999999999998,0.19415841584158416,0.1967630057803468,33,3,58,"How can I practice assertiveness skills in various real-life scenarios, such as saying no to unwanted advances, negotiating safer sex practices, or advocating for my sexual and reproductive health needs?"
ID_VL_Eng_Gha_2387EAF6,Eng_Gha,C_recall_failure,0.16503597122302158,0.24462809917355371,0.24462809917355371,0.24462809917355371,1,3,54,How can I recognize and address communication barriers or misunderstandings that may arise when discussing sensitive or taboo topics like sexuality?
ID_VL_Swa_Ken_85D1A1EF,Swa_Ken,B_reranking_failure,0.1650557620817844,0.3139393939393939,0.74,0.74,6,4,58,"Je, inachukua muda gani kwa mtu aliye na virusi vya ukimwi kuendeleza UKIMWI?"
ID_VL_Aka_Gha_9B749245,Aka_Gha,C_recall_failure,0.16515021459227464,0.22377245508982035,0.2322068965517241,0.2371513353115727,51,54,61,Dwuma bɛn na akwahosan ho adwumayɛfo (Health workers) di wɔ nsɛm ne mmoa a ɛfa nyinsɛn a wɔsiw ano ho?
ID_VL_Eng_Gha_0D259CAA,Eng_Gha,C_recall_failure,0.1651502145922747,0.23825757575757572,0.23825757575757572,0.25661290322580643,32,2,51,"How can adolescents work collaboratively with local communities, organizations, and policymakers to advance sexual and reproductive health agendas?"
ID_VL_Eng_Gha_80A8A23D,Eng_Gha,C_recall_failure,0.1651785714285714,0.10853333333333333,0.16666666666666663,0.16666666666666663,6,3,51,"How do the laws regarding GBV differ depending on my location (city, state, country)? (importance of local laws)"
ID_VL_Eng_Gha_77A7E8B7,Eng_Gha,C_recall_failure,0.16517857142857142,0.19790697674418606,0.23315068493150684,0.23315068493150684,19,26,47,"How do peer education programs address the unique needs and concerns of diverse groups, including marginalized communities?"
ID_VL_Eng_Gha_92070158,Eng_Gha,D_weak_pool,0.1655944055944056,0.23286713286713284,0.30833333333333335,0.30833333333333335,15,1,42,"What role can employers and businesses play in promoting equal pay and gender equality in the workplace, and what strategies can they implement to create more inclusive and equitable work environments?"
ID_VL_Aka_Gha_6C6F7633,Aka_Gha,C_recall_failure,0.1656190476190476,0.2136898395721925,0.2136898395721925,0.2136898395721925,0,5,81,ɛden ma mɛ yɛ sɛ menni gyedie  ɛfa me hokafo ho nna abakɔsɛm anaa  ne nna tebea?
ID_VL_Eng_Uga_2BBBA89D,Eng_Uga,B_reranking_failure,0.1656716417910448,0.74,0.74,0.74,1,19,53,Can Gonorrhea be cured without injections?
ID_VL_Eng_Gha_577BC55A,Eng_Gha,C_recall_failure,0.16572916666666665,0.21676767676767678,0.21676767676767678,0.22858638743455495,37,12,45,How can I advocate for myself and communicate my needs and preferences during counseling or therapy sessions?
ID_VL_Eng_Gha_218C6E1C,Eng_Gha,C_recall_failure,0.16576000000000002,0.16576000000000002,0.17319148936170214,0.17319148936170214,6,16,53,"How can the dynamics of my relationships impact my mental well-being? (toxic relationships, lack of support, communication issues)"
ID_VL_Eng_Gha_B0946D2A,Eng_Gha,C_recall_failure,0.16579234972677595,0.20136054421768707,0.20136054421768707,0.20136054421768707,0,0,59,"How can adolescents navigate the complexities of taxes, insurance, and other financial responsibilities as they transition into adulthood and become more financially independent?"
ID_VL_Eng_Gha_A2BB522B,Eng_Gha,C_recall_failure,0.16579234972677595,0.2420125786163522,0.24666666666666667,0.24666666666666667,10,10,42,What types of STI/HIV prevention and education services are offered at youth-friendly healthcare centers?
ID_VL_Eng_Uga_9DF2372E,Eng_Uga,C_recall_failure,0.16586206896551722,0.16586206896551722,0.2288659793814433,0.2288659793814433,6,15,66,How long should HIV positive people take PrEP?
ID_VL_Eng_Uga_93608EDF,Eng_Uga,C_recall_failure,0.16586206896551722,0.1608695652173913,0.17526315789473684,0.21734265734265734,39,2,64,What actions should you take after engaging in unsafe sex?
ID_VL_Eng_Eth_2722796E,Eng_Eth,C_recall_failure,0.16586206896551722,0.21583333333333332,0.23545454545454544,0.23545454545454544,5,1,52,"My friends are forcing me to stay out late. If I tell my family, will they punish me?"
ID_VL_Lug_Uga_2F546033,Lug_Uga,B_reranking_failure,0.16586206896551725,0.16586206896551725,0.74,0.74,11,23,63,Omuntu asobola okukwatibwa Akawuka akaleeta Siriimu singa abeera n'Akawuka akaleeta Obulwadde bw'Ekikaba?
ID_VL_Eng_Gha_D4C3A832,Eng_Gha,C_recall_failure,0.16586206896551725,0.2261111111111111,0.2261111111111111,0.2261111111111111,2,16,52,"What training, resources, and ongoing support are available to individuals and organizations interested in implementing trauma-informed approaches to preventing sexual violence, and how can adolescents access these resources to become better informed and effective advocates for survivors?"
ID_VL_Eng_Gha_07C0D116,Eng_Gha,C_recall_failure,0.16593939393939394,0.185,0.2004166666666667,0.24462809917355371,52,4,60,What are the challenges and opportunities associated with promoting gender equality and sexual rights within culturally diverse communities?
ID_VL_Swa_Ken_D8253010,Swa_Ken,C_recall_failure,0.16595588235294118,0.16595588235294118,0.23912663755458516,0.27485714285714286,25,4,64,"Je, ni njia gani inayopendekezwa ya kutoa msaada kwa watu binafsi wanaoshughulika na virusi vya ukimwi/UKIMWI?"
ID_VL_Aka_Gha_DA7B9095,Aka_Gha,C_recall_failure,0.16598130841121495,0.19021943573667713,0.20864661654135336,0.22733542319749211,62,34,71,"Ɔkwan bɛn so na abusua nhyehyɛe ne nna ho nkɔmmɔ a ɛkɔ akyiri a ɛfa ɔbea ne ɔbarima nna ho, ne abusuabɔ pa ho hyia?"
ID_VL_Aka_Gha_4BB00F20,Aka_Gha,C_recall_failure,0.16598130841121495,0.25371428571428567,0.25371428571428567,0.25371428571428567,0,39,86,Nsɛmfua ahorow bɛn na wɔde di dwuma ma nnipa a wɔne wɔn ho da (LGBTQ+)?
ID_VL_Eng_Eth_E6D5901D,Eng_Eth,B_reranking_failure,0.16612244897959183,0.17411764705882352,0.45745454545454545,0.45745454545454545,10,24,35,"Can men carry trichomoniasis without knowing, and how can it be prevented?"
ID_VL_Eng_Uga_15C1604F,Eng_Uga,C_recall_failure,0.16612244897959183,0.16612244897959183,0.1726666666666667,0.1726666666666667,6,0,48,How does puberty prepare males and females for reproduction?
ID_VL_Aka_Gha_F0BBAC67,Aka_Gha,C_recall_failure,0.16612244897959183,0.20589531680440773,0.20589531680440773,0.20589531680440773,0,26,62,Mɛyɛ dɛn atumi akɔ so ahu nsakrae anaa nsɛm foforo a aba wɔ STI nhwehwɛmu akwankyerɛ ne nyansahyɛ ahorow a wɔde ma mmabun mu?
ID_VL_Eng_Gha_EFC9909E,Eng_Gha,C_recall_failure,0.16612244897959183,0.1724812030075188,0.19185185185185188,0.19185185185185188,6,0,55,How does nutrition impact fertility and reproductive health outcomes for adolescents?
ID_VL_Aka_Gha_6BA25EFE,Aka_Gha,C_recall_failure,0.16612244897959186,0.2991489361702128,0.2991489361702128,0.2991489361702128,1,6,63,"Dɛn na yebetumi ayɛ de atew animtiaabu a ɛwɔ STI ho no so? (nkitahodi a ɛda adi pefee, nhomasua) ."
ID_VL_Swa_Ken_DD664071,Swa_Ken,C_recall_failure,0.1662555066079295,0.1662555066079295,0.18991150442477878,0.1982142857142857,57,39,69,"Mama yangu aliaga dunia, na kuna mashaka kuwa inahusiana na Ukimwi. Je, nichukue hatua gani?"
ID_VL_Eng_Gha_B7B8C1A5,Eng_Gha,C_recall_failure,0.1662555066079295,0.22496,0.22496,0.22496,1,12,59,"How can adolescents navigate the intersections of sexual health, mental health, and identity in their lives?"
ID_VL_Aka_Gha_18D0752B,Aka_Gha,C_recall_failure,0.16629213483146066,0.22234741784037557,0.22234741784037557,0.23014354066985643,51,24,69,Ɔkwan bɛn so na mmabun betumi afa abɛɛfo ntentan mmeae ahorow akɔhwehwɛ mmoa a ɛka obiara ho na ɛnyɛ atɛn wɔ wɔn nna ne awoɔ apomoden ho ahiade ahorow ho?
ID_VL_Eng_Gha_DEBAC186,Eng_Gha,C_recall_failure,0.1662921348314607,0.21434482758620693,0.21706666666666663,0.2401324503311258,21,7,53,What are some coping mechanisms I can use to deal with the emotional stress of an STI?
ID_VL_Eng_Gha_9A4A99B2,Eng_Gha,C_recall_failure,0.16635658914728682,0.16635658914728682,0.24427184466019414,0.24427184466019414,13,20,67,"What are some common mistakes people make when using contraception, and how can I avoid them?"
ID_VL_Eng_Uga_0F79A8A7,Eng_Uga,B_reranking_failure,0.16635658914728682,0.16635658914728682,0.74,0.74,5,0,46,What does it mean to be an HIV carrier?
ID_VL_Eng_Gha_06A241AF,Eng_Gha,C_recall_failure,0.16635658914728682,0.17248120300751882,0.23296296296296298,0.23296296296296298,10,13,49,"What role do boundaries play in resisting negative peer pressure, and how can I establish and maintain them?"
ID_VL_Aka_Gha_F8E1DAA7,Aka_Gha,C_recall_failure,0.1664114832535885,0.17671641791044776,0.1825974025974026,0.2067206477732793,36,22,70,Tebea horow bi wɔ hɔ a ebia ɛho renhia sɛ wɔbɔ obi ho ban abien? (nkitahodie a ɔne wɔn ho wɔn ho yɛ biako ne sɔhwɛ) .
ID_VL_Eng_Gha_8BA435CC,Eng_Gha,C_recall_failure,0.16649999999999998,0.19409836065573768,0.19409836065573768,0.19409836065573768,2,20,56,What resources or organizations exist within cultural or religious communities to provide support and education on issues affecting persons with disabilities?
ID_VL_Aka_Gha_A33DC7AF,Aka_Gha,C_recall_failure,0.16656826568265687,0.19323442136498517,0.23494999999999996,0.23494999999999996,19,0,62,Mɛyɛ dɛn atumi de m’awofoɔ anaa wɔn a wɔhwɛ wɔn no ahyɛ m’akwahosan ho gyinaesi ahorow mu bere a meda so ara kura me ahofadi ne kokoamsɛm mu?
ID_VL_Eng_Gha_0FF1AA9F,Eng_Gha,C_recall_failure,0.16666666666666663,0.19887500000000002,0.19887500000000002,0.19887500000000002,0,12,45,"What are my options if I find out I'm pregnant? (parenting, adoption, abortion - depending on local laws and regulations)"
ID_VL_Eng_Gha_93DFD907,Eng_Gha,C_recall_failure,0.16666666666666669,0.24485294117647055,0.24485294117647055,0.24485294117647055,2,6,53,"How can I express my concerns or fears about sexual and reproductive health topics to you, and how will you respond to ensure I feel supported and understood?"
ID_VL_Swa_Ken_B776E729,Swa_Ken,B_reranking_failure,0.16676056338028172,0.74,0.74,0.74,4,0,58,Matokeo chanya yanamaanisha nini?
ID_VL_Aka_Gha_96DA1DAC,Aka_Gha,C_recall_failure,0.16680327868852457,0.19551839464882942,0.19551839464882942,0.20358078602620086,62,47,70,Wobɛtumi ama me nhwɛsoɔ a ɛfata mfeɛ anaa nneɛma a mede bɛsua nna mu apomoden ho adeɛ bebree?
ID_VL_Eng_Gha_8F158449,Eng_Gha,C_recall_failure,0.16686274509803922,0.18601092896174862,0.196,0.196,9,16,47,"What are some tips for creating a media-savvy and responsible online presence, including managing privacy settings, evaluating the credibility of user-generated content, and fostering positive digital citizenship and online communities?"
ID_VL_Lug_Uga_9BEAB529,Lug_Uga,B_reranking_failure,0.16695121951219513,0.16695121951219513,0.74,0.74,7,0,55,Waliyo abantu abalina Akawuka akaleeta Siriimu naye nga tekalaga bubonero era basobola okukasiiga abantu abalala be beegatta nabo?
ID_VL_Eng_Gha_6B0AE0E3,Eng_Gha,C_recall_failure,0.16695121951219513,0.185,0.25,0.25,16,42,46,"What are safe sex practices for same-sex couples? (condoms, dental dams, communication)"
ID_VL_Eng_Gha_A0D572C8,Eng_Gha,C_recall_failure,0.16697435897435897,0.1582389937106918,0.16697435897435897,0.25425641025641027,24,30,62,How can I support peers who may be facing challenges or violations related to their reproductive health rights?
ID_VL_Lug_Uga_42B40281,Lug_Uga,B_reranking_failure,0.16699115044247786,0.74,0.74,0.74,8,2,66,"Bw’oba nga tomanyi ne weegatta n’omuntu alina Akawuka akaleeta Siriimu, kiki ekiddako ky’osaanidde okukola?"
ID_VL_Aka_Gha_6703B636,Aka_Gha,C_recall_failure,0.16709677419354838,0.18712643678160923,0.20366972477064219,0.23440993788819875,32,31,68,"Dɛn  nkitahodi ho akwan na ɛyɛ ketee, na ɔkwan bɛn so na ebetumi aboa yɛn ma yɛada yɛn ahiade ne yɛn ahye adi bere a yɛkɔ so nya obu ma afoforo no?"
ID_VL_Swa_Ken_9E7B1E95,Swa_Ken,B_reranking_failure,0.1670967741935484,0.74,0.74,0.74,3,4,58,"Je, inawezekana kwa mtu kumjua mtu mwenye Ukimwi?"
ID_VL_Aka_Gha_FC3D3348,Aka_Gha,C_recall_failure,0.1670967741935484,0.1761904761904762,0.18689419795221843,0.2035,65,36,69,Ɛdɛn ne nna ho akɔnnɔ pagyya ho mmuae a mmarima ne mmea nya?
ID_VL_Eng_Gha_5D42B9E9,Eng_Gha,C_recall_failure,0.16717607973421927,0.19950980392156864,0.19950980392156864,0.19950980392156864,1,0,61,How do I access abortion services if I decide that it is the right option for me?
ID_VL_Lug_Uga_F1BDB598,Lug_Uga,C_recall_failure,0.16721153846153844,0.16721153846153844,0.16721153846153844,0.16721153846153844,0,8,54,Ekiseera ky'okugenda mu nsonga z'ekikyala kitera kumala bbanga ki?
ID_VL_Eng_Gha_52380BF2,Eng_Gha,C_recall_failure,0.16721153846153847,0.21742268041237112,0.24412371134020622,0.2491457286432161,38,27,50,"What are some examples of positive representations of sexual health, consent, and diversity in media, and how can adolescents promote and support such portrayals?"
ID_VL_Aka_Gha_27A0C3D7,Aka_Gha,D_weak_pool,0.16733668341708544,0.22965517241379313,0.30048484848484847,0.30048484848484847,5,25,61,"Dɛn ne akwan bi a mmeae a ahobammɔ wɔ ne mmoa akuw betumi de nneɛma ne mmoa ama mmabun a wɔadi dɛm a ebia wɔrehyia haw bi te sɛ afie a wonni, abusua a wɔpow wɔn, anaa ɔhaw afoforo?"
ID_VL_Swa_Ken_D6BCA712,Swa_Ken,B_reranking_failure,0.16744525547445255,0.16744525547445255,0.74,0.74,12,6,65,"Je, kujua kwamba una Virusi Vya Ukimwi kunakusaidia kufikia hatua gani?"
ID_VL_Eng_Gha_A7EDC8D8,Eng_Gha,C_recall_failure,0.16744525547445258,0.18974358974358974,0.19880597014925372,0.19880597014925372,5,31,40,"What are some myths or misconceptions about gynecological services, and how can they be addressed through education and awareness?"
ID_VL_Eng_Eth_DD81B7F5,Eng_Eth,C_recall_failure,0.16754716981132076,0.15031250000000002,0.15031250000000002,0.19968253968253968,43,1,57,How can I report a case of physical abuse without revealing the girl's identity?
ID_VL_Eng_Eth_4F1639A0,Eng_Eth,C_recall_failure,0.16754716981132078,0.21764705882352942,0.21764705882352942,0.2551724137931034,27,17,72,"If the health worker is on strike or absent, what is the best alternative to get urgent medicine?"
ID_VL_Lug_Uga_84396FC0,Lug_Uga,B_reranking_failure,0.1677333333333333,0.1677333333333333,0.74,0.74,10,19,67,Kya bulijjo okwekebeza Akawuka akaleeta Siriimu enfunda eziwera okusobola okuba omukakafu?
ID_VL_Aka_Gha_ADDC3E13,Aka_Gha,C_recall_failure,0.16773333333333335,0.19790697674418606,0.2025263157894737,0.2310548523206751,28,46,72,"Mfeɛ ho nhyehyɛeɛ a ɛkyerɛ sɛnea obi bɛtumi anya mmoa, mmara kwan so  ne nsɛm a wɔka de gyina nkurɔfoɔ ho dwumadie bi wɔ hɔ, na hokwan bɛn na mmabun wɔ wɔ peneɛ ne kokoamsɛm ho berɛ a wɔrehwehwɛ mmoa?"
ID_VL_Lug_Uga_4A629C5E,Lug_Uga,B_reranking_failure,0.16777327935222672,0.74,0.74,0.74,2,0,72,Akawuka akaleeta Siriimu kennyini kaleeta akasunguyira oba ebirowoozo okukyuka?
ID_VL_Aka_Gha_52FBE43B,Aka_Gha,C_recall_failure,0.16783505154639175,0.18106382978723404,0.25295918367346937,0.26044692737430164,27,10,70,Yɛbɛyɛ dɛn atumi ayɛ bea a ɛboa na wommu atɛn wɔ fie ma m'ate nka sɛ me ho tɔ me sɛ mɛbɔ me atenka ho nkɔmmɔ na m'ahwehwɛ mmoa bere a ɛho hia?
ID_VL_Aka_Gha_51D87C64,Aka_Gha,C_recall_failure,0.16783505154639175,0.2571631205673759,0.2571631205673759,0.2571631205673759,3,29,57,"Sɛ mmabun te nka sɛ wɔn ho nyɛ wɔn dɛ sɛ wɔne wɔn awofo bɛkasa afa nsɛmsɛm a ɛfa nsubuo ho a, dɛn na ɛsɛ sɛ wɔyɛ?"
ID_VL_Aka_Gha_7914C120,Aka_Gha,C_recall_failure,0.16783505154639175,0.18650406504065042,0.23079207920792078,0.23079207920792078,17,2,63,"Mmara ne anohyeto ahorow bɛn na ɛwɔ nyinsɛn a woyi gu ho wɔ me mpɔtam hɔ? (mfe a wɔadi anohyeto, awofo pene) ."
ID_VL_Aka_Gha_9D9262AF,Aka_Gha,C_recall_failure,0.16794326241134752,0.22569999999999998,0.22569999999999998,0.2409302325581395,57,20,75,"Fa nneɛma ma nna mu akwahosan ho ahomatrofo mmoa anaa mmoa akuw a, wobetumi de akwankyerɛ ama wɔ nkitahodi a ɛfa nna ho nneyɛe a ahobammɔ wom ho."
ID_VL_Eng_Gha_2FF3CDE4,Eng_Gha,C_recall_failure,0.16818181818181818,0.23345238095238097,0.23345238095238097,0.23345238095238097,3,6,55,"What role can parents, guardians, or mentors play in teaching adolescents about saving and asset building?"
ID_VL_Eng_Eth_530AC1C7,Eng_Eth,C_recall_failure,0.16818181818181818,0.28383561643835614,0.28383561643835614,0.28383561643835614,1,0,58,What is the cost difference between having a baby at home versus a health center?
ID_VL_Eng_Gha_2976AAB2,Eng_Gha,C_recall_failure,0.1681818181818182,0.16385714285714284,0.19632653061224487,0.19632653061224487,12,37,61,How can adolescents develop critical thinking skills to evaluate financial information and make informed choices in a complex financial landscape?
ID_VL_Eng_Uga_15FA9483,Eng_Uga,C_recall_failure,0.16834123222748815,0.14843023255813953,0.18175438596491228,0.18175438596491228,14,63,67,Is there a remedy for sexually transmitted infections like syphilis and Gonorrhea?
ID_VL_Eng_Gha_2102F9C9,Eng_Gha,C_recall_failure,0.16835978835978832,0.16835978835978832,0.16835978835978832,0.16835978835978832,0,40,48,What resources or support networks are available for adolescents seeking more information about anatomy and physiology?
ID_VL_Swa_Ken_4932936E,Swa_Ken,B_reranking_failure,0.16845528455284553,0.74,0.74,0.74,1,22,65,"Je, ninahitaji kufanya ngono salama kwa kutumia kondomu hata kama wingi wa virusi vyangu hautambuliki?"
ID_VL_Eng_Uga_F6F24D1C,Eng_Uga,C_recall_failure,0.16860759493670885,0.16860759493670885,0.16860759493670885,0.16860759493670885,2,8,56,Does Gonorrhea treatment become harder in its advanced stage?
ID_VL_Aka_Gha_C8B8D9C6,Aka_Gha,C_recall_failure,0.1687046632124352,0.25138755980861244,0.25138755980861244,0.332463768115942,50,36,55,Ɔkwan bɛn so na akwahosan ho adwumayɛfo betumi ahwɛ ahu sɛ ɔkwan a wɔfa so de wɔn ho hyɛ ɔhaw mu na wɔboa no kyerɛ obu ma mmabun ne wɔn mmusua amammerɛ mu gyinapɛn ne gyinapɛn ahorow?
ID_VL_Eng_Gha_9A45693D,Eng_Gha,C_recall_failure,0.16877192982456135,0.16877192982456135,0.16877192982456135,0.16877192982456135,3,0,69,What are some ways you can support me emotionally as I navigate the challenges and uncertainties of adolescence and puberty?
ID_VL_Eng_Eth_44777442,Eng_Eth,D_weak_pool,0.1687719298245614,0.23830508474576273,0.2690909090909091,0.33967213114754097,40,25,60,"If a family member attempts to force a traditional, unproven cure for my infection, is it haram (forbidden) to refuse?"
ID_VL_Eng_Eth_ADCC3DAF,Eng_Eth,D_weak_pool,0.1687719298245614,0.2596491228070176,0.33864406779661016,0.33864406779661016,13,15,44,"Can men get trichomoniasis, and is there a cure?"
ID_VL_Aka_Gha_3F4DF561,Aka_Gha,C_recall_failure,0.1687719298245614,0.18132450331125827,0.18633093525179853,0.2079338842975207,63,3,70,"Dɛn ne nneɛma atitiriw a ɛma mmabun tu kɔ mmeae foforo, na ɔkwan bɛn so na ɛne nna ne awo akwahosan mu nsunsuanso ahorow di nkitaho?"
ID_VL_Eng_Gha_5F89ED12,Eng_Gha,C_recall_failure,0.16883495145631067,0.16048192771084335,0.1776,0.1776,6,22,61,"What are the potential triggers or stressors that may exacerbate trauma symptoms in survivors of sexual violence, and how can individuals and organizations minimize these triggers through trauma-sensitive practices, accommodations, and accommodations?"
ID_VL_Eng_Gha_B89BDF7F,Eng_Gha,C_recall_failure,0.16891304347826086,0.16891304347826086,0.16891304347826086,0.16891304347826086,0,27,48,What are some challenges and barriers faced by adolescents living with disability and how can they be addressed?
ID_VL_Lug_Uga_485F7888,Lug_Uga,B_reranking_failure,0.16891304347826086,0.16891304347826086,0.74,0.74,8,7,66,Okuzuula akawuka ka siriimu kuyinza kutya okukosa embeera y’omuntu mu nneewulira?
ID_VL_Eng_Gha_0AD7C9A2,Eng_Gha,C_recall_failure,0.16891304347826086,0.21701923076923074,0.21701923076923074,0.21701923076923074,2,3,46,What types of mental health services are available for adolescents?
ID_VL_Eng_Gha_EBE5841F,Eng_Gha,C_recall_failure,0.1689497716894977,0.1733085501858736,0.2064210526315789,0.22339622641509432,21,12,50,What are some culturally appropriate approaches to addressing food and housing insecurity within diverse adolescent populations?
ID_VL_Swa_Ken_B1644235,Swa_Ken,B_reranking_failure,0.16897637795275589,0.20252631578947372,0.74,0.74,13,1,57,"Mtoto/mtoto wangu ana virusi vya ukimwi, je, matibabu yatamfanya awe na afya njema?"
ID_VL_Eng_Gha_F2D3F761,Eng_Gha,D_weak_pool,0.1689763779527559,0.30018867924528303,0.30018867924528303,0.30018867924528303,3,8,52,How can parents or family members create a supportive and non-judgmental environment for discussing sexual and reproductive health with adolescents?
ID_VL_Amh_Eth_3BC1A987,Amh_Eth,C_recall_failure,0.16914285714285712,0.16914285714285712,0.16914285714285712,0.16914285714285712,2,0,60,የቂጥኝ ደረጃዎች የምንላቸው ምን ምን ናቸው?
ID_VL_Amh_Eth_DC33E1F9,Amh_Eth,C_recall_failure,0.16914285714285712,0.12333333333333332,0.16914285714285712,0.25999999999999995,58,1,74,ከሴት የማህጸን ጫፍ በር በተጨማሪ ኤችፒቪ ካንሰር ሊያስከትልባቸው የሚችሉባቸው በጣም የተለመዱ የሰውነት ክፍሎች ምንድናቸው?
ID_VL_Eng_Gha_2AA93B43,Eng_Gha,C_recall_failure,0.16914285714285715,0.16914285714285715,0.20313725490196077,0.20313725490196077,17,14,52,"How can I learn from my past experiences, both positive and negative, to refine my risk perception skills, identify patterns or triggers in decision-making, and make adjustments to my behavior or strategies for future situations?"
ID_VL_Aka_Gha_FF002D4D,Aka_Gha,C_recall_failure,0.16925531914893618,0.16612244897959183,0.21000000000000002,0.21000000000000002,14,7,67,"Mɛyɛ dɛn de abɛɛfo kwantenpɔn adi dwuma de ne mmerante ne mmabaa afoforo a wɔn ani gye ASRR ahorow ho no adi nkitaho na mayɛ wɔn a wɔkamfo kyerɛ no ntam nkitahodi? (Intanɛt so mpɔtam, sohyial media akuw)"
ID_VL_Swa_Ken_6747D24A,Swa_Ken,B_reranking_failure,0.169281045751634,0.74,0.74,0.74,1,19,69,"Je, kama nitachomwa sindano yenye virusi vya UKIMWI kutoka kwa mtu aliyeambukizwa Ukimwi na kunyonya upande ulioathirika, je, ninaweza kupata Ukimwi?"
ID_VL_Swa_Ken_8A8A4105,Swa_Ken,C_recall_failure,0.16932203389830508,0.16932203389830508,0.16932203389830508,0.16932203389830508,1,37,68,"Je, unapataje TB?"
ID_VL_Aka_Gha_CE4A2BBD,Aka_Gha,C_recall_failure,0.16942760942760943,0.2252173913043478,0.2642857142857143,0.2642857142857143,19,55,69,Akwan bɛn na mɛtumi afa so akyerɛ sɛ mepo anaa mepene asɛm bi so wɔ dwoodwoo ne obu kwan so bere a me mfɛfoɔ rehyɛ me so sɛ mefa nna mu nneyɛeɛ a asiane wom mu?
ID_VL_Aka_Gha_E1E3DB63,Aka_Gha,C_recall_failure,0.16946564885496185,0.14151394422310756,0.19318584070796457,0.1937539432176656,39,4,50,"Sɛ mebu me nsa berɛ a minni fie a, dɛn na ɛsɛ sɛ meyɛ?"
ID_VL_Eng_Uga_BB1E5AE8,Eng_Uga,C_recall_failure,0.16958333333333334,0.17076923076923076,0.23012195121951218,0.23012195121951218,29,8,53,How can I keep relaxed and happy while my body is changing?
ID_VL_Eng_Uga_51E744E4,Eng_Uga,C_recall_failure,0.16958333333333336,0.16958333333333336,0.16958333333333336,0.16958333333333336,0,2,52,Can pills affect the uterus?
ID_VL_Eng_Uga_2D14E9F4,Eng_Uga,C_recall_failure,0.16972477064220182,0.29234567901234565,0.29234567901234565,0.29234567901234565,0,27,50,"What is the best advise to avoid acquiring or reduce the transmission of trichomoniasis?, please answer in detail."
ID_VL_Swa_Ken_FCDFE961,Swa_Ken,B_reranking_failure,0.16976470588235293,0.74,0.74,0.74,2,3,50,"Je, inawezekana kwa mtu mwenye chanya sana kumwambukiza mtu asiye na Ukimwi kwa nguvu?"
ID_VL_Swa_Ken_C7EAB19B,Swa_Ken,B_reranking_failure,0.16996466431095408,0.74,0.74,0.74,2,8,63,Ni changamoto zipi zilizopo katika kutofautisha mtu anayeishi na virusi vya ukimwi/UKIMWI na asiye na virusi?
ID_VL_Eng_Uga_5F705B25,Eng_Uga,B_reranking_failure,0.16999999999999998,0.74,0.74,0.74,0,2,62,What is ARVs in full
ID_VL_Eng_Gha_585ABEFB,Eng_Gha,C_recall_failure,0.16999999999999998,0.2033333333333333,0.2033333333333333,0.23037735849056604,36,8,43,"What role do peer educators or youth advocates play in community outreach programs, and how can they support my reproductive health needs?"
ID_VL_Aka_Gha_05379FF6,Aka_Gha,C_recall_failure,0.17008064516129032,0.2435042735042735,0.26208333333333333,0.26208333333333333,15,42,73,Ɔkwan bɛn so na ankorankoro betumi abɔ wɔn ho ban ne wɔn ahokafo ho ban afi nna mu yareɛ nom a wobenya ho?
ID_VL_Swa_Ken_D479CC36,Swa_Ken,B_reranking_failure,0.17011494252873566,0.74,0.74,0.74,0,51,67,"Je, ni kweli kwamba kushiriki vitu vyote vya kibinafsi kunaweza kukusababishia kuathiriwa na virusi vya ukimwi/UKIMWI?"
ID_VL_Eng_Gha_31D4EE09,Eng_Gha,C_recall_failure,0.17020000000000002,0.21069444444444446,0.21069444444444446,0.21069444444444446,2,6,50,"How does stigma impact access to safe and legal abortion services for adolescents? (fear, shame, difficulty seeking help)"
ID_VL_Eng_Gha_F8EDE0CA,Eng_Gha,C_recall_failure,0.1702654867256637,0.16444444444444445,0.1750537634408602,0.18206349206349204,29,3,53,How can I find peer support groups or community programs that address puberty-related issues?
ID_VL_Eng_Gha_CDBCC653,Eng_Gha,C_recall_failure,0.17026548672566372,0.18196721311475408,0.18574898785425104,0.18574898785425104,9,7,48,"What are some common mental health disorders that adolescents may encounter, and what are their symptoms and treatments?"
ID_VL_Eng_Gha_5E0A72AB,Eng_Gha,C_recall_failure,0.17026548672566372,0.185,0.21798449612403098,0.21798449612403098,13,9,44,"What role do community-based organizations, grassroots movements, and civil society groups play in strengthening global partnerships and collaborations for ASRH advocacy and action?"
ID_VL_Eng_Uga_7E4CE29F,Eng_Uga,C_recall_failure,0.17026548672566372,0.17026548672566372,0.17026548672566372,0.19096774193548388,40,33,50,My baby has discharge from the eyes; could it be Syphilis?
ID_VL_Eng_Gha_C48D5650,Eng_Gha,C_recall_failure,0.17035971223021584,0.17035971223021584,0.17035971223021584,0.17358024691358023,45,3,53,Are there ethical guidelines for involving adolescents from diverse backgrounds or marginalized communities in sexual and reproductive health research?
ID_VL_Eng_Gha_04AAC1B7,Eng_Gha,C_recall_failure,0.17037800687285223,0.21227091633466133,0.25604562737642583,0.25604562737642583,7,2,59,"What can I do about my changing skin, like pimples or oily skin?"
ID_VL_Eng_Gha_BC5FD4DD,Eng_Gha,C_recall_failure,0.17039473684210527,0.22486187845303868,0.2276923076923077,0.2276923076923077,19,45,51,"How do cultural norms, values, and taboos influence the portrayal of sexuality and reproductive health in different forms of media, and how can we promote more respectful, inclusive, and non-exploitative representations?"
ID_VL_Eng_Gha_91FDFA4F,Eng_Gha,C_recall_failure,0.1704494382022472,0.1704494382022472,0.20720000000000002,0.22660287081339714,34,12,49,Are comprehensive sex education programs inclusive of diverse cultural and religious perspectives?
ID_VL_Lug_Uga_4B9C22F4,Lug_Uga,C_recall_failure,0.17076923076923076,0.17076923076923076,0.17076923076923076,0.17076923076923076,0,3,68,Bikolwa ki ebikulu eby'okwegatta mu ngeri ey'obuvunaanyizibwa?
ID_VL_Amh_Eth_7C16128D,Amh_Eth,C_recall_failure,0.17076923076923076,0.24666666666666665,0.24666666666666665,0.24666666666666665,3,27,50,ቂጥኝን እንዴት መከላከል ይቻላል?
ID_VL_Swa_Ken_569ADEF0,Swa_Ken,B_reranking_failure,0.17076923076923078,0.19270833333333331,0.74,0.74,11,0,69,"Nikigundua kuwa nimelala na mtu mwenye virusi na ninaogopa kupimwa, nifanye nini?"
ID_VL_Aka_Gha_30A900AD,Aka_Gha,C_recall_failure,0.17076923076923078,0.20144444444444445,0.22812030075187967,0.24376470588235294,66,10,70,Tebea horow bi wɔ hɔ a ebia ɛremfata anaasɛ ɛnyɛ nea asiane biara nni ho sɛ wɔde awofo anaa abusua mufo bɛhyɛ mmoa a wɔhwehwɛ mu?
ID_VL_Eng_Gha_1B84EDC3,Eng_Gha,C_recall_failure,0.17076923076923078,0.18292134831460677,0.18292134831460677,0.18292134831460677,2,3,46,"How prevalent are alcohol and drug-facilitated assaults among adolescents, and what are some factors that contribute to their occurrence?"
ID_VL_Aka_Gha_C9277D9B,Aka_Gha,C_recall_failure,0.17076923076923078,0.23821917808219178,0.23821917808219178,0.23821917808219178,4,49,69,Dɛn ne ɔhaw anaa akwanside ahorow a atipɛnfo akyerɛkyerɛfo betumi ahyia bere a wɔde nna ne awoɔ apomoden ho nsɛm rekɔma wɔn atipɛnfo no?
ID_VL_Eng_Eth_30CBD755,Eng_Eth,C_recall_failure,0.17076923076923078,0.23315068493150687,0.23315068493150687,0.23315068493150687,1,18,66,"We use cloth for our periods instead of expensive pads. If the cloth is not boiled, can that cause an infection?"
ID_VL_Eng_Gha_84EF4324,Eng_Gha,C_recall_failure,0.17076923076923078,0.1901388888888889,0.1901388888888889,0.1901388888888889,1,2,53,What are some common situations where peer pressure might arise?
ID_VL_Lug_Uga_79C9C839,Lug_Uga,B_reranking_failure,0.17076923076923078,0.74,0.74,0.74,0,13,57,Kitegeeza ki okubeera n’Akawuka akaleeta Siriimu n’Akafuba olumu?
ID_VL_Eng_Gha_48F9E3D0,Eng_Gha,C_recall_failure,0.17076923076923078,0.19028571428571428,0.20085714285714285,0.20300884955752213,21,0,41,How can I avoid online scams or predators pretending to be someone else?
ID_VL_Eng_Uga_B9DA5F8C,Eng_Uga,C_recall_failure,0.17094224924012158,0.17209302325581394,0.17209302325581394,0.1858008658008658,20,11,47,"I have not had sex in a long time, how can it be true that I have Syphilis? , please answer in detail."
ID_VL_Eng_Gha_339B77A8,Eng_Gha,C_recall_failure,0.17098484848484846,0.24290076335877867,0.24290076335877867,0.24290076335877867,3,20,45,"How can education, training, and dialogue about sexual violence be integrated into school curricula, youth programs, parent workshops, and community events to empower adolescents with knowledge, skills, and strategies for preventing and addressing sexual violence effectively?"
ID_VL_Eng_Gha_E95F176C,Eng_Gha,C_recall_failure,0.17107526881720428,0.19968253968253968,0.255063829787234,0.255063829787234,9,37,46,"What types of care are included in gynecological services, and how can they support adolescents' reproductive health and well-being?"
ID_VL_Aka_Gha_CE9E1A11,Aka_Gha,C_recall_failure,0.17109826589595376,0.17109826589595376,0.19473684210526315,0.19473684210526315,5,3,59,kwan bɛn so na akwan abien a wɔfa so siw nyinsɛn ano betumi atu mpɔn sen biako pɛ a wɔde bedi dwuma?
ID_VL_Eng_Gha_7B07FD31,Eng_Gha,C_recall_failure,0.171156462585034,0.1803361344537815,0.2690909090909091,0.2690909090909091,7,41,57,"What resources are available to support young parents? (childcare, financial assistance, educational programs)"
ID_VL_Lug_Uga_6C7E9A2C,Lug_Uga,B_reranking_failure,0.1712396694214876,0.1712396694214876,0.74,0.74,7,1,64,"Singa omuntu akwatibwa akawuka akaleeta obulwadde bw’ekikaba, kyongera ku mikisa gy’okukwatibwa Akawuka akaleeta Siriimu?"
ID_VL_Eng_Uga_92EA1324,Eng_Uga,C_recall_failure,0.17139705882352943,0.17139705882352943,0.20075709779179812,0.20075709779179812,18,25,60,What does it feel like to be intimate with someone sexually?
ID_VL_Aka_Gha_20A04502,Aka_Gha,C_recall_failure,0.17146341463414635,0.28023668639053256,0.28023668639053256,0.28023668639053256,0,11,70,"Nhwɛso ahorow bɛn na ɛtaa ba a ɛkyerɛ animtiaabu ne nyiyimu a mmabun a wɔrehwehwɛ nna ne awo akwahosan hyia no, na ɔkwan bɛn so na wobetumi adi ho dwuma?"
ID_VL_Eng_Ken_1CD66B09,Eng_Ken,C_recall_failure,0.17146341463414635,0.17146341463414635,0.17146341463414635,0.1938095238095238,42,7,63,"My screening test was negative, so  does that mean that I do not have the disease?"
ID_VL_Eng_Uga_B1850EB8,Eng_Uga,B_reranking_failure,0.17150214592274676,0.74,0.74,0.74,2,19,45,How do estrogen and progesterone affect the uterus during the menstrual cycle?
ID_VL_Aka_Gha_54C63CD8,Aka_Gha,C_recall_failure,0.17156424581005586,0.22014999999999998,0.22755,0.22755,13,21,57,Mɛyɛ dɛn atumi akye mu pɛ wɔ apɔw-mu-teɛteɛ ne asɛyɛde afoforo anaa nneɛma a m’ani gye ho wɔ mmerantebere ne mmabaabere mu?
ID_VL_Eng_Gha_B7E6A14C,Eng_Gha,D_weak_pool,0.1715942028985507,0.3777083333333333,0.3777083333333333,0.3777083333333333,0,4,49,What steps can adolescents take to advocate for policies that improve access to sexual and reproductive health services for all youth?
ID_VL_Aka_Gha_C2B6D2C5,Aka_Gha,C_recall_failure,0.17159420289855074,0.20429447852760735,0.20429447852760735,0.20429447852760735,0,25,73,Akwan bɛn na mɛtumi afa so ama m’adwene mu apɔmuden ne yiedie atu mpɔn wɔ mpanin mu kɔ mu?
ID_VL_Eng_Gha_64AB851B,Eng_Gha,C_recall_failure,0.17167999999999997,0.17167999999999997,0.1776,0.20339181286549707,23,5,50,How can I engage in open-minded inquiry and explore alternative perspectives when making decisions about sexual health?
ID_VL_Eng_Gha_BE4969EC,Eng_Gha,C_recall_failure,0.17168,0.17168,0.22552380952380952,0.22552380952380952,14,25,42,"What is peer-to-peer mentorship, and how does it contribute to economic empowerment among adolescents?"
ID_VL_Eng_Gha_B17CFB21,Eng_Gha,C_recall_failure,0.17168,0.18163636363636362,0.21764705882352942,0.21764705882352942,16,0,49,What types of prenatal care services are available for pregnant adolescents?
ID_VL_Aka_Gha_D5385B0E,Aka_Gha,C_recall_failure,0.17174785100286533,0.21815028901734101,0.26382608695652177,0.26382608695652177,13,37,71,"Ɛkwan bɛn so na mmabun bɛtumi ahu nsonsonoeɛ a ɛda berɛ tiaa ne berɛ tenten sika ho botaeɛ ntam, na akwan bɛn na wobetumi afa so akora sika ama biara?"
ID_VL_Eng_Gha_ED6522B4,Eng_Gha,C_recall_failure,0.17178571428571426,0.20116504854368933,0.230752688172043,0.230752688172043,6,7,54,What are some useful approaches to disability rights advocacy and activism?
ID_VL_Aka_Gha_815EF6D1,Aka_Gha,C_recall_failure,0.17178571428571426,0.17178571428571426,0.17178571428571426,0.19588235294117645,27,2,75,"Mɛyɛ dɛn ada me haw anaa me suro a ɛfa nna ne awoɔ apɔwmuden ho nsɛmti ho akyerɛ wo, na wobɛyɛ dɛn ama m'ahu sɛ wɔbɛboa me na wɔte me ase?"
ID_VL_Aka_Gha_3EB13B90,Aka_Gha,C_recall_failure,0.17178571428571426,0.16293577981651378,0.1970414201183432,0.26232804232804235,31,39,78,"So nsɛm pɔtee bi wɔ hɔ a ɛfa nna ne awoɔ apɔwmudenn ho a ebetumi aka adwenem apɔwmuden sen afoforo? (nyinsɛn a wɔnyɛ ho nhyehyɛe, STI, nna mu ayayade) ."
ID_VL_Eng_Gha_0BA36279,Eng_Gha,C_recall_failure,0.17195020746887968,0.197117903930131,0.25004566210045664,0.25004566210045664,15,3,53,"How can I access information and resources about reproductive health in an adolescent-friendly healthcare setting, and what support services are available to me?"
ID_VL_Eng_Uga_43299780,Eng_Uga,B_reranking_failure,0.17209302325581396,0.629,0.629,0.629,1,0,65,What is the link between Syphilis and HIV? 
ID_VL_Eng_Uga_F4655A21,Eng_Uga,D_weak_pool,0.17232876712328765,0.37,0.37,0.37,1,5,52,"What other diseases can Herpes cause?, please answer in detail."
ID_VL_Eng_Gha_D436A7A8,Eng_Gha,C_recall_failure,0.1723287671232877,0.21434482758620688,0.23746268656716413,0.23785714285714288,48,31,52,"How can schools create safe and supportive learning environments where all students feel respected, valued, and included in discussions about sexual and reproductive health?"
ID_VL_Eng_Gha_F31046DC,Eng_Gha,C_recall_failure,0.1724812030075188,0.1864566929133858,0.1864566929133858,0.1864566929133858,2,8,54,"What is contraception, and why is it important?"
ID_VL_Eng_Uga_FA207403,Eng_Uga,B_reranking_failure,0.1724812030075188,0.74,0.74,0.74,1,22,49,"Definition of Genital Herpes?, please answer in detail."
ID_VL_Aka_Gha_A3B1799D,Aka_Gha,C_recall_failure,0.17266666666666666,0.17735537190082645,0.17735537190082645,0.17735537190082645,4,0,77,"Sɛn na nwomasua ne adwuma nteteeɛ boa akuo a eye mmabun a wɔ hia neaɛma sokoronko ne ohaw ahorow, atubrafo, anaa wɔn a wɔte beae a ntawantawa wɔ mu?"
ID_VL_Eng_Gha_507B9072,Eng_Gha,C_recall_failure,0.17266666666666666,0.17266666666666666,0.21517730496453902,0.21517730496453902,5,6,55,How can I advocate for consent and respect in my relationships and social circles?
ID_VL_Eng_Gha_3F8EA40A,Eng_Gha,C_recall_failure,0.1726666666666667,0.1726666666666667,0.1726666666666667,0.1726666666666667,1,0,52,How can I challenge unrealistic media portrayals of sex and relationships?
ID_VL_Eng_Uga_B30E96E8,Eng_Uga,C_recall_failure,0.1726666666666667,0.19761363636363638,0.19761363636363638,0.19761363636363638,7,13,52,"How do I take medicine to treat Chlamydia?, please answer this using simple medical terms."
ID_VL_Aka_Gha_A56C0941,Aka_Gha,C_recall_failure,0.1726666666666667,0.17333333333333334,0.18309278350515462,0.22424242424242424,51,12,79,Amammerɛ mu amanneɛ bɛn na ɛfa mpanin mu kɔ ho a ɛsɛ sɛ menya ho nimdeɛ?
ID_VL_Aka_Gha_BC8960A9,Aka_Gha,C_recall_failure,0.17284671532846713,0.14684824902723734,0.17284671532846713,0.20845070422535214,35,15,74,"Sɛ mewɔ nsɛmmisa te sɛ mmerantebere ne mmabaabere, brayɛ, anaa nyinsɛn a wosiw ano a, sɛn na mekɔ m’awofo nkyɛn?"
ID_VL_Aka_Gha_386ECBE0,Aka_Gha,C_recall_failure,0.17284671532846715,0.1938095238095238,0.1938095238095238,0.1938095238095238,1,13,65,"Mɛyɛ dɛn atumi de m’afotu anaa ayaresa berɛ no adi dwuma yiye, na dɛn na metumi ayɛ wɔ nhyiam ahorow no akyi de aboa m’adwene mu akwahosan?"
ID_VL_Aka_Gha_A0EE89AE,Aka_Gha,C_recall_failure,0.1729501915708812,0.26409893992932865,0.2703846153846154,0.2703846153846154,19,37,65,"Dwuma bɛn na sukuu ahorow, nhomasua asoɛe ahorow, ne ahyehyɛde ahorow a wɔde wɔn adwene si mmabun so betumi adi wɔ nneɛma a, atwa yɛn ho ahyia ho nimdeɛ a wɔbɛma anya nkɔso, nneyɛe a, ɛnyɛ nea ɛmma nneɛma a atwa yɛn ho ahyia ho a wɔbɛhyɛ ho nkuran, ne sɛnea mmabun tumi gyina tebea ahorow ano wɔ nsɛnnennen a ɛfa wim nsakrae ho no mu?"
ID_VL_Eng_Gha_86CAC6F4,Eng_Gha,C_recall_failure,0.17303482587064672,0.17807486631016045,0.21142857142857147,0.21142857142857147,11,17,52,"What role can adolescent-led initiatives, youth advisory boards, and peer support networks play in advocating for policies and programs that prioritize adolescent sexual and reproductive health, address systemic barriers to care, and promote equity and social justice?"
ID_VL_Aka_Gha_2DEA9493,Aka_Gha,C_recall_failure,0.17319148936170212,0.26765957446808514,0.26765957446808514,0.26765957446808514,1,32,73,Mɛyɛ dɛn de mfiridwuma ne digitall nnwinnade adi dwuma de adi kan hwɛ me ho na makura ɔkwan a ɛkari pɛ so wɔ m’adwene mu akwahosan ho?
ID_VL_Eng_Gha_DD84CACC,Eng_Gha,C_recall_failure,0.17319148936170212,0.17319148936170212,0.1869204152249135,0.2076258992805755,31,12,54,"What role do cultural or societal attitudes towards pregnancy, childbirth, and parenting play in shaping access to maternal health care for adolescents?"
ID_VL_Aka_Gha_972A8469,Aka_Gha,C_recall_failure,0.17326829268292682,0.14885057471264368,0.19901515151515153,0.22301369863013698,60,7,69,"Honam fam nsakrae bɛn na ɛba nipadua so bere a wanyinsɛn no? (hormone mu nsakrae, mu duru a ɛkɔ soro, ne nea ɛkeka ho) ."
ID_VL_Eng_Uga_B6CA1127,Eng_Uga,B_reranking_failure,0.1733085501858736,0.74,0.74,0.74,2,7,63,Can HIV/AIDS go away without treatment?
ID_VL_Aka_Gha_39669FA7,Aka_Gha,C_recall_failure,0.17353982300884954,0.1570754716981132,0.20067796610169492,0.20067796610169492,6,11,58,"Sɛn na wɔsa nna mu yareɛ (STI), na dɛn na mɛyɛ sɛ sɛ minya  bi a?"
ID_VL_Aka_Gha_8B9D2434,Aka_Gha,C_recall_failure,0.17353982300884957,0.16228070175438591,0.24666666666666667,0.24666666666666667,9,16,82,Amamerɛ ne kasa-pɔtee nneɛma nea borɔfofoɔ fre no 'cultural anaa language-specific resources' bi wɔ hɔ ma mmabun wɔ wɔ mpɔtam afoforo ahorow anaa?
ID_VL_Eng_Gha_0B990034,Eng_Gha,C_recall_failure,0.17367346938775508,0.27309523809523806,0.27309523809523806,0.27309523809523806,3,1,50,Are there support groups or counseling services available to help adolescents cope with the emotional and psychological aspects of abortion?
ID_VL_Eng_Gha_5C63B6F3,Eng_Gha,C_recall_failure,0.17373913043478262,0.23310000000000003,0.2642857142857143,0.2642857142857143,5,8,48,"What role does consent play in sexual decision-making, and how can I ensure that all parties involved are willing participants?"
ID_VL_Eng_Gha_5B6A8102,Eng_Gha,C_recall_failure,0.17378787878787877,0.18958677685950415,0.19096774193548388,0.20128000000000001,44,38,45,"Should I wait for my parents to bring up the topic of sexual health, or is it okay for me to initiate the conversation myself?"
ID_VL_Aka_Gha_E2ACF72F,Aka_Gha,C_recall_failure,0.1739,0.16835978835978835,0.24666666666666665,0.24666666666666665,6,37,64,Ɔkwan bɛn so na ɛsono ɔhwɛ a wɔde adwenemhaw ho nsɛm di dwuma wɔ akwan horow a wɔfa so hwɛ mmabun akwahosan ho wɔ amanne kwan so no ho?
ID_VL_Swa_Ken_FBC398D8,Swa_Ken,C_recall_failure,0.1741176470588235,0.25402985074626866,0.25402985074626866,0.25402985074626866,3,7,58,"Je, watu walio na virusi vya ukimwi wanaweza pia kuwa na maisha marefu na yenye afya ikiwa wanapata matibabu?"
ID_VL_Eng_Ken_C4DB5A62,Eng_Ken,B_reranking_failure,0.17411764705882352,0.74,0.74,0.74,0,0,48,What does it mean when one has AIDS?
ID_VL_Eng_Gha_90494583,Eng_Gha,C_recall_failure,0.17411764705882352,0.2276923076923077,0.2276923076923077,0.2276923076923077,1,6,53,What are the obligations of mandatory reporters when they suspect that an adolescent is experiencing sexual abuse or assault?
ID_VL_Eng_Gha_7A89CBEB,Eng_Gha,C_recall_failure,0.17411764705882352,0.1626950354609929,0.22521739130434787,0.2826388888888889,60,4,61,"What should adolescents do if they or a friend is experiencing thoughts of suicide, and where can they turn for immediate help and support?"
ID_VL_Eng_Uga_1413D64D,Eng_Uga,C_recall_failure,0.17411764705882352,0.20555555555555557,0.20555555555555557,0.20555555555555557,0,1,74,"Do ARVs have anti depressants in them? , please answer in detail."
ID_VL_Eng_Gha_07437C3B,Eng_Gha,C_recall_failure,0.17411764705882354,0.17411764705882354,0.1874025974025974,0.1874025974025974,11,1,55,"What should I expect during prenatal appointments, and what will my healthcare provider do during these visits?"
ID_VL_Eng_Uga_1ACF42C5,Eng_Uga,B_reranking_failure,0.17411764705882354,0.74,0.74,0.74,0,5,35,"How can my partner and I protect ourselves from getting Genital Herpes?, please answer in detail."
ID_VL_Eng_Gha_0217EA0E,Eng_Gha,C_recall_failure,0.17411764705882354,0.17411764705882354,0.17659090909090908,0.19078125,23,7,48,Encourage open communication with trusted adults about sexual and reproductive health concerns.
ID_VL_Eng_Eth_F1738856,Eng_Eth,C_recall_failure,0.17411764705882354,0.15358490566037736,0.27183673469387754,0.27183673469387754,17,7,60,"If a family member attempts to force a traditional, unproven cure for my infection, is it haram (forbidden) to refuse?"
ID_VL_Aka_Gha_114125C6,Aka_Gha,C_recall_failure,0.1742441860465116,0.1742441860465116,0.17609065155807363,0.17609065155807363,11,10,60,"Dɛn ne akwan horow bi a wɔfa so hyɛ awo akwahosan ne yiyedi nyinaa ho nkuran, a asetra kwan a wɔpaw ne akwan a wɔfa so siw ano ka ho?"
ID_VL_Aka_Gha_001A9A8B,Aka_Gha,C_recall_failure,0.17425806451612902,0.17425806451612902,0.23125,0.23125,8,52,63,"Sɛ mihyia ɔhaw bi wɔ abusua nhyehyɛe kwan bi ho, te sɛ nea ɛma ɔhaw bi ba me nipadua so 'side effects' anaa sɛ ɛyɛ den sɛ mede bedi dwuma a, dɛn na ɛsɛ sɛ meyɛ?"
ID_VL_Eng_Gha_78BB22A5,Eng_Gha,C_recall_failure,0.17442857142857143,0.17442857142857143,0.20313725490196077,0.20313725490196077,8,6,58,"Are there ways to practice saying ""no"" or setting boundaries in advance to prepare for potential peer pressure scenarios?"
ID_VL_Eng_Gha_5F90BED6,Eng_Gha,C_recall_failure,0.17460674157303369,0.19088339222614842,0.2018181818181818,0.2018181818181818,18,33,43,What resources or support networks are available to help me navigate pregnancy-related concerns and access prenatal care services?
ID_VL_Aka_Gha_4B22D308,Aka_Gha,C_recall_failure,0.17460674157303374,0.18069767441860468,0.18069767441860468,0.18069767441860468,1,8,75,Sɛn na 'advertising' (dawurobɔ) ka sɛdeɛ yehu ahoɔfɛ ne nna mu akɔnnɔ?
ID_VL_Eng_Gha_AD973B67,Eng_Gha,C_recall_failure,0.1746583850931677,0.21689655172413794,0.21689655172413794,0.21791411042944786,43,18,50,"What role do peer educators or youth advocates play in youth-friendly healthcare facilities, if any?"
ID_VL_Aka_Gha_50FD9D3F,Aka_Gha,D_weak_pool,0.17467811158798285,0.3096142433234421,0.3096142433234421,0.3096142433234421,0,12,65,Awo ano aduru ahorow no bi ne dɛn?
ID_VL_Eng_Uga_0AE4AC11,Eng_Uga,B_reranking_failure,0.17472222222222222,0.74,0.74,0.74,0,24,52,How do you test for Gonorrhea in men and women?
ID_VL_Aka_Gha_0B5CEA6A,Aka_Gha,C_recall_failure,0.17485232067510548,0.21925925925925926,0.21925925925925926,0.23072243346007604,49,17,74,kwan bɛn so na mmabun betumi anya na wɔaboa ASRH nhwehwɛmu databea ne nneɛma a wɔkora so dedaw no na wɔakɔ so ahu nea wɔahu nnansa yi ne nneyɛe a egyina adanse so?
ID_VL_Eng_Gha_C4F9ECCD,Eng_Gha,C_recall_failure,0.17485232067510548,0.2854822335025381,0.2854822335025381,0.2854822335025381,3,0,36,How do youth employment programs and internships promote diversity and inclusion in the workforce?
ID_VL_Eng_Eth_F79EFD70,Eng_Eth,D_weak_pool,0.1749090909090909,0.2031372549019608,0.3171428571428571,0.3171428571428571,6,15,48,"What is the local name for the small, painful blisters caused by Herpes?"
ID_VL_Lug_Uga_910C4CB7,Lug_Uga,B_reranking_failure,0.17497536945812808,0.74,0.74,0.74,2,10,61,Kikukakatako okwekebeza Akawuka akaleeta Siriimu?
ID_VL_Amh_Eth_989BC4DA,Amh_Eth,C_recall_failure,0.17526315789473684,0.27183673469387754,0.27183673469387754,0.27183673469387754,3,15,74,ትሪኮሞኒየስ ኤች አይ ቪ መያዝን ቀላል ያደርገዋል?
ID_VL_Aka_Gha_C083B73A,Aka_Gha,C_recall_failure,0.17526315789473684,0.2114285714285714,0.24310469314079425,0.24310469314079425,11,1,79,"Dwuma bɛn na tumi mu nkyekyem, mfe a obi adi mu nsonsonoe, asetra mu gyinabea, ne nneɛma afoforo di wɔ tebea horow a ebia nhyɛso betumi aba mu, na ɔkwan bɛn so na mmabun betumi adi saa nkɔso ahorow yi so nkunim denneennen na ahobammɔ wom?"
ID_VL_Amh_Eth_3D67CDE9,Amh_Eth,D_weak_pool,0.17526315789473684,0.37,0.37,0.38480000000000003,22,4,74,አንዲት እናት ኤች አይ ቪን ለልጇ ማስተላለፍ ትችላለች?
ID_VL_Aka_Gha_3170F437,Aka_Gha,C_recall_failure,0.17526315789473684,0.27975609756097564,0.27975609756097564,0.27975609756097564,0,29,75,"Mɛyɛ dɛn ahu sɛ ayaresabea bi yɛ nea ahobammɔ wom na agye din sɛ wotu nyinsɛn gu? (hwehwɛ tumi krataa, agyede, ayarefo nsusuwii pa)"
ID_VL_Eng_Gha_7F5DB163,Eng_Gha,C_recall_failure,0.17526315789473684,0.16765625,0.19835051546391752,0.23171717171717168,32,7,58,"What does consent mean in the context of online interactions, such as messaging, social media, and gaming platforms?"
ID_VL_Eng_Gha_F2E6195F,Eng_Gha,C_recall_failure,0.17526315789473687,0.1779746835443038,0.22200000000000003,0.22200000000000003,14,26,47,How do cultural or religious beliefs influence attitudes towards contraception and birth control?
ID_VL_Eng_Gha_E6FDD7AF,Eng_Gha,C_recall_failure,0.17534136546184736,0.17534136546184736,0.17534136546184736,0.17534136546184736,2,17,38,"What are some common myths or misconceptions about sexual decision-making, and how can they be corrected?"
ID_VL_Swa_Ken_A971A31F,Swa_Ken,B_reranking_failure,0.17546391752577323,0.17546391752577323,0.74,0.74,5,0,64,"Viwanda vya kondomu, wanafunzi wakipendekeza baadhi ya kondomu haitoi ""utamu wa ngono""?"
ID_VL_Aka_Gha_04F64D86,Aka_Gha,C_recall_failure,0.17559322033898303,0.24121546961325968,0.2723611111111111,0.2723611111111111,11,34,65,Nsɛnnennen pɔtee bɛn na ewiem nsakrae de ba wɔ nna ne awo akwahosan ho nhyehyɛe a wɔde ma mmabun mu?
ID_VL_Aka_Gha_AFFFCFD2,Aka_Gha,C_recall_failure,0.17559322033898306,0.1526984126984127,0.20452261306532662,0.20452261306532662,15,24,66,Nneɛma bɛn na ɛwɔ hɔ a ɛboa ma yesua ade fa pene so (consent) ne nnamfofa pa ho?
ID_VL_Eng_Gha_4F40C22F,Eng_Gha,C_recall_failure,0.17559322033898306,0.17559322033898306,0.2448529411764706,0.2448529411764706,15,10,50,Address the importance of bystander intervention and how to be a supportive ally.
ID_VL_Aka_Gha_1BAC27A7,Aka_Gha,C_recall_failure,0.17559322033898306,0.16697435897435897,0.24546341463414634,0.24546341463414634,9,48,81,Ɔkwan bɛn so na sɛ meyɛ den tie obi a ebɛma  matumi ate afoforo adwene ase na madi wɔn nsɛm a ɛhaw adwene anaa osuahu ahorow ho dwuma wɔ tema mu?
ID_VL_Aka_Gha_3B982EF8,Aka_Gha,C_recall_failure,0.17559322033898306,0.19448717948717947,0.22317460317460316,0.25307359307359306,64,31,74,"Ɔkwan bɛn so na mɛtumi akasa na wɔayɛ mmara pa a ɛbɛboa me sukuu anaa mpɔtam hɔ a ɛfa GBV ho na ɛboa wɔn a wɔ te ase (wɔde mpɔtam hɔ ananmusifo di nkitaho, fi adesrɛ ahorow ase)"
ID_VL_Aka_Gha_3EABEDCB,Aka_Gha,C_recall_failure,0.17565656565656568,0.1492982456140351,0.1825974025974026,0.22978947368421054,38,66,70,Mɛyɛ dɛn ama wɔagye me atom yie wɔ Ghana sɛ ɔbabun  a me nnipadua atɔ sin?
ID_VL_Eng_Gha_26C432F6,Eng_Gha,C_recall_failure,0.17575000000000002,0.2656410256410256,0.2656410256410256,0.2656410256410256,1,2,40,Are the services provided by school-based crisis intervention programs confidential?
ID_VL_Eng_Gha_8ECE1128,Eng_Gha,C_recall_failure,0.17590163934426228,0.22070175438596487,0.22070175438596487,0.22070175438596487,3,0,46,Are family planning counseling and services confidential?
ID_VL_Aka_Gha_B02B61C4,Aka_Gha,C_recall_failure,0.1759245283018868,0.19158576051779935,0.19158576051779935,0.19853658536585367,22,19,57,Mɛyɛ dɛn afi nkɔmmɔbɔ ase afa nna ne abusuabɔ a me ne me hokafo wɔ ho?
ID_VL_Aka_Gha_C991603F,Aka_Gha,C_recall_failure,0.17594405594405596,0.12807692307692306,0.1880327868852459,0.19775862068965516,57,39,60,"Ɛdeɛn ne kokoam yɛ a yɛka no brɔfo mu 'confidentiality'  wɔ ayaresa mu, na adɛn nti na ɛho hia ma mmabun?"
ID_VL_Eng_Uga_44945E09,Eng_Uga,C_recall_failure,0.17605947955390336,0.17605947955390336,0.17605947955390336,0.17605947955390336,3,0,64,"When do males start producing sperm, and what does this mean for fertility?"
ID_VL_Eng_Gha_76E5AE78,Eng_Gha,C_recall_failure,0.17619047619047618,0.17619047619047618,0.17619047619047618,0.17619047619047618,0,2,56,What is the difference between sex and gender?
ID_VL_Eng_Ken_589DECB0,Eng_Ken,B_reranking_failure,0.1761904761904762,0.248,0.74,0.74,12,1,49,What is the definition of PEP?
ID_VL_Aka_Gha_E61FECC0,Aka_Gha,C_recall_failure,0.1761904761904762,0.2611764705882353,0.2611764705882353,0.26811594202898553,60,5,72,"Dɛn ne mmara ne nhyehyɛe ahorow a ɛfa nyinsɛn nnuro ho wɔ mmeae anaa aman ahorow mu ho, na ɔkwan bɛn so na mmabun betumi akamfo nhyehyɛe ahorow a ɛhyɛ awoɔ apɔwmuden ho nhyehyɛe a ɛho hia yi ho nkuran?"
ID_VL_Eng_Gha_F99F0704,Eng_Gha,C_recall_failure,0.1761904761904762,0.20092715231788083,0.20234375,0.24666666666666665,52,29,59,How often should adolescents attend appointments for mental health support?
ID_VL_Eng_Uga_CA5E151B,Eng_Uga,B_reranking_failure,0.17634042553191487,0.1975187969924812,0.74,0.74,16,8,40,How do different hormones work together to cause the changes experienced during puberty?
ID_VL_Aka_Gha_295B4715,Aka_Gha,C_recall_failure,0.17634042553191492,0.17689243027888446,0.18948096885813148,0.20668965517241378,60,47,77,Ɔkwan bɛn so na dɛmdi a wɔda no adi no betumi aboa ɔbabun a wadi dɛm ma wanya nna ne awo akwahosan ho nhyehyɛe pa wɔ Ghana?
ID_VL_Swa_Ken_DE4B061E,Swa_Ken,B_reranking_failure,0.17642384105960265,0.74,0.74,0.74,3,0,51,"Je, magonjwa ya zinaa yanajumuisha UTI?"
ID_VL_Eng_Ken_17ABB863,Eng_Ken,D_weak_pool,0.17646153846153845,0.3145,0.3145,0.3145,1,18,42,Can one contract HIV from having sex with Mbaba?
ID_VL_Aka_Gha_F1578470,Aka_Gha,C_recall_failure,0.17646153846153845,0.17646153846153845,0.19588235294117645,0.19588235294117645,16,18,64,"Dɛn ne abrabɔ pa ho nsusuwii ne asɛyɛde ahorow a ankorankoro a wɔma mmeae a ahobammɔ wɔ, te sɛ akyerɛkyerɛfo, afotufo, ne mpɔtam hɔ akannifo, wɔ, na ɔkwan bɛn so na mmabun betumi abu wɔn ho ne afoforo akontaabu wɔ nnyinasosɛm ahorow a ɛfa pene a wɔpene so, kokoamsɛm, ne obu a wɔwɔ ma nnipa ahorow ne ahofadi ho a wodi akyi no ho?"
ID_VL_Eng_Gha_B91E3D6E,Eng_Gha,C_recall_failure,0.17654822335025383,0.19975460122699387,0.2504040404040404,0.2504040404040404,6,3,55,"How do peer support networks foster a sense of belonging, acceptance, and belonging among members, and how can I contribute to creating a supportive and non-judgmental atmosphere within these networks?"
ID_VL_Eng_Uga_C9EA356A,Eng_Uga,B_reranking_failure,0.17664516129032257,0.13731958762886598,0.74,0.74,7,1,56,"What happens during a Genital Herpes test?, please answer this using simple medical terms."
ID_VL_Lug_Uga_82F73861,Lug_Uga,B_reranking_failure,0.17671641791044776,0.2018181818181818,0.74,0.74,5,4,56,Akawuka akaleeta Siriimu/Siriimu kakosa katya obulamu bw'omuntu?
ID_VL_Eng_Gha_58321EE4,Eng_Gha,C_recall_failure,0.17671641791044776,0.17671641791044776,0.17671641791044776,0.19072164948453607,23,8,37,Is it true that some birth control methods can also protect against sexually transmitted infections (STIs)?
ID_VL_Lug_Uga_C219A845,Lug_Uga,C_recall_failure,0.1767164179104478,0.1767164179104478,0.1767164179104478,0.20980842911877395,26,13,64,PrEP esobola okutangira Obuwuka obuleeta Endwadde z’Ekikaba?
ID_VL_Aka_Gha_F668A617,Aka_Gha,C_recall_failure,0.17677777777777778,0.17677777777777778,0.1967630057803468,0.19733333333333333,29,44,75,"Dɛn ne nna ho akɔnnɔ na ɛyɛ dɛn na ɛba? (kyerɛkyerɛ mu yie, a ɛnyɛ nea ɛmu da hɔ so)"
ID_VL_Eng_Gha_F7BAF55E,Eng_Gha,C_recall_failure,0.1768141592920354,0.18301075268817202,0.1995505617977528,0.1995505617977528,16,3,56,What are some examples of cultural differences that may impact how adolescents perceive and respond to crises related to sexual and reproductive health?
ID_VL_Eng_Gha_2620F9A9,Eng_Gha,C_recall_failure,0.17681415929203542,0.241123595505618,0.2546236559139785,0.2546236559139785,6,17,43,What support services are available for pregnant adolescents who may be experiencing mental health challenges or emotional distress?
ID_VL_Aka_Gha_FED4057D,Aka_Gha,D_weak_pool,0.1768780487804878,0.2138728323699422,0.2806896551724138,0.31383928571428577,20,32,69,Anamɔn bɛn na metumi atu de asiw Intanɛt so ayayade anaa nkɔso a mempɛ a ɛfa nna ne awo akwahosan ho nsɛmti ho ano?
ID_VL_Aka_Gha_74273CA3,Aka_Gha,C_recall_failure,0.17695652173913043,0.2090858725761773,0.2090858725761773,0.2335548172757475,61,37,76,Mɛyɛ dɛn anya nimdie a ɛfa nna mu agodie apɔwmuden mu nsɛm ne nyinsɛn ho nnuro a ɛyɛ nokware na metumi de asi gyinaeɛ?
ID_VL_Eng_Gha_72ECF16E,Eng_Gha,C_recall_failure,0.17695652173913046,0.17695652173913046,0.1806299212598425,0.1806299212598425,7,6,50,Are there specific laws that protect adolescent patients' confidentiality and privacy?
ID_VL_Eng_Gha_D46B415D,Eng_Gha,C_recall_failure,0.17695652173913046,0.21465648854961833,0.21465648854961833,0.24038216560509557,38,2,49,"How do cultural and religious values influence attitudes and behaviors related to sexual activity, contraception, pregnancy, and abortion?"
ID_VL_Aka_Gha_A48B3DBE,Aka_Gha,C_recall_failure,0.17695652173913046,0.23059490084985834,0.23059490084985834,0.24365853658536585,29,50,75,"Ɔkwan bɛn so na nhwvso fo ""mentors"" betumi ama mmabun anya baabi a ahobammɔ wɔ na wɔaboa wɔn ma wɔasusuw wɔn haw ahorow, nsɛmmisa, ne osuahu ahorow a ɛfa atipɛnfo nhyɛso ne nna mu akwahosan ho a wonsuro atemmu, animtiaabu, anaa nyiyim?"
ID_VL_Eng_Gha_71A6014C,Eng_Gha,C_recall_failure,0.17695652173913046,0.17103773584905663,0.17695652173913046,0.17695652173913046,12,1,66,"What are the legal consequences for distributing or sharing intimate images or videos without consent, and how can I protect myself and others from this form of exploitation?"
ID_VL_Eng_Gha_18C8A616,Eng_Gha,C_recall_failure,0.17705521472392638,0.24523255813953493,0.24523255813953493,0.24523255813953493,0,0,46,"What role do social media influencers, celebrities, and online personalities play in shaping adolescents' attitudes and beliefs about sexuality, consent, and healthy relationships?"
ID_VL_Aka_Gha_E0CCEDC5,Aka_Gha,C_recall_failure,0.17707142857142857,0.24152777777777779,0.24152777777777779,0.24152777777777779,1,9,73,Fa nneɛma ma afotuo a wɔde ma ansa na wɔanyinsɛn a ebetumi aboa mmabun ma wɔasiesie wɔn ho ama nyinsɛn a ahoɔden wom sɛ wɔresusuw ho a.
ID_VL_Eng_Uga_B9744CDE,Eng_Uga,B_reranking_failure,0.17709401709401706,0.6261538461538461,0.74,0.74,7,28,52,What are the complications of the clap?
ID_VL_Eng_Gha_C42CBC39,Eng_Gha,C_recall_failure,0.1770940170940171,0.1770940170940171,0.22289156626506024,0.22289156626506024,17,35,57,"Are there policies or guidelines in place to ensure that healthcare facilities uphold principles of equity, dignity, and respect for all adolescent patients?"
ID_VL_Aka_Gha_A43825B5,Aka_Gha,C_recall_failure,0.17712765957446808,0.17712765957446808,0.17712765957446808,0.18339130434782613,23,44,71,"Dɛn na ɛsɛ sɛ mihu fa awoɔ nhyehyɛe nipadua ne nipadua ho, a ɔbarima ne ɔbea awo akwaa ka ho?"
ID_VL_Eng_Eth_A81FDEC3,Eng_Eth,C_recall_failure,0.1771830985915493,0.2611764705882353,0.2611764705882353,0.2611764705882353,1,16,76,"Can a girl's sadness (depression) be treated with simple remedies, or does she need medicine?"
ID_VL_Aka_Gha_C04A96C4,Aka_Gha,C_recall_failure,0.17729166666666668,0.2168965517241379,0.21742268041237112,0.2325714285714286,29,17,67,"Ɔkwan bɛn so na abɛɛfo ntetan nsɛm a wɔbɔ betumi ama mmabun tumi ma wɔabɛyɛ nsakrae ho adwumayɛfo a wɔyɛ nnam, nsɛm ho amanneɛbɔfo a wɔyɛ, ne wɔn a wɔkamfo asetena mu nsakrae pa kyerɛ wɔ wɔn mpɔtam, sukuu ahorow, ne ɔmanfo a wɔtrɛw mu?"
ID_VL_Eng_Gha_B2384849,Eng_Gha,C_recall_failure,0.17729166666666668,0.1538613861386139,0.21583333333333332,0.21583333333333332,13,28,50,How can we create a supportive and nonjudgmental environment for discussing values and beliefs related to sexual health and relationships within our family?
ID_VL_Eng_Gha_3735262D,Eng_Gha,C_recall_failure,0.17729166666666668,0.12389140271493213,0.20245283018867924,0.20245283018867924,12,24,59,Can healthcare providers refuse to provide abortion services based on their religious or moral beliefs?
ID_VL_Eng_Gha_12D2FA06,Eng_Gha,C_recall_failure,0.17735537190082645,0.17735537190082645,0.2032394366197183,0.2416326530612245,29,19,50,"What are some examples of successful respectful relationships education programs or initiatives, and how have they impacted adolescent attitudes and behaviors?"
ID_VL_Eng_Gha_D40AC5E9,Eng_Gha,C_recall_failure,0.17776536312849162,0.2383050847457627,0.2383050847457627,0.2383050847457627,1,6,42,How do community-based organizations leverage technology and social media platforms to disseminate sexual and reproductive health information and engage with adolescents?
ID_VL_Aka_Gha_E7C99B26,Aka_Gha,C_recall_failure,0.17776536312849162,0.21887323943661968,0.21887323943661968,0.21887323943661968,2,0,63,So nhomasua nhyehyɛe anaa nneɛma bi wɔ hɔ a ɛbɛboa mmabun ma wɔte hokwan ahorow ne akwan horow a wobetumi afa so afa ahofadi a wobenya afi ɔhaw ne basabasayɛ ho ase?
ID_VL_Aka_Gha_337EA2DF,Aka_Gha,C_recall_failure,0.17780918727915193,0.18914798206278027,0.18914798206278027,0.19009174311926608,37,57,62,"Nneɛma bɛn na ɛka ɔbarima ne ɔbea nna ho akɔnnɔ, te sɛ abɔde a nkwa wom, nneɛma a atwa yɛn ho ahyia, ne amammerɛ?"
ID_VL_Aka_Gha_15ED6269,Aka_Gha,C_recall_failure,0.17792349726775955,0.23408163265306126,0.23408163265306126,0.23408163265306126,0,51,63,So ahobammɔ abien a mede bedi dwuma no kyerɛ sɛ mintumi nnya nna mu anigye kɛse saa?
ID_VL_Eng_Uga_18D42238,Eng_Uga,C_recall_failure,0.17792349726775958,0.19434343434343437,0.22490196078431374,0.22490196078431374,8,1,58,Is it 100% proven that HIV is not curable?
ID_VL_Aka_Gha_88BC539C,Aka_Gha,C_recall_failure,0.17792349726775958,0.21497206703910615,0.2263106796116505,0.2343891402714932,28,36,65,Ɔkwan bɛn so na mmabun betumi aboa wɔn ho wɔn ho wɔ wɔn atipɛnfo akuw ne mpɔtamfo a wɔsɔre tia suban ne nneyɛe a ɛyɛ animtiaabu na wɔko tia no mu?
ID_VL_Lug_Uga_B34E356A,Lug_Uga,B_reranking_failure,0.1779746835443038,0.74,0.74,0.74,1,8,67,"Singa nfuna obujjanjabi bwa Kiramidiya ne mpona, waliwo emikisa gy’okuddamu okumufuna?"
ID_VL_Aka_Gha_FF01CF99,Aka_Gha,C_recall_failure,0.17814814814814814,0.17814814814814814,0.17814814814814814,0.17814814814814814,0,10,64,Mɛyɛ dɛn atumi akasa atia nyiyimu anaa animtiaabu a ɛfa nna ne awo apomoden ho nsɛmti ho wɔ me mpɔtamu hɔ? (Wɔhyɛ nnipa nyinaa bom ne obu a wɔde ma) .
ID_VL_Eng_Gha_887B03E5,Eng_Gha,C_recall_failure,0.17814814814814814,0.20218579234972678,0.20218579234972678,0.20218579234972678,4,17,63,What strategies can adolescents use to negotiate safe sex practices with their partners?
ID_VL_Eng_Eth_38B8F24E,Eng_Eth,C_recall_failure,0.17814814814814814,0.17814814814814814,0.17814814814814814,0.21764705882352942,42,40,63,"If I use the pill, will my faith be questioned by the church elders?"
ID_VL_Eng_Uga_C68FCBA5,Eng_Uga,B_reranking_failure,0.17814814814814817,0.74,0.74,0.74,3,2,66,Will my partner have the same HIV results as me?
ID_VL_Eng_Ken_82A7F586,Eng_Ken,B_reranking_failure,0.17821989528795812,0.74,0.74,0.74,2,0,51,Can one be married to an HIV positive person?
ID_VL_Eng_Gha_E0C1FF1E,Eng_Gha,C_recall_failure,0.1782481751824817,0.1940983606557377,0.1940983606557377,0.20181818181818184,26,13,49,"How can adolescents navigate financial challenges, such as unexpected expenses or emergencies, while maintaining financial stability?"
ID_VL_Eng_Uga_C2E79A98,Eng_Uga,B_reranking_failure,0.17827272727272725,0.17827272727272725,0.74,0.74,8,14,57,How can you reduce risks when having sex without using protection?
ID_VL_Eng_Ken_EDAF3766,Eng_Ken,B_reranking_failure,0.17831325301204817,0.74,0.74,0.74,4,17,46,What are the first signs?
ID_VL_Eng_Gha_EE4A9B5D,Eng_Gha,C_recall_failure,0.1783132530120482,0.19328358208955224,0.24532608695652172,0.24532608695652172,17,19,49,"How do cultural norms, legal regulations, and socio-economic conditions influence adolescents' access to microfinance, ownership rights, decision-making autonomy, and participation in economic activities?"
ID_VL_Aka_Gha_3A578A8E,Aka_Gha,C_recall_failure,0.17862068965517242,0.1871595330739299,0.2363350785340314,0.2363350785340314,15,15,59,"Ɔkwan bɛn so na mmabun fata sɛ wonya akwahosan ho insurance, na dɛn ne gyinapɛn ahorow a ɛbɛma wɔafata?"
ID_VL_Aka_Gha_142C3FE8,Aka_Gha,C_recall_failure,0.17871698113207546,0.20582781456953642,0.21027322404371585,0.2298005698005698,44,14,51,"Sɛ mete nka sɛ wɔrebu me awo akwahosan hokwan ahorow so anaasɛ wɔrepow me a, dɛn na ɛsɛsɛ meyɛ?"
ID_VL_Aka_Gha_F510AB53,Aka_Gha,D_weak_pool,0.17874396135265697,0.31088757396449707,0.31088757396449707,0.31088757396449707,2,13,48,Si hia a ɛho hia sɛ wɔhwɛ wɔn ansa na wɔawo wɔ asiane ahorow a ebetumi aba a wobehu na wɔadi ho dwuma no so dua.
ID_VL_Eng_Gha_A4244F23,Eng_Gha,C_recall_failure,0.17876404494382026,0.16086956521739132,0.2216589861751152,0.2426229508196721,34,16,49,What are some ways that schools can address the stigma surrounding mental health and encourage open dialogue and support-seeking behavior?
ID_VL_Eng_Eth_AAB612C9,Eng_Eth,C_recall_failure,0.17903225806451611,0.2292957746478873,0.2292957746478873,0.24666666666666665,25,38,48,"How can I explain the importance of a balanced diet (proteins, vitamins) on a limited budget?"
ID_VL_Eng_Gha_A1173719,Eng_Gha,C_recall_failure,0.17903225806451611,0.20016393442622948,0.20016393442622948,0.20016393442622948,3,9,48,"How do cultural and social factors influence the representation of gender and sexuality in different types of media, such as television, film, advertising, and social media?"
ID_VL_Eng_Gha_01582463,Eng_Gha,C_recall_failure,0.1791578947368421,0.18679611650485436,0.19985401459854013,0.19985401459854013,13,18,56,"What are examples of ways in which adolescents can participate in shaping policies, programs, and services related to sexual and reproductive health in their communities?"
ID_VL_Eng_Uga_4DCD0009,Eng_Uga,B_reranking_failure,0.17921875,0.74,0.74,0.74,4,4,54,What are the reasons for testing for HIV while pregnant?
ID_VL_Eng_Ken_B96C1163,Eng_Ken,B_reranking_failure,0.17921875,0.74,0.74,0.74,3,5,39,"What are the reasons for testing for HIV while pregnant?"""
ID_VL_Eng_Gha_F1053252,Eng_Gha,C_recall_failure,0.17925465838509316,0.21925925925925926,0.22464285714285717,0.22464285714285717,19,11,47,How do transportation challenges impact adolescents' ability to access regular check-ups or follow-up appointments for sexual and reproductive health services?
ID_VL_Eng_Gha_28524385,Eng_Gha,C_recall_failure,0.17939393939393938,0.252,0.252,0.252,0,7,61,"What role can technology and social media play in empowering youth leaders to mobilize their peers, raise awareness, and advocate for their rights and needs in the field of ASRH?"
ID_VL_Amh_Eth_7E8ADEE7,Amh_Eth,D_weak_pool,0.17939393939393938,0.333,0.333,0.333,0,1,52,ኤችፒቪ በራሱ ጊዜ ሊጠፋ ይችላል?
ID_VL_Eng_Gha_690E7E62,Eng_Gha,C_recall_failure,0.17939393939393938,0.1630508474576271,0.17939393939393938,0.17939393939393938,10,1,49,"What are the benefits of prenatal care for both the pregnant person and the baby? (reduced complications, healthier birth outcomes)"
ID_VL_Aka_Gha_473BD358,Aka_Gha,C_recall_failure,0.1793939393939394,0.29141592920353976,0.29141592920353976,0.29141592920353976,1,5,53,Mɛyɛ dɛn atumi aboa me hokafo yiyedi bere a mehwɛ m’ankasa de nso?
ID_VL_Aka_Gha_0A368CE7,Aka_Gha,C_recall_failure,0.1795049504950495,0.15455696202531644,0.20555555555555555,0.22301369863013698,35,47,69,"Dɛn ne akwan horow a wɔfa so yi nyinsɛn gu? (aduru a wɔde yi nyinsɛn gu, oprehyɛn a wɔde yi nyinsɛn gu - kyerɛkyerɛ mu wɔ nsɛm a ɛkɔ akyiri mu)"
ID_VL_Eng_Ken_EAD08C89,Eng_Ken,B_reranking_failure,0.1795049504950495,0.24365853658536585,0.74,0.74,9,0,52,Will HIV affect someone until death?
ID_VL_Aka_Gha_C40C5D91,Aka_Gha,C_recall_failure,0.17952662721893492,0.19231638418079094,0.19231638418079094,0.19231638418079094,2,52,73,"Yɛbɛyɛ dɛn ahu na yɛayɛ ho biribi wɔ nsɛnkyerɛnne a ɛnyɛ kasa mu wɔ nkitahodi mu, te sɛ nipadua mu kasa ne anim yɛbea, na ama ntease ne nkitahodi awie ntease?"
ID_VL_Eng_Gha_DC5BE7D1,Eng_Gha,C_recall_failure,0.17961165048543687,0.18316831683168316,0.19646017699115043,0.1995505617977528,41,36,53,"What role do corporate social responsibility (CSR) initiatives play in promoting economic empowerment for adolescents, and how effective are they?"
ID_VL_Aka_Gha_6E6981A3,Aka_Gha,C_recall_failure,0.1796531791907514,0.1970414201183432,0.2478468899521531,0.2665254237288135,27,7,71,"Dɛn ne nneɛma bi a metumi ayɛ de akura adwene mu apomoden pa mu bere a merekɔ nna ne awoɔ mu nkɔso mu no? (abusuabɔ pa, nkitahodi a ɛda adi pefee, wɔn ho a wɔhwɛ) ."
ID_VL_Aka_Gha_32FA2DE8,Aka_Gha,C_recall_failure,0.1796531791907514,0.1928909952606635,0.1928909952606635,0.1928909952606635,0,27,57,Mɛyɛ dɛn ahu nsonsonoe a ɛda nneyɛe a ɛfata ne nea ɛnyɛ papa ntam wɔ nyɔnkofa  bi mu?
ID_VL_Lug_Uga_AD5CBA24,Lug_Uga,B_reranking_failure,0.17971428571428572,0.14028436018957346,0.74,0.74,11,0,60,Okubeera n’Akawuka akaleeta Siriimu kitegeeza nti obuwangaazi bw’omuntu bukendedde?
ID_VL_Eng_Uga_1D763A66,Eng_Uga,B_reranking_failure,0.17978873239436619,0.74,0.74,0.74,3,25,42,"Can I get Genital Herpes if I share sex toys with someone who is infected?, please answer this using simple medical terms."
ID_VL_Eng_Gha_1C76BDF6,Eng_Gha,C_recall_failure,0.17981308411214952,0.23171717171717174,0.23171717171717174,0.27380000000000004,20,25,47,Are there specific platforms or websites that offer online crisis intervention services tailored to adolescent sexual and reproductive health?
ID_VL_Eng_Gha_B43BD27F,Eng_Gha,C_recall_failure,0.17986111111111108,0.17986111111111108,0.2241142857142857,0.2241142857142857,7,21,52,"How can assertiveness training help me develop resilience and coping skills to deal with rejection, criticism, or disapproval from others when asserting my boundaries and making autonomous decisions?"
ID_VL_Aka_Gha_1D9AF659,Aka_Gha,C_recall_failure,0.17986111111111114,0.20136054421768707,0.20829629629629626,0.2261111111111111,51,36,55,Ɔkwan bɛn so na awofo anaa abusuafo betumi aboa ɔbabun a wahyia ahodwiriw anaa ayayade a ɛfa nna anaa awo akwahosan ho?
ID_VL_Eng_Gha_28E213BC,Eng_Gha,C_recall_failure,0.17988950276243093,0.17201754385964912,0.2280232558139535,0.2393034825870647,29,9,47,"How can peer support networks serve as platforms for peer education, skill-building, and empowerment in sexual and reproductive health topics, including facilitating discussions, sharing accurate information, and challenging harmful stereotypes or misconceptions?"
ID_VL_Aka_Gha_4EB93EFF,Aka_Gha,C_recall_failure,0.17993920972644373,0.18301075268817205,0.18301075268817205,0.18641221374045802,34,51,61,"Dɛn ne hokwan ne asɛyɛde ahorow a mmabun wɔ wɔ nnuru a wɔde siw nyinsɛn ano a wobenya ho, na mɛyɛ dɛn akyerɛ sɛ mewɔ hokwan ahorow wɔ akwahosan ho nhyehyɛe ahorow mu?"
ID_VL_Eng_Gha_69CE1E4E,Eng_Gha,C_recall_failure,0.17999999999999997,0.19270833333333331,0.19270833333333331,0.19270833333333331,4,2,44,"Who are the professionals or trained volunteers providing support through online crisis intervention services, and what qualifications do they have?"
ID_VL_Eng_Gha_D82C7565,Eng_Gha,C_recall_failure,0.18,0.20622950819672128,0.2216042780748663,0.2216042780748663,5,22,49,How do adolescents reconcile potential conflicts between their own religious beliefs and values and those advocated by their religious communities regarding sexual and reproductive health decisions?
ID_VL_Eng_Uga_36F7A26C,Eng_Uga,B_reranking_failure,0.18,0.18,0.74,0.74,11,50,59,How can I take care of myself if I suspect I have an STI?
ID_VL_Eng_Gha_0B251279,Eng_Gha,C_recall_failure,0.18000000000000002,0.20990384615384616,0.20990384615384616,0.20990384615384616,3,4,48,"What are the potential long-term implications of abortion on reproductive health, and how can post-abortion care help address these concerns?"
ID_VL_Eng_Eth_F54E2019,Eng_Eth,C_recall_failure,0.18000000000000002,0.1965625,0.1965625,0.2304918032786885,23,48,57,My husband refuses to believe a woman's discharge can be a sign of a serious disease. How can I convince him to let me go to the clinic?
ID_VL_Aka_Gha_A18FF6B6,Aka_Gha,C_recall_failure,0.18014981273408237,0.19639810426540283,0.2261111111111111,0.2478817733990148,24,3,71,"Dɛn ne nhwɛso ahorow bi a ɛfa nsɛm ho amanneɛbɔfo nkrasɛm a eye na ɛnya nkɛtɛnso pa wɔ nna mu apɔwmuden ho, na ɔkwan bɛn so na ɛsono no wɔ mfoni ahorow a ɛyɛ animtiaabu anaa epira ho?"
ID_VL_Aka_Gha_C754108F,Aka_Gha,C_recall_failure,0.18048780487804877,0.19814207650273225,0.2163076923076923,0.22103896103896103,29,47,71,Asɛyɛde bɛn na nsɛm ho amanneɛbɔfo a wɔyɛ ne wɔn a wɔyɛ nneɛma no wɔ wɔ hwɛ a wɔbɛhwɛ ma wɔayɛ mmabun a wɔadi dɛm ho mfonini a edi mu na obu wo mu no mu?
ID_VL_Aka_Gha_430F801D,Aka_Gha,C_recall_failure,0.18048780487804877,0.20611872146118723,0.22618867924528302,0.22618867924528302,14,13,43,Nneɛma anaa mmoa dwumadie bɛn na ɛwɔ hɔ a ɛbɛboa me ma mafa nyinsɛn ano sie akyi ayaresa mu na madi haw anaa dadwen biara ho dwuma?
ID_VL_Aka_Gha_0200B1F0,Aka_Gha,C_recall_failure,0.18056000000000003,0.20839080459770115,0.24449339207048457,0.2809259259259259,68,22,73,"Mpɛn ahe na atipɛnfo mmoa akuw hyia, na dɛn ne ɔkwan a wɔtaa fa so yɛ saa nhyiam ahorow yi?"
ID_VL_Eng_Gha_8164CEEC,Eng_Gha,C_recall_failure,0.18057416267942586,0.18057416267942586,0.19398058252427186,0.2244549763033175,21,7,48,"What are some common gynecological concerns that adolescents may have, and how can gynecological services address these issues?"
ID_VL_Aka_Gha_DC1110C1,Aka_Gha,C_recall_failure,0.1805952380952381,0.21565714285714288,0.23125,0.23125,6,18,74,"Dɛn ne telehealth(akwahosan mmoa a yɛnam mfiridwuma so nya), na ɛyɛ adwuma dɛn?"
ID_VL_Eng_Gha_BFF9507D,Eng_Gha,D_weak_pool,0.18069767441860463,0.18069767441860463,0.185,0.3128455284552845,37,26,51,"What are healthy coping mechanisms for dealing with stress, and how can we develop and implement them in our daily lives?"
ID_VL_Eng_Gha_8DF661DA,Eng_Gha,C_recall_failure,0.18069767441860463,0.27473053892215565,0.27473053892215565,0.27473053892215565,2,31,49,"How can adolescents navigate conflicts or disagreements in a relationship in a constructive and respectful manner, and what are some strategies for resolving conflicts peacefully?"
ID_VL_Aka_Gha_27CD8130,Aka_Gha,C_recall_failure,0.18076335877862595,0.19880597014925372,0.19880597014925372,0.20812499999999998,42,4,52,"Sɛ misusuw sɛ ebia manyinsɛn a, dɛn na ɛsɛ sɛ meyɛ?"
ID_VL_Aka_Gha_C37459EE,Aka_Gha,C_recall_failure,0.18076335877862595,0.22359712230215828,0.27626666666666666,0.27626666666666666,19,6,51,Mɛyɛ dɛn atumi adi m’ankasa me gyidi ne gyinapɛn ahorow akyi bere a meda so ara ne m’atipɛnfo anya ayɔnko pa?
ID_VL_Swa_Ken_0DF80B89,Swa_Ken,B_reranking_failure,0.18088888888888888,0.74,0.74,0.74,1,20,58,"Je, mtu anaweza kuishi kwa muda gani akizingatia kwamba ana Ukimwi?"
ID_VL_Eng_Gha_06BA8CD3,Eng_Gha,C_recall_failure,0.18088888888888888,0.18088888888888888,0.20771929824561403,0.20771929824561403,13,2,55,What role can peer education and mentorship programs play in facilitating knowledge sharing and skill development among adolescents regarding ASRH issues?
ID_VL_Aka_Gha_41357E8C,Aka_Gha,C_recall_failure,0.18088888888888888,0.18088888888888888,0.22852941176470587,0.22852941176470587,11,2,67,Mɛyɛ dɛn ahwɛ ahu sɛ manya nyinsɛn ne awo a ɛfata?
ID_VL_Eng_Gha_B89F7039,Eng_Gha,C_recall_failure,0.1808888888888889,0.23022222222222222,0.23022222222222222,0.23022222222222222,0,0,50,"What are the potential risks and unintended consequences of relying on technology for Adolescent Sexual and Reproductive Health(ASRH), such as cyberbullying, online harassment, or exposure to harmful content?"
ID_VL_Eng_Gha_C566AA81,Eng_Gha,C_recall_failure,0.18100719424460432,0.18100719424460432,0.19353846153846155,0.1973333333333333,23,15,65,Are there laws or regulations that govern the provision of STI prevention education and resources in schools or community settings?
ID_VL_Eng_Gha_63119ACA,Eng_Gha,C_recall_failure,0.1811188811188811,0.2570059880239521,0.2570059880239521,0.2570059880239521,3,9,52,"What is stigma, and how does it impact individuals living with STIs or HIV?"
ID_VL_Eng_Uga_F4719986,Eng_Uga,B_reranking_failure,0.18114583333333334,0.74,0.74,0.74,4,1,57,Can you explain how someone should take PEP correctly?
ID_VL_Eng_Eth_9E3D750D,Eng_Eth,C_recall_failure,0.18122448979591835,0.11511111111111111,0.24666666666666665,0.24666666666666665,7,11,48,"What is the local name for the small, painful blisters caused by Herpes?"
ID_VL_Aka_Gha_7D154385,Aka_Gha,C_recall_failure,0.18122448979591838,0.23088,0.23088,0.23088,3,9,66,Dwuma bɛn na apɔwmuden ho adwumayɛfo di wɔ nkitahodi a ɛkɔ so wɔ mmabun ne wɔn awofo anaa abusua mufo ntam wɔ nna ne awo apɔwmuden ho no mu?
ID_VL_Eng_Gha_1C221CEA,Eng_Gha,C_recall_failure,0.18122448979591838,0.18267782426778245,0.24939226519337016,0.24939226519337016,14,15,49,"How do social media platforms and digital media influence adolescents' perceptions of sexuality, intimacy, and peer relationships, and what are the implications for their sexual health outcomes?"
ID_VL_Eng_Gha_89E03E22,Eng_Gha,C_recall_failure,0.18122448979591838,0.2707317073170732,0.2707317073170732,0.2707317073170732,0,0,38,How can I identify if a healthcare facility in my area is youth-friendly?
ID_VL_Eng_Gha_87F255D6,Eng_Gha,C_recall_failure,0.1813,0.185,0.1874235807860262,0.1874235807860262,15,1,63,"What are some helpful things young people have done to deal with peer pressure or difficult situations and make good decisions about their sexual and reproductive health, and how can they share their experiences to help and inspire others?"
ID_VL_Lug_Uga_4CD99164,Lug_Uga,B_reranking_failure,0.18137254901960786,0.74,0.74,0.74,0,6,31,Nkola ki eziriwo mu kutangira Akawuka ka Kiramidiya akalwaza Ebitundu by'ekyama n'omuyitiro gw'omusulo?
ID_VL_Aka_Gha_FBF24050,Aka_Gha,D_weak_pool,0.18144230769230768,0.3339823008849558,0.3339823008849558,0.3339823008849558,2,36,73,Hokwan ahorow bɛn na ɛwɔ hɔ ma mmabun sɛ wɔbɛkamfo nhyehyɛe ahorow a ɛhyɛ nna ne awoɔ akwahosan ho nkuran wɔ wɔn mpɔtam hɔ?
ID_VL_Aka_Gha_67814C1F,Aka_Gha,C_recall_failure,0.1815094339622641,0.1973333333333333,0.20413793103448277,0.20413793103448277,9,28,74,"Ɔkwan bɛn so na metumi de nsɛm a ɛfa amanaman ntam nhyehyɛe ahorow ho, adi dwuma de akamfo ""ASRR"" ahorow wɔ m’ankasa me mpɔtam hɔ? (Nkyerɛkyerɛ ɔsatu ahorow, a ɛtwe adwene si amanaman ntam apam ahorow so)"
ID_VL_Eng_Uga_999A1D86,Eng_Uga,B_reranking_failure,0.18150943396226416,0.18150943396226416,0.74,0.74,8,5,51,Why do I feel more sleepy or restless during puberty?
ID_VL_Eng_Gha_23C8AFDB,Eng_Gha,C_recall_failure,0.18150943396226416,0.23785714285714288,0.23785714285714288,0.23785714285714288,0,25,54,"How can I collaborate with other advocates and organizations to make a stronger impact in promoting ASRRs? (Networking, building coalitions)"
ID_VL_Eng_Eth_AB05347F,Eng_Eth,C_recall_failure,0.18150943396226416,0.2091304347826087,0.22872727272727272,0.22872727272727272,10,31,52,"If I have an infection, will the doctor tell me I cannot go to school?"
ID_VL_Swa_Ken_0A670143,Swa_Ken,B_reranking_failure,0.18157407407407405,0.74,0.74,0.74,0,37,59,"Je, ni hatua gani za kitabia zilizopo kwa ajili ya kuzuia Ukimwi?"
ID_VL_Eng_Gha_A7DE02CC,Eng_Gha,C_recall_failure,0.18163636363636365,0.18163636363636365,0.18803278688524588,0.18803278688524588,16,9,52,What should I do if I'm unsure about whether my partner is comfortable or consenting to sexual activity?
ID_VL_Eng_Gha_A4540937,Eng_Gha,C_recall_failure,0.1816766467065868,0.23041916167664667,0.2478301886792453,0.2478301886792453,10,26,42,"How does goal setting contribute to building resilience, self-esteem, and self-confidence in resisting negative peer pressure, assertively asserting my boundaries, and asserting my autonomy and agency over my own body and sexuality?"
ID_VL_Eng_Gha_A35055E4,Eng_Gha,C_recall_failure,0.18169642857142856,0.2082251082251082,0.2288983050847458,0.2288983050847458,10,16,53,"What challenges and barriers do schools face in implementing effective media literacy programs, and how can they address issues related to funding, curriculum integration, teacher training, and assessment?"
ID_VL_Eng_Uga_2BDFCB41,Eng_Uga,B_reranking_failure,0.1816964285714286,0.74,0.74,0.74,1,8,61,How should I explain to someone with HIV the importance of using PrEP and PEP correctly?
ID_VL_Eng_Gha_C9C23E69,Eng_Gha,C_recall_failure,0.18175438596491228,0.2109502262443439,0.2109502262443439,0.2109502262443439,1,2,47,"How can healthcare providers and insurers ensure that their services are youth-friendly, non-discriminatory, confidential, and respectful of adolescents' rights and preferences?"
ID_VL_Lug_Uga_C2DD901D,Lug_Uga,B_reranking_failure,0.18175438596491228,0.74,0.74,0.74,2,3,59,Okukeberebwa kw'Akawuka akaleeta Siriimu kukolebwa wa?
ID_VL_Eng_Ken_22319050,Eng_Ken,B_reranking_failure,0.18182857142857142,0.20136054421768707,0.74,0.74,11,5,49,Am afraid of going because I don’t know whether am positive or negative
ID_VL_Eng_Ken_5E175B66,Eng_Ken,B_reranking_failure,0.18182857142857142,0.74,0.74,0.74,4,1,60,The fear of not knowing my status is holding me back from going.
ID_VL_Aka_Gha_F86C2CA2,Aka_Gha,C_recall_failure,0.18189944134078215,0.18189944134078215,0.21623376623376625,0.21623376623376625,16,41,67,Ɔkwan bɛn so na nhyehyɛe a wɔde wɔn ho hyɛ ɔhaw mu no susuw nsunsuanso a enya wɔ nna ne awo mu akwahosan ho haw a ɛsan ba mmabun mu no so tew so?
ID_VL_Aka_Gha_98326856,Aka_Gha,C_recall_failure,0.18191666666666667,0.2398901098901099,0.24362139917695472,0.3049246231155779,58,30,64,"Nneɛma bɛn na ebetumi anya ankorankoro bi ahyeɛ so nkɛntɛnso, te sɛ amammerɛ mu gyinapɛn ahorow, n’ankasa gyinapɛn ahorow, osuahu ahorow a atwam, ne ahotɔ dodow, na kwan bɛn so na mmabun betumi adi saa nneɛma yi so wɔ ahyeɛ a wɔbɛto na wɔakura mu?"
ID_VL_Aka_Gha_6123FDF7,Aka_Gha,C_recall_failure,0.18203208556149733,0.1653631284916201,0.1814193548387097,0.20056074766355136,47,65,83,"Dɛn ne nneyɛe pɔtee bi a metumi ayɛ de akamfo ASRR ahorow, a egyina m’anigye ne m’ahokokwaw so? (Nkrataa a wɔkyerɛw kɔma ananmusifo, adesrɛ a wofi ase, nkyerɛkyerɛ nsɛm a wɔyɛ)."
ID_VL_Eng_Gha_78116802,Eng_Gha,C_recall_failure,0.1820634920634921,0.1820634920634921,0.185,0.2010869565217391,45,23,56,"How do peer support networks facilitate open communication, sharing of experiences, and mutual understanding among adolescents facing similar challenges or concerns regarding sexual and reproductive health?"
ID_VL_Eng_Gha_741B77F5,Eng_Gha,C_recall_failure,0.18215384615384614,0.22424242424242424,0.23239669421487608,0.2646715328467153,42,22,49,How can adolescents access family planning counseling and services?
ID_VL_Eng_Eth_56ABF2F1,Eng_Eth,C_recall_failure,0.18215384615384614,0.22693333333333332,0.22693333333333332,0.22693333333333332,0,48,59,What is the protocol for partner notification when an adolescent tests positive for an STI?
ID_VL_Eng_Gha_AE92EA71,Eng_Gha,C_recall_failure,0.18215384615384617,0.28355140186915884,0.28355140186915884,0.28355140186915884,4,2,41,How can adolescents critically evaluate the credibility and reliability of sources providing information about sexual and reproductive health?
ID_VL_Aka_Gha_935F2B0A,Aka_Gha,C_recall_failure,0.18221105527638187,0.22904761904761906,0.22904761904761906,0.22904761904761906,3,20,60,"Dwuma bɛn na sukuu ahorow, mpɔtam hɔ ahyehyɛde ahorow, ne nnwuma a mmabun di anim di wɔ nhomasua ne tumi a wɔde bɛma mmabun anya akwannya ahorow a ɛfa mmabun nna ne awo akwaahosan (ASRH)  ho no mu?"
ID_VL_Eng_Eth_9BE71737,Eng_Eth,C_recall_failure,0.18231884057971015,0.18231884057971015,0.1906060606060606,0.2428125,26,6,58,How can I get local media or radio to talk about the dangers of early pregnancy?
ID_VL_Eng_Uga_A2B03C4B,Eng_Uga,B_reranking_failure,0.18231884057971015,0.74,0.74,0.74,3,43,46,"What are the best safe sex practices for the clap?, please answer in detail."
ID_VL_Eng_Gha_5EDBB8EE,Eng_Gha,C_recall_failure,0.18239436619718308,0.19096774193548388,0.20245283018867924,0.21247524752475247,22,10,46,"Are there any costs associated with accessing shelter and housing services, and what options are available for adolescents who may not have financial resources to cover these expenses?"
ID_VL_Aka_Gha_6DADD6C7,Aka_Gha,C_recall_failure,0.18246575342465754,0.2388976377952756,0.2388976377952756,0.2388976377952756,3,7,67,"Dɛn na ""hokwan a wɔ wɔ sɛ wosiw HIV ano na wɔsa no yiye"" kyerɛ ma mmabun?"
ID_VL_Eng_Gha_1F33242D,Eng_Gha,D_weak_pool,0.18246575342465754,0.31794676806083644,0.31794676806083644,0.31794676806083644,3,2,44,How can healthcare providers and educators incorporate cultural competency and sensitivity into sexual and reproductive health programs to better serve diverse adolescent populations?
ID_VL_Lug_Uga_A976DC4D,Lug_Uga,B_reranking_failure,0.18271604938271602,0.74,0.74,0.74,3,16,60,Ngeri ki ze nsobola okuyitamu okuwagira mukwano gwange alina Akawuka akaleeta Siriimu?
ID_VL_Eng_Uga_388C9751,Eng_Uga,B_reranking_failure,0.18271604938271602,0.74,0.74,0.74,1,7,52,What does an HIV-negative result mean?
ID_VL_Aka_Gha_A9488D99,Aka_Gha,C_recall_failure,0.18271604938271602,0.19340909090909092,0.19340909090909092,0.19340909090909092,9,2,59,Dɛn ne mma ne mma nna ne mmarima ne mmarima nna 'LGBTQ+'?
ID_VL_Aka_Gha_956B8C0C,Aka_Gha,C_recall_failure,0.18271604938271604,0.27526570048309174,0.27526570048309174,0.27526570048309174,0,9,66,"So nsonsonoe wɔ akwahosan ho insurance a wɔde tua nna ne awo akwahosan ho nnwuma mu a egyina nneɛma te sɛ mfe a obi adi, ɔbarima ne ɔbea nna, anaa beae a obi wɔ so?"
ID_VL_Aka_Gha_C715B2B9,Aka_Gha,C_recall_failure,0.18287356321839077,0.2085082872928177,0.2085082872928177,0.2165853658536585,28,41,78,Ɔkwan bɛn so na mpɔtam nkitahodi ne nkabom ahorow boa ma adwumayɛ ne nimdeɛ sesa wɔ aman a wohyia ASRH nsɛnnennen ne hokwan ahorow a ɛte saa ara mu?
ID_VL_Aka_Gha_AB9099A4,Aka_Gha,C_recall_failure,0.18296703296703296,0.19107981220657277,0.2072,0.23644970414201183,58,13,72,"Nsunsuansoɔ bɛn na apɔmuden mu nyiyim ne pɛ a wɔnnyɛ a wɔbɛdi ho dwuma wɔ mmabun nna ne awoɔ mu apɔmuden mu wɔ, wɔ wiase apɔmuden ne mpontuo botaeɛ ho?"
ID_VL_Eng_Uga_6D84414D,Eng_Uga,C_recall_failure,0.18305263157894736,0.149873417721519,0.19096774193548388,0.19304347826086954,32,25,65,What's the optimal way to use contraception during sex to lower the risk of STIs?
ID_VL_Eng_Gha_1FEAE1E0,Eng_Gha,C_recall_failure,0.18305263157894736,0.18305263157894736,0.18305263157894736,0.23414062499999996,29,15,62,"Are there any laws or policies that govern the provision of comprehensive sexual health education, including Sexually Transmitted Infection(STIs)/HIV prevention, in schools? What ethical considerations should be taken into account when implementing such programs?"
ID_VL_Eng_Gha_8FC85FC0,Eng_Gha,C_recall_failure,0.18309278350515462,0.1876555023923445,0.1876555023923445,0.1876555023923445,4,5,53,What resources can help adolescents and healthcare providers learn about how climate change affects sexual and reproductive health and what to do about it?
ID_VL_Eng_Uga_2D79A2D1,Eng_Uga,B_reranking_failure,0.18323809523809526,0.18323809523809526,0.74,0.74,14,2,51,How does someone get contracted with Trichomoniasis?
ID_VL_Aka_Gha_B2B9437A,Aka_Gha,C_recall_failure,0.18327102803738318,0.21943217665615142,0.26071174377224193,0.26071174377224193,8,7,62,"Dɛn nti na sika a wɔbɛkora so ho hia mmabun, na ɔkwan bɛn so na ɛboa ma wonya sikasɛm mu ahoɔden?"
ID_VL_Aka_Gha_15B52908,Aka_Gha,C_recall_failure,0.183302752293578,0.183302752293578,0.20350000000000001,0.21645000000000003,44,47,66,Mɛyɛ dɛn agyina honam mu nkwammoa (hormones) nsunsuansoɔ so wɔ me nipadua ne m'atenka so?
ID_VL_Swa_Ken_52150ED8,Swa_Ken,B_reranking_failure,0.183302752293578,0.74,0.74,0.74,3,3,57,"Je, ni hatua gani ninazopaswa kuchukua ikiwa ninavutiwa na wasichana lakini nina maambukizi?"
ID_VL_Aka_Gha_DC570131,Aka_Gha,C_recall_failure,0.18336283185840707,0.22933884297520662,0.23694581280788174,0.24666666666666667,64,2,66,Dɛn ne abrabɔ pa ho nsɛnnennen nea broni ka no 'dilemma' anaa nsemmisa a ɛtaa ba a mmabun betumi ahyia wɔ wɔn mmabunbere mu?
ID_VL_Eng_Gha_F5E4A471,Eng_Gha,C_recall_failure,0.18343661971830985,0.18343661971830985,0.18343661971830985,0.18343661971830985,0,21,52,How can I involve my friends or family in supporting my physical activity goals during puberty?
ID_VL_Eng_Gha_62DBC850,Eng_Gha,C_recall_failure,0.18347107438016533,0.17619047619047618,0.18974358974358974,0.18974358974358974,9,38,60,"What are some legal considerations and protections for adolescents with disabilities, such as disability-sensitive healthcare and antidiscrimination laws?"
ID_VL_Eng_Gha_808389C8,Eng_Gha,C_recall_failure,0.18356589147286823,0.18356589147286823,0.20651162790697675,0.20651162790697675,9,6,42,"Are there differences in health insurance coverage for sexual and reproductive healthcare services based on factors such as age, gender, or geographic location?"
ID_VL_Lug_Uga_CF5E0F0B,Lug_Uga,C_recall_failure,0.18360902255639094,0.18360902255639094,0.18368794326241134,0.1987037037037037,48,31,61,Lwaki abantu abamu abalina Akawuka akaleeta Siriimu tebalwala Siriimu?
ID_VL_Eng_Gha_AD371D9E,Eng_Gha,C_recall_failure,0.18368794326241134,0.25425641025641027,0.25425641025641027,0.27317757009345794,46,41,54,How can adolescents get involved in social activism and advocacy efforts to promote sexual and reproductive health rights and access to services?
ID_VL_Eng_Gha_92EC89AF,Eng_Gha,C_recall_failure,0.1838216560509554,0.18603351955307262,0.18603351955307262,0.20139240506329115,48,42,51,How can I navigate conflicting messages or expectations from different cultural or social contexts regarding sexuality and reproductive health?
ID_VL_Eng_Gha_BA370623,Eng_Gha,C_recall_failure,0.1838216560509554,0.1838216560509554,0.20051612903225807,0.20051612903225807,13,7,53,"What teaching methods and resources are used to deliver sexual and reproductive health education, and are they age-appropriate, culturally sensitive, and evidence-based?"
ID_VL_Aka_Gha_4CE1EB90,Aka_Gha,C_recall_failure,0.18387878787878786,0.18387878787878786,0.18387878787878786,0.18986842105263158,40,37,62,Nneɛma bɛn na ɛwɔ hɔ a ɛboa mmabun ma wɔte wɔn kɔkoamunsɛm hokwan ase bere a wɔrehwehwɛ wɔn nna ne awoɔ mu apɔmuden mmoa?
ID_VL_Aka_Gha_F319C125,Aka_Gha,C_recall_failure,0.18395480225988697,0.2198019801980198,0.2198019801980198,0.23785714285714288,52,20,62,"kwan bɛn so na mmabun betumi ahu nkɛntɛnso a digital media a ɛhyɛ ahoɔfɛ gyinapɛn ahorow a ɛnyɛ nokware, nsusuii hunu a epira, anaa abusuabɔ mu nkɔso a ɛnyɛ papa ho nkuran ho nkɛntɛnso?"
ID_VL_Eng_Gha_FD350C5F,Eng_Gha,C_recall_failure,0.18395480225988697,0.18395480225988697,0.20943396226415095,0.20943396226415095,5,6,57,"What mechanisms exist for adolescents to provide feedback, share experiences, and collaborate with policymakers and program implementers to improve the accessibility, acceptability, and quality of sexual and reproductive health services?"
ID_VL_Lug_Uga_19DA8262,Lug_Uga,B_reranking_failure,0.1839779005524862,0.74,0.74,0.74,1,37,58,Omuntu alina Akawuka akaleeta Siriimu alina okumiranga ARVs okusobola okuwangaala?
ID_VL_Eng_Gha_A97431DB,Eng_Gha,D_weak_pool,0.18409756097560973,0.31504950495049505,0.31504950495049505,0.31504950495049505,2,0,41,"What are some myths or misconceptions about nutrition and its impact on adolescent reproductive health, and how can they be addressed through education and awareness?"
ID_VL_Eng_Gha_57A2BE4E,Eng_Gha,C_recall_failure,0.18409756097560975,0.18409756097560975,0.21312,0.21312,6,6,38,How can technology and digital health platforms be utilized to enhance the integration of STI/HIV prevention and education with other health services for adolescents?
ID_VL_Aka_Gha_AE340454,Aka_Gha,C_recall_failure,0.18426877470355732,0.18251121076233184,0.26184615384615384,0.26184615384615384,7,25,72,"Mmara bɛn na ɛfa awofo pene anaa amanneɛbɔ a wɔde ma mmabun a wɔrehwehwɛ awo ho akwahosan ho, na ɔkwan bɛn so na ɛsono sɛnea tumidi te?"
ID_VL_Eng_Uga_1EDF3BFA,Eng_Uga,C_recall_failure,0.18499999999999997,0.11772727272727274,0.18499999999999997,0.18499999999999997,12,0,66,For how long can a couple remain discordant without using a condom?
ID_VL_Eng_Uga_FDD5B0F8,Eng_Uga,B_reranking_failure,0.18499999999999997,0.74,0.74,0.74,2,4,58,When should you talk to a healthcare provider about irregular or painful periods?
ID_VL_Amh_Eth_43B9DA13,Amh_Eth,C_recall_failure,0.18499999999999997,0.2846153846153846,0.2846153846153846,0.296,34,0,61,ክላሚዲያ አንዲት ሴት ልጅ እንዳትወልድ ሊያደርግ ይችላል?
ID_VL_Eng_Gha_084A6780,Eng_Gha,C_recall_failure,0.185,0.20518181818181813,0.21421052631578946,0.2146913580246913,40,10,54,Are there any cultural or linguistic considerations taken into account in community outreach programs to ensure inclusivity?
ID_VL_Eng_Eth_D20F87D0,Eng_Eth,C_recall_failure,0.185,0.13454545454545452,0.185,0.21583333333333335,36,15,50,What is the most common reason for a Genital Wart (HPV) recurrence after a successful removal procedure?
ID_VL_Swa_Ken_A2379E6F,Swa_Ken,B_reranking_failure,0.185,0.74,0.74,0.74,1,2,54,Kwa nini nipime virusi vya ukimwi wakati wa ujauzito?
ID_VL_Amh_Eth_F366BAD4,Amh_Eth,C_recall_failure,0.185,0.185,0.185,0.185,0,0,59,የጨብጥ ህመም ዓይንን ሊጎዳ ይችላል?
ID_VL_Eng_Gha_F37FD50D,Eng_Gha,C_recall_failure,0.185,0.19116666666666668,0.19116666666666668,0.20943396226415095,36,8,59,"What are the implications of gender-based violence (GBV) and sexual violence during conflicts on adolescents' SRH, mental health, and social integration in post-conflict settings?"
ID_VL_Eng_Gha_F29A6339,Eng_Gha,C_recall_failure,0.185,0.185,0.185,0.185,0,2,43,Why do I feel so groggy or irritable if I don't get enough sleep during puberty?
ID_VL_Aka_Gha_6601DDD0,Aka_Gha,C_recall_failure,0.185,0.20425339366515838,0.24666666666666665,0.24666666666666665,24,31,58,"Sɛ me hokafo no hyɛ me sɛ me ne no ɛnda a mempɛ a, mɛyɛ dɛn abua?"
ID_VL_Eng_Gha_46494296,Eng_Gha,C_recall_failure,0.185,0.16377049180327868,0.254375,0.254375,19,24,49,"Are there specialized support services, such as rape crisis centers or victim advocacy programs, available to survivors to help them navigate the legal system?"
ID_VL_Eng_Uga_F2C84743,Eng_Uga,C_recall_failure,0.185,0.185,0.185,0.185,4,4,67,is it true that if u have sex from the mouth of the virgina (top without Penetrating so deep) u cant get HIV/ AIDS
ID_VL_Eng_Gha_E4A4474C,Eng_Gha,C_recall_failure,0.185,0.19096774193548388,0.19185185185185186,0.19185185185185186,5,25,51,What should adolescents do if they witness harm or violence happening to someone else?
ID_VL_Eng_Uga_FCC4091B,Eng_Uga,B_reranking_failure,0.185,0.74,0.74,0.74,3,23,49,How to test for Gonorrhea in Women?
ID_VL_Eng_Uga_7FB75C57,Eng_Uga,B_reranking_failure,0.185,0.74,0.74,0.74,0,31,38,"Can I get Herpes Simplex Virus?, please answer this using simple medical terms."
ID_VL_Aka_Gha_A9F25336,Aka_Gha,C_recall_failure,0.185,0.18820809248554915,0.2228409090909091,0.2228409090909091,7,35,55,"Mɛyɛ dɛn ne me nnamfo, m’atipɛnfo, anaa m’adɔfo atena wɔ asomdwoe mu berɛ a yɛnkɔ tipɛn koro a ɛrenha me gyiedie?"
ID_VL_Aka_Gha_1D8CBBAC,Aka_Gha,C_recall_failure,0.185,0.19999999999999998,0.21322033898305084,0.2154945054945055,41,8,63,"Dɛn ne nea ebetumi afi nkitahodi a enye mu aba wɔ adwenem ahokwasan ""mental health"" so, na yɛbɛyɛ dɛn ayɛ adwuma de ama nkitahodi nhyehyɛe atu mpɔn na yɛasiw nneɛma bɔne a ebefi mu aba no ano?"
ID_VL_Eng_Gha_F2BD92F2,Eng_Gha,C_recall_failure,0.185,0.21724770642201835,0.21847619047619046,0.21847619047619046,7,7,42,"What role do digital platforms, social media, and technology play in facilitating adolescent participation and engagement in sexual and reproductive health issues?"
ID_VL_Eng_Eth_BA35844E,Eng_Eth,C_recall_failure,0.185,0.24666666666666665,0.24666666666666665,0.29365079365079366,40,22,63,"If I use the pill, will my faith be questioned by the church elders?"
ID_VL_Aka_Gha_6A34C854,Aka_Gha,C_recall_failure,0.185,0.1895566502463054,0.19044117647058822,0.20458823529411763,51,16,64,Mɛyɛ dɛn ahu sɛ nsɛm a merenya afa nna mu akwahosan ho no fata me nkɔso?
ID_VL_Eng_Eth_3873E57F,Eng_Eth,C_recall_failure,0.185,0.20555555555555552,0.23617021276595745,0.23617021276595745,5,4,37,Is a blood test enough for all STIs?
ID_VL_Eng_Uga_69BE173A,Eng_Uga,B_reranking_failure,0.185,0.39936507936507937,0.74,0.74,10,1,49,"Is there a vaccine for Genital Herpes?, please answer this using simple medical terms."
ID_VL_Aka_Gha_B0CC1B3B,Aka_Gha,C_recall_failure,0.185,0.201531914893617,0.20297142857142858,0.2406134969325153,45,5,70,"Nhwehwɛmu kwan bɛn ne nneɛma a wɔde kyerɛ (indicators) bɛn na wɔde gyina so bu dwumadi a ɛfa ntetee ne tumi a wɔhyɛ mu (capacity building) ho ntɛm, sɛ ɛreboa ama mbabaa baabaayɛ ne awo mu akwahosan (ASRH) atu mpɔn?"
ID_VL_Aka_Gha_8DA01097,Aka_Gha,C_recall_failure,0.185,0.22329824561403508,0.22666666666666668,0.24454935622317595,64,41,73,"So adwenemyareɛ ho dwumadie titiriw bi wɔ Ghana ma mmabun a wɔfiri mmusua ahodoɔ mu, te sɛ LGBTQ+ mmabun anaa atubrafoɔ mpɔtam?"
ID_VL_Aka_Gha_A25D6B29,Aka_Gha,C_recall_failure,0.18500000000000003,0.19761363636363638,0.206993006993007,0.2201025641025641,43,23,60,Akwan horow bɛn na wɔfa so hyɛ nna ho nkɔmmɔbɔ ho nkuran wɔ mmabun a sebi wɔadi dɛm ne amammerɛ anaa nyamesom akuw ahorow ntam?
ID_VL_Aka_Gha_43DAC043,Aka_Gha,C_recall_failure,0.18557993730407524,0.2050602409638554,0.22863787375415284,0.22863787375415284,11,35,69,"Nsɛm anaa tebea ahorow a ebetumi afa nna mu ɔbrasɛe, nhyɛso, anaa ɔhaw ho nhwɛso ahorow bi ne dɛn, na ɔkwan bɛn so na mmabun betumi ahu tebea horow yi na wɔayɛ ho biribi wɔ ɔkwan a ahobammɔ wom na ɛboa so?"
ID_VL_Swa_Ken_DC461B34,Swa_Ken,B_reranking_failure,0.18573705179282868,0.34010101010101007,0.74,0.74,7,8,69,"Je, kuwa na virusi vya ukimwi inamaanisha kuwa kifo hakiepukiki?"
ID_VL_Aka_Gha_2369B584,Aka_Gha,C_recall_failure,0.1858008658008658,0.17279187817258881,0.2338679245283019,0.2338679245283019,5,5,70,So nhyehyɛeɛ anaa dwumadie bi wɔ ma akwantu mu haw a mmabun hyia  wo mmere a wɔrehwehwɛ apɔmuden mmoa?
ID_VL_Aka_Gha_25B8FD4B,Aka_Gha,C_recall_failure,0.18591133004926108,0.21400696864111501,0.2379899497487437,0.24666666666666665,24,1,64,Dwuma bɛn na atipɛnfo ntam nyonkofa papa  di wɔ obu a mewɔ ma me ho ne ahotoso a menya wɔ gyinaesi a ntease wom wɔ me nna mu akwaa apɔmuden ho no mu?
ID_VL_Eng_Gha_9C89D374,Eng_Gha,C_recall_failure,0.18591133004926108,0.24178217821782177,0.24178217821782177,0.24178217821782177,3,15,66,"How can mentors facilitate open and honest communication with adolescents about sensitive topics such as consent, boundaries, gender identity, sexual orientation, and reproductive rights, while respecting their privacy, autonomy, and cultural values?"
ID_VL_Swa_Ken_032A09E0,Swa_Ken,C_recall_failure,0.18592964824120606,0.19768953068592057,0.19768953068592057,0.2256393442622951,53,7,57,"Je, unajisikiaje kufanya ngono?"
ID_VL_Aka_Gha_14822F53,Aka_Gha,C_recall_failure,0.18596858638743458,0.2571631205673759,0.29268656716417907,0.29268656716417907,12,20,59,So mmoa akuw anaa nneɛma bi wɔ hɔ a wobetumi de ama mmabun a wɔbrɛ wɔ atipɛnfo nhyɛso ho?
ID_VL_Aka_Gha_EFC89849,Aka_Gha,C_recall_failure,0.18601092896174864,0.17862068965517242,0.29183098591549295,0.29183098591549295,9,2,68,"Dɛn ne adwenemyare, na ɔkwan bɛn so na ɛsono no wɔ atinka mu osuahu ahorow a ɛfata ho?"
ID_VL_Eng_Gha_58F0DD23,Eng_Gha,C_recall_failure,0.18608187134502924,0.22812030075187972,0.22812030075187972,0.22812030075187972,4,1,52,How often should I see a healthcare provider during pregnancy?
ID_VL_Aka_Gha_F8CDA88B,Aka_Gha,C_recall_failure,0.1861349693251534,0.19761363636363638,0.24467741935483872,0.24467741935483872,9,5,51,"Dwuma bɛn na insurance a wɔtua ho ka di wɔ akwahosan ho nhyehyɛe a ɛsi so dua a wobenya mu, na akwan bɛn na ɛwɔ hɔ ma LGBTQ+ ankorankoro a wonni insurance?"
ID_VL_Swa_Ken_30C9C51F,Swa_Ken,B_reranking_failure,0.18614906832298136,0.74,0.74,0.74,0,0,63,Athari za kushiriki tendo la ngono na wanawake wazee kwa wavulana.
ID_VL_Aka_Gha_E45B712E,Aka_Gha,C_recall_failure,0.1861783439490446,0.20918727915194346,0.21936758893280633,0.24756363636363637,25,15,71,"Su anaa nneyɛɛ ahorow bɛn na ɛsɛ sɛ mmabun hwehwɛ wɔ ɔfotufo bi mu bere a wɔrehwehwɛ akwankyerɛ wɔ nsɛm a ɛfa atipɛnfo nhyɛso ne gyinaesi ho, te sɛ ahotoso, tema, adwene a enni atɛn, ne nna ne awo akwaa apɔmuden ho nimdeɛ?"
ID_VL_Aka_Gha_3F87E362,Aka_Gha,C_recall_failure,0.18619354838709676,0.2063030303030303,0.2740740740740741,0.2740740740740741,12,6,68,So mewɔ hokwan sɛ menya akwaa apɔmuden ho nhyehyɛe a ɛyɛ kokoam a ɛfa nna ne awo apɔmuden  ho? (Kokoamsɛm ne kokoamsɛm) .
ID_VL_Aka_Gha_C71D5E60,Aka_Gha,C_recall_failure,0.18619354838709679,0.2296551724137931,0.2296551724137931,0.2296551724137931,2,15,65,Dɛn ne nna mu nyarewa (STIs) na mɛyɛ dɛn asiw bi ano?
ID_VL_Aka_Gha_BC2CBB0D,Aka_Gha,C_recall_failure,0.18622516556291388,0.21333333333333332,0.21693811074918565,0.21875912408759127,47,47,66,"Asiane ne akwansideɛ bɛn na ebetumi aba wɔ sikasɛm mu nnwuma a wɔde di dwuma mu, te sɛ sika a wɔbɔ, mfɛntom a wɔbɔ, sika a wɔbɔ boro so, ɛka, nsisi, nnipa a wowia, anaa nsisi?"
ID_VL_Aka_Gha_E1805081,Aka_Gha,C_recall_failure,0.18629370629370628,0.1998850574712644,0.22372093023255812,0.22372093023255812,5,29,69,"Mɛyɛ dɛn atumi aka m’ahiadeɛ ne m’ahyeɛ ahorow ho asɛm atwa nsɛmti a ɛho hia ho nkɔmmɔbɔ ho ahyia, berɛ a mimmu w’awerɛkyekye ne ahyeɛ nso?"
ID_VL_Eng_Gha_518B2F21,Eng_Gha,C_recall_failure,0.18629370629370628,0.22981366459627328,0.22981366459627328,0.2756122448979592,27,3,41,"How can educators, parents, and caregivers support adolescents in developing media literacy skills to navigate and critique media messages about sexual health?"
ID_VL_Aka_Gha_E5AF6E39,Aka_Gha,C_recall_failure,0.18633093525179856,0.18958677685950415,0.2165853658536585,0.2426229508196721,57,0,68,So mmabun a wɔyem betumi anya awo ho adwumayɛbea ahorow a wɔn atubrafo tebea anaa sikasɛm tebea mfa ho saa?
ID_VL_Eng_Gha_5F07C1A5,Eng_Gha,C_recall_failure,0.18633093525179859,0.18633093525179859,0.18753424657534246,0.19248554913294796,22,8,47,What are some strategies for promoting digital citizenship and ethical online behavior among peers and within online communities?
ID_VL_Aka_Gha_1A3D1FA7,Aka_Gha,C_recall_failure,0.18637037037037035,0.2052739726027397,0.21366197183098587,0.22704545454545455,29,18,66,Dɛn ne mmara ne abrabɔ pa ho nsusuwii a ɛfa abɛɛfo mfiridwuma a wɔde di dwuma ho ma wɔn a wɔresi sɔ mbere mu?
ID_VL_Aka_Gha_1EFD76E9,Aka_Gha,C_recall_failure,0.18663716814159292,0.14720430107526883,0.15999999999999998,0.18663716814159292,21,39,71,Mmoa anaa nneɛma bɛn na ɛwɔ hɔ a di boa awofoɔ a wɔyɛ mmabun anaa mmabun a wɔwɔ asiane mu ma wɔkɔ so kɔ sukuu na wɔdi nsɛnnennen a wɔhyia ho dwuma?
ID_VL_Aka_Gha_AD66A1BD,Aka_Gha,C_recall_failure,0.1867289719626168,0.2339705882352941,0.24873949579831936,0.2561538461538461,32,6,71,Asetena mu mmoa ahorow bɛn na ɛho hia ma mmabun wɔ nna ne awo akwahosan ho nhyehyɛe ne nsɛm a wobenya mu?
ID_VL_Swa_Ken_85A0D089,Swa_Ken,B_reranking_failure,0.18672897196261684,0.74,0.74,0.74,0,17,70,"Je, nifanyeje ili kumwonya mtu kuhusu kuwa na uhusiano wa kimapenzi na mtu ambaye ameambukizwa bila kumuumiza?"
ID_VL_Aka_Gha_1190F938,Aka_Gha,C_recall_failure,0.18679611650485434,0.25259615384615386,0.2820491803278688,0.2820491803278688,10,39,69,"Mɛyɛ dɛn aboa ma nyinsɛn a woyi gu ho animtiaabu a, ɛwɔ me mpɔtam hɔ no so atew? (ntease ne tema a wɔhyɛ ho nkuran) ."
ID_VL_Eng_Ken_58330B30,Eng_Ken,C_recall_failure,0.18679611650485436,0.18679611650485436,0.18679611650485436,0.18679611650485436,1,0,58,If a person is infected with HIV does he/she develop AIDS?
ID_VL_Eng_Gha_C5A11F5C,Eng_Gha,C_recall_failure,0.18683168316831683,0.2104888888888889,0.2104888888888889,0.2104888888888889,1,3,53,"What role does alcohol and substance use play in sexual decision-making, and how can I make informed choices in these situations?"
ID_VL_Aka_Gha_F42D47CC,Aka_Gha,C_recall_failure,0.18694736842105264,0.2422619047619048,0.24412371134020616,0.24412371134020616,6,28,70,"Ɔkwan bɛn so na afotu anaa ayaresa betumi aboa me wɔ nsɛm pɔteee anaa nsɛnnennen a merehyia te sɛ adwennwen, dadwen, adwenemhaw, anaa abusuabɔ mu haw ahorow ho?"
ID_VL_Aka_Gha_12476F57,Aka_Gha,C_recall_failure,0.18698924731182798,0.2079047619047619,0.22333333333333333,0.26044692737430164,26,58,68,So wubetumi aboa me ma mahu gyidi anaa suban bɔne biara a ebia mewɔ wɔ me ho anaa me nipadua ho a ɛreka me atenka fam yiyedi na masɔ ahwɛ?
ID_VL_Aka_Gha_29A3B2E9,Aka_Gha,C_recall_failure,0.1870108695652174,0.26085,0.26085,0.27935,52,17,80,"Dwuma bɛn na ntetee a wɔde bɔ wɔn ho ban ""self-defense"" di wɔ tumi a wɔde ma mmabun ma wɔbɔ wɔn ho ban fi nna mu basabasayɛ ""sexual violence"" ho no mu, na ɔkwan bɛn so na wobetumi anya nneɛma anaa nhyehyɛe ahorow a wɔde besua ahobanbɔ ho nimdeɛ ne akwan horow?"
ID_VL_Eng_Gha_D342AF08,Eng_Gha,C_recall_failure,0.187032967032967,0.187032967032967,0.2088709677419355,0.2088709677419355,14,10,60,"How can parents foster an open and supportive environment that encourages adolescents to discuss their experiences, concerns, and questions about media content?"
ID_VL_Eng_Gha_36C7D6FA,Eng_Gha,C_recall_failure,0.18707865168539323,0.16860759493670885,0.20510869565217393,0.20510869565217393,6,19,68,"How can adolescents seek help from trusted adults, mentors, or mediators when conflicts become too complex or difficult to resolve on their own, and what resources or support services are available to assist them in developing their conflict resolution skills?"
ID_VL_Eng_Gha_73069588,Eng_Gha,C_recall_failure,0.18712643678160917,0.16387543252595155,0.1694392523364486,0.21183206106870228,35,3,59,"How can I navigate cultural or societal attitudes towards contraceptive use and access, and advocate for reproductive rights and autonomy?"
ID_VL_Eng_Gha_2999BBEF,Eng_Gha,C_recall_failure,0.18717647058823528,0.1945360824742268,0.21910614525139663,0.21910614525139663,14,12,51,"What strategies can adolescents use to address stigma, discrimination, or cultural taboos surrounding topics like contraception, STIs, and abortion within their communities?"
ID_VL_Eng_Gha_41843B03,Eng_Gha,C_recall_failure,0.1872289156626506,0.1872289156626506,0.18930232558139534,0.18930232558139534,13,8,58,What should I do if I have difficulty expressing myself verbally during puberty?
ID_VL_Lug_Uga_0DD70158,Lug_Uga,C_recall_failure,0.187265306122449,0.187265306122449,0.187265306122449,0.187265306122449,4,17,62,Omuntu ayinza kukola ki nga muganzi we gw'ayagala ennyo alina Akawuka akaleeta Siriimu?
ID_VL_Lug_Uga_439E754C,Lug_Uga,C_recall_failure,0.187265306122449,0.187265306122449,0.187265306122449,0.187265306122449,2,8,70,"Kiki omuntu ky’alina okukola ng’amaze okukimanya nti munne, gw’ayagala ennyo, alina akawuka ka siriimu?"
ID_VL_Aka_Gha_6B5252E3,Aka_Gha,C_recall_failure,0.18738197424892705,0.18738197424892705,0.23175824175824172,0.23175824175824172,6,29,74,"Mmara mu nsunsuansoɔ bɛn na ɛwɔ hɔ ma nkurɔfoɔ a wɔde nsa ne nnubɔne yɛ basabasayɛ, na ɔkwan bɛn so na mmabun betumi aka ama mmara ne nhyehyɛeɛ a emu yɛ den de akyere wɔn a wɔyɛ bɔne no?"
ID_VL_Aka_Gha_658B2523,Aka_Gha,C_recall_failure,0.1874025974025974,0.21045871559633028,0.21045871559633028,0.21045871559633028,3,67,71,"Ɔkwan bɛn so na metumi de meho ahyɛ amanebɔn kuo ahodoɔ mu, akyitaeɛ anammɔntuo deɛ pɔtɔɔ kasa mu wɔka no 'advocacy' ne ɔmanmusɛm anammɔntuo a wɔtu no wɔ abɛɛfo ntentan fidie so de bɛko atia abɛɛfo ntentan fidie so nsɛm bɔne, apɛ nsakraeɛ na aboa ma abɛɛfo ntentan fidie so dwuma ho ate na bio nso aboa ama mmabun anya asetena pa?"
ID_VL_Eng_Gha_DF41E335,Eng_Gha,C_recall_failure,0.1874025974025974,0.19005464480874315,0.19053892215568863,0.22331360946745563,35,1,52,Can healthcare providers accommodate specific cultural or religious practices during medical procedures or examinations?
ID_VL_Aka_Gha_8CBFEDB0,Aka_Gha,C_recall_failure,0.18742358078602622,0.19473684210526315,0.21939698492462306,0.28306010928961745,53,11,70,"Akwan ahorow bɛn na wɔfa so di adwennwen ho dwuma wɔ nsakrae bere mu, te sɛ ntoaso sukuu a wobefi ase anaasɛ wɔasiesie wɔn ho akɔ ntoaso sukuu a wɔfrɛ no wɔ broɔfo kasa mu sɛ college?"
ID_VL_Eng_Eth_E5582E16,Eng_Eth,D_weak_pool,0.18746666666666667,0.18974358974358974,0.2526829268292683,0.3213157894736842,42,36,45,"If a newborn baby gets an eye infection right after birth, could that be a hidden sickness from the mother?"
ID_VL_Eng_Gha_79928FAA,Eng_Gha,C_recall_failure,0.18768115942028984,0.21081395348837206,0.21081395348837206,0.21081395348837206,4,0,50,"What is gender identity, and how does it differ from biological sex?"
ID_VL_Eng_Gha_752A7D25,Eng_Gha,C_recall_failure,0.18768115942028984,0.18768115942028984,0.19527777777777777,0.2198550724637681,32,34,57,"What strategies can adolescents use to effectively communicate their priorities, concerns, and recommendations to policymakers and decision-makers?"
ID_VL_Aka_Gha_CBD58BF6,Aka_Gha,C_recall_failure,0.18781725888324874,0.19387453874538746,0.2215131578947368,0.2215131578947368,10,0,74,Ɔkwan bɛn so na nnuru anaa nea broni ka no 'supplements' nnuru ne awo ano aduru a ɛma nipadua a aborɔfo ka no 'hormonal birth control' no yɛ adwuma di nkitaho?
ID_VL_Eng_Gha_32F57510,Eng_Gha,C_recall_failure,0.18784615384615383,0.15392,0.2264179104477612,0.2264179104477612,5,10,69,Provide resources for online tutorials or demonstrations on proper contraceptive use (if available).
ID_VL_Eng_Gha_893AD232,Eng_Gha,C_recall_failure,0.18784615384615383,0.18784615384615383,0.18784615384615383,0.18784615384615383,0,0,54,What are the legal implications of knowingly transmitting an STI to another person?
ID_VL_Aka_Gha_6E595ED3,Aka_Gha,C_recall_failure,0.18793650793650796,0.20850828729281767,0.2897021276595745,0.2897021276595745,8,2,54,"Dɛn ne ɔbarima ne ɔbea bɔbea, na ɔkwan bɛn so na ɛsono  wɔ ɔbarima ne ɔbea nna a wɔwoo no ho?"
ID_VL_Aka_Gha_1EFA2197,Aka_Gha,C_recall_failure,0.18793650793650796,0.2432876712328767,0.2631958762886598,0.2631958762886598,18,51,65,"Dɛn ne nkɛntɛnso a asetena ne sikasɛm mu pɛyɛ a enni hɔ nya wɔ mmabun awoɔ dodow, nyinsɛn a wɔanhyɛ da, ne nea efi ɛnanom akwahosan mu ba so?"
ID_VL_Aka_Gha_C5C14EB4,Aka_Gha,C_recall_failure,0.18798387096774194,0.18798387096774194,0.19614457831325302,0.19999999999999998,38,6,58,Nnwuma anaa mmoa foforo bɛn na wɔtaa de ma ka dabere ne adan ho mmoa ho de di mmabun a wɔwɔ ɔhaw tebea horow mu ahiade ahorow nyinaa ho dwuma?
ID_VL_Eng_Gha_5E70F65F,Eng_Gha,C_recall_failure,0.18806629834254146,0.18806629834254146,0.1908421052631579,0.1908421052631579,12,17,47,"What are some strategies for building trust and mutual respect in my relationships, fostering open communication, and collaboratively assessing and managing risks together with my partners or peers?"
ID_VL_Eng_Gha_41A64FED,Eng_Gha,C_recall_failure,0.188135593220339,0.19353846153846155,0.2183606557377049,0.2183606557377049,19,13,56,Where can I get information and support if I'm considering adoption or abortion?
ID_VL_Eng_Gha_657E01C9,Eng_Gha,C_recall_failure,0.18813559322033901,0.18813559322033901,0.20555555555555555,0.22704545454545452,40,19,48,What role do indigenous knowledge systems and traditional healing practices play in addressing adolescent sexual and reproductive health needs in different cultural contexts?
ID_VL_Eng_Gha_6AA42C9F,Eng_Gha,C_recall_failure,0.18813559322033901,0.19028571428571428,0.19028571428571428,0.19028571428571428,4,20,53,How can I assess the safety of a situation before engaging in sexual activity?
ID_VL_Eng_Gha_B9469BCF,Eng_Gha,C_recall_failure,0.18820809248554915,0.18658119658119654,0.2049765258215962,0.2049765258215962,8,28,56,"What support and resources are available to help youth leaders build partnerships, develop advocacy campaigns, and navigate the complexities of Adolescent Sexual and Reproductive Health (ASRH) advocacy and activism?"
ID_VL_Eng_Gha_88476C56,Eng_Gha,C_recall_failure,0.18836363636363634,0.18836363636363634,0.19899159663865545,0.19899159663865545,13,39,60,Discuss the concept of social determinants of health and how they can impact STI risk.
ID_VL_Eng_Gha_70CAFDD8,Eng_Gha,D_weak_pool,0.18844720496894407,0.18882758620689657,0.38692810457516336,0.38692810457516336,13,6,43,What resources or tools are available to help me develop and strengthen my critical thinking skills in relation to sexual and reproductive health?
ID_VL_Eng_Gha_170D7507,Eng_Gha,C_recall_failure,0.18853503184713377,0.19527777777777777,0.21658536585365853,0.21658536585365853,10,24,45,How can I navigate differences in values and beliefs among peers while maintaining respect for diverse perspectives on sexual and reproductive health?
ID_VL_Eng_Gha_7BF33A34,Eng_Gha,C_recall_failure,0.18862745098039216,0.25643564356435644,0.26843137254901966,0.26843137254901966,5,8,45,What strategies can adolescents use to verify the accuracy and reliability of information they encounter in digital media sources related to sexual and reproductive health?
ID_VL_Aka_Gha_45B89CD9,Aka_Gha,C_recall_failure,0.1887,0.25527131782945733,0.25527131782945733,0.2914159292035398,58,34,61,Mɛyɛ dɛn atumi anya ahoɔden ne ahotoso a mede bɛko atia atipɛnfo nhyɛso bere a meda so ara ne m’atipɛnfo nya abusuabɔ pa?
ID_VL_Eng_Gha_8DA00495,Eng_Gha,C_recall_failure,0.18874493927125505,0.22922558922558922,0.22922558922558922,0.22922558922558922,0,2,62,"How does consent involve communication, mutual agreement, willingness, and respect between partners, and how can adolescents navigate these aspects effectively?"
ID_VL_Eng_Uga_2B115C36,Eng_Uga,C_recall_failure,0.18893617021276593,0.2103921568627451,0.2263529411764706,0.2263529411764706,7,25,52,How can someone practice safe sex?
ID_VL_Eng_Gha_B7F28572,Eng_Gha,C_recall_failure,0.18893617021276593,0.19821428571428573,0.19821428571428573,0.20030075187969923,27,42,49,"What are the legal and ethical considerations involved in teaching respectful relationships education, particularly around issues such as consent, confidentiality, and mandated reporting?"
ID_VL_Eng_Gha_15EACBCF,Eng_Gha,C_recall_failure,0.18902173913043477,0.17986111111111108,0.2207734806629834,0.2207734806629834,8,9,57,"How can adolescents themselves be empowered to advocate for their SRH rights and needs in conflict and post-conflict contexts, and what barriers do they face in doing so?"
ID_VL_Eng_Uga_2215DF00,Eng_Uga,C_recall_failure,0.1890217391304348,0.1890217391304348,0.1890217391304348,0.1890217391304348,1,7,54,"Can I give my girlfriend oral sex if I have Syphilis?, please answer this using simple medical terms."
ID_VL_Aka_Gha_E172B725,Aka_Gha,C_recall_failure,0.18917293233082705,0.22380487804878046,0.22380487804878046,0.22476635514018695,35,38,67,Dɛn ne nna mu akwahosan pɔtee no bi a ɛsɛ sɛ wosusuw ho ma mmabun a wɔadi dɛm?
ID_VL_Eng_Gha_CAAA5BBE,Eng_Gha,C_recall_failure,0.18917293233082705,0.208125,0.208125,0.208125,2,1,50,"What role can communication play in resolving conflicts with peers, including expressing thoughts, feelings, and concerns openly and honestly, asking clarifying questions, and seeking mutually acceptable solutions that promote mutual respect and understanding?"
ID_VL_Eng_Gha_D756BA9C,Eng_Gha,C_recall_failure,0.18958677685950415,0.18958677685950415,0.19137931034482758,0.2339705882352941,26,2,51,"How do media representations of sexual consent, desire, and pleasure reflect broader societal attitudes and beliefs about sexuality, particularly concerning issues like consent education and sexual empowerment?"
ID_VL_Lug_Uga_DB6BA39B,Lug_Uga,B_reranking_failure,0.18964824120603013,0.74,0.74,0.74,3,6,63,Akawuka akaleeta Siriimu kakendeeza ku myaka omuntu gy’asobola okuwangaala?
ID_VL_Aka_Gha_A97065E1,Aka_Gha,C_recall_failure,0.18974358974358974,0.19733333333333336,0.21878260869565216,0.23450704225352115,57,18,78,"Mɛyɛ dɛn atumi anya awoɔ mu apɔmuden ho nkyerɛkyerɛ sɛ ababun, na nneɛma bɛn na ɛwɔ hɔ a mede bɛsua pii?"
ID_VL_Aka_Gha_D4A02E53,Aka_Gha,C_recall_failure,0.18974358974358974,0.18974358974358974,0.22602510460251046,0.22602510460251046,9,56,70,"Ɔkwan bɛn so na mmabun tumi siesie ntawntawdi biara a ɛda wɔn ankasa gyidi ne wɔn som mu gyinapɛn ahorow, ne deɛ wɔn som mu mpaninfoɔ kyerɛkyerɛ fa nna ne awoɔ ho nyansafuɔ gyinaeɛ ho?"
ID_VL_Aka_Gha_F3B63FE1,Aka_Gha,C_recall_failure,0.18974358974358974,0.2492631578947368,0.2578064516129032,0.2578064516129032,16,0,66,Yɛbɛyɛ dɛn atumi de mmabun a wɔadi dɛm nne ne osuahu ahorow asi nna ne awo akwahosan ho nkɔmmɔbɔ mu?
ID_VL_Eng_Uga_D08012B8,Eng_Uga,C_recall_failure,0.18982608695652173,0.2304029304029304,0.2304029304029304,0.2304029304029304,3,3,51,Is emergency contraception the same as an abortion?
ID_VL_Aka_Gha_436D76E2,Aka_Gha,C_recall_failure,0.18991150442477875,0.18991150442477875,0.20776923076923076,0.21968750000000004,43,53,65,"Nneɛma bɛn na ɛboa ma wonya adwene mu akwahosan pa, na ɔkwan bɛn so na mmabun betumi akura wɔn adwene mu yiyedi mu anaasɛ wɔama atu mpɔn?"
ID_VL_Aka_Gha_11CE5DD2,Aka_Gha,C_recall_failure,0.1899333333333333,0.2520879120879121,0.2520879120879121,0.26326923076923076,57,19,68,"Bere tenten botae ne anisoadehu ahorow bɛn na wɔde bɛbɔ mpɔtam a ahobammɔ wom, a ɛka obiara bom a obiara te nka sɛ ɛsom bo, wɔama no tumi, na wɔboa no wɔ nna mu basabasayɛ a wosiw ano ne ankorankoro nyinaa akwahosan ne yiyedi a wɔbɛma anya nkɔso mu, a mfe a wɔadi, wɔn bɔbeasu, abusuakuw, anaa abusua a wofi mu mfa ho?"
ID_VL_Aka_Gha_20500494,Aka_Gha,C_recall_failure,0.18994652406417112,0.18994652406417112,0.21271255060728747,0.21271255060728747,13,40,58,Dɛn ne adwene a ɛnteɛ anaa nsusuii hunu a wɔtaa nya wɔ adwenemyare ho a ɛsɛ sɛ wodi ho dwuma?
ID_VL_Eng_Gha_D66D4627,Eng_Gha,C_recall_failure,0.19,0.23662790697674418,0.23662790697674418,0.23662790697674418,3,28,66,How can technology support efforts to address gender inequalities and promote gender-sensitive approaches to Adolescent Sexual Reproductive Health (ASRH) programming?
ID_VL_Eng_Ken_6B535A19,Eng_Ken,B_reranking_failure,0.19009174311926605,0.74,0.74,0.74,1,7,40,What if I test positive for HIV when I’m pregnant?
ID_VL_Aka_Gha_5563F616,Aka_Gha,C_recall_failure,0.19013888888888886,0.2336842105263158,0.23976000000000003,0.251131221719457,57,12,67,Ɔkwan bɛn so na amammerɛ anaa ɔmanfo adwene wɔ mfiridwuma ne abɛɛfo kwantenpɔn so nneyɛe nya nsunsuanso  wɔ mmabun suahunu ne wɔn adwene wɔ abɛɛfo kwantenpɔn so ahobammɔ ne obi a ɔnim mfididwuma ho nyansa (digital citizenship)                                                                                                                                                                                                         so?
ID_VL_Eng_Uga_166ECFE3,Eng_Uga,C_recall_failure,0.19013888888888889,0.25383720930232556,0.25383720930232556,0.25491638795986626,46,47,59,Who should you consult if you have concerns about HIV transmission?
ID_VL_Aka_Gha_CE9FF57F,Aka_Gha,C_recall_failure,0.1901675977653631,0.25064516129032255,0.27975609756097564,0.27975609756097564,8,12,52,Dɛn ne nhwɛso ahorow bi a ɛkyerɛ sɛ ankorankoro ne ɔmanfo ntam fekubɔ a edi mu a wɔde asi wɔn aniso sɛ wɔbɛma sikasɛm mu ahoɔden a wɔde bɛma mmabun anya nkɔso?
ID_VL_Aka_Gha_9E574F7A,Aka_Gha,C_recall_failure,0.19018691588785047,0.22438709677419355,0.22438709677419355,0.2732307692307692,60,8,63,"Ɔkwan bɛn so na awo ho atɛntrenee de mmabun a wɔato wɔn hintidua, wɔn a wofi BIPOC (Abibifo, Abibifo, ne Nnipa a Wɔyɛ Kɔla) mpɔtam, LGBTQ+ ankorankoro, ne wɔn a wɔadi dɛm ka ho no nne ne osuahu ahorow si so?"
ID_VL_Aka_Gha_B38A088C,Aka_Gha,C_recall_failure,0.19018691588785047,0.19096774193548385,0.19096774193548385,0.22552380952380954,29,52,65,"Dɛn ne mmara kwan so hokwan ahorow a nnipa a wɔadi dɛm wɔ wɔ akwahosan ho nhyehyɛe mu, a ɔhwɛ a wobenya ne ahobammɔ a wɔde bɛma wɔ nyiyim ho ka ho?"
ID_VL_Eng_Uga_A6663769,Eng_Uga,C_recall_failure,0.19028571428571422,0.19028571428571422,0.19028571428571422,0.19028571428571422,0,7,58,How can I tell I am having an STD?
ID_VL_Lug_Uga_98017A2F,Lug_Uga,C_recall_failure,0.19028571428571425,0.19028571428571425,0.19028571428571425,0.19028571428571425,1,13,49,Kiki ekibaawo mu kiseera ky’obuvubuka mu balenzi?
ID_VL_Aka_Gha_B535106E,Aka_Gha,C_recall_failure,0.19028571428571428,0.196,0.2426229508196721,0.2426229508196721,6,3,62,Mmoa bɛn na ɛwɔ hɔ ma wɔn a wɔato wɔn mona wɔ mmara kwan so?
ID_VL_Aka_Gha_2A25A888,Aka_Gha,C_recall_failure,0.1903734439834025,0.22394736842105262,0.29469026548672567,0.29469026548672567,9,29,57,"Dɛn ne nkyerɛkyerɛ a ɛfa awo nhyehyɛe akwahosan ho, na dɛn nti na ɛho hia ma mmabun paa?"
ID_VL_Aka_Gha_F3821CFD,Aka_Gha,C_recall_failure,0.19046413502109705,0.21800829875518674,0.2690909090909091,0.2745161290322581,30,22,72,kwan bɛn so na nimdie a obia nntumi nnya betumi aha mmabun nna ne awoɔ apɔwmuden mu nsunsuanso?
ID_VL_Lug_Uga_AFB28B3D,Lug_Uga,B_reranking_failure,0.19049504950495047,0.74,0.74,0.74,4,21,65,"Singa nfuna omusale gw'ejjirita omuntu omulala gye yakozesa, nsobola okufuna Akawuka akaleeta Siriimu?"
ID_VL_Aka_Gha_EC1B8CA1,Aka_Gha,C_recall_failure,0.1904950495049505,0.23203389830508472,0.2379735682819383,0.2727843137254902,59,6,71,"Ɔkwan bɛn so na afotu adwuma betumi aboa me ma makɔ ayɔnkofa, nkitahodi, ne gyinaesi a ɛfa nna ho no mu?"
ID_VL_Aka_Gha_B4A69F3C,Aka_Gha,C_recall_failure,0.19056856187290971,0.24420000000000003,0.26297520661157026,0.26297520661157026,12,54,73,kwan bɛn so na wɔde STI/HIV akwansidie nkyerɛkyerɛ dwumadie ka mmabun akwahosan ho dwumadie foforɔ te sɛ awoɔ akwahosan ne adwenem apɔwmuden dwumadie ho?
ID_VL_Aka_Gha_2DB69EDB,Aka_Gha,C_recall_failure,0.1906060606060606,0.2422302158273381,0.24564315352697094,0.24564315352697094,11,10,70,"Akwanya bɛn na mmabun wɔ sɛ wobetu wɔn ho ama, ayɛ adwuma, anaasɛ wɔbɛyɛ akannifo dwumadi wɔ mpɔtam hɔ akuw a wɔyɛ nna ne awo akwahosan (Sexual reproductive health) ho adwuma mu?"
ID_VL_Aka_Gha_D5704F32,Aka_Gha,C_recall_failure,0.19065502183406113,0.1948854961832061,0.24873949579831933,0.24873949579831933,10,10,64,Mɛyɛ dɛn atumi anya ahye a ɛfata wɔ nna mu abusuabɔ mu na makura mu? ɔkwan bɛn so na metumi aka ho asɛm yiye?
ID_VL_Aka_Gha_0CF35B58,Aka_Gha,D_weak_pool,0.19066326530612246,0.29487309644670057,0.3103888888888889,0.3103888888888889,11,39,55,"Ɔkwan bɛn so na nsɛm ho amanneɛbɔ ho adesua nhyehyɛe ahorow a wɔyɛ wɔ sukuu ahorow mu no, ma amammerɛ a ɛfa nsɛmmisa a ɛyɛ katee, nsɛm ho amanneɛbɔ ho nimdeɛ a wɔkamfo kyerɛ, ne mpɔtam hɔfo a wɔde wɔn ho hyɛ mu wɔ asuafo, akyerɛkyerɛfo, ne wɔn a wɔde wɔn ho hyɛ mu no mu?"
ID_VL_Aka_Gha_F4188F3F,Aka_Gha,C_recall_failure,0.19075555555555557,0.2442718446601942,0.2442718446601942,0.2690909090909091,53,22,70,So anohyeto awɔ apomoden ho insurance a wɔde tua nna ne awoɛ ho apomoden ho nhyehyɛe ahorow bi te sɛ nyinsɛn a woyi gu anaa ɔhwɛ a ɛkyerɛ sɛ ɔbarima ne ɔbea nna so dua no ho?
ID_VL_Aka_Gha_4774BC58,Aka_Gha,C_recall_failure,0.19075555555555557,0.24277602523659306,0.2788028169014084,0.2788028169014084,5,7,62,Mɛyɛ dɛn ahu na mayɛ kɔmputa so ayayade anaa Intanɛt so ayayade ho biribi?
ID_VL_Amh_Eth_341C6494,Amh_Eth,C_recall_failure,0.19096774193548385,0.19096774193548385,0.19096774193548385,0.19096774193548385,2,4,63,ክላሚዲያ አንዲት ሴት ልጅ እንዳትወልድ ሊያደርጋት ይችላል?
ID_VL_Eng_Gha_9A3A6103,Eng_Gha,C_recall_failure,0.19096774193548388,0.22683417085427138,0.22683417085427138,0.22683417085427138,2,3,54,"What are the limitations or constraints of legal assistance and advocacy services, and how can adolescents access additional support or resources if their needs exceed the scope of available services?"
ID_VL_Swa_Ken_0C06DF90,Swa_Ken,B_reranking_failure,0.19096774193548388,0.19096774193548388,0.74,0.74,19,20,48,"Je, kuna umuhimu gani wa kujua hali ya Virusi Vya Ukimwi wakati wa ujauzito ikiwa ni chanya?"
ID_VL_Eng_Gha_C5580BB2,Eng_Gha,C_recall_failure,0.19096774193548388,0.21527272727272728,0.21527272727272728,0.21527272727272728,4,41,61,What are some strategies for building trust and intimacy in a relationship?
ID_VL_Eng_Gha_878AAED9,Eng_Gha,C_recall_failure,0.19096774193548388,0.19733333333333333,0.23280898876404496,0.23280898876404496,8,9,34,How can adolescents verify the credibility and reliability of online crisis intervention services before seeking support?
ID_VL_Aka_Gha_571AA876,Aka_Gha,C_recall_failure,0.19096774193548388,0.20376811594202898,0.22810035842293908,0.22810035842293908,12,40,54,"kwan bɛn so na mmabun betumi akamfo nhyehyɛe ahorow a ɛhyɛ mmabun adwumayɛ, adwumayɛ ho ntetee, ne sikasɛm ho nimdeɛ nhyehyɛe ahorow ho nkuran?"
ID_VL_Aka_Gha_A491F0B2,Aka_Gha,C_recall_failure,0.19116666666666665,0.24,0.2419230769230769,0.2419230769230769,18,4,61,So mmoa akuo anaa nneɛma bi wɔ hɔ a ɛbɛboa mmabun ma wɔafa nyinsɛn ne awo hwɛ mu?
ID_VL_Aka_Gha_0F1259E0,Aka_Gha,C_recall_failure,0.19116666666666665,0.22339622641509432,0.23594202898550723,0.23607361963190185,42,65,70,Ɔkwan bɛn so na mpɔtam hɔ mmoa nkitahodibea ahodoɔ betumi aboa me ma manya nna mu akwahosan ho nhyehyɛe ne nsɛm wɔ nsabuo berɛ mu?
ID_VL_Aka_Gha_504867BA,Aka_Gha,C_recall_failure,0.1911961722488038,0.20913043478260868,0.20913043478260868,0.20913043478260868,4,59,69,"Yɛbɛyɛ dɛn ahwɛ ahu sɛ yɛn nsrahwɛ a yɛkɔ daa no bɛkɔ so ayɛ beae a atemmu biara nni hɔ a mete nka sɛ wɔboa me na wobu me, bere mpo a meresusuw nsɛmti a ɛyɛ nkate anaa ɛyɛ den ho no?"
ID_VL_Aka_Gha_506E5A9A,Aka_Gha,C_recall_failure,0.19123595505617974,0.2421818181818182,0.2421818181818182,0.2421818181818182,1,6,48,"Dɛn ne nna mu akwahosan ho nhwehwɛmu, na dɛn nti na ɛho hia ma mmabun?"
ID_VL_Aka_Gha_0279B6A6,Aka_Gha,C_recall_failure,0.19126153846153848,0.21953333333333333,0.25469767441860464,0.2638759689922481,39,5,65,"Ntetee, nneɛma, ne mmoa a ɛkɔ so bɛn na ɛwɔ hɔ ma ankorankoro ne ahyehyɛde ""organization"" ahorow a wɔn ani gye ho, sɛ wɔde akwan horow a wɔde adwenemhaw ho nsɛm bedi dwuma de asiw nna mu basabasayɛ ano, na ɔkwan bɛn so na mmabun betumi anya saa nneɛma yi, na wɔabɛyɛ wɔn a wɔanya wɔn ti adidi mu no ho nsɛm pa na wɔatu mpɔn?"
ID_VL_Aka_Gha_766ECB15,Aka_Gha,C_recall_failure,0.19133079847908746,0.1919548872180451,0.22199999999999998,0.22199999999999998,8,13,66,"Ɔkwan bɛn so na ahyehyɛde ahorow a egyina mpɔtam hɔ ne mmabun di nkitaho de hwɛ hu sɛ wɔde wɔn ho bɛhyɛ nna ne awo akwahosan ho nhyehyɛe ahorow a wɔbɛyɛ, wɔde adi dwuma, ne nhwehwɛmu mu wɔ ɔkwan a ntease wom so?"
ID_VL_Eng_Gha_FC31A597,Eng_Gha,C_recall_failure,0.19137931034482755,0.2271287128712871,0.2276923076923077,0.2276923076923077,9,2,55,"What opportunities exist for adolescents to engage in climate action and advocacy efforts that prioritize ASRH, such as promoting sustainable development, renewable energy, and green infrastructure?"
ID_VL_Aka_Gha_BC594585,Aka_Gha,C_recall_failure,0.19137931034482758,0.2408284023668639,0.2408284023668639,0.2408284023668639,1,11,74,Dɛn na nea broni ka no 'intersectionality' kyerɛ wɔ dɛmdi ne nna ho nsɛm mu?
ID_VL_Eng_Gha_236E1608,Eng_Gha,C_recall_failure,0.19146853146853146,0.27619718309859154,0.2970068027210884,0.2970068027210884,5,9,52,Are there any organizations or support groups that specialize in helping adolescents access reproductive health services?
ID_VL_Swa_Ken_8DB78572,Swa_Ken,D_weak_pool,0.19157360406091367,0.30508771929824563,0.30508771929824563,0.30508771929824563,1,5,64,"Mbali na kujiepusha na kumeza vidonge, kuna njia yoyote ya kuzuia ugonjwa huu?"
ID_VL_Aka_Gha_A2086977,Aka_Gha,C_recall_failure,0.1916546762589928,0.19798245614035087,0.19798245614035087,0.19889328063241107,69,0,71,"Dɛn na ɛsɛ sɛ meyɛ sɛ mepa eduro no nom bi, anaasɛ kɔndɔm no mu pae, anaasɛ mehyia ɔhaw foforo biara bere a merefa awoɔ ntentenee kwan biara so no?"
ID_VL_Eng_Gha_58AB4778,Eng_Gha,C_recall_failure,0.1916867469879518,0.2014851485148515,0.2163742690058479,0.2224539877300613,26,18,57,"How can I use goal setting to cultivate a positive and supportive social network, including friends, peers, and community resources, that reinforces my commitment to healthy behaviors, encourages open communication, and fosters mutual respect and acceptance?"
ID_VL_Aka_Gha_48A639D0,Aka_Gha,D_weak_pool,0.19172727272727272,0.303219512195122,0.303219512195122,0.303219512195122,0,0,59,"Dɛn ne mmara kwan so ahwehwɛde ahorow a ɛfa nna mu yareɛ 'STI' nhwehwɛmu, nhwehwɛmu, ne ayaresa ho wɔ yɛn man anaa mantam mu?"
ID_VL_Swa_Ken_61A1A29C,Swa_Ken,C_recall_failure,0.19175182481751823,0.1919665271966527,0.1919665271966527,0.1919665271966527,4,27,71,Mama yangu alikufa kwa kile kinachoshukiwa kuwa Ukimwi ninafanya nini?
ID_VL_Eng_Eth_9261549D,Eng_Eth,C_recall_failure,0.19185185185185183,0.21583333333333332,0.21583333333333332,0.21583333333333332,3,0,43,Does limiting the number of sexual partners help prevent sexually transmitted infections (STIs)?
ID_VL_Eng_Gha_668C8477,Eng_Gha,C_recall_failure,0.19185185185185186,0.19185185185185186,0.19185185185185186,0.19494623655913978,26,3,59,"What are the implications of reproductive health rights for marginalized or vulnerable groups, such as individuals living with disability or in poverty?"
ID_VL_Eng_Gha_83D5BCEB,Eng_Gha,C_recall_failure,0.19185185185185186,0.21034246575342466,0.21999999999999997,0.2512558139534884,40,13,58,"What steps can pregnant adolescents take to educate themselves about their legal rights and responsibilities, seek legal advice or representation if needed, and ensure their voices are heard in decisions that affect their health and well-being and the well-being of their child?"
ID_VL_Eng_Gha_04351B64,Eng_Gha,C_recall_failure,0.1920253164556962,0.28809160305343506,0.28809160305343506,0.28809160305343506,0,4,38,How can a rights-based approach help to empower adolescents in making informed decisions about their sexual and reproductive health?
ID_VL_Eng_Gha_07374C86,Eng_Gha,C_recall_failure,0.19206106870229012,0.19206106870229012,0.2252173913043478,0.2252173913043478,7,10,58,What steps can adolescents take to build resilience and cope with the effects of harm or violence on their sexual and reproductive health and overall well-being?
ID_VL_Eng_Gha_63F4C69D,Eng_Gha,C_recall_failure,0.19220779220779222,0.19220779220779222,0.20651162790697675,0.20651162790697675,10,11,43,How do advertising and marketing techniques influence our perceptions and attitudes about adolescent sexual and reproductive health?
ID_VL_Eng_Gha_E9247069,Eng_Gha,C_recall_failure,0.1922549019607843,0.24666666666666667,0.24666666666666667,0.24666666666666667,1,0,46,"How can adolescents develop the skills, confidence, and resilience to challenge gender stereotypes, bias, and discrimination in the workplace and promote a culture of respect, diversity, and inclusion?"
ID_VL_Eng_Gha_FAE3114B,Eng_Gha,C_recall_failure,0.19225490196078435,0.2385792349726776,0.2385792349726776,0.2385792349726776,2,5,50,"What role do trauma-informed approaches play in challenging victim-blaming attitudes, rape myths, and stigmatizing beliefs about sexual violence, and how can adolescents advocate for more compassionate and inclusive responses to survivors within their communities?"
ID_VL_Eng_Gha_7F072CB9,Eng_Gha,C_recall_failure,0.19248554913294802,0.19248554913294802,0.19248554913294802,0.19248554913294802,3,2,53,"What are the ethical considerations and challenges associated with the use of technology in ASRH programming, such as data privacy, misinformation, or digital divides?"
ID_VL_Aka_Gha_D12DBC9A,Aka_Gha,C_recall_failure,0.19255102040816324,0.19255102040816324,0.19255102040816324,0.20555555555555555,23,51,78,Ɔkwan bɛn so na mpɔtam mu nhyehyɛeɛ ne mmɔdenbɔ a ɛfiri amansan mu boa nhyehyɛeɛ mu nkuranhyɛ a emu botaeɛ ne sikasɛm mu tumi hyɛden?
ID_VL_Eng_Eth_BE9D61EE,Eng_Eth,C_recall_failure,0.19260273972602737,0.19260273972602737,0.22200000000000003,0.22200000000000003,7,6,43,What happens if does trichomoniasis affect pregnancy?
ID_VL_Aka_Gha_1B494E15,Aka_Gha,C_recall_failure,0.19267924528301883,0.19056856187290971,0.20864661654135336,0.20864661654135336,5,0,68,Ɔkwan bɛn so na nsabuo betumi aha me nipadua mu ahoɔden ne sɛnea me ho yɛ den?
ID_VL_Eng_Gha_3D4196FE,Eng_Gha,C_recall_failure,0.1927441860465116,0.1927441860465116,0.1927441860465116,0.19284848484848485,34,41,53,How can I stay informed about changes in laws and policies that affect rights and legal protections of persons living with disabilities?
ID_VL_Aka_Gha_5C941CF0,Aka_Gha,C_recall_failure,0.1928909952606635,0.22681992337164752,0.2534246575342466,0.2534246575342466,15,49,72,"So LGBTQ+ nsɛm ne nnipa a wɔda wɔn ho adi no ka nna ho nkyerɛkyerɛ a ɛkɔ akyiri ho, na sɛ ɛte saa a, ɔkwan bɛn so na wodi ho dwuma?"
ID_VL_Aka_Gha_B7E58481,Aka_Gha,C_recall_failure,0.19304347826086954,0.16968152866242037,0.19266272189349112,0.20616915422885573,28,41,69,"Dɛn ankasa ne adwene pa  a ɛfa biribi ho, na ɔkwan bɛn so na ebetumi aboa m’adwene apɔmuden ho?"
ID_VL_Eng_Uga_47EB340D,Eng_Uga,B_reranking_failure,0.19304347826086954,0.6577777777777777,0.6577777777777777,0.6577777777777777,3,17,52,"When should I get a Genital Herpes test?, please answer this using simple medical terms."
ID_VL_Eng_Gha_54CC1E2A,Eng_Gha,C_recall_failure,0.19304347826086954,0.20591304347826087,0.24958579881656806,0.24958579881656806,10,0,53,"How can adolescents identify and critique ethical issues, such as stereotyping, objectification, and stigmatization, in media portrayals of sexual health topics?"
ID_VL_Eng_Gha_848AF440,Eng_Gha,C_recall_failure,0.19304347826086957,0.2233136094674556,0.2849689440993789,0.2849689440993789,19,5,46,Are there specific health insurance plans or programs designed to meet the needs of adolescents and provide comprehensive coverage for sexual and reproductive health?
ID_VL_Eng_Eth_86AD8A8C,Eng_Eth,B_reranking_failure,0.19304347826086957,0.74,0.74,0.74,1,17,34,Is it true that can chlamydia go away by itself?
ID_VL_Eng_Gha_2339BA19,Eng_Gha,C_recall_failure,0.1930434782608696,0.1930434782608696,0.1930434782608696,0.1930434782608696,0,1,46,How can community support networks help address disparities in access to puberty-related resources and services?
ID_VL_Eng_Gha_98C3E3CA,Eng_Gha,C_recall_failure,0.1930434782608696,0.24218181818181816,0.24218181818181816,0.24218181818181816,2,1,53,"How can trauma-informed approaches help to prevent revictimization, retraumatization, and secondary victimization of survivors, and what strategies can be implemented to create safe, supportive, and empowering environments for survivors to disclose their experiences?"
ID_VL_Aka_Gha_35A240AE,Aka_Gha,C_recall_failure,0.19318584070796457,0.2350214592274678,0.2350214592274678,0.2350214592274678,3,30,75,Mɛyɛ dɛn ako ama ankorankoro a wɔadi dɛm sɛ wɔde wɔn bɛka ho na ɛyɛ pɛpɛɛpɛ wɔ nsɛm ho amanneɛbɔ mu?
ID_VL_Aka_Gha_DD59BA71,Aka_Gha,C_recall_failure,0.19322222222222218,0.2337912087912088,0.2337912087912088,0.2337912087912088,1,13,73,Akwan ahorow bɛn na yɛbɛfa so agyina nyiyimu ne osuahunu bɔne a ɛfa awoasɛm ho apomuden ho ano?
ID_VL_Eng_Gha_4BB907EC,Eng_Gha,C_recall_failure,0.19322222222222224,0.2014851485148515,0.20226666666666665,0.20226666666666665,5,14,50,"How can adolescents develop self-compassion, self-acceptance, and resilience through reflective practices, by acknowledging their strengths, limitations, mistakes, and areas for growth, and learning from both positive and negative experiences?"
ID_VL_Eng_Gha_FC9E1DCB,Eng_Gha,C_recall_failure,0.1932484076433121,0.22949367088607597,0.2683516483516484,0.2683516483516484,11,1,51,What resources are available to help adolescents enhance their health literacy in the context of sexual and reproductive health?
ID_VL_Aka_Gha_63B4C08B,Aka_Gha,C_recall_failure,0.19328358208955224,0.19328358208955224,0.19328358208955224,0.19328358208955224,1,5,63,"Bere bɛn na ɛsɛ sɛ mehwehwɛ mmoa a efi animdefo mu wɔ adwenemyare ho haw ahorow a ɛfa nna ne awo apɔwmuden ho? (dadwen a emu yɛ den, adwenemhaw, ɛyɛ den sɛ obegyina ano) ."
ID_VL_Eng_Gha_D92F3C1E,Eng_Gha,C_recall_failure,0.1933333333333333,0.2573913043478261,0.2573913043478261,0.2573913043478261,0,6,52,How can adolescents be assured that their privacy will be protected when seeking crisis support for sensitive sexual and reproductive health issues?
ID_VL_Eng_Gha_3D3A2582,Eng_Gha,C_recall_failure,0.19348623853211006,0.16008163265306122,0.1839306358381503,0.19348623853211006,20,1,56,"What efforts are being made by governments, international organizations, and civil society groups to address online sexual exploitation, grooming, and trafficking of adolescents, and to ensure their safety and well-being in digital spaces?"
ID_VL_Aka_Gha_35C7936C,Aka_Gha,C_recall_failure,0.1934982332155477,0.244602510460251,0.244602510460251,0.244602510460251,3,12,63,"Ɔkwan bɛn so na akyerɛkyerɛfo betumi adi kasa mu akwanside ahorow, akenkan ne akyerɛw ho haw, ne nsɛm afoforo a ɛfa nneɛma a wobetumi anya ho dwuma de ahwɛ ahu sɛ asuafo nyinaa betumi de wɔn ho ahyɛ nna ne awo akwahosan ho nkyerɛkyerɛ mu denneennen?"
ID_VL_Aka_Gha_BCAE8081,Aka_Gha,C_recall_failure,0.19353846153846155,0.1726666666666667,0.1726666666666667,0.19353846153846155,62,23,81,Dɛn na ɛsi wɔ berɛ a ɔbarima rema ne ho so (ejaculating)
ID_VL_Eng_Gha_20509C62,Eng_Gha,C_recall_failure,0.1936448598130841,0.22949367088607595,0.23124999999999996,0.23124999999999996,6,0,43,How can adolescents protect their privacy and confidentiality when accessing sexual and reproductive health information online?
ID_VL_Eng_Gha_B56FF8CE,Eng_Gha,C_recall_failure,0.19380952380952382,0.17879194630872486,0.22829787234042553,0.22829787234042553,19,7,59,"How do cultural factors shape perceptions of consent, coercion, and sexual violence, and how can these issues be addressed in diverse cultural contexts?"
ID_VL_Eng_Uga_3E19FC1D,Eng_Uga,B_reranking_failure,0.19380952380952382,0.19380952380952382,0.74,0.74,19,23,45,"Is it true that painful sex is a sign of a UTI or STI, please answer in detail."
ID_VL_Eng_Gha_233FFC82,Eng_Gha,C_recall_failure,0.19380952380952382,0.19380952380952382,0.26722222222222225,0.26722222222222225,6,21,46,How do I find a therapist or counselor who specializes in adolescent mental health and sexual health concerns?
ID_VL_Eng_Gha_F4DBCA07,Eng_Gha,C_recall_failure,0.19390374331550803,0.22103896103896103,0.22103896103896103,0.24666666666666662,20,41,46,"How does positive reinforcement from peers contribute to the formation of social norms, group identities, and social bonds, and how can I navigate these influences while staying true to my personal values and priorities?"
ID_VL_Aka_Gha_F0B5156B,Aka_Gha,C_recall_failure,0.19395161290322582,0.21403076923076922,0.24991228070175436,0.24991228070175436,8,7,67,Dɛn ne akwan pa a yebetumi afa so agyina adwennwen anaa dadwen a atipɛnfo nhyɛso de ba no ano?
ID_VL_Aka_Gha_3A43B2BA,Aka_Gha,C_recall_failure,0.19398058252427186,0.22221574344023326,0.22221574344023326,0.22249999999999998,56,52,59,Dɛn ne nhwɛso ahorow bi a ɛkyerɛ nneyɛe pa ne akwan foforo a wɔfa so hyɛ pene a wɔde nimdeɛ ma ne tumi a wɔbɛma anya nkɔso wɔ mmabun a wɔwɔ nna ne awo akwahosan tebea horow mu no bi?
ID_VL_Aka_Gha_287D06CA,Aka_Gha,C_recall_failure,0.19404444444444446,0.2324778761061947,0.2324778761061947,0.2324778761061947,2,36,74,"Ɔkwan bɛn so na nkyerɛkyerɛ a ɛfa obu ne nnamfofa pa ho bɛtumi aboa ama wɔasiw nna mu ayayade, mmonnaatoyɛ, ne atirimɔdensɛm kwan wɔ mmabun ntam?"
ID_VL_Aka_Gha_AE9BEC36,Aka_Gha,C_recall_failure,0.19406340057636887,0.29721311475409834,0.29721311475409834,0.29721311475409834,4,58,69,Dɛn ne akwan ahorow bi a wɔfa so siw nnuru bɔne a wɔde di dwuma ano na wɔhyɛ adwenemyare a wɔde gyina ano no ho nkuran wɔ mmabun mu?
ID_VL_Eng_Gha_DFC620CE,Eng_Gha,C_recall_failure,0.19409836065573768,0.19409836065573768,0.20634615384615385,0.20634615384615385,8,0,41,"How do modern interpretations and adaptations of traditional cultural celebrations and rites of passage reflect changing attitudes toward sexuality, gender equality, and reproductive autonomy among adolescents and young adults?"
ID_VL_Eng_Uga_0BC2EA72,Eng_Uga,B_reranking_failure,0.1940983606557377,0.21093457943925234,0.74,0.74,11,20,59,What can I do to feel normal while living with HIV?
ID_VL_Aka_Gha_0710D430,Aka_Gha,C_recall_failure,0.19418439716312055,0.2740050377833753,0.2740050377833753,0.27853932584269664,26,53,66,Ɔkwan bɛn so na mmabun betumi de wɔn ho ahyɛ mpɔtam nhyehyɛe ne nhyehyɛe ahorow wapaw sɛ wɔ siw ɔbea ne ɔbarima nna mu awudisɛm anu no mu?
ID_VL_Eng_Uga_98AF5CCA,Eng_Uga,B_reranking_failure,0.19424999999999998,0.19424999999999998,0.74,0.74,11,0,62,Are there any proven methods to cure HIV?
ID_VL_Eng_Uga_2B015723,Eng_Uga,B_reranking_failure,0.19424999999999998,0.19424999999999998,0.74,0.74,15,4,52,"Is there a cure for HIV currently, or can it can only be managed with treatment?"
ID_VL_Eng_Gha_AB8CBF97,Eng_Gha,C_recall_failure,0.19424999999999998,0.19424999999999998,0.19424999999999998,0.19424999999999998,0,0,53,How can I create a sleep-friendly environment in my bedroom during puberty?
ID_VL_Aka_Gha_63D62A39,Aka_Gha,C_recall_failure,0.19425000000000003,0.2548344370860927,0.26015625,0.26015625,7,0,67,"Mɛyɛ dɛn ahwɛ ahu sɛ me nna mu nkitahodi no yɛ nea mepene so, ɛkyerɛ obu, na ɛyɛ anigye ma me ne me hokafo no nyinaa?"
ID_VL_Aka_Gha_550A1B46,Aka_Gha,C_recall_failure,0.19430167597765363,0.26405286343612333,0.296,0.296,10,5,72,"Ɔkwan bɛn so na mmabun betumi aka hokwan a wɔwɔ sɛ wodi wɔn ho so wɔ nipadua mu wɔ tebea ahorow a, ebia wobehyia animtiaabu anaa nyiyim a egyina nna anaa awo a wɔpaw so?"
ID_VL_Eng_Gha_F7B217C7,Eng_Gha,C_recall_failure,0.19430167597765363,0.21315217391304347,0.21315217391304347,0.21322033898305087,41,15,51,How can parents and caregivers support gender equality within the family and promote open discussions about gender roles and expectations?
ID_VL_Eng_Gha_A59B457F,Eng_Gha,C_recall_failure,0.19434343434343432,0.25141025641025644,0.25141025641025644,0.25141025641025644,3,5,45,How can I protect my privacy and personal information online during puberty?
ID_VL_Eng_Gha_AD261EC5,Eng_Gha,C_recall_failure,0.19434343434343435,0.20756097560975612,0.20756097560975612,0.20756097560975612,3,35,53,How can I manage stress and pressure during puberty?
ID_VL_Aka_Gha_F2E9702D,Aka_Gha,C_recall_failure,0.19437788018433177,0.20666666666666664,0.23773755656108597,0.24275132275132272,52,55,68,"Nneɛma ne nnwinnade bɛn na ɛwɔ hɔ a, ɛbɛboa mmabun ma wɔn sikasɛm ho nimdeɛ akɔ anim, te sɛ nhomasua wɛbsaet ahorow, adwumayɛbea ahorow, ne mpɔtam hɔ nhyehyɛe ahorow?"
ID_VL_Eng_Gha_4F612217,Eng_Gha,C_recall_failure,0.19437788018433183,0.22747081712062253,0.24863999999999997,0.24863999999999997,18,20,57,"What outreach and education efforts are needed to raise awareness about available sexual and reproductive healthcare services, rights, and resources among adolescents, families, schools, communities, and youth-serving organizations?"
ID_VL_Eng_Gha_5DC7B3E6,Eng_Gha,C_recall_failure,0.19453608247422682,0.2172139303482587,0.2172139303482587,0.2172139303482587,4,0,46,"How does my level of self-confidence, self-esteem, and self-efficacy influence my ability to accurately assess risks, assert my boundaries, and make decisions that prioritize my well-being and values?"
ID_VL_Aka_Gha_12A4DEF0,Aka_Gha,C_recall_failure,0.19460207612456748,0.19901515151515153,0.19901515151515153,0.19964028776978415,23,41,70,"Ɔkwan bɛn so na mɛtumi afa de m’adwene ama ayaresabea adwumayɛfoɔ anaa ayaresabea ahorow no, na wɔatumi atu mpɔn wɔ amammere mu nimdeɛ ho wɔ wɔn nnwuma mu?"
ID_VL_Aka_Gha_913E4DE2,Aka_Gha,C_recall_failure,0.1946177370030581,0.23785714285714282,0.23785714285714282,0.25354581673306775,53,15,69,"Dwuma bɛn na nhyehyɛe ahorow a mmabun di anim, mmabun afotufo bagua ahorow, ne atipɛnfoɔ mmoa nkitahodie ahorow betumi adi wɔ nhyehyɛe ahorow a ɛde mmabun nna ne awoɔ akwahosan di kan, di nhyehyɛe mu akwanside ahorow a ɛwɔ ɔhwɛ ho dwuma, na ɛhyɛ pɛyɛ ne asetena mu atɛntrenee ho nkuran no mu?"
ID_VL_Eng_Gha_8CE3E7C3,Eng_Gha,C_recall_failure,0.19473684210526312,0.20747663551401868,0.26244186046511625,0.2822033898305085,35,26,46,"How does language, culture, and socioeconomic status influence adolescents' health literacy about sexual and reproductive health?"
ID_VL_Eng_Ken_937BF79B,Eng_Ken,C_recall_failure,0.19473684210526315,0.19473684210526315,0.19473684210526315,0.19473684210526315,0,9,34,What is your observation based on the HIV and AIDS estimates in Kenya?
ID_VL_Eng_Gha_3E11BAFE,Eng_Gha,C_recall_failure,0.19473684210526315,0.23368421052631577,0.24072289156626506,0.24072289156626506,17,25,49,"How can discussions about sexual assault be tailored to address the specific needs and experiences of diverse populations, including LGBTQ+ individuals, people with disabilities, racial and ethnic minorities, and other marginalized groups?"
ID_VL_Aka_Gha_9F871CE7,Aka_Gha,C_recall_failure,0.19473684210526315,0.14890243902439027,0.19473684210526315,0.2007751937984496,59,5,73,So wubetumi aka w’ankasa osuahu anaa nhumu biara a efi w’ankasa wo mmaabunberemu a ebetumi aboa me ma mate me atinka ase yiye na magyina ano?
ID_VL_Eng_Gha_CF01F944,Eng_Gha,C_recall_failure,0.19473684210526315,0.21887323943661974,0.23124999999999996,0.23124999999999996,13,3,47,What rights do pregnant adolescents have in terms of making decisions about their own healthcare and the healthcare of their child?
ID_VL_Aka_Gha_5CABCC97,Aka_Gha,C_recall_failure,0.19473684210526315,0.20370786516853934,0.22560975609756095,0.23246073298429318,35,0,68,Ɔkwan bɛn so na mmabun betumi ahwɛ sɛ wɔn ankorankoro nsɛm bɛyɛ kɔkoam berɛ biaa a wɔakɔhwehwɛ apɔmuden adwumayɛfoɔ wɔ nna ne awoɔ mu apɔmuden dadwen ho?
ID_VL_Eng_Eth_14E286E5,Eng_Eth,B_reranking_failure,0.19473684210526315,0.208125,0.74,0.74,14,15,36,Can syphilis be cured ?
ID_VL_Eng_Uga_1B0C62EB,Eng_Uga,B_reranking_failure,0.19473684210526315,0.74,0.74,0.74,0,1,57,How does PrEP work and what is its efficiency?
ID_VL_Swa_Ken_DE3790FB,Swa_Ken,B_reranking_failure,0.19473684210526315,0.74,0.74,0.74,3,8,62,"Ni vitu gani vinapochukuliwa mwilini, vina athari katika maambukizi ya Virusi Vya Ukimwi?"
ID_VL_Swa_Ken_ACEF45C4,Swa_Ken,B_reranking_failure,0.19485207100591717,0.74,0.74,0.74,1,2,63,"Je, kuwa na virusi vya ukimwi kunamaanisha kupunguzwa kwa muda wa kuishi ya maisha?"
ID_VL_Swa_Ken_B5AE329D,Swa_Ken,C_recall_failure,0.19497005988023952,0.27226415094339623,0.27226415094339623,0.27226415094339623,2,24,58,"Je, unaweza kushiriki maelezo kuhusu dawa za magonjwa ya zinaa na kupendekeza hospitali kwa usaidizi?"
ID_VL_Eng_Gha_2877F5D9,Eng_Gha,C_recall_failure,0.19497005988023952,0.19497005988023952,0.20894117647058824,0.20894117647058824,7,2,51,How can I advocate for more inclusive and accurate representations of individuals living with disabilities in the media?
ID_VL_Eng_Gha_83EFA9F3,Eng_Gha,C_recall_failure,0.1950909090909091,0.2213392857142857,0.2213392857142857,0.23545454545454544,33,6,51,"What are the key components of effective prevention programs, and how do they empower individuals to recognize and respond to sexual violence?"
ID_VL_Aka_Gha_709B7D97,Aka_Gha,C_recall_failure,0.19511254019292604,0.2357180156657963,0.2357180156657963,0.2415143603133159,32,8,65,"Ɔkwan bɛn so na wodi abrabɔ pa ho nsusuwii ahorow ho dwuma berɛ a wɔreyɛ nhwehwɛmu ahorow a ɛfa nsɛmti a ɛho hia te sɛ nna mu nneyɛe, nyinsɛn a wosiw ano, anaa STI ho no?"
ID_VL_Eng_Ken_C5144D98,Eng_Ken,B_reranking_failure,0.19516483516483518,0.74,0.74,0.74,1,3,58,In what ways will I receive my test results?
ID_VL_Eng_Gha_9D66E815,Eng_Gha,C_recall_failure,0.19527777777777777,0.2405,0.2419905213270142,0.24226190476190473,35,28,61,"How can social media be leveraged as a tool for advocating for sexual and reproductive rights (SRR) and challenging stigma and discrimination against marginalized groups, including LGBTQ+ individuals and adolescents living with HIV/AIDS?"
ID_VL_Aka_Gha_CB9BC326,Aka_Gha,C_recall_failure,0.19541125541125542,0.19541125541125542,0.20627177700348434,0.20627177700348434,5,0,71,"So afotu anaa ayaresa ho nhyehyɛe ""counseling and therapy sessions"" ahorow bi wɔ hɔ a wɔde ma mmabun a wɔpɛ sɛ wɔboa wɔn wɔ Intanɛt so no?"
ID_VL_Eng_Gha_4CC9F5F2,Eng_Gha,C_recall_failure,0.19547169811320753,0.23408163265306126,0.23408163265306126,0.23408163265306126,2,26,58,"How can adolescents advocate for climate justice and equity, ensuring that the most vulnerable communities, including adolescents, are prioritized in climate change adaptation and mitigation efforts?"
ID_VL_Eng_Gha_7FC15858,Eng_Gha,C_recall_failure,0.19547169811320755,0.197012987012987,0.23735849056603775,0.23735849056603775,16,1,57,"What role do personal values, beliefs, and priorities play in determining the boundaries I set for myself in different social or intimate contexts?"
ID_VL_Eng_Eth_F6CA6B8B,Eng_Eth,C_recall_failure,0.19547169811320755,0.23215686274509803,0.24262295081967214,0.24666666666666665,31,14,63,What is the main characteristic of Latent Herpes infection?
ID_VL_Eng_Gha_81DF6517,Eng_Gha,D_weak_pool,0.19547169811320758,0.2444642857142857,0.3420754716981132,0.3420754716981132,12,2,44,How does limited health literacy contribute to disparities in access to sexual and reproductive health information and services among adolescents?
ID_VL_Aka_Gha_3C9AD14C,Aka_Gha,C_recall_failure,0.195632183908046,0.2419230769230769,0.2668027210884354,0.2880536912751678,63,20,70,Ɔkwan bɛn so na ɔhaw mu dwumadie nhyehyɛeɛ no de nsɛm a wɔaboaboa ano afiri nhwehwɛmu di dwuma de kamfo nneɛma foforɔ anaa mmoa a ɛfiri wɔn a wɔdi dwuma no hɔ?
ID_VL_Aka_Gha_B572F3D0,Aka_Gha,C_recall_failure,0.1958153846153846,0.1958153846153846,0.2476859504132231,0.2476859504132231,9,27,63,"Ɔkwan bɛn so na mmabun betumi ahwehwɛ mmoa afi mpanyimfo a wogye wɔn di, afotufo, anaa ntamgyinafo hɔ bere a ntawaawdi ahorow bɛyɛ den dodo anaasɛ ɛyɛ den sɛ wɔn ankasa besiesie, na nneɛma anaa mmoa adwuma bɛn na ɛwɔ hɔ a ɛbɛboa wɔn ma wɔanya wɔn ntawatawadi ano so ho nimdeɛ?"
ID_VL_Swa_Ken_C0EB8875,Swa_Ken,B_reranking_failure,0.19588235294117645,0.74,0.74,0.74,4,0,63,"Je, kuna muda maalum wa matumizi ya PEP?"
ID_VL_Eng_Gha_D11FC8C0,Eng_Gha,C_recall_failure,0.19588235294117645,0.15416666666666667,0.29600000000000004,0.29600000000000004,11,5,53,"How can I identify healthy ways to cope with negative emotions like shame or sadness that might arise with sexual development? (creative outlets, talking to a friend)"
ID_VL_Swa_Ken_1861C9F3,Swa_Ken,B_reranking_failure,0.19588235294117645,0.19588235294117645,0.74,0.74,6,7,57,"Je, ni umri gani wa kuishi kwa mtu mwenye Ukimwi ambaye anatumia ARVs?"
ID_VL_Aka_Gha_D10BD1D0,Aka_Gha,C_recall_failure,0.19588235294117648,0.18210937500000002,0.21346153846153848,0.22965517241379313,20,11,69,"Akwan bɛn na etu mpɔn wɔ Kesee Fam ne Kesee Fam biakoyɛ ne nimdeɛ a wɔkyɛ wɔ aman a, wɔwɔ mpɔtam ahorow mu de di nna ne awo akwahosan (ASRH) nsɛm a wɔtaa di ho dwuma no mu?"
ID_VL_Eng_Gha_FD98FE33,Eng_Gha,C_recall_failure,0.19588235294117648,0.18966386554621847,0.19588235294117648,0.2114285714285714,36,29,43,"How does access to healthcare services, including testing and treatment, impact STI/HIV prevention efforts globally?"
ID_VL_Swa_Ken_49A2AFDE,Swa_Ken,B_reranking_failure,0.1958823529411765,0.1958823529411765,0.74,0.74,7,0,59,"Je, inawezekana kufurahia ngono ukiwa na Ukimwi?"
ID_VL_Aka_Gha_C03F3538,Aka_Gha,D_weak_pool,0.1961,0.22701195219123504,0.35136690647482016,0.35136690647482016,5,15,53,So mmara anaa nhyehyɛe ahorow bi wɔ hɔ a  ɛmma wɔmfa ɔman sika nni dwuma wɔ nyinsɛn a woyi gu ho nnwuma mu?
ID_VL_Aka_Gha_827050A8,Aka_Gha,C_recall_failure,0.19614457831325297,0.19596837944664036,0.2196875,0.22118081180811805,32,14,64,Mɛyɛ dɛn atumi adi nhyɛso a m’atipɛnfo anaa m’ahokafo de ma me sɛ ɔpɛ sɛ ɔhyɛ me wo nna mu dwumadi?
ID_VL_Aka_Gha_ABF3AD39,Aka_Gha,C_recall_failure,0.19619596541786744,0.25263440860215053,0.25263440860215053,0.2530569948186529,53,45,65,Dɛn ne akwan ahorow bi a wɔfa so hyɛ awoɔ apɔwmuden ho nkuran na wɔte awoɔ mu haw so ma mmabun?
ID_VL_Lug_Uga_2AB202C2,Lug_Uga,C_recall_failure,0.19621212121212117,0.19621212121212117,0.19621212121212117,0.19621212121212117,0,0,59,Enjawulo wakati w’Omusujja gw'ekibumba ogwa B n'akawuka akaleeta siriimu.
ID_VL_Eng_Gha_8ACBBE09,Eng_Gha,C_recall_failure,0.19621212121212117,0.17814814814814814,0.22945736434108527,0.24205607476635516,31,23,53,"What are harmful messages in the media, and how do they impact adolescents' perceptions of themselves, their bodies, relationships, and sexual health?"
ID_VL_Eng_Uga_79E5C9AA,Eng_Uga,C_recall_failure,0.1962300319488818,0.14957446808510638,0.20181818181818184,0.20181818181818184,14,17,61,Who can you talk to if you feel worried about your changing body?
ID_VL_Aka_Gha_9AD620AB,Aka_Gha,C_recall_failure,0.19626086956521738,0.19649717514124293,0.21515418502202643,0.22,57,13,72,"Ɔkwan bɛn so na dawurobɔfoɔ ne amanneɛbɔfoɔ de kasa, mfonini, ne nneɛma di dwuma de kyerɛ nsɛm pɔtee a ɛfa nna mu apɔmuden ne suban ho?"
ID_VL_Eng_Gha_B47A1C5B,Eng_Gha,C_recall_failure,0.1962608695652174,0.22394736842105264,0.2405761316872428,0.2405761316872428,14,17,47,"How do socio-economic factors, such as poverty, unemployment, and lack of access to education and healthcare, influence adolescents' sexual and reproductive health outcomes within the community?"
ID_VL_Aka_Gha_3D3F3799,Aka_Gha,C_recall_failure,0.19632653061224487,0.21843373493975904,0.23276995305164322,0.23473118279569893,59,4,71,"Dwuma bɛn na mfiridwuma ne digital nnwinnade betumi adi wɔ sikasɛm ho nhyehyɛe ne gyinaesi a ɛbɛma mmabun anya mu, na ahwɛyiye bɛn na ɛsɛ sɛ wɔyɛ de bɔ wɔn ankasa ne sikasɛm ho nsɛm ho ban wɔ Intanɛt so?"
ID_VL_Aka_Gha_793B4C32,Aka_Gha,C_recall_failure,0.19632653061224492,0.19632653061224492,0.20072874493927123,0.2069491525423729,31,11,44,"Sɛ mewɔ nsɛm bi a ɛhaw me anaa nsɛmmisa bi fa sɛnea me ho bɛtɔ me bere a mayi nyinsɛn agu a anaa sɛ mihu nsesae ahorow a ɛhaw me a, dɛn na ɛsɛ sɛ meyɛ?"
ID_VL_Aka_Gha_4FA03F26,Aka_Gha,C_recall_failure,0.19637540453074434,0.19637540453074434,0.20286604361370716,0.29600000000000004,53,25,65,Mɛyɛ dɛn asi nyinsɛn a mempɛ ano?
ID_VL_Eng_Ken_E346F415,Eng_Ken,B_reranking_failure,0.19638461538461538,0.208125,0.74,0.74,10,7,44,Is it accurate that HIV can be spread through kissing?
ID_VL_Eng_Gha_F6E39356,Eng_Gha,C_recall_failure,0.19639810426540286,0.19639810426540286,0.20397435897435898,0.24506493506493504,29,19,53,"How can parental communication contribute to building a supportive and inclusive family environment that promotes healthy decision-making, self-esteem, and self-confidence in dealing with peer pressure and sexual health issues?"
ID_VL_Aka_Gha_A2BC372F,Aka_Gha,C_recall_failure,0.1964197530864198,0.18666666666666665,0.20127999999999996,0.24666666666666667,59,1,73,"Sɛ mewɔ aduroyɛ mu yare bi a na ɛwɔ hɔ dedaw a, so metumi akɔ so anyinsɛn dwoodwoo? (wo ne akwahosan ho ɔyaresafo bi nsusu ho)"
ID_VL_Eng_Gha_A9E27BA9,Eng_Gha,C_recall_failure,0.1964197530864198,0.2951445086705202,0.2951445086705202,0.2951445086705202,0,0,58,"Are there laws that restrict access to abortion medication, such as mifepristone and misoprostol?"
ID_VL_Lug_Uga_8DB8DADF,Lug_Uga,B_reranking_failure,0.19656249999999997,0.74,0.74,0.74,10,17,55,Lwaki mpulira nga nneekyaye n'okukyuka mbeera zange mu myaka gyange egy'obuvubuka?
ID_VL_Eng_Eth_80962718,Eng_Eth,C_recall_failure,0.19656250000000003,0.19656250000000003,0.21303030303030301,0.24666666666666665,43,38,59,"My church offers food to the poor. If I ask for extra for my special diet needed to fight my infection, will they judge me?"
ID_VL_Aka_Gha_66245BFA,Aka_Gha,C_recall_failure,0.19667774086378736,0.248056338028169,0.248056338028169,0.248056338028169,2,53,73,"Ɔkwan bɛn so na abusua nhyehyɛe ahorow te sɛ kuma mmusua, mmusua a wɔatrɛw mu, ɔwofo biako mmusua, ne mmusua a wɔadi afra, nya mmabun osuahu ahorow a ɛfa nna ne awoɔ apomoden ho nkyerɛkyerɛ, nkitahodi, ne gyinaesi ho so nkɛntɛnso?"
ID_VL_Lug_Uga_91C46EFC,Lug_Uga,B_reranking_failure,0.19677902621722848,0.19677902621722848,0.74,0.74,5,47,75,Mazzi ki mu mubiri agayinza okutambuza akawuka ka siriimu kubanga galimu ekirungo ekinene eky’akawuka?
ID_VL_Aka_Gha_B8DB0672,Aka_Gha,C_recall_failure,0.19680851063829785,0.19680851063829785,0.21299703264094955,0.21299703264094955,14,14,51,Dɛn nti na me nipadua hua mprempren yi?
ID_VL_Eng_Gha_EF2DDCC4,Eng_Gha,D_weak_pool,0.19693548387096774,0.31406976744186044,0.31406976744186044,0.31406976744186044,2,6,37,Why do I have to deal with mood swings because of hormones?
ID_VL_Eng_Gha_D5C0244D,Eng_Gha,C_recall_failure,0.19693548387096774,0.21216783216783217,0.21216783216783217,0.21216783216783217,1,0,55,"What are the potential consequences of financial decisions, such as overspending, borrowing money irresponsibly, or falling victim to financial scams?"
ID_VL_Aka_Gha_939B462D,Aka_Gha,C_recall_failure,0.19697841726618703,0.2504615384615385,0.2504615384615385,0.2504615384615385,3,15,70,"Mɛyɛ dɛn ahu na madi m’ankasa me nyiyi mu ne nsusuwii ahorow a ɛfa mmabun a wɔadi dɛm nna ho, no ho dwuma?"
ID_VL_Aka_Gha_8573E793,Aka_Gha,C_recall_failure,0.19697841726618706,0.19697841726618706,0.19697841726618706,0.19697841726618706,0,0,65,"Dɛn ne afotu bi a wode bɛkasa akyerɛ ɔwofo, ɔkyerɛkyerɛfo, anaa ɔpanyin foforo a wogye no di wɔ mmoa a wobɛhwehwɛ wɔ adwenemyare ho nsɛm ho?"
ID_VL_Eng_Gha_6070B6A1,Eng_Gha,C_recall_failure,0.19704142011834316,0.24666666666666665,0.24666666666666665,0.24666666666666665,0,24,49,"How do I negotiate safer sex practices with my partner, especially if there are concerns about contraception or STI risk?"
ID_VL_Aka_Gha_CE88CB2D,Aka_Gha,C_recall_failure,0.19713114754098357,0.259,0.259,0.259,2,16,55,"Mɛyɛ dɛn atumi asi gyinae a ɛfata wɔ me nna ne awo akwahosan ho, na nneɛma bɛn na ɛsɛ sɛ misusuw ho bere a meresisi saa gyinae yi?"
ID_VL_Aka_Gha_371ECD7B,Aka_Gha,D_weak_pool,0.19714285714285712,0.2516860465116279,0.320859375,0.320859375,7,7,63,Mɛyɛ dɛn atumi akɔ so ahu nsakrae a aba wɔ mmra ne nhyehyɛe ahorow mu a ebetumi aka sɛnea metumi anya awo akwahosan ho nhyehyɛe bere a meyɛ ɔbabun no?
ID_VL_Aka_Gha_41992FDF,Aka_Gha,C_recall_failure,0.19715328467153284,0.23785714285714288,0.28202797202797203,0.28202797202797203,9,2,62,"Dɛn ne mmara ne nhyehyɛe mu akwanside ahorow a mmabun hyia bere a wɔrehwehwɛ nna ne awo akwahosan ho nhyehyɛe ahorow, a nea ɛka ho ne nyinsɛn a wosiw ano, nyinsɛn a woyi gu,nna mu yare a yɛtwa no tia sɛ STI nhwehwɛmu ne ayaresa, ne ɛnanom akwahosan ho nhyehyɛe?"
ID_VL_Eng_Gha_330F8BE1,Eng_Gha,C_recall_failure,0.1973333333333333,0.1973333333333333,0.21306501547987622,0.21306501547987622,7,25,51,How can I protect myself from re-infection?
ID_VL_Eng_Gha_9E374F7A,Eng_Gha,D_weak_pool,0.19733333333333333,0.2678095238095238,0.2819047619047619,0.37493333333333334,22,0,44,How can adolescents ensure their right to confidentiality and privacy when accessing sexual and reproductive health services?
ID_VL_Aka_Gha_9B3080D5,Aka_Gha,C_recall_failure,0.19733333333333336,0.23386792452830185,0.23386792452830185,0.2635251798561151,23,2,61,"Dɛn ne akwan bi a nea broni ka no 'social media' so nkɛntɛnsofo taa fa so de wɔn ho hyɛ mmabun atiefo mu na wonya wɔn so nkɛntɛnso wɔ 'ASRH' nsɛmti ho, na saa akwan yi tu mpɔn dɛn?"
ID_VL_Eng_Gha_75AC824C,Eng_Gha,C_recall_failure,0.19733333333333336,0.2074242424242424,0.2455454545454545,0.2455454545454545,14,29,38,Is it normal to experience mood swings or emotional changes during my period?
ID_VL_Aka_Gha_E4855AA1,Aka_Gha,C_recall_failure,0.19733333333333336,0.19733333333333336,0.2163076923076923,0.22060377358490565,44,30,70,"Dɛn na ɛsɛ sɛ mmabun hu fa awo a wobetumi apaw ne nneɛma a wɔde wɔn ho bɛhyɛ mu, a ɛyaw ano aduro, awo mmoa, ne awo a wɔde oprehyɛn yɛ ka ho?"
ID_VL_Aka_Gha_405CACEC,Aka_Gha,C_recall_failure,0.197508896797153,0.23535168195718653,0.2393471810089021,0.24846715328467153,26,16,69,"Mmɔden bɛn na aban ahorow, amanaman ntam ahyehyɛde ahorow, ne ɔmanfo akuw rebɔ de adi mmabun a, wɔde wɔn ho hyɛ nna mu ɔbrasɛe, ahosiesie, ne wɔn a wɔtɔn wɔn wɔ Intanɛt so no ho dwuma, na wɔahwɛ ahu sɛ wobenya ahobammɔ ne yiyedi wɔ dijitaal mmeae ahorow?"
ID_VL_Eng_Ken_60A399D4,Eng_Ken,B_reranking_failure,0.19755656108597286,0.19755656108597286,0.74,0.74,10,0,53,Can you outline the signs that may suggest pregnancy?
ID_VL_Aka_Gha_1A84A51A,Aka_Gha,C_recall_failure,0.1975728155339806,0.2587978142076503,0.2587978142076503,0.2587978142076503,0,3,68,Akwannya ahorow bɛn na wɔn a wonyaa wɔn ti didii mu wɔ nna mu ɔbrasɛe mu wɔ wɔ nsɛmmɔnedi no ho amanneɛbɔ a wɔde bɛbɔ mmarahyɛ baguafo ne ayaresa ne mmara mu mmoa a wɔhwehwɛ ho?
ID_VL_Aka_Gha_902059E4,Aka_Gha,C_recall_failure,0.1975916230366492,0.19778801843317972,0.19778801843317972,0.21431693989071038,42,58,62,"Sɛ mehyia atemmu, nyiyim, anaa animtiaabu bere a merehwehwɛ awo akwahosan ho nnwuma a, dɛn na ɛsɛ sɛ meyɛ?"
ID_VL_Aka_Gha_09E9DB0A,Aka_Gha,C_recall_failure,0.19763975155279503,0.22769230769230772,0.23368421052631577,0.2679310344827586,38,24,61,"Si hia a ɛho hia sɛ wonya nyinsɛn a woyi gu ho adwumayɛbea ahorow a ahobammɔ wom, na mmara ma ho kwan na ama wɔakwati akwahosan ho asiane ahorow a ebetumi aba no so dua."
ID_VL_Eng_Gha_AF77520E,Eng_Gha,C_recall_failure,0.19770992366412213,0.21717391304347827,0.2387096774193548,0.259,22,28,40,Is there an age requirement to access STI testing and treatment services?
ID_VL_Eng_Gha_33107475,Eng_Gha,C_recall_failure,0.19770992366412216,0.24209876543209877,0.25099415204678366,0.25099415204678366,13,2,48,"How can adolescents advocate for increased funding, accessibility, and awareness of crisis helplines and support services within their schools, communities, and local governments, to ensure that survivors of sexual violence have access to the support they need?"
ID_VL_Aka_Gha_89463E85,Aka_Gha,C_recall_failure,0.19770992366412216,0.19770992366412216,0.2972649572649572,0.2972649572649572,5,0,61,"So hokwan ahorow wɔ hɔ a mmabun betumi de asetra mu nimdeɛ adi dwuma na wɔde adi dwuma wɔ wiase tebea horow ankasa mu, te sɛ mpɔtam hɔ som adwuma anaa adwumayɛ ho ntetee?"
ID_VL_Aka_Gha_47229389,Aka_Gha,C_recall_failure,0.19782178217821783,0.22916129032258065,0.22916129032258065,0.22916129032258065,1,10,68,"Akwan bɛn so na mpɔtam hɔ nkabom akuo (community-based organizations) ne sukuu ahodoɔ, ayaresabea adwumayɛfoɔ, aban mpanimfoɔ, ne afoforɔ a asɛm no fa wɔn bɔ mu yɛ adwuma de hyɛ nna ne awoɔ ho akwahosan ho nhyehyɛeɛ den na ama eduru mmeranteɛ ne mmabaa pii nkyɛn?"
ID_VL_Aka_Gha_093923DE,Aka_Gha,C_recall_failure,0.19784722222222223,0.21028776978417263,0.22227106227106225,0.22227106227106225,18,10,60,"Adwene bɛn na ɛnteɛ anaa nsusuwii hunu a wɔtaa nya wɔ nnipa a wɔwɔ STI anaa HIV ho, na yɛbɛyɛ dɛn atumi akasa atia?"
ID_VL_Swa_Ken_41AFEB2A,Swa_Ken,B_reranking_failure,0.19790697674418606,0.3149404761904762,0.74,0.74,6,0,47,"Je, inaweza kuthibitishwa kuwa watu wawili walio na virusi vya ukimwi wanaweza kuolewa na kuzaa mtoto asiye na virusi vya ukimwi?"
ID_VL_Aka_Gha_82DC4C8E,Aka_Gha,C_recall_failure,0.19796178343949047,0.225609756097561,0.225609756097561,0.225609756097561,1,47,70,Mɛyɛ dɛn atumi akura ahye a ɛfata mu na makwati nkɔso a mempɛ wɔ internet so abusuabɔ mu?
ID_VL_Eng_Eth_CD4B69A9,Eng_Eth,C_recall_failure,0.1980281690140845,0.1980281690140845,0.1980281690140845,0.1980281690140845,0,3,48,Do health workers say that girls should be blamed if they have sexually transmitted infections (STIs)?
ID_VL_Eng_Eth_8B1E3B9D,Eng_Eth,C_recall_failure,0.19802816901408454,0.2625806451612903,0.2625806451612903,0.2625806451612903,1,60,66,I am afraid to tell my mother I might have an STI. Who else can I talk to?
ID_VL_Eng_Gha_2C55AEF7,Eng_Gha,C_recall_failure,0.19814207650273225,0.2194186046511628,0.229758064516129,0.229758064516129,17,2,53,"What role do schools, communities, and families play in educating adolescents about their rights to consent and capacity in sexual and reproductive health, and how can they support adolescents in exercising these rights?"
ID_VL_Aka_Gha_7656AF72,Aka_Gha,C_recall_failure,0.19832,0.23296296296296296,0.23296296296296296,0.23296296296296296,4,18,81,"Dɛn ne nea ebetumi afi obu a wonni ma wɔn ho no mu aba wɔ mmabun nna ne awoɔ apɔwmuden mu nsunsuanso so, te sɛ nneyɛe a asiane wom a wɔde wɔn ho bɛhyɛ mu anaasɛ adwene apɔwmuden mu haw?"
ID_VL_Eng_Gha_FF86CC31,Eng_Gha,C_recall_failure,0.19845454545454544,0.19845454545454544,0.21515418502202643,0.21515418502202643,5,6,39,"What are some warning signs that someone may be at risk of being targeted for an alcohol or drug-facilitated assault, and how can individuals protect themselves from potential harm?"
ID_VL_Aka_Gha_06F028FF,Aka_Gha,C_recall_failure,0.19853658536585364,0.19853658536585364,0.23747851002865328,0.23747851002865328,16,18,65,"Ɔkwan bɛn so na akwan a wɔfa so siw kwan (kɔndom, nnuru a wɔde kum mmadwoa, ntini a wɔde hyɛ nipadua mu) yɛ adwuma, na etu mpɔn dɛn?"
ID_VL_Eng_Gha_C35BEC2C,Eng_Gha,C_recall_failure,0.19853658536585367,0.23816091954022986,0.27499999999999997,0.27499999999999997,5,3,48,"Are there disparities in access to affordable sexual and reproductive healthcare services based on factors such as race, ethnicity, or geographic location?"
ID_VL_Aka_Gha_146D3F31,Aka_Gha,C_recall_failure,0.19853658536585367,0.24345276872964172,0.24345276872964172,0.2688581314878893,29,19,62,Mɛyɛ dɛn atumi abɔ me ho ban afi nnipa a wonni adwene pa wɔ Intanɛt so anaa ahosiesie ne ntetewee nneyɛe ho bere a meyɛ mmerantebere ne mmabaabere?
ID_VL_Aka_Gha_C51155FF,Aka_Gha,C_recall_failure,0.19865771812080538,0.22348993288590605,0.22348993288590605,0.22348993288590605,1,0,67,"Mɛyɛ dɛn de me ho ahyɛ mmɔden a wɔbɔ sɛ wɔbɛkamfo mmabun nna ne awo hokwan ahorow ho nkuran na wɔabɔ wɔn ho ban wɔ me mpɔtam hɔ no mu? (Wɔ ahyehyɛde ahorow tu wɔn ho ma, nhyiam ahorow a wɔkɔ)"
ID_VL_Eng_Gha_AB1021CE,Eng_Gha,C_recall_failure,0.19870370370370366,0.19870370370370366,0.20060240963855425,0.201531914893617,26,13,55,How can adolescents contribute to creating safe and supportive online communities where individuals feel comfortable discussing sexual and reproductive health topics without fear of judgment or discrimination?
ID_VL_Aka_Gha_D20EAC17,Aka_Gha,C_recall_failure,0.19870370370370372,0.19870370370370372,0.20393700787401575,0.20393700787401575,10,6,65,Hyɛ nkitahodi a ɛda adi pefee ne nkyerɛkyerɛ ho nkuran sɛ akadeɛ atitiriw a wɔde bɛtew animtiaabu so.
ID_VL_Eng_Eth_CAB4923B,Eng_Eth,D_weak_pool,0.19880597014925372,0.35878787878787877,0.35878787878787877,0.35878787878787877,0,7,61,"After my period, I perform a ritual wash. Is there any way this ritual can interfere with my medicine?"
ID_VL_Eng_Uga_75366B9F,Eng_Uga,C_recall_failure,0.19887499999999997,0.19887499999999997,0.23203389830508475,0.23203389830508475,8,9,54,"Do babies get Syphilis?, please answer this using simple medical terms."
ID_VL_Aka_Gha_624C69B6,Aka_Gha,C_recall_failure,0.19889328063241107,0.19656250000000003,0.24666666666666665,0.24666666666666665,11,22,59,Dwuma bɛn na akwahosan ho adwumayɛfo di wɔ nna mu ɔhaw a ɛba mmabun so?
ID_VL_Aka_Gha_61B1CD22,Aka_Gha,C_recall_failure,0.19899159663865545,0.24666666666666665,0.24666666666666665,0.24666666666666665,4,58,63,"Ɔkwan bɛn so na mmarima ne mmea pɛyɛ a enni hɔ ne asetra mu gyinapɛn ahorow ma mmabun, titiriw mmeawa, mmerɛwyɛ ahorow yɛ kɛse wɔ wiase nyinaa akwahosan ho tebea horow a egye ntɛmpɛ mu, na nneɛma bɛn na wobetumi ayɛ de adi nsonsonoe ahorow yi ho dwuma?"
ID_VL_Eng_Gha_A4BBF962,Eng_Gha,C_recall_failure,0.19899159663865545,0.19899159663865545,0.24017543859649126,0.24017543859649126,18,12,45,"How can adolescents contribute to creating safer, more inclusive online environments for discussing and learning about sexual and reproductive health through their digital media literacy skills?"
ID_VL_Aka_Gha_E465E150,Aka_Gha,C_recall_failure,0.1991272727272727,0.1991272727272727,0.2664951768488746,0.2847752808988764,47,0,64,Mɛyɛ dɛn atumi akasa ma nhyehyɛe ahorow a wɔde ko tia asisifo wɔ me sukuu anaa mpɔtam hɔ?
ID_VL_Aka_Gha_19985F15,Aka_Gha,C_recall_failure,0.1991362126245847,0.21194174757281553,0.23560538116591928,0.2405761316872428,37,68,73,"Mɛyɛ dɛn atumi asusu mfasoɔ ahorow a ɛwɔ nhyɛso pa a m’atipɛnfo de ma, te sɛ asetena mu mmoa, ne adamfofa su, ne hia a ehia sɛ mekɔ so kura ahofadi, ankorankoro, ne gyinaesi ahorow metumi atu a ɛka me nna ne awoɔ akwahosan mu no ?"
ID_VL_Eng_Uga_216E9FE5,Eng_Uga,C_recall_failure,0.1992307692307692,0.1992307692307692,0.1992307692307692,0.19947826086956522,42,8,73,"How can someone accurately determine if they are infected with HIV, given that symptoms may vary?"
ID_VL_Eng_Gha_836B15C7,Eng_Gha,C_recall_failure,0.1992307692307692,0.21975757575757576,0.22474074074074074,0.22474074074074074,15,6,36,"What happens during a counseling or therapy session, and what can I expect?"
ID_VL_Aka_Gha_295D6FBF,Aka_Gha,C_recall_failure,0.1992307692307692,0.1554,0.19688073394495412,0.2005607476635514,40,33,70,"So akuo anaa nneɛma bi wɔ hɔ a wɔde boa mmaabun a wɔresusuw ho sɛ wobeyi nyinsɛn agu? (ahomatrofo, abwɛɛfo ntetan so dwumadibea ahorow) ."
ID_VL_Eng_Gha_B596CA7C,Eng_Gha,C_recall_failure,0.1992307692307692,0.21294964028776975,0.21294964028776975,0.21294964028776975,1,3,51,"How do cultural beliefs, norms, and values influence the ethical considerations surrounding adolescent sexual and reproductive health (ASRH) practices and interventions in different parts of the world?"
ID_VL_Amh_Eth_054F92FF,Amh_Eth,C_recall_failure,0.1992307692307692,0.1992307692307692,0.1992307692307692,0.1992307692307692,0,0,65,ባለቤቴ ወይም አባቴ ከፍላጎቴ ውጪ ትምህርቴን ለማቆም ሊወስኑ ይችላሉ?
ID_VL_Eng_Gha_143B45E3,Eng_Gha,C_recall_failure,0.1992307692307692,0.13845161290322577,0.1992307692307692,0.1992307692307692,9,0,41,"When should I consider getting sexual health screenings, and how often should I be screened?"
ID_VL_Eng_Gha_1C0F0BDC,Eng_Gha,C_recall_failure,0.19923076923076924,0.23368421052631574,0.2363888888888889,0.23679999999999998,44,3,48,How can peer support networks and mentorship programs be utilized to provide social and economic support to adolescents navigating sexual and reproductive health challenges?
ID_VL_Eng_Uga_64215E66,Eng_Uga,B_reranking_failure,0.19923076923076924,0.74,0.74,0.74,1,0,40,"May I know about sexually transmitted infection?STIs?, please answer this using simple medical terms."
ID_VL_Eng_Gha_14E4180C,Eng_Gha,C_recall_failure,0.19923076923076924,0.23401709401709403,0.24257261410788383,0.24257261410788383,8,7,52,"What strategies can adolescents use to advocate for improved access to healthcare services and health insurance coverage in their communities, schools, and workplaces?"
ID_VL_Eng_Gha_896490AB,Eng_Gha,C_recall_failure,0.19940119760479041,0.263625,0.263625,0.263625,1,24,48,How can I support friends or peers who have been diagnosed with an STI or HIV?
ID_VL_Eng_Gha_A181C85E,Eng_Gha,C_recall_failure,0.19960526315789473,0.21788888888888885,0.21788888888888885,0.21788888888888885,1,4,52,"What role do community leaders, religious institutions, and traditional healers play in shaping ethical norms and attitudes towards ASRH, and how can their involvement be leveraged to promote positive health outcomes?"
ID_VL_Aka_Gha_5AF30553,Aka_Gha,C_recall_failure,0.19968253968253968,0.2288659793814433,0.2519148936170213,0.2673548387096774,54,45,61,"Dwuma bɛn na ahyehyɛde ahorow a egyina mpɔtamu hɔ, nhyehyɛe ahorow a mmabun di anim, ne atipɛnfo nkitahodi betumi adi wɔ mmabun nna ne awoɔ apomoden a wɔbɛboa wɔ wiase nyinaa akwahosan ho tebea horow a egye ntɛmpɛ mu no mu?"
ID_VL_Eng_Gha_61C2645A,Eng_Gha,C_recall_failure,0.19968253968253968,0.24034188034188037,0.24034188034188037,0.24034188034188037,4,11,61,What are some ways we can communicate openly and honestly about sexual and reproductive health topics while still respecting each other's privacy and boundaries?
ID_VL_Aka_Gha_FCBB4E59,Aka_Gha,C_recall_failure,0.19982195845697331,0.27,0.27,0.27218390804597703,46,38,57,"Dɛn ne akwan horow bi a mɛfa so akari pɛ wɔ m’ankorankoro botae ne gyinapɛn ahorow ne m’atipɛnfo kuo, sukuu atenaeɛ, amammerɛ, anaa ɔsom mu gyidi ahorow akwanhwɛ, gyinapɛn, ne nhyɛso ahorow mu, na makura m’ahofadi ne me mudi mu kura mu wɔ gyinaesi mu?"
ID_VL_Aka_Gha_8768A84F,Aka_Gha,C_recall_failure,0.199831223628692,0.22174216027874566,0.22174216027874566,0.24758364312267656,45,27,52,"Sɛ mmabun hyia akwanside anaa nsɛnnennen bere a wɔrebɔ mmɔden, sɛ wobenya awo akwahosan ho nhyehyɛe a, anammɔn bɛn na wobetumi atu?"
ID_VL_Eng_Gha_0CF0374C,Eng_Gha,C_recall_failure,0.19988505747126437,0.19988505747126437,0.2154945054945055,0.22109756097560973,42,16,52,What steps can adolescents take if they encounter barriers or challenges when trying to access reproductive health services?
ID_VL_Eng_Gha_3D0A5F0C,Eng_Gha,C_recall_failure,0.19999999999999996,0.2674698795180723,0.2674698795180723,0.2674698795180723,1,2,51,Are there cultural or societal norms that may influence adolescents' understanding of safe and healthy relationships?
ID_VL_Eng_Gha_0DA23E5C,Eng_Gha,C_recall_failure,0.19999999999999998,0.18196721311475408,0.19999999999999998,0.19999999999999998,8,0,53,"What role do microfinance institutions, community-based organizations, cooperatives, and non-governmental organizations play in providing microfinance services to adolescents?"
ID_VL_Aka_Gha_A28DEFE3,Aka_Gha,C_recall_failure,0.20000000000000004,0.21893491124260356,0.21893491124260356,0.21893491124260356,0,0,61,"Dɛn ne nneɛma atitiriw bi a ɛma obi nya abusuabɔ pa, te sɛ nkitahodie, ahotoso, ne obu?"
ID_VL_Aka_Gha_3E896C64,Aka_Gha,C_recall_failure,0.20016393442622954,0.20016393442622954,0.20016393442622954,0.20016393442622954,0,6,66,"So metumi anya afotu anaa ayaresa dwumadi ahorow wɔ abɛɛfo kwantenpɔn so anaa telefon so, na mfaso ne ɔhaw ahorow bɛn na ɛwɔ afotu a wɔde ma wɔ abɛɛfo ntentan so?"
ID_VL_Aka_Gha_3E351128,Aka_Gha,C_recall_failure,0.20019323671497585,0.2901960784313725,0.2901960784313725,0.2901960784313725,2,2,65,Mɛyɛ dɛn ahwɛ ahu sɛ wodi me mmara kwan so ahorow so na wodi so bere a merenya awo akwahosan ho nhyehyɛe bere a meyɛ ɔbabun no?
ID_VL_Aka_Gha_451B4CF3,Aka_Gha,C_recall_failure,0.2002054794520548,0.22095774647887326,0.23594202898550726,0.237112676056338,21,27,68,"Hokwan ahorow bɛn na mmabun wɔ,wɔ ahomegye, ahomegye bere, ne bere a wɔde gye wɔn ahome wɔ adwuma ho?"
ID_VL_Aka_Gha_CDDA24BA,Aka_Gha,C_recall_failure,0.20027522935779818,0.20027522935779818,0.23041916167664672,0.2340816326530612,26,3,66,Ɔkwan bɛn so na mpɔtam hɔ akannifo ne ahyehyɛde ahorow betumi aboa ma nkurɔfo ate nsɛmti ne nsɛm a ɛfa mmerantebere ne mmabaabere ho?
ID_VL_Eng_Gha_17EAEC83,Eng_Gha,C_recall_failure,0.20030075187969926,0.20030075187969926,0.24452173913043476,0.24452173913043476,6,54,55,How much do STI tests typically cost? (mention free or low-cost options if available)
ID_VL_Aka_Gha_7A1B5806,Aka_Gha,C_recall_failure,0.20034934497816592,0.217375,0.25633986928104574,0.26999999999999996,59,10,70,"Ɔkwan bɛn so na amanaman ntam nhyehyɛe ne nhyehyɛe nea broni ka no 'frameworks' ahorow di nneɛma te sɛ ɔbarima ne ɔbea nna, mfe a wɔadi, asetra mu sikasɛm tebea, ne asasesin a ɛwɔ hɔ a ɛwɔ nkitahodi a ɛda mmabun nna ne awo akwahosan mu aba no ho dwuma?"
ID_VL_Eng_Uga_67C0518B,Eng_Uga,B_reranking_failure,0.20041666666666663,0.20041666666666663,0.74,0.74,7,1,53,"If I share lipstick with someone who has Gonorrhea, can I get it? , please answer this using simple medical terms."
ID_VL_Eng_Uga_63725424,Eng_Uga,B_reranking_failure,0.20041666666666666,0.22576271186440677,0.74,0.74,8,0,42,Is Hepatitis B spread through saliva?
ID_VL_Eng_Ken_67CE378F,Eng_Ken,C_recall_failure,0.2004166666666667,0.2004166666666667,0.2004166666666667,0.20793388429752063,22,12,57,"Is there a safe way for mothers with HIV to breastfeed, or is it advised against?"
ID_VL_Aka_Gha_0C0FD195,Aka_Gha,C_recall_failure,0.2004166666666667,0.248021978021978,0.25597484276729565,0.25597484276729565,9,11,52,Ɔkwan bɛn so na amammerɛ anaa nyamesom mu gyidi ahorow nya nsunsuanso wɔ dɛmdieɛ ho?
ID_VL_Aka_Gha_0AB54BDE,Aka_Gha,C_recall_failure,0.2004926108374384,0.20425339366515838,0.22262711864406778,0.23696629213483147,23,28,47,"Sɛ mete nka sɛ me ho nyɛ me dɛ anaasɛ me ho yeraw me sɛ me ne afoforo bedi nkitaho wɔ mmerantebere ne mmabaabere mu a, dɛn na ɛsɛ sɛ meyɛ?"
ID_VL_Eng_Gha_2227219F,Eng_Gha,C_recall_failure,0.2005161290322581,0.2843157894736842,0.2843157894736842,0.2843157894736842,1,24,55,"What resources are available for adolescents who are struggling with body image issues or low self-esteem, including therapy, support groups, and online communities?"
ID_VL_Eng_Gha_0CF477EF,Eng_Gha,C_recall_failure,0.20060240963855422,0.20413793103448274,0.24492957746478872,0.24492957746478872,5,0,42,Why is access to nutritious food and adequate housing important for adolescent health and well-being?
ID_VL_Eng_Gha_2FB21E66,Eng_Gha,C_recall_failure,0.20060240963855425,0.20060240963855425,0.20614285714285713,0.20614285714285713,6,0,50,How can mindfulness and self-awareness help me recognize and respond to negative peer pressure more effectively?
ID_VL_Aka_Gha_9793B9B4,Aka_Gha,C_recall_failure,0.20067796610169492,0.20955752212389378,0.22476635514018692,0.22476635514018692,18,0,73,"Hokwan ""Rights"" ahorow bɛn na mmabun a wɔadi dɛm wɔ, wɔ akwahosan ho nhyehyɛe a wobenya mu, na sɛ mihyia nyiyim anaa ayayade a, mɛyɛ dɛn akyerɛ hokwan ahorow yi?"
ID_VL_Aka_Gha_F3B1025B,Aka_Gha,C_recall_failure,0.20074468085106384,0.23368421052631577,0.2707317073170732,0.2707317073170732,18,1,74,"Dɛn ne nneɛma pa anaa mfaso horow bi a efi nkitahodi a emu gyinaeɛ yɛ pintinn mu ba wɔ abusuabɔ mu, te sɛ obu a obi wɔ ma ne ho a ɛkɔ anim, obu a obi wɔ ma ne yɔnko, ne ntawntawdi ano aduru ho nimdeɛ a ɛkɔ anim?"
ID_VL_Eng_Gha_E76ADCA9,Eng_Gha,C_recall_failure,0.20080402010050252,0.20080402010050252,0.20080402010050252,0.20080402010050252,0,3,54,Where can I access confidential sexual health screenings and services?
ID_VL_Aka_Gha_A013AC6E,Aka_Gha,D_weak_pool,0.20085714285714285,0.2753488372093023,0.34109375000000003,0.34109375000000003,8,56,65,Ɔkwan bɛn so na mmabun betumi akasa ama nhyehyɛe ahorow a ɛhyɛ awoɔ mu atɛntrenee ho nkuran na edi nhyehyɛe mu akwanside ahorow a ɛmma wontumi nnya nna ne awo apomoden ho dwuma?
ID_VL_Aka_Gha_EF7DDC76,Aka_Gha,C_recall_failure,0.20092715231788078,0.2076258992805755,0.20786516853932585,0.2327699530516432,57,10,73,"Bere bɛn na wɔde si nyinsɛn ano a egye ntɛmpɛ di dwuma wɔ nna a wɔammɔ ho ban akyi, na ɔkwan bɛn so na ɛsono sɛnea etu mpɔn a egyina sɛnea wɔde di dwuma ntɛm so?"
ID_VL_Swa_Ken_3D877034,Swa_Ken,B_reranking_failure,0.2009271523178808,0.74,0.74,0.74,3,0,68,"Je, inawezekana kutibu Ukimwi/UKIMWI ndani ya saa 24 baada ya kuambukizwa?"
ID_VL_Aka_Gha_D56F0350,Aka_Gha,C_recall_failure,0.20098765432098764,0.22611111111111112,0.22611111111111112,0.22611111111111112,3,31,71,"Sɛn na amammerɛ mu nnyinasosɛm ne gyinapɛn nya nkɛntɛnsoɔ wɔ nkɔmmɔbɔ a ɛfa nna ho apene so (consent), nna mu atirimɔdensɛm (sexual violence), ne nna mu mogyahyehyɛeɛ anaa ɔtaa (harassment) ho wɔ amammerɛ ahodoɔ mu?"
ID_VL_Eng_Gha_673BA8BD,Eng_Gha,C_recall_failure,0.20098765432098767,0.21247524752475244,0.22822429906542052,0.22822429906542052,17,6,58,What steps can adolescents take to foster solidarity and allyship with other movements advocating for social justice and human rights?
ID_VL_Aka_Gha_C1581092,Aka_Gha,C_recall_failure,0.20108695652173914,0.21083798882681562,0.2734782608695652,0.2734782608695652,8,41,66,"Ɔkwan bɛn so na adwene a wɔde si biribi so betumi aboa me ma madi adwennwen, dadwen, anaa nkate horow a ɛboro so so?"
ID_VL_Aka_Gha_6A702E2F,Aka_Gha,C_recall_failure,0.20116504854368933,0.23554376657824933,0.24666666666666667,0.24666666666666667,8,13,61,Dɛn ne nhwɛso ahorow bi a ɛkyerɛ sɛnea community outreach programs anya nsunsuanso so pa mmabun nna mu agodie ne awoɔ apɔwmuden nsɛm ho?
ID_VL_Eng_Gha_F8D8B7F1,Eng_Gha,C_recall_failure,0.20119815668202762,0.21544303797468353,0.22602510460251046,0.2376422764227642,42,31,54,"How can I talk to my healthcare provider about my experiences and needs after an abortion, and how can they support me in my recovery?"
ID_VL_Eng_Gha_45F18619,Eng_Gha,C_recall_failure,0.2012280701754386,0.2012280701754386,0.2012280701754386,0.2012280701754386,0,0,44,"What is consent and how do I ensure it's present during sexual activity? (enthusiastic, informed, sober, ongoing)"
ID_VL_Aka_Gha_EEDEDB07,Aka_Gha,D_weak_pool,0.20125523012552304,0.29397260273972603,0.29397260273972603,0.3080203045685279,25,11,52,"Abrabɔ pa ho nneɛma bɛn na ɛsɛ sɛ mmabun susuw ho bere a wɔreka wɔn ankasa nsɛm, osuahu ahorow, anaa nna mu apɔwmuden ho nsɛm wɔ Intanɛt so no?"
ID_VL_Aka_Gha_30B187EF,Aka_Gha,C_recall_failure,0.20136054421768707,0.1915294117647059,0.20181818181818184,0.2075609756097561,38,11,39,"Dɛn ne PMTCT, na dɛn nti na ɛho hia wɔ HIV ano aduro ho?"
ID_VL_Eng_Gha_CB9FAF6D,Eng_Gha,C_recall_failure,0.20144444444444443,0.24233918128654972,0.2814084507042253,0.2814084507042253,19,48,58,"How can I access information about consent, healthy relationships, and communication skills?"
ID_VL_Aka_Gha_5E84F058,Aka_Gha,C_recall_failure,0.2014659685863874,0.2109502262443439,0.2357258064516129,0.24666666666666665,40,3,64,Mɛyɛ dɛn akamfo obu ne ntease a ɛfa gyinapɛn ne gyidi ahorow ho wɔ m’atipɛnfo kuw ne mpɔtam a ɛtrɛw mu?
ID_VL_Eng_Gha_5EF787B8,Eng_Gha,C_recall_failure,0.20146596858638743,0.20555555555555555,0.21351778656126483,0.21351778656126483,5,4,56,"How do financial constraints, including out-of-pocket expenses, user fees, transportation costs, and lost income, impact adolescents' ability to seek timely and appropriate healthcare?"
ID_VL_Aka_Gha_BF780E3F,Aka_Gha,C_recall_failure,0.20157706093189964,0.25344999999999995,0.25344999999999995,0.25344999999999995,3,0,44,Dɛn ne adwene a ɛnteɛ anaa anansesɛm a wɔtaa nya wɔ dɛmdi ho a ɛsɛ sɛ mmabun hu?
ID_VL_Eng_Gha_BF519362,Eng_Gha,C_recall_failure,0.20181818181818179,0.20181818181818179,0.21925925925925926,0.21925925925925926,5,3,50,How do cultural and religious beliefs influence parental attitudes toward consent and notification for adolescent healthcare services?
ID_VL_Eng_Gha_147F6570,Eng_Gha,C_recall_failure,0.20181818181818179,0.1490277777777778,0.18911111111111112,0.20181818181818179,36,22,65,How can adolescents participate in collective bargaining or other forms of labor organizing to improve their working conditions and wages?
ID_VL_Aka_Gha_81627CF1,Aka_Gha,C_recall_failure,0.20181818181818179,0.24324074074074076,0.24324074074074076,0.2508474576271187,25,19,63,"Dwuma bɛn na media ho nimdeɛ ho nhyehyɛe ne nnwuma a atipɛnfo di anim betumi adi wɔ nhumu a wɔbɛma anya nkɔso, nkɔmmɔbɔ a wɔbɛma anya nkɔso, ne atipɛnfo nkitahodi pa a wɔbɛhyɛ ho nkuran wɔ sukuu ahorow, mpɔtam, ne intanɛt so dwumadibea ahorow mu?"
ID_VL_Aka_Gha_B6AAE05B,Aka_Gha,C_recall_failure,0.2018181818181818,0.2046212121212121,0.2588340807174888,0.2588340807174888,19,37,72,Aboafo nneɛma bɛn na ɛwɔ hɔ ma mmabun a wɔrebusa mu afa wɔn nna ne akɔnnɔ ho ?
ID_VL_Aka_Gha_C4C2E2E3,Aka_Gha,C_recall_failure,0.2018181818181818,0.17695652173913046,0.24666666666666665,0.24666666666666665,11,16,66,So kasasin anaa kasa pɔtee bi wɔ hɔ a metumi de afi nkɔmmɔbɔ no ase wɔ obu ne bɔkɔɔ kwan so?
ID_VL_Eng_Gha_479BC637,Eng_Gha,C_recall_failure,0.20203947368421052,0.20203947368421052,0.20203947368421052,0.21277955271565496,30,4,47,How can schools collaborate with healthcare providers to ensure that STI/HIV prevention and education are integrated into comprehensive school health programs?
ID_VL_Aka_Gha_9CD6C852,Aka_Gha,C_recall_failure,0.2020883534136546,0.20474308300395258,0.21103703703703702,0.2264179104477612,70,14,71,Ɔkwan bɛn so na amanaman ntam biakoyɛ betumi aboa ma wɔde nna ho nkyerɛkyerɛ nhyehyɛe ne nhyehyɛe ahorow a etu mpɔn adi dwuma wɔ ahye so?
ID_VL_Eng_Gha_3DA06476,Eng_Gha,D_weak_pool,0.2021145374449339,0.25813953488372093,0.25813953488372093,0.3789371980676328,43,18,50,How can I access contraception confidentially and without judgment?
ID_VL_Eng_Gha_F10D27C8,Eng_Gha,C_recall_failure,0.2022093023255814,0.2022093023255814,0.2022093023255814,0.2022093023255814,0,0,54,What are the contributions of disability activists and leaders to the broader fight for social justice and human rights?
ID_VL_Eng_Gha_FADA98F5,Eng_Gha,C_recall_failure,0.20226666666666665,0.2419230769230769,0.24666666666666665,0.2530322580645161,33,1,56,"What strategies can adolescents use to navigate and critically evaluate media messages about sex, relationships, and reproductive health, and how can they advocate for more diverse, inclusive, and empowering representations?"
ID_VL_Eng_Gha_27794685,Eng_Gha,C_recall_failure,0.20230215827338127,0.20230215827338127,0.21247524752475247,0.21247524752475247,6,18,53,"How do cultural and societal norms shape the portrayal of sexuality in media, and how does this impact adolescents from diverse backgrounds?"
ID_VL_Eng_Gha_86C1B6CB,Eng_Gha,C_recall_failure,0.20245283018867924,0.2267741935483871,0.2466666666666667,0.2466666666666667,11,9,41,Are there specific interventions or treatments used in trauma-informed care for adolescent sexual and reproductive health issues?
ID_VL_Eng_Gha_DDA4F4A7,Eng_Gha,C_recall_failure,0.20252631578947367,0.2059130434782609,0.2072,0.2072,16,18,38,"What are the legal requirements for obtaining contraception in Ghana? (e.g., parental consent laws, age restrictions)"
ID_VL_Aka_Gha_89D7FD6C,Aka_Gha,C_recall_failure,0.20258555133079847,0.27933774834437086,0.27933774834437086,0.27933774834437086,0,19,66,Mfaso bɛn na ɛwɔ nkɔmmɔbɔ a ɛda adi pefee a atemmu a ɛfa nna ne awo akwahosan ho so wɔ adwenemyare ho nkɔso pa a wɔhyɛ ho nkuran no mu?
ID_VL_Eng_Gha_1A89B71E,Eng_Gha,C_recall_failure,0.20261904761904762,0.20261904761904762,0.21069444444444443,0.21069444444444443,8,1,42,How is technology being used to improve access to sexual and reproductive health information and services for adolescents worldwide?
ID_VL_Aka_Gha_B74D0FB1,Aka_Gha,C_recall_failure,0.20273972602739723,0.24067961165048543,0.24067961165048543,0.24067961165048543,1,4,71,"Sɛ obi a minim no rehaw anaa wɔreyɛ no basabasa wɔ Intanɛt so esiane ne nna ho akɔnnɔ, bɔbeasu, anaa ne nna ne awo akwahosan ho nneɛma afoforo nti a, dɛn na ɛsɛ sɛ meyɛ?"
ID_VL_Aka_Gha_D6D7B3B8,Aka_Gha,D_weak_pool,0.20273972602739726,0.2633898305084746,0.30738461538461537,0.30738461538461537,6,8,34,"Dɛn ne adwene a ɛnteɛ anaa anansesɛm a wɔtaa nya wɔ 'CSE' ho, na ɔkwan bɛn so na wobetumi adi ho dwuma?"
ID_VL_Eng_Gha_0A4E2552,Eng_Gha,C_recall_failure,0.20297142857142855,0.19096774193548385,0.21431693989071038,0.21431693989071038,16,0,55,How can adolescents and healthcare providers work together to bridge cultural differences and ensure effective communication and understanding during crisis situations related to sexual and reproductive health?
ID_VL_Aka_Gha_1745D6D8,Aka_Gha,C_recall_failure,0.20297142857142858,0.21658536585365853,0.22012658227848103,0.23977653631284918,58,39,63,"Yɛbɛyɛ dɛn atumi abɔ nkɔmmɔ a emu da hɔ na yɛadi nokware afa nsɛmti a ɛho hia ho, sɛ ɛsono yɛn gyinapɛn ne gyidi ahorow mpo a?"
ID_VL_Eng_Gha_277D1BE9,Eng_Gha,C_recall_failure,0.20300884955752213,0.2866666666666667,0.2866666666666667,0.2866666666666667,3,15,44,"How do discriminatory laws, policies, and practices affect adolescents' ability to access sexual and reproductive health services and information?"
ID_VL_Eng_Gha_92CF6021,Eng_Gha,C_recall_failure,0.20313725490196077,0.22496000000000005,0.23919191919191918,0.23919191919191918,15,4,60,"How can the media and public awareness campaigns be used to promote positive narratives about sexuality and disability, and to challenge stereotypes and misconceptions?"
ID_VL_Aka_Gha_A748DBCF,Aka_Gha,C_recall_failure,0.20313725490196077,0.2707317073170732,0.2707317073170732,0.2707317073170732,2,33,70,"So atipɛnfo mmoa akuw yɛ kokoamsɛm, na akwankyerɛ bɛn na wɔde asi hɔ a ɛbɛma wɔahwɛ ahu sɛ wɔn a wɔde wɔn ho hyɛ mu no yɛ kokoam ne ahobammɔ?"
ID_VL_Swa_Ken_1D8B32D9,Swa_Ken,C_recall_failure,0.2032238805970149,0.26564102564102565,0.26564102564102565,0.2696793002915452,24,24,54,"Je, ni mikakati gani inaweza kutumika kupunguza dalili zinazohusiana na virusi vya ukimwi/UKIMWI?"
ID_VL_Eng_Gha_8C7E6F42,Eng_Gha,C_recall_failure,0.2033587786259542,0.2208955223880597,0.2208955223880597,0.2208955223880597,2,4,60,"How do cultural, social, and individual factors influence adolescents' susceptibility to believing and spreading misinformation about sexual health?"
ID_VL_Aka_Gha_1825BC54,Aka_Gha,C_recall_failure,0.2033587786259542,0.21287671232876715,0.23919191919191918,0.23919191919191918,12,41,63,"Ɔkwan bɛn so na mmabun betumi anya sikasɛm ho adwene te sɛ sikasɛm nhyehyɛe, sika a wɔde sie, sika a wɔde hyɛ mu, ne ɛka a wɔde di dwuma ho ntease titiriw?"
ID_VL_Aka_Gha_0A2C827E,Aka_Gha,C_recall_failure,0.2035,0.27022471910112356,0.27022471910112356,0.27022471910112356,0,10,62,"Dɛn ne dwuma ne asɛyɛde ahorow a ankorankoro, mmusua, sukuu ahorow, akwaa apɔmuden ho adwumayɛfo, mmarahyɛ baguafo, ne mpɔtam hɔ ahyehyɛde ahorow di wɔ nna mu basabasayɛ a wosiw ano, mmoa a wɔde ma wɔn a wonyaa wɔn ti didii mu, ne akontaabu ne atɛntrenee a wɔbɛhyɛ ho nkuran no mu?"
ID_VL_Eng_Gha_19BD4F93,Eng_Gha,C_recall_failure,0.20350000000000001,0.20350000000000001,0.20350000000000001,0.20350000000000001,1,1,37,What are some strategies for building trust and fostering a sense of belonging within safe spaces or support groups for adolescents living with disability?
ID_VL_Eng_Eth_171E16CC,Eng_Eth,D_weak_pool,0.20350000000000001,0.23022222222222222,0.23545454545454544,0.3378260869565217,37,22,65,What is the specific recommendation for a person with Trichomoniasis if they are also diagnosed with HIV?
ID_VL_Eng_Gha_BFA016C2,Eng_Gha,C_recall_failure,0.2035978835978836,0.212046783625731,0.212046783625731,0.212046783625731,0,5,57,"How can adolescents access maternal health services, and what should they expect during prenatal appointments and childbirth?"
ID_VL_Eng_Gha_9D896047,Eng_Gha,C_recall_failure,0.20362416107382547,0.2445762711864407,0.2445762711864407,0.27205882352941174,36,1,46,Are there any mobile clinics or outreach programs that provide services in areas with limited access to healthcare facilities?
ID_VL_Eng_Gha_1F5D988F,Eng_Gha,C_recall_failure,0.20362416107382547,0.21431693989071038,0.21431693989071038,0.22464285714285714,20,7,61,"How do digital platforms shape adolescents' understanding of gender roles, body image, and self-esteem, and what implications does this have for their SRH outcomes?"
ID_VL_Aka_Gha_464C04AF,Aka_Gha,C_recall_failure,0.2036241610738255,0.25359550561797756,0.25359550561797756,0.27806060606060606,59,1,62,"Sɛ mmabun te nka sɛ wɔhyɛ wɔn ma wosi gyinae wɔ wɔn nna ne awo akwahosan ho a, dɛn na ɛsɛ sɛ wɔyɛ?"
ID_VL_Eng_Gha_43B47EE5,Eng_Gha,C_recall_failure,0.20370786516853934,0.20370786516853934,0.21520408163265303,0.21520408163265303,7,4,54,"How can I talk to my partner(s) about STI testing and sexual health, and how can we support each other through the testing process?"
ID_VL_Eng_Eth_D0243D72,Eng_Eth,C_recall_failure,0.20376811594202898,0.20376811594202898,0.20376811594202898,0.20376811594202898,0,12,39,Is it true that pregnancy is a time to test for STIs?
ID_VL_Eng_Gha_A663D2CD,Eng_Gha,C_recall_failure,0.20376811594202898,0.2555395683453237,0.2555395683453237,0.2555395683453237,0,16,56,How can we create a supportive and non-judgmental environment at home where I feel comfortable discussing my emotions and seeking help when needed?
ID_VL_Aka_Gha_E2ADD909,Aka_Gha,C_recall_failure,0.2038323353293413,0.2062295081967213,0.2062295081967213,0.21061538461538462,44,36,63,Ɔkwan bɛn so na mmabun betumi ahunu mmabun adwumayɛ nhyehyɛeɛ ne nteteeɛ (internships) wɔ wɔn mpɔtam?
ID_VL_Eng_Gha_D9AF6E09,Eng_Gha,C_recall_failure,0.2038323353293413,0.14695035460992906,0.2038323353293413,0.2038323353293413,16,0,51,"How does trauma affect survivors of sexual violence, both physically and emotionally, and what are some common reactions or symptoms that survivors may experience in the aftermath of trauma?"
ID_VL_Aka_Gha_9BF00273,Aka_Gha,C_recall_failure,0.20387755102040817,0.24888888888888888,0.2891390728476821,0.2944086021505376,41,52,62,Ɔkwan bɛn so na mmabun betumi akamfo nhyehyɛe ne nhyehyɛe ahorow a ɛhyɛ ɛnanom akwahosan ho nkuran na ɛboa mmabun a wɔyem wɔ wɔn mpɔtam hɔ?
ID_VL_Aka_Gha_6C4A37EA,Aka_Gha,C_recall_failure,0.20401869158878502,0.24423645320197046,0.24423645320197046,0.24423645320197046,3,13,62,"Dɛn ne nkrasɛm a epira wɔ media mu, na ɔkwan bɛn so na ɛha sɛnea mmabun bu wɔn ho, wɔn nipadua, abusuabɔ, ne nna mu apɔwmuden ho?"
ID_VL_Lug_Uga_F78EE9E8,Lug_Uga,D_weak_pool,0.20413793103448274,0.41999999999999993,0.41999999999999993,0.41999999999999993,1,16,54,Bubonero ki bwe nnina okunoonya obuyinza okutegeeza nti nnina Obuwuka obuleeta Obulwadde bw'Ekikaba?
ID_VL_Amh_Eth_B495DB4E,Amh_Eth,C_recall_failure,0.20413793103448274,0.20413793103448274,0.20413793103448274,0.20413793103448274,0,3,63,ኤችአይቪ መያዝ ማለት ማግባት አትችልም ማለት ነው?
ID_VL_Aka_Gha_42999AA4,Aka_Gha,C_recall_failure,0.20427083333333332,0.22077348066298338,0.22077348066298338,0.2343891402714932,68,27,70,kwan bɛn so na atipɛnfo akyerɛkyerɛfoɔ betumi adi anansesɛm ne adwene a ɛnteɛ a ɛfa nna ne awoɔ apɔwmuden ho wɔ wɔn atipɛnfo mu no ho dwuma?
ID_VL_Aka_Gha_A4161293,Aka_Gha,C_recall_failure,0.20429447852760735,0.261551724137931,0.261551724137931,0.261551724137931,0,1,68,"Asuadeɛ bɛn na yɛbɛtumi asua afiri SRH dwumadie a ɛdi mu a wɔde adi dwuma wɔ mmeaeɛ foforɔ a ntawntawdie aka no mu, na ɛbɛyɛ dɛn na wɔatumi ayɛ nsakraeɛ na wɔayɛ no kɛseɛ de adi mmabun ahiadeɛ soronko ho dwuma wɔ tebea ahodoɔ mu?"
ID_VL_Eng_Gha_FEF7D9EA,Eng_Gha,D_weak_pool,0.2042944785276074,0.31333333333333324,0.31333333333333324,0.31333333333333324,2,1,49,"Can adolescents provide feedback or suggestions to improve the quality and accessibility of hotlines and helplines, ensuring that they remain responsive to the evolving needs of young people and their diverse experiences?"
ID_VL_Eng_Gha_76F186AB,Eng_Gha,C_recall_failure,0.20432835820895523,0.22611111111111112,0.22611111111111112,0.2547540983606557,44,17,48,"How do cultural norms and taboos around sexuality and reproduction vary across different migrant and host communities, and how do they impact adolescents' SRH behaviors and decisions?"
ID_VL_Aka_Gha_1064005C,Aka_Gha,C_recall_failure,0.2044198895027624,0.23594202898550726,0.25689119170984454,0.25689119170984454,14,35,61,Ɔkwan bɛn so na mmabun betumi akamfo wɔn ho ne wɔn atipɛnfo wɔ mfe a wɔpene so ho mmara a wɔbɛhyɛ ho nkuran na wɔadi so wɔ wɔn mpɔtam hɔ no mu?
ID_VL_Eng_Gha_9A3B0319,Eng_Gha,C_recall_failure,0.20455284552845526,0.20455284552845526,0.22920353982300887,0.22920353982300887,5,25,56,"What role do peer networks play in facilitating access to job opportunities, internships, and vocational training programs for adolescents?"
ID_VL_Eng_Gha_3098F7B2,Eng_Gha,C_recall_failure,0.2045528455284553,0.2045528455284553,0.2045528455284553,0.2045528455284553,4,1,50,"What role can education, training, and mentorship play in empowering adolescents to navigate the labor market, negotiate fair wages, and advocate for their rights in the workplace?"
ID_VL_Aka_Gha_00D4AF59,Aka_Gha,C_recall_failure,0.20458823529411763,0.2835928143712575,0.2835928143712575,0.2835928143712575,0,29,68,So yebetumi de akwankyerɛ ahorow asi hɔ a yɛde bɛkyɛ nsɛm akyerɛ abusua no mufo afoforo anaa abɔntensofo de ahwɛ ahu sɛ wɔbɔ me kokoam nsɛm ho ban?
ID_VL_Aka_Gha_236C7B87,Aka_Gha,C_recall_failure,0.20458823529411765,0.27192771084337347,0.27192771084337347,0.27192771084337347,0,38,65,"Ɔkwan bɛn so na ASRH nhyehyɛe ahorow betumi de atetesɛm mu ayaresa, mpɔtam hɔ mpanyimfo, ne amammerɛ mu apon ano ahwɛfo afoforo adi nkitaho de ahyɛ wɔn ho wɔn ho ntease, ahotoso, ne biakoyɛ ho nkuran wɔ mmabun yiyedi a wɔbɛma anya nkɔso mu?"
ID_VL_Aka_Gha_A39231A7,Aka_Gha,C_recall_failure,0.20468085106382977,0.21142857142857144,0.21142857142857144,0.25029411764705883,58,39,64,Mɛyɛ dɛn anya nsɛm ne nneɛma a wotumi de ho to so a ɛfa nna mu nkɔso ne awo akwahosan ho wɔ mmerantebere ne mmabaabere mu?
ID_VL_Eng_Gha_43AD3D62,Eng_Gha,C_recall_failure,0.20468085106382977,0.21177631578947365,0.21177631578947365,0.21177631578947365,0,1,52,Should I be concerned about body image or appearance when it comes to physical activity during puberty?
ID_VL_Eng_Uga_53EA4919,Eng_Uga,B_reranking_failure,0.2046808510638298,0.2046808510638298,0.74,0.74,17,0,56,How can we reduce Trichomoniasis?
ID_VL_Aka_Gha_EE0CAEB5,Aka_Gha,C_recall_failure,0.20499999999999996,0.27541353383458644,0.27541353383458644,0.27541353383458644,2,4,67,"Dwuma bɛn na mpɔtam hɔ akannifo, nyamesom ahyehyɛde ahorow, ne atetesɛm mu ayaresa di wɔ abrabɔ pa ho gyinapɛn ne adwene a wɔwɔ wɔ ASRH ho a wɔhyehyɛ mu, na ɔkwan bɛn so na wobetumi de wɔn ho a wɔde bɛhyɛ mu no adi dwuma de ahyɛ apɔmuden mu nkɔso pa ho nkuran?"
ID_VL_Aka_Gha_28F49481,Aka_Gha,C_recall_failure,0.205021645021645,0.20786516853932585,0.21764705882352942,0.23505882352941176,55,62,67,"Ɔkwan bɛn so na ɔbarima ne ɔbea nna ne awo akwaa apɔmuden ho nsɛm a edi mu na ɛka obiara ho a obi nya no boa ma ɔte nka sɛ ɔwɔ ahobammɔ, fahodi, ne ne nipadua ne gyinaesi ahorow so tumi?"
ID_VL_Aka_Gha_8C459CE2,Aka_Gha,C_recall_failure,0.20503184713375797,0.24088541666666666,0.27946808510638294,0.2813541666666666,58,42,72,"Dɛn ne nneɛma a ebetumi akanyan anaa adwennwen a ebetumi ama adwenemhaw ho sɛnkyerɛnne ayɛ kɛse wɔ wɔn a wonyaa wɔn ti didii mu wɔ nna mu basabasayɛ mu no mu, na ɔkwan bɛn so na ankorankora ne ahyehyɛde ahorow betumi atew nneɛma a ɛkanyan yi so denam nneyɛe a ɛfa adwenemhaw ho ne dabere so?"
ID_VL_Eng_Gha_25D4A0FC,Eng_Gha,C_recall_failure,0.2051086956521739,0.2628947368421053,0.2628947368421053,0.2628947368421053,1,1,47,"What are the laws and regulations related to sexual violence in our jurisdiction, and how do they define consent, assault, harassment, and other relevant terms?"
ID_VL_Aka_Gha_C9535B63,Aka_Gha,C_recall_failure,0.20510869565217393,0.25294545454545453,0.25294545454545453,0.25294545454545453,1,9,55,"Dɛn ne nyinsɛn a woyi gu akyi hwɛ, na dɛn nti na ɛho hia ma mmabun a wɔayi nyinsɛn agu?"
ID_VL_Aka_Gha_00257AD1,Aka_Gha,C_recall_failure,0.20512280701754382,0.26,0.28859999999999997,0.28859999999999997,11,18,55,Ɔkwan bɛn so na mmabun ne ahyehyɛde ahorow a mmabun di wɔn anim betumi de wɔn ho ahyɛ nhyehyɛe a wɔyɛ mu de akasa ma mmara ne nhyehyɛe ahorow a ɛde wɔn nna ne awo akwahosan ho ahiade ne hokwan ahorow di kan?
ID_VL_Aka_Gha_13748146,Aka_Gha,C_recall_failure,0.20514851485148516,0.2631111111111111,0.2631111111111111,0.2631111111111111,2,9,69,"Nneɛma bɛn na ɛma akuw binom yɛ mmerɛw kɛse sɛ wobenya nna mu yareɛ? (asetra ne sikasɛm tebea, akwahosan ho nhyehyɛe a wobenya, nhomasua a wonnya) ."
ID_VL_Eng_Gha_24C778A5,Eng_Gha,C_recall_failure,0.20521008403361343,0.14095238095238094,0.24218181818181816,0.24218181818181816,6,2,62,"If I have a pre-existing medical condition, can I still get pregnant safely? (discuss with a healthcare provider)"
ID_VL_Eng_Gha_15260718,Eng_Gha,C_recall_failure,0.20531791907514452,0.15622222222222223,0.17895424836601306,0.20531791907514452,26,0,53,"What is parenting, and what are some factors to consider if I decide to continue my pregnancy and become a parent?"
ID_VL_Aka_Gha_DFED2C43,Aka_Gha,C_recall_failure,0.20539923954372624,0.23469255663430422,0.23469255663430422,0.23469255663430422,4,19,63,"Mmara kwan so ahobammɔ bɛn na ɛwɔ hɔ ma mmabun a wɔyem a wɔpaw sɛ wɔbɛfa wɔn ayɛ wɔn mma anaasɛ wɔbɛyɛ awofo, na nneɛma bɛn na ɛwɔ hɔ a ɛbɛboa wɔn ma wɔasisi gyinae a ɛfata wɔ wɔn awo akwan horow ho?"
ID_VL_Aka_Gha_49732D6C,Aka_Gha,C_recall_failure,0.20555555555555555,0.2910803324099722,0.2910803324099722,0.2910803324099722,4,24,68,"Ɔkwan bɛn so na nea broni ka no 'community outreach programs' no ne mpɔtam hɔ akwahosan ho adwumayɛfoɔ, sukuu ahodoɔ, ne ahyehyɛdeɛ foforɔ yɛ adwuma bom de ma mmɔden a wɔbɔ sɛ wɔbɛsiw 'STI/HIV' ano no anya nkɔsoɔ?"
ID_VL_Aka_Gha_B3AA7EFE,Aka_Gha,C_recall_failure,0.20555555555555555,0.20555555555555555,0.20555555555555555,0.22567375886524826,41,34,67,"Mɛyɛ dɛn atumi agyina m’ananmu ahwɛ ahu sɛ menya nna mu akwahosan ho nsɛm a ɛfata mfe a madi afiri m’awofo, sukuu ahorow, ne akwahosan ho adwumayɛfo hɔ?"
ID_VL_Aka_Gha_BDD640FB,Aka_Gha,C_recall_failure,0.20555555555555557,0.2834447300771208,0.2834447300771208,0.2971967654986523,56,47,60,"Ɔkwan bɛn so na mmabun betumi de akwan ahorow a egyina nnipa hokwan ahorow so adi dwuma, de akamfo nna ho nkyerɛkyerɛ a edi mũ wɔ sukuu ne mpɔtam hɔ?"
ID_VL_Eng_Eth_6550F74A,Eng_Eth,D_weak_pool,0.20555555555555557,0.3288888888888889,0.3288888888888889,0.3288888888888889,1,2,50,What is the cause of Chlamydia?
ID_VL_Eng_Gha_31383975,Eng_Gha,C_recall_failure,0.20555555555555557,0.23941176470588238,0.23941176470588238,0.23941176470588238,0,7,37,"Can adolescents access online crisis intervention services at any time, or are there specific hours of operation?"
ID_VL_Eng_Gha_8892042F,Eng_Gha,C_recall_failure,0.20573991031390132,0.23280898876404493,0.23280898876404493,0.23280898876404493,0,7,57,"How can mentors support adolescents in accessing relevant resources, services, and support networks in their communities, such as healthcare providers, counselors, peer support groups, and educational programs focused on sexual and reproductive health?"
ID_VL_Eng_Gha_E61599C8,Eng_Gha,C_recall_failure,0.2058278145695364,0.22734939759036144,0.22734939759036144,0.22734939759036144,1,0,57,"Can adolescents receive support and counseling for reproductive health decisions, including pregnancy options counseling?"
ID_VL_Eng_Gha_7F8E5483,Eng_Gha,C_recall_failure,0.20591304347826084,0.2432876712328767,0.2432876712328767,0.2432876712328767,0,12,46,How do cultural and societal attitudes impact the implementation and enforcement of legal protections for LGBTQ+ individuals?
ID_VL_Aka_Gha_8DFA6A56,Aka_Gha,C_recall_failure,0.20597938144329897,0.2624786324786325,0.28710382513661203,0.28710382513661203,19,0,55,"Asɛyɛde bɛn na nsɛm ho amanneɛbɔfo a wɔyɛ, aguade ho dawurubɔfo, ne nneɛma a wɔyɛ wɔ nna ho mfonini a wɔyɛ wɔ nsɛm ho amanneɛbɔ mu no wɔ, na ɔkwan bɛn so na wobetumi abu wɔn akontaa wɔ abrabɔ pa gyinapɛn ne nneyɛe ho?"
ID_VL_Eng_Gha_4A90CD0C,Eng_Gha,C_recall_failure,0.2060227272727273,0.2060227272727273,0.22538071065989845,0.22538071065989845,5,7,46,"How does the language we use to talk about sexuality and reproductive health reflect cultural norms, values, and taboos within our community or cultural background?"
ID_VL_Eng_Gha_8BC78E81,Eng_Gha,C_recall_failure,0.20604790419161675,0.20604790419161675,0.20604790419161675,0.20604790419161675,3,2,67,How can I deal with societal pressures around sex and gender?
ID_VL_Swa_Ken_332CCE0A,Swa_Ken,B_reranking_failure,0.2060759493670886,0.74,0.74,0.74,0,25,58,Inamaanisha nini kwangu kutoonekana?
ID_VL_Eng_Ken_F0CD7F05,Eng_Ken,B_reranking_failure,0.20607594936708862,0.20607594936708862,0.74,0.74,10,0,40,How long does the window stage in HIV progression take?
ID_VL_Aka_Gha_562B0F79,Aka_Gha,C_recall_failure,0.20614285714285713,0.2716783216783217,0.2716783216783217,0.2716783216783217,4,1,59,"Mɛyɛ dɛn atumi anya  nna mu nyarewa ""STI"" nhwehwɛmu ne ayaresa nnwuma sɛ ɛho hia a?"
ID_VL_Eng_Gha_594B2A3A,Eng_Gha,C_recall_failure,0.20630303030303032,0.22913705583756344,0.2369934640522876,0.2673298429319372,35,13,47,"How can adolescents involve their parents or guardians in the process of accessing mental health services, if desired?"
ID_VL_Eng_Gha_397B5F51,Eng_Gha,D_weak_pool,0.20651162790697675,0.11384615384615383,0.20651162790697675,0.3124444444444444,20,15,51,"Provide resources for websites, hotlines, or healthcare providers that offer accurate information about contraception."
ID_VL_Eng_Gha_49C10669,Eng_Gha,C_recall_failure,0.2065833333333333,0.22130841121495332,0.22130841121495332,0.22130841121495332,1,2,54,"What are the different methods of STI testing, and how do they work?"
ID_VL_Aka_Gha_E5D7B875,Aka_Gha,C_recall_failure,0.20659898477157362,0.2875829383886256,0.2875829383886256,0.2875829383886256,1,7,62,ɛka bi wɔ hɔ a ɛbata abusua nhyehyɛe ho afotu ne nnwuma a wobenya ho?
ID_VL_Eng_Gha_C0D7AC73,Eng_Gha,C_recall_failure,0.2066666666666666,0.2066666666666666,0.26849557522123896,0.26849557522123896,11,6,48,"What are the confidential support services, hotlines, and crisis intervention programs available to adolescents who have experienced sexual violence, and how can they access these resources 24/7?"
ID_VL_Aka_Gha_3DA9C2A9,Aka_Gha,C_recall_failure,0.20676470588235296,0.20676470588235296,0.21017751479289937,0.23870967741935484,38,45,63,"Ɔkwan bɛn so na dɛmdi ho ntease betumi aboa yɛn ma yɛadi nsɛm a ɛfa pɛyɛ a enni hɔ, nyiyimu, ne nnipa a wɔde wɔn to nkyɛn ho dwuma yie?"
ID_VL_Eng_Gha_6C645C15,Eng_Gha,C_recall_failure,0.20694915254237287,0.2624418604651163,0.2624418604651163,0.2624418604651163,2,0,45,What are the rights and responsibilities of pregnant adolescents regarding maternal health care decisions and informed consent?
ID_VL_Aka_Gha_309D258C,Aka_Gha,C_recall_failure,0.2070096463022508,0.24175298804780873,0.24175298804780873,0.24175298804780873,3,7,54,Nneɛma anaa mmoa nkitahodi bɛn na ɛwɔ hɔ a ɛbɛboa awofo ne mmabun ma w'abom adi nsɛm a ɛfa mmerantebere ne mmabaabere ho?
ID_VL_Eng_Gha_ADD702C9,Eng_Gha,C_recall_failure,0.2070238095238095,0.24446428571428572,0.24446428571428572,0.24666666666666665,22,14,45,How can peer support groups or youth-led organizations contribute to reducing stigma and discrimination in healthcare settings?
ID_VL_Eng_Uga_D6C6F45C,Eng_Uga,B_reranking_failure,0.2072,0.6365591397849462,0.6365591397849462,0.6365591397849462,2,0,44,What are common signs and symptoms of STIs?
ID_VL_Aka_Gha_5B9962C6,Aka_Gha,C_recall_failure,0.20729641693811074,0.2446448087431694,0.26370165745856355,0.26370165745856355,5,1,73,Anamɔn bɛn na nsɛm ho amanneɛbɔ ahyehyɛde ahorow betumi atu de ama nneɛma ahorow ne nea wɔde ka ho akɔ soro wɔ wɔn nsɛm a wɔyɛ ne nea wɔyɛ ho nhyehyɛemu?
ID_VL_Eng_Gha_53F591DC,Eng_Gha,C_recall_failure,0.20732758620689656,0.24213235294117647,0.24213235294117647,0.24213235294117647,1,38,56,"What are the implications of restrictive abortion laws and policies on adolescent girls' health, autonomy, and well-being, and how can advocacy efforts work to promote access to safe and legal abortion services?"
ID_VL_Aka_Gha_4D3485C5,Aka_Gha,C_recall_failure,0.20747663551401868,0.2083495145631068,0.2648708487084871,0.2648708487084871,16,38,68,So anohyeto anaa nsɛnnennen bi wɔ telehealth ho a wɔde bedi dwuma ama akwahosan ho nhyehyɛe a wɔde bɛyɛ adwuma no ho?
ID_VL_Eng_Gha_6FDC0BAD,Eng_Gha,C_recall_failure,0.20751322751322748,0.25869918699186994,0.25869918699186994,0.25869918699186994,3,1,44,What are some healthy ways to explore my body and sexuality on my own?
ID_VL_Eng_Gha_F3EA0184,Eng_Gha,C_recall_failure,0.20760180995475114,0.20760180995475114,0.20760180995475114,0.20760180995475114,0,1,51,"What are some examples of gender-based discrimination and bias, and how do they intersect with other forms of oppression, such as racism, classism, ableism, and homophobia/transphobia?"
ID_VL_Aka_Gha_ACF5E81E,Aka_Gha,C_recall_failure,0.2076530612244898,0.2442718446601942,0.2478640776699029,0.24980891719745224,60,17,62,Dwuma bɛn na atipɛnfo mmoa ne nnwuma a atipɛnfo di anim betumi adi wɔ adwenemyare ho nkɔso pa a ɛbɛba wɔ nna ne awo akwaa apɔmuden  ho nkyerɛkyerɛ tebea horow mu no mu?
ID_VL_Aka_Gha_61EE411A,Aka_Gha,C_recall_failure,0.2076530612244898,0.2082962962962963,0.2082962962962963,0.2082962962962963,0,5,72,"Fa afa biara yɛ wo botae bere a woresusuw nyinsɛn mu nneɛma a wobɛpaw ho no, fa w’adwene si nsɛm ne nneɛma a wode bɛma de asi gyinae a ɛfata so."
ID_VL_Amh_Eth_1AC70EC0,Amh_Eth,D_weak_pool,0.20771929824561403,0.3103225806451613,0.3103225806451613,0.32456140350877194,40,33,56,ወንዶች ሳያውቁት ክላሚዲያን ሊሸከሙ ይችላሉ? እንዴትስ ይመረመራል? መከላከያውስ ምንድነው?
ID_VL_Aka_Gha_382C043F,Aka_Gha,C_recall_failure,0.20771929824561405,0.22424242424242424,0.2263529411764706,0.2263529411764706,7,26,62,"Akwan ne mfiridwuma foforo bɛn na wobetumi de adi dwuma de adi wim nsakrae ne ASRH ntam nkitahodi ho dwuma, te sɛ tele so aduruyɛ, mobile health application, ne mfidie ahorow a wɔde hwɛ nneɛma so a egyina mpɔtam hɔ so?"
ID_VL_Aka_Gha_A07295E9,Aka_Gha,C_recall_failure,0.20778325123152708,0.22354166666666667,0.26060869565217387,0.2838688524590164,39,5,68,"Dɛn ne afotu adwuma, na ɔkwan bɛn so na ebetumi aboa mmabun wɔ nna ne awo akwahosan 'SRH' ho?"
ID_VL_Aka_Gha_BACFB3D0,Aka_Gha,C_recall_failure,0.20780821917808215,0.24342105263157895,0.24342105263157895,0.24342105263157895,0,14,68,So adwenem apɔwmuden ho adwumayɛbea ahorow de afotuo a wɔde ma wɔ telefon so anaa intanɛt so ma mmabun a ebia ɛbɛyɛ den ama wɔn sɛ wobenya ɔhwɛ?
ID_VL_Eng_Gha_FF84FAEF,Eng_Gha,C_recall_failure,0.20780821917808218,0.20780821917808218,0.20780821917808218,0.20780821917808218,0,0,62,"Are educators adequately trained and supported to teach sexual and reproductive health topics in a non-judgmental, inclusive, and accurate manner?"
ID_VL_Swa_Ken_85EA16E0,Swa_Ken,C_recall_failure,0.2078082191780822,0.2304918032786885,0.2304918032786885,0.24328767123287673,51,42,60,"Je, Ukimwi ina athari yoyote kwa afya ya akili ya mtu?"
ID_VL_Aka_Gha_05628059,Aka_Gha,C_recall_failure,0.20783950617283953,0.26639999999999997,0.27829059829059827,0.27829059829059827,13,38,65,"Ɔkwan bɛn so na amammerɛ mu gyidi, suban, ne nneyɛe nya mmabun gyinaesi a wɔde hwehwɛ apomoden ho nhyehyɛe na wɔde wɔn din bɛhyɛ apomoden ho insurance nhyehyɛe ahorow mu no so nkɛntɛnso?"
ID_VL_Eng_Gha_1E6A6628,Eng_Gha,C_recall_failure,0.20793388429752063,0.21315217391304347,0.21315217391304347,0.21315217391304347,2,10,53,How can I access legal assistance or support if I encounter discrimination or legal challenges related to my gender or disability?
ID_VL_Eng_Eth_9326DFFD,Eng_Eth,C_recall_failure,0.208125,0.2144927536231884,0.2625806451612903,0.2681159420289855,28,18,60,"My religion says that if I am a good person, I will be protected from bad sicknesses."
ID_VL_Eng_Gha_A3404F08,Eng_Gha,D_weak_pool,0.208125,0.2114285714285714,0.3155038759689922,0.3155038759689922,9,20,44,What are the benefits of ensuring adolescents' privacy and confidentiality in sexual and reproductive health care?
ID_VL_Aka_Gha_A9D3D7C7,Aka_Gha,C_recall_failure,0.20819571865443423,0.28089005235602094,0.28089005235602094,0.28089005235602094,0,2,75,"Dɛn ne nea efi abusuabɔ a ɛnteɛ mu ba, a nkate, nipadua, ne adwene mu akwahosan so nkɛntɛnso ka ho, na ɔkwan bɛn so na mmabun betumi de wɔn yiyedi ne ahobammɔ adi kan?"
ID_VL_Eng_Gha_EC9F9C54,Eng_Gha,C_recall_failure,0.20824120603015073,0.259,0.259,0.26304687499999996,41,42,56,"How can communities address the unique needs and challenges faced by marginalized groups, such as refugees, migrants, and persons with disabilities in accessing sexual and reproductive health services and support?"
ID_VL_Aka_Gha_3A9BEDD4,Aka_Gha,C_recall_failure,0.20824120603015076,0.2299029126213592,0.2299029126213592,0.27218390804597703,25,6,68,So metumi anya telehealth services ama nhyehyɛe a wɔde di akyi anaa apɔwmuden ho ahiade a ɛkɔ so?
ID_VL_Eng_Gha_8D03F17A,Eng_Gha,C_recall_failure,0.2083495145631068,0.2083495145631068,0.22354166666666664,0.22354166666666664,16,13,51,"Are there specific cultural or religious beliefs that influence attitudes toward suicide, and how can adolescents navigate these beliefs while seeking support for their mental health?"
ID_VL_Aka_Gha_B88139B9,Aka_Gha,C_recall_failure,0.2083495145631068,0.21397590361445784,0.2280232558139535,0.2280232558139535,11,2,79,"Nsɛm bɛn na wubu no sɛ ɛyɛ kokoam de, na yɛbɛyɛ dɛn atumi apene nsɛmti a wɔabue ama nkɔmmɔbɔ ne nsɛmti a wɔmfa anohyeto ""of-limits"" mma ho?"
ID_VL_Aka_Gha_B83CFE0B,Aka_Gha,C_recall_failure,0.2084507042253521,0.22200000000000003,0.27656565656565657,0.27656565656565657,7,24,70,"Nneɛma, nnwinnade, ne ntetee hokwan bɛn na ɛwɔ hɔ ma mmabun a wɔn ani gye ho sɛ wɔbɛyɛ nsɛm ho amanneɛbɔfo akenkan ne akyerɛw ho akamfofo ne nsakrae pa ho akasamafo wɔ wɔn mpɔtam, sukuu ahorow, ne intanɛt so mmeae ahorow?"
ID_VL_Swa_Ken_69A9AFF9,Swa_Ken,B_reranking_failure,0.2084829721362229,0.74,0.74,0.74,3,3,66,Muda sahihi wa kwenda kuchunguzwa baada ya kuambukizwa virusi vya ukimwi/UKIMWI
ID_VL_Swa_Ken_E0A25901,Swa_Ken,B_reranking_failure,0.2084829721362229,0.2084829721362229,0.74,0.74,14,22,67,"Je, ni mara ngapi baada ya kuambukizwa virusi vya ukimwi/UKIMWI mtu aende kuchunguzwa?"
ID_VL_Eng_Gha_E99630F7,Eng_Gha,C_recall_failure,0.20850828729281765,0.20850828729281765,0.20850828729281765,0.20850828729281765,4,5,50,"How do cultural beliefs, values, and practices influence attitudes toward consent, sexual autonomy, and bodily integrity within different communities and societies?"
ID_VL_Eng_Gha_491B90E9,Eng_Gha,C_recall_failure,0.20850828729281765,0.24139037433155083,0.24139037433155083,0.24139037433155083,1,3,48,How can adolescents track their expenses and monitor their progress toward their savings goals?
ID_VL_Eng_Gha_4E76833A,Eng_Gha,C_recall_failure,0.20850828729281767,0.19087301587301586,0.19087301587301586,0.20850828729281767,21,4,56,"How can laws or rules that treat people differently because of their gender, religion, or family income affect young people’s sexual and reproductive health, like getting access to health services?"
ID_VL_Aka_Gha_A2607723,Aka_Gha,D_weak_pool,0.20854545454545453,0.303321554770318,0.303321554770318,0.303321554770318,3,2,61,Akwanside ahorow bi wɔ hɔ a ɛmma wontumi nnya akwahosan ho nhyehyɛe esiane akyirikyiri anaa beae a akwahosan ho adwumayɛbea ahorow wɔ nti?
ID_VL_Aka_Gha_25E97977,Aka_Gha,C_recall_failure,0.20857142857142855,0.21310126582278482,0.2575091575091575,0.2575091575091575,8,19,78,"Nna mu akwahosan ho nhwehwɛmu ahorow bɛn na ɛwɔ hɔ ma mmabun, na dɛn na ɛka ho bio?"
ID_VL_Aka_Gha_38602AB6,Aka_Gha,C_recall_failure,0.20857142857142857,0.24564315352697094,0.24564315352697094,0.24564315352697094,3,46,69,Ɔkwan bɛn so na asetena mu nimdeɛ ho adesua betumi aboa mmabun ma wɔanya ahoɔden a wɔde gyina ano na wɔagyina nsɛnnennen a ɛfa nna ne awo akwahosan ho ano?
ID_VL_Aka_Gha_620E99D3,Aka_Gha,C_recall_failure,0.20859060402684568,0.24737142857142858,0.253921568627451,0.253921568627451,10,9,51,"Ɔkwan bɛn so na mmabun betumi de sikasɛm nketewa adi dwuma de adi asetra ne sikasɛm mu nsɛm pɔtee bi ho dwuma wɔ wɔn mpɔtam hɔ, te sɛ adwuma a wonnya nyɛ, ohia, mmarima ne mmea pɛyɛ a enni hɔ, ne asetra mu nyiyim?"
ID_VL_Eng_Gha_EF0A573D,Eng_Gha,C_recall_failure,0.2087179487179487,0.2087179487179487,0.2087179487179487,0.2087179487179487,2,0,50,"How do media messages contribute to shaping adolescents' perceptions of consent, boundaries, and healthy relationships, and what impact does this have on their behaviors and decision-making?"
ID_VL_Aka_Gha_18C26797,Aka_Gha,C_recall_failure,0.20871794871794874,0.231889400921659,0.25138755980861244,0.25138755980861244,12,11,63,Mɛyɛ dɛn ama atipɛnfo nkitahodi a ɛboa a ɛhyɛ nkitahodi a ɛda adi pefee ne nkɔmmɔbɔ a ɛfa nna ne awo akwahosan ho nsɛmti ho nkuran?
ID_VL_Aka_Gha_DC45D539,Aka_Gha,C_recall_failure,0.20871794871794874,0.2306046511627907,0.2687735849056604,0.2687735849056604,7,42,64,"Dwuma bɛn na ɔsatu ahorow a wɔde kamfo nkorɔfo ne nea wɔma nkorɔfo hu betumi adi wɔ biakoyɛ kɛse a wɔbɛma akɔ so wɔ ankorankoro adwumayɛbea ahorow, ɔmanfo, ne mmabun ntam wɔ sikasɛm mu ahoɔden ho mmɔdenbɔ mu?"
ID_VL_Eng_Uga_CF08EA54,Eng_Uga,C_recall_failure,0.20871794871794874,0.20871794871794874,0.20871794871794874,0.20871794871794874,1,0,52,Does Syphilis run in the family? 
ID_VL_Aka_Gha_5F987C71,Aka_Gha,C_recall_failure,0.2087857142857143,0.22046632124352333,0.24666666666666665,0.24666666666666665,13,20,68,"Dɛn ne nea ebetumi afi kɔmputa so ayayade anaa abɛɛfo kwantenpɔn so ayayade a ɛfa nna ne awo akwaahosan ho nsɛmti ho aba, na ɔkwan bɛn so na mmabun betumi ayɛ wɔn ade wɔ abrabɔ pa mu wɔ tebea horow a ɛtete saa ho?"
ID_VL_Aka_Gha_29D4BEEF,Aka_Gha,C_recall_failure,0.20883435582822085,0.2160248447204969,0.2160248447204969,0.2160248447204969,4,14,66,"Ɔkwan bɛn so na dɛmdi ho ntease betumi aboa yɛn ma yɛadi nsonsonoe a ɛwɔ akwahosan mu nsunsuanso ""health outcomes"" mu no ho dwuma?"
ID_VL_Aka_Gha_96A402F2,Aka_Gha,C_recall_failure,0.20883435582822088,0.20883435582822088,0.22063324538258577,0.22241573033707862,61,15,63,"Dɛn ne asetena mu nimdeɛ ho nhwɛso bi, a mfiridwuma ho nimdeɛ (sɛ nhwɛsoɔ no, kɔmputa ho nimdeɛ, duadwumfo, ntamapam), ahokokwaw a ɛyɛ mmerɛw (sɛ nhwɛso no, nkitahodi, kuw adwumayɛ, ɔhaw ahorow ano aduru), ne adwumayɛ ho nimdeɛ (sɛ nhwɛso no, adwumayɛ ho nhyehyɛe, aguadi, sikasɛm sohwɛ) ka ho?"
ID_VL_Aka_Gha_877409A9,Aka_Gha,C_recall_failure,0.20891820580474935,0.20891820580474935,0.24975,0.24975,7,38,53,Dɛn ne nhwɛso ahorow bi a ɛkyerɛ sɛ mmabun adwumayɛ nhyehyɛe ne adwumayɛ ho ntetee a edi mu wɔ mpɔtam ahorow?
ID_VL_Eng_Gha_51BEB80E,Eng_Gha,C_recall_failure,0.2090395480225989,0.23703124999999997,0.23703124999999997,0.23703124999999997,0,0,53,"What are the intersections between sexual violence and other forms of violence, discrimination, or oppression, such as racism, sexism, homophobia, transphobia, or ableism, and how do these intersecting factors compound vulnerability and harm?"
ID_VL_Swa_Ken_AA1C4023,Swa_Ken,B_reranking_failure,0.2090395480225989,0.74,0.74,0.74,0,1,67,"Threesome kuwa kawaida katika kizazi chetu? Je, ni mpenzi mmoja asiyemridhisha?"
ID_VL_Eng_Gha_CDBC2C1C,Eng_Gha,C_recall_failure,0.20913043478260868,0.20913043478260868,0.20913043478260868,0.24130434782608695,22,24,43,"What are some healthy coping mechanisms to manage stress and anxiety related to pregnancy? (relaxation techniques, support groups)"
ID_VL_Swa_Ken_B33422CB,Swa_Ken,C_recall_failure,0.20918727915194346,0.2358241758241758,0.28517073170731705,0.28517073170731705,14,42,59,"Je, kufanya mapenzi na bikira('kavajo') kunatoa tiba ya virusi vya ukimwi?"
ID_VL_Aka_Gha_269CD696,Aka_Gha,D_weak_pool,0.2093421052631579,0.31265,0.31265,0.31265,2,12,64,"Ɔkwan bɛn so na amammerɛ mu nimdeɛ wɔ nhwehwɛmu mu, boa ma nhwehwɛmu mu nsɛm a wɔahu wɔ mmabun nna ne awo akwahosan ho no yɛ nokware na wotumi de ho to so?"
ID_VL_Eng_Gha_7AFEB114,Eng_Gha,D_weak_pool,0.20943396226415095,0.3021666666666667,0.3021666666666667,0.3021666666666667,0,1,54,"What role can parents, educators, and healthcare providers play in supporting adolescents in developing a critical understanding of sexualization in media and its effects?"
ID_VL_Swa_Ken_8C3D031A,Swa_Ken,B_reranking_failure,0.20943396226415098,0.20943396226415098,0.74,0.74,6,24,63,"Je, mtu anaweza kupata Ukimwi baada ya kutumia PrEP?"
ID_VL_Aka_Gha_598336E3,Aka_Gha,D_weak_pool,0.20955752212389378,0.30403100775193803,0.30403100775193803,0.30403100775193803,2,1,70,"Dwuma bɛn na pene di wɔ Intanɛt so nkitahodi mu, te sɛ nna ho nsɛm a wɔde mena anaasɛ nsɛm a ɛda adi pefee a wɔkyɛ mu, na mɛyɛ dɛn ahwɛ ahu sɛ wɔn a wɔde wɔn ho hyɛ mu nyinaa yɛ wɔn a wɔwɔ ɔpɛ sɛ wɔde wɔn ho bɛhyɛ mu?"
ID_VL_Eng_Gha_555736F8,Eng_Gha,C_recall_failure,0.20955752212389378,0.1628,0.20955752212389378,0.20955752212389378,17,0,47,"How does HIV transmission from mother to child occur, and at what stages of pregnancy or childbirth is transmission possible?"
ID_VL_Swa_Ken_DA296905,Swa_Ken,B_reranking_failure,0.20961373390557939,0.31092436974789917,0.74,0.74,8,0,55,P2 ni nini?
ID_VL_Eng_Gha_D3479A3B,Eng_Gha,C_recall_failure,0.20966666666666667,0.2596491228070176,0.2596491228070176,0.2596491228070176,2,10,40,How do I establish and maintain boundaries in my relationships?
ID_VL_Aka_Gha_8D5288F1,Aka_Gha,D_weak_pool,0.20970684039087945,0.33002770083102495,0.33002770083102495,0.33002770083102495,0,3,60,"Amammerɛ, asetra, anaa nsɛm a ɛfa ho bɛn na ebetumi anya me botae a mede besisi hɔ ne gyinaesi a mesi wɔ nna ne awo akwahosan ho no so nsunsuanso, na mɛyɛ dɛn atumi afa saa nsunsuanso ahorow yi so bere a mekɔ so di nokware wɔ m’ankasa gyinapɛn ne gyidi ahorow mu no?"
ID_VL_Aka_Gha_79844388,Aka_Gha,C_recall_failure,0.20985074626865668,0.21515418502202643,0.21515418502202643,0.21515418502202643,1,36,69,"So adwumayɛfo a wɔatete wɔn na wɔhwɛ atipɛnfo mmoa akuo so, anaasɛ atipɛnfo a wɔwɔ osuahu a ɛte saa ara na wodi wɔn anim?"
ID_VL_Aka_Gha_475287AA,Aka_Gha,C_recall_failure,0.20985074626865674,0.1702928870292887,0.19255102040816324,0.20985074626865674,61,0,73,"Mɛyɛ dɛn atumi de meho ahye mu a ɔka obiara ho kɛse na mede mmoa ama obi a ɔwɔ GBV a ne nipasu anaa ne fibea yɛ soronko wɔ me de ho? (ahiade ahorow a wɔte ase, osuahu ahorow a wobu) ."
ID_VL_Eng_Gha_43F9CD6B,Eng_Gha,C_recall_failure,0.21,0.21,0.21,0.21,1,0,48,"How can adolescents balance their educational pursuits with other responsibilities, such as caregiving, employment, or household chores, to ensure that they can access and benefit from education and vocational training opportunities?"
ID_VL_Aka_Gha_9E87E04C,Aka_Gha,C_recall_failure,0.2100436681222707,0.2100436681222707,0.2100436681222707,0.21185483870967742,47,57,73,"Dɛn ne nneɛma pa a ɛwɔ social media so wɔ SRH ho nimdeɛ, nhomasua, ne nsɛm ne nnwuma a mmabun nya wɔ wiase nyinaa no mu?"
ID_VL_Eng_Ken_78883058,Eng_Ken,B_reranking_failure,0.21016,0.74,0.74,0.74,2,0,53,Which is the best type of condom?
ID_VL_Aka_Gha_42C18A62,Aka_Gha,C_recall_failure,0.21017751479289937,0.22200000000000003,0.2280503144654088,0.23440993788819875,40,13,75,Ɛhe na metumi anya nsɛm a ɛfa nkate ne asetra mu nsunsuanso a nyinsɛn a woyi gu nya ho? (nneɛma a wotumi de ho to so) .
ID_VL_Eng_Eth_CC6B66E5,Eng_Eth,D_weak_pool,0.21022727272727276,0.21022727272727276,0.3876190476190476,0.3876190476190476,13,1,42,Can prayer or faith prevent or cure trichomoniasis in women?
ID_VL_Eng_Gha_9DD2F9DE,Eng_Gha,C_recall_failure,0.21022727272727276,0.21397590361445784,0.21397590361445784,0.21397590361445784,2,4,46,"Are online crisis intervention services confidential and secure, especially when discussing sensitive topics related to sexual and reproductive health?"
ID_VL_Eng_Gha_98E52499,Eng_Gha,C_recall_failure,0.21031578947368423,0.21031578947368423,0.22769230769230772,0.22769230769230772,15,13,58,What resources or referrals are available to adolescents who require specialized support or services beyond the scope of crisis intervention and aftercare?
ID_VL_Eng_Gha_3B9B2D45,Eng_Gha,D_weak_pool,0.2103921568627451,0.2103921568627451,0.3058666666666667,0.3058666666666667,7,5,53,How can education and awareness campaigns contribute to stigma reduction in schools and communities?
ID_VL_Aka_Gha_E64D1BCB,Aka_Gha,C_recall_failure,0.2103921568627451,0.2675384615384615,0.2675384615384615,0.2675384615384615,0,65,68,Mfaso bɛn na ɛwɔ ahobammɔ abien a wɔde di dwuma so sen nyinsɛn a wobesiw ano kɛkɛ? (STI ho asiane a ɛso tew)
ID_VL_Aka_Gha_B253D218,Aka_Gha,C_recall_failure,0.2103921568627451,0.23638888888888887,0.23638888888888887,0.24969325153374233,49,62,63,"Ɔkwan bɛn so na mmabun betumi agyina nipadua mu nsakrae a ɛba bere a wɔadu mpanyin afe so te sɛ nyin a ɛyɛ hu, akisikuru, ne nipadua mu nhwi no ano?"
ID_VL_Aka_Gha_847FD9B4,Aka_Gha,C_recall_failure,0.21045871559633025,0.2583018867924528,0.2886813186813187,0.2886813186813187,8,14,68,Ɔkwan bɛn so na mmabun betumi afa tebea horow a ebia wɔn kokoam nsɛm anaa wɔn kokoamsɛm bɛda asiane mu esiane ɔmanfo anaa amammerɛ mu gyinapɛn ahorow nti no mu?
ID_VL_Aka_Gha_43E458FC,Aka_Gha,C_recall_failure,0.21045871559633028,0.222,0.23228699551569504,0.23757894736842106,64,18,68,"Ɔkwan bɛn so na awofo betumi ayɛ tebea ahotoso wom na wɔboa a ɛhyɛ mmabun nkuran ma wɔasusuw wɔn suahu ahorow, wɔn haw ahorow, ne nsɛmmisa a ɛfa nsɛm ho amanneɛbɔ mu nsɛm ho?"
ID_VL_Aka_Gha_6808593F,Aka_Gha,C_recall_failure,0.21051724137931035,0.2569444444444444,0.2569444444444444,0.2569444444444444,3,6,67,So ayaresabea anaa akwahosan asoɛe ahorow bi wɔ hɔ a wɔde ma mmabun titiriw a wɔde nnuru a wɔde si nyinsɛn ano ma?
ID_VL_Eng_Uga_D0F81063,Eng_Uga,C_recall_failure,0.2106153846153846,0.29966942148760334,0.29966942148760334,0.29966942148760334,4,35,47,Can I get an STI from sharing clothes?
ID_VL_Eng_Gha_95560A2D,Eng_Gha,C_recall_failure,0.2106153846153846,0.2506451612903226,0.2506451612903226,0.2506451612903226,0,29,56,How can I talk to my healthcare provider about fertility and family building concerns as an adolescent?
ID_VL_Eng_Gha_EADA79A3,Eng_Gha,C_recall_failure,0.21065693430656934,0.21985507246376812,0.21985507246376812,0.2262809917355372,31,5,39,"What are some common cultural and religious beliefs about sexuality and reproductive health, and how do they vary across different communities and traditions?"
ID_VL_Aka_Gha_F53D4330,Aka_Gha,C_recall_failure,0.21078787878787883,0.22732026143790848,0.22732026143790848,0.2381609195402299,48,4,63,Ɔkwan bɛn so na ɔhaw mu dwumadie nhyehyɛeɛ no hwɛ hu sɛ wɔbɛda adi na wɔabu akontaa wɔ ne nhwehwɛmu dwumadiɛ mu?
ID_VL_Swa_Ken_3002D831,Swa_Ken,B_reranking_failure,0.2109,0.74,0.74,0.74,1,13,63,"Je, ninaweza kupata Ukimwi ninapombusu au kupeana mikono na mtu aliye na Ukimwi?"
ID_VL_Aka_Gha_3C07C574,Aka_Gha,C_recall_failure,0.2109502262443439,0.24257261410788383,0.24926315789473683,0.24926315789473683,12,31,67,"Ɔkwan bɛn so na mmabun betumi adi towtua, ayaresa ho banbɔ a ySSSinsurance, ne sikasɛm mu asɛyɛde afoforo a ɛyɛ den no mu bere a wɔdan kɔ mpanyin afe so na wɔde wɔn ho kɛse wɔ sikasɛm mu no?"
ID_VL_Aka_Gha_7CFC9B79,Aka_Gha,C_recall_failure,0.21104693140794223,0.21104693140794223,0.2653386454183267,0.2653386454183267,9,1,64,"Ɛbɛyɛ dɛn na mmabun atumi anya ayamhyehye ne gye a wogye tom su wɔ wɔn nipadua ho, na wɔagye nneɛma ahorow ne soronkoyɛ atom?"
ID_VL_Aka_Gha_6A18CE4C,Aka_Gha,C_recall_failure,0.2111042944785276,0.2111042944785276,0.2111042944785276,0.2114285714285714,63,29,64,Ɔkwan bɛn so na adan a entumi nnyina anaasɛ adan a enni hɔ ka tumi a ɔbabun betumi de n’adwene asi ne nhomasua ne daakye botae ahorow so?
ID_VL_Aka_Gha_56666F9F,Aka_Gha,C_recall_failure,0.21115183246073296,0.21335064935064932,0.2578470254957507,0.2578470254957507,11,37,67,Akwan ahorow bɛn na wɔfa so hyɛ nkɔmmɔbɔ a ɛda adi pefee na obu wom a ɛfa amammerɛ ne ankorankoro adwene wɔ mmerantebere ne mmabaabere ho ho nkuran?
ID_VL_Amh_Eth_7F9D3E64,Amh_Eth,D_weak_pool,0.21142857142857138,0.21142857142857138,0.32173913043478264,0.32173913043478264,10,5,58,ጎኖሪያ ከሕክምና በኋላ እንደገና መመለስ ይችላል?
ID_VL_Eng_Gha_4F2DAD3F,Eng_Gha,C_recall_failure,0.2114285714285714,0.2114285714285714,0.2114285714285714,0.2114285714285714,0,0,41,"How can substance use interact with medications used to manage mental health conditions, and what are the potential risks?"
ID_VL_Eng_Gha_1F317405,Eng_Gha,C_recall_failure,0.2114285714285714,0.2114285714285714,0.23044982698961936,0.23044982698961936,9,23,54,"How do socioeconomic factors, including access to education, healthcare, and resources, influence adolescents' sexual health outcomes on a global scale?"
ID_VL_Eng_Gha_5716DC2E,Eng_Gha,C_recall_failure,0.2114285714285714,0.27192771084337347,0.27192771084337347,0.28294117647058825,22,11,50,What mechanisms exist for holding governments and stakeholders accountable for fulfilling their commitments to adolescent sexual and reproductive health under international agreements and conventions?
ID_VL_Lug_Uga_E00BD534,Lug_Uga,C_recall_failure,0.2114285714285714,0.2114285714285714,0.2114285714285714,0.2114285714285714,3,49,61,Omubiri gwo gusobola okuba nga tegusobola kukwatibwa Kabootongo?
ID_VL_Eng_Eth_4C955F6A,Eng_Eth,B_reranking_failure,0.2114285714285714,0.5549999999999999,0.74,0.74,7,1,58,Tell me about HIV.
ID_VL_Eng_Gha_9416E4DC,Eng_Gha,C_recall_failure,0.2114285714285714,0.17020000000000002,0.2114285714285714,0.2114285714285714,13,5,43,"How do gender inequalities and social norms exacerbate the vulnerabilities of adolescents, particularly girls, during global health emergencies, and what measures can be taken to address these disparities?"
ID_VL_Aka_Gha_0B1F9163,Aka_Gha,C_recall_failure,0.2114285714285714,0.2114285714285714,0.2114285714285714,0.2500456621004566,30,3,53,Dɛn nti na ɛsɛ sɛ mehyia nsakrae wɔ me nipadua mu nkwammoa ho bere a meyɛ mmerantebere ne mmabaabere?
ID_VL_Eng_Eth_FF574E2B,Eng_Eth,C_recall_failure,0.2114285714285714,0.23215686274509803,0.23215686274509803,0.26037037037037036,20,12,32,can herpes be diagnosed without sores?
ID_VL_Eng_Gha_DD20C3BF,Eng_Gha,C_recall_failure,0.2114285714285714,0.23315068493150687,0.23315068493150687,0.23315068493150687,1,4,48,How can social media and digital platforms be used to promote positive messages about respectful relationships and challenge harmful stereotypes or behaviors?
ID_VL_Amh_Eth_46B98991,Amh_Eth,D_weak_pool,0.2114285714285714,0.3288888888888889,0.3288888888888889,0.3288888888888889,1,15,52,በኤችአይቪ ቫይረስ መያዝ ማለት ሞት ማለት ነው?
ID_VL_Eng_Gha_E7B7B4C6,Eng_Gha,C_recall_failure,0.2114285714285714,0.2114285714285714,0.2114285714285714,0.2636781609195402,22,16,47,How do cultural beliefs and traditions influence attitudes toward gender and sexuality in different communities and societies?
ID_VL_Aka_Gha_DC815FE7,Aka_Gha,C_recall_failure,0.21142857142857144,0.22418230563002683,0.23336927223719678,0.25107142857142856,31,42,67,"Dɛn ne nneɛma bi a ebetumi afi nna ho gyinaesi mu aba, nea eye ne nea enye nyinaa, na mɛyɛ dɛn asusuw ho?"
ID_VL_Eng_Gha_702C1821,Eng_Gha,C_recall_failure,0.21142857142857144,0.2288659793814433,0.2288659793814433,0.22999999999999998,26,8,55,"What opportunities exist for adolescents to participate in media production, storytelling, and advocacy initiatives aimed at amplifying underrepresented voices and experiences related to gender and sexuality?"
ID_VL_Eng_Gha_5FFA46EF,Eng_Gha,C_recall_failure,0.21142857142857144,0.2087179487179487,0.2087179487179487,0.21142857142857144,24,0,71,"Who is PrEP recommended for, and how can adolescents determine if they are candidates for PrEP?"
ID_VL_Amh_Eth_CA8F3653,Amh_Eth,C_recall_failure,0.21142857142857147,0.17760000000000004,0.2611764705882353,0.2611764705882353,16,1,65,መርፌዎችን መጋራት ኤች አይ ቪን አይከላከልም?
ID_VL_Aka_Gha_26286BFB,Aka_Gha,C_recall_failure,0.21142857142857147,0.2897590361445783,0.2897590361445783,0.2897590361445783,2,21,69,Nna ne awo hokwan ahorow (SRH) a mmabun wɔ hokwan sɛ wonya ho nhwɛso ahorow bi ne dɛn?
ID_VL_Aka_Gha_74962764,Aka_Gha,C_recall_failure,0.21171662125340598,0.2385347985347985,0.2385347985347985,0.249438202247191,20,1,64,"Mfaso bɛn na ɛwɔ so sɛ mede me ho bɛhyɛ atipɛnfo mmoa nkitahodi ahorow mu, te sɛ asetra mu nkitahodi a ɛkɔ soro, atenka a ɛba sɛ wɔatew ne ho anaasɛ animtiaabu a ɛso tew, ne obu a mewɔ ma me ho a ɛkɔ soro, na mɛyɛ dɛn ama mfaso horow yi ayɛ kɛse bere a meboa kuw no wɔ ɔkwan pa so no?"
ID_VL_Aka_Gha_8BCF53A1,Aka_Gha,C_recall_failure,0.2117845117845118,0.2117845117845118,0.21322033898305087,0.21827338129496404,60,1,77,"Nhyehyɛeɛ anaa dwumadie bɛn na ayɛ yie a ɛma amammerɛ mu obu kɔ anim wɔ mmabun nna ne awoɔ mu akwahosan ho, na ɛkwan bɛn so na wobɛtumi asusu saa nhwɛsoɔ yi ayɛ bi anaa wɔasesa mu afata mmeaeɛ foforɔ?"
ID_VL_Aka_Gha_23BED01D,Aka_Gha,C_recall_failure,0.21183206106870228,0.21183206106870228,0.21650655021834064,0.24907317073170732,51,26,55,"Dɛn ne nsɛnnennen 'complications' anaa asiane ahorow a ɛtaa ba wɔ mmabun nyinsɛn mu, na ɔkwan bɛn so na wobetumi ahwɛ so na wɔadi ho dwuma?"
ID_VL_Aka_Gha_FBDDCF7C,Aka_Gha,C_recall_failure,0.21195979899497489,0.24666666666666665,0.2649027237354086,0.2649027237354086,11,16,62,"Ɔkwan bɛn so na amammerɛ anaa nyamesom mu gyidi nya su horow a wɔwɔ wɔ nna mu nneyɛe a ahobammɔ wom ho so nkɛntɛnso, na mɛyɛ dɛn ahu a ɛsonsonoe a me ne me hokafo anaa mpɔtam hɔfo wɔ no so?"
ID_VL_Aka_Gha_6C006F61,Aka_Gha,C_recall_failure,0.21204678362573098,0.21204678362573098,0.21204678362573098,0.2609248554913295,50,0,64,"Dɛn ne adwene ne atenka famu nkɛntɛnso a wiase nyinaa akwahosan ho nsɛm a egye ntɛmpɛ nya wɔ mmabun so, na ɔkwan bɛn so na eyinom ka wɔn nna ne awoɔ apɔwmuden ho nneyɛe ne nea efi mu ba?"
ID_VL_Eng_Gha_E7147668,Eng_Gha,C_recall_failure,0.21213333333333334,0.21213333333333334,0.224551724137931,0.224551724137931,5,5,57,How can I cultivate empathy and understanding when discussing sexual health topics with peers who may have different beliefs or experiences?
ID_VL_Eng_Gha_E27718C5,Eng_Gha,C_recall_failure,0.21213333333333334,0.22149659863945578,0.22149659863945578,0.27315436241610735,31,14,56,How can I apply critical thinking skills to assess the potential consequences of my actions on my own well-being and the well-being of others?
ID_VL_Swa_Ken_000B1F5E,Swa_Ken,B_reranking_failure,0.21213333333333334,0.74,0.74,0.74,3,13,55,"Je, mtu anapaswa kufanya nini ikiwa anashiriki ngono isiyo salama na mpenzi ambaye ana shaka hadhi yake?"
ID_VL_Aka_Gha_894A05E4,Aka_Gha,C_recall_failure,0.2121863799283154,0.2423008849557522,0.29019607843137263,0.29019607843137263,10,4,59,"Kwan bɛn so na awofo, akyerɛkyerɛfo, akwahosan ho adwumayɛfo, ne mpanyimfo afoforo a wogye wɔn di betumi aboa mmabun ma wɔabɔ nna mu basabasayɛ ho haw, wɔanya nneɛma a wɔde bɛyɛ adwuma, na wɔafa mmoa ne ayaresa a ɛyɛ den wɔ ahodwiriw akyi no mu?"
ID_VL_Eng_Gha_630AA767,Eng_Gha,C_recall_failure,0.21224806201550386,0.21224806201550386,0.21224806201550386,0.21224806201550386,0,1,46,"How do aspects of identity such as disability, ethnicity, and socioeconomic status, intersect to shape individuals' experiences of sexuality?"
ID_VL_Aka_Gha_E6697833,Aka_Gha,C_recall_failure,0.2122480620155039,0.2122480620155039,0.2122480620155039,0.2122480620155039,0,23,46,ɛdɛn ne anansesɛm anaa adwene a ɛnteɛ a abu so wɔ nyinsɛn ano si naduru ho?
ID_VL_Aka_Gha_FBE33B24,Aka_Gha,C_recall_failure,0.21234782608695651,0.20092715231788078,0.22666666666666668,0.22666666666666668,8,37,65,"Dɛn na ɛde nsakrae a ɛfa honam mu nkwammoaa 'hormone' ho ba me nipadua mu, te sɛ nufu nyin anaa nne a ɛsakra?"
ID_VL_Aka_Gha_1D53434B,Aka_Gha,C_recall_failure,0.2124290220820189,0.26825,0.26825,0.2704960835509138,48,34,66,Ɔkwan bɛn so na mmabun betumi akamfo amammerɛ mu nsakrae ne asetena mu atɛntrenee akyerɛ de akasa atia gyinapɛn ne nneyɛe a epira a ɛma pɛyɛ a enni hɔ daa na ɛboa ma nna ne awo akwahosan mu nsonsonoe ba?
ID_VL_Aka_Gha_759CDE66,Aka_Gha,C_recall_failure,0.21255319148936172,0.2528643216080402,0.2528643216080402,0.2573913043478261,29,8,62,kwan bɛn so na akuo ahorow a egyina mpɔtam ne atipɛnfo nkitahodi ahorow betumi aboa nna ne awoɔ apɔwmuden ne hokwan ahorow a mmabun a wotu kɔtra mmeae foforo ne wɔn a wɔnntena faako wɔ?
ID_VL_Eng_Gha_79474BFA,Eng_Gha,C_recall_failure,0.21258181818181818,0.2183141762452107,0.2183141762452107,0.2183141762452107,1,1,51,"How do prevention programs foster collaboration and partnerships between community stakeholders, including law enforcement, healthcare providers, educators, and local government agencies, to create a comprehensive response to sexual violence?"
ID_VL_Eng_Gha_BC3536DF,Eng_Gha,D_weak_pool,0.21259668508287288,0.2657746478873239,0.3420168067226891,0.3420168067226891,14,35,55,"Can I access information about STIs, HIV, and safer sex practices online? If so, where can I find credible sources?"
ID_VL_Aka_Gha_434308BC,Aka_Gha,C_recall_failure,0.21261971830985912,0.21261971830985912,0.26093663911845727,0.26286567164179103,23,2,69,"Mɛyɛ dɛn atumi afa amammerɛ anaa ɔmanfo adwene a ɛfa nnuru a wɔde siw nyinsɛn ano a wɔde di dwuma ne nea wobenya ho, na makamfo awo hokwan ne ahofadi a ɛwɔ hɔ?"
ID_VL_Aka_Gha_C0E9AB30,Aka_Gha,C_recall_failure,0.21287671232876715,0.21429864253393666,0.2504040404040404,0.2504040404040404,5,17,60,So hokwan ahorow wɔ hɔ ma nsaano-adesua anaa dwumadi ahorow a mfaso wɔ so wɔ asetra mu nimdeɛ ho adesua mu?
ID_VL_Aka_Gha_19DB3AD0,Aka_Gha,C_recall_failure,0.2129245283018868,0.2555823293172691,0.2555823293172691,0.2654008438818565,21,10,60,Ɔkwan bɛn so na animtiaabu ne nyiyimu ka mmabun a wonya nna ne awoɔ apomoden ho nsɛm?
ID_VL_Eng_Gha_6133A34D,Eng_Gha,C_recall_failure,0.2129496402877698,0.2841071428571429,0.2841071428571429,0.2841071428571429,0,2,48,How can adolescents ensure that their relationships are based on mutual respect and consent?
ID_VL_Aka_Gha_8026695F,Aka_Gha,C_recall_failure,0.21296511627906978,0.22385000000000002,0.25164265129682994,0.25164265129682994,11,10,77,"Akwan bɛn na akyerɛkyerɛfo fa so ma nkɔmmɔbɔ a ɛfa nsɛmti a ɛyɛ nkate anaa akyinnyegye ho wɔ ntentanfidie so adesua ahorow mu, te sɛ nna ho nsɛm, basabasayɛ, asɛm a wɔka kyerɛ, ne nsɛm a ɛnteɛ ho yɛ mmerɛw?"
ID_VL_Aka_Gha_118A9D29,Aka_Gha,C_recall_failure,0.2129889298892989,0.21083798882681565,0.22689895470383276,0.22689895470383276,14,7,76,"Mfaso bɛn na ɛwɔ awo akwahosan ho nhyehyɛe a wobenya wɔ akwahosan ho nhyehyɛe a ɛkɔ akyiri mu, sen sɛ wɔbɛfa nhyehyɛe anaa ayaresabea ahorow so?"
ID_VL_Eng_Uga_F3F8DEA4,Eng_Uga,B_reranking_failure,0.21303030303030301,0.21303030303030301,0.74,0.74,25,23,62,What kind of support can help a person cope after learning they have HIV?
ID_VL_Eng_Gha_08150147,Eng_Gha,C_recall_failure,0.21312,0.23594202898550726,0.23594202898550726,0.23594202898550726,1,1,46,"How can adolescents leverage social media, online platforms, and digital tools to amplify their voices and advocate for economic empowerment?"
ID_VL_Eng_Gha_8B040F49,Eng_Gha,C_recall_failure,0.21322033898305084,0.2368,0.2540963855421687,0.2540963855421687,8,20,41,"How do cultural or religious beliefs influence decision-making about sexual and reproductive health, and how can I reconcile these beliefs with my own values and preferences?"
ID_VL_Aka_Gha_4CA415EA,Aka_Gha,C_recall_failure,0.21322033898305084,0.2520123839009288,0.2520123839009288,0.2520123839009288,4,11,69,Akwan bɛn na mmabun bɛtumi afa so ne wɔn ahokafo asusuw nna ho nneyɛe a ahobammɔ wom ho?
ID_VL_Aka_Gha_DC98D2C1,Aka_Gha,C_recall_failure,0.21322033898305087,0.21553398058252426,0.2350214592274678,0.2395020746887967,21,0,70,"Nkyerɛkyerɛ akwan ne nneɛma bɛn na wɔfa so de nna ne awo akwahosan ho nkyerɛkyerɛ ma, na so ɛfata mfe a obi adi, ɛfa amammerɛ ho, na egyina adanse so?"
ID_VL_Aka_Gha_AB4220A7,Aka_Gha,C_recall_failure,0.21346153846153842,0.21346153846153842,0.21346153846153842,0.21346153846153842,0,24,45,"Dɛn ne ehu anaa nneɛma a ɛhaw nkurɔfo a wɔtaa suro wɔ sɛnea wobepue no ho, na ɔkwan bɛn so na wobetumi adi ho dwuma?"
ID_VL_Aka_Gha_F5B78CC7,Aka_Gha,C_recall_failure,0.21346153846153845,0.22505154639175257,0.24152777777777776,0.24152777777777776,10,9,68,Dwuma bɛn na dijitaal anansesɛmka ne sohyial 'media' so dwumadi betumi adi wɔ nsɛm a wɔma nkurɔfo hu na wɔkasa ma mmabun nna ne awo akwahosan hokwan ahorow ho?
ID_VL_Eng_Gha_2646EAF9,Eng_Gha,C_recall_failure,0.21355704697986577,0.19790697674418603,0.22543046357615895,0.22543046357615895,7,1,50,Why are some healthcare services related to sexual and reproductive health expensive or unaffordable for adolescents?
ID_VL_Eng_Gha_0B36E356,Eng_Gha,C_recall_failure,0.21355704697986577,0.21355704697986577,0.22145985401459856,0.22145985401459856,18,7,57,"How do life skills education programs address issues related to assertiveness, negotiation, and setting boundaries in relationships?"
ID_VL_Aka_Gha_AFD5DEA5,Aka_Gha,C_recall_failure,0.21360824742268045,0.20223602484472047,0.21211726384364823,0.23333333333333334,68,31,70,ɛden ne nsɛm titiriw bi a esisii ne bi wɔ wɔn a wɔadi dem abakɔsɛm mu wɔ Ghana a asiesie hokwan ne sɛnea wotumi hu ankorankoro a wɔadi dɛm?
ID_VL_Aka_Gha_BE0F051B,Aka_Gha,C_recall_failure,0.21364016736401675,0.23610894941634236,0.2714572864321608,0.2714572864321608,7,43,60,"Ɔkwan bɛn so na mmabun betumi de nsɛm ho amanneɛbɔbea ne dijitaal nsɛmka adi dwuma de akyɛ wɔn ankasa osuahu ahorow, adwene, ne nhumu wɔ nna ne awo akwahosan ho, na wɔama nne ahorow a wɔtaa de to nkyɛn anaasɛ wɔma ɛyɛ komm no ayɛ kɛse?"
ID_VL_Lug_Uga_AFD0D2F7,Lug_Uga,B_reranking_failure,0.21370689655172415,0.21370689655172415,0.74,0.74,6,4,43,Ensibuko y'Akawuka ka Vvayiraasi akaleeta Kisipi eri ki?
ID_VL_Aka_Gha_DC5C0EED,Aka_Gha,C_recall_failure,0.21371841155234658,0.23952631578947367,0.2574794520547945,0.271965811965812,54,7,68,"Ɔkwan bɛn so na amammerɛ, asetra, ne nhyehyɛe mu nneɛma nya mmeae a ahobammɔ wɔ a wobetumi anya, ɛka obiara ho, ne sɛnea etu mpɔn wɔ tebea horow ne mpɔtam ahorow mu no so nsusuanso, na anammɔn bɛn na mmabun betumi atu de adi akwanside ahorow ho dwuma na wɔahyɛ pɛyɛ ne ahorow ahorow a ɛwɔ saa mmeae yi mu no ho nkuran?"
ID_VL_Aka_Gha_ED3049CF,Aka_Gha,C_recall_failure,0.21377777777777773,0.21377777777777773,0.24859375,0.24873949579831933,21,4,71,So nsɛmti anaa afa ahorow pɔtee bi wɔ hɔ a ɛfa nna mu akwaahosan ho a ɛfa mmabun a wɔn mfe akɔ anim ho kɛse?
ID_VL_Amh_Eth_8C99A894,Amh_Eth,D_weak_pool,0.2137777777777778,0.08,0.3264705882352941,0.3264705882352941,17,4,67,በቤት ውስጥ ለSTIs ምርመራ ማድረግ እችላለሁ እውነት ነውን?
ID_VL_Swa_Ken_E22649EE,Swa_Ken,B_reranking_failure,0.2137777777777778,0.74,0.74,0.74,2,1,55,Nifanye nini ikiwa nina maambukizi na ninavutiwa na wasichana?
ID_VL_Eng_Ken_BDC2B74B,Eng_Ken,B_reranking_failure,0.2137777777777778,0.264089219330855,0.74,0.74,9,0,58,How will I cope up with HIV/AIDS?
ID_VL_Aka_Gha_17BE3111,Aka_Gha,C_recall_failure,0.21382436260623228,0.24920962199312713,0.26446735395189,0.26446735395189,5,1,79,"Dwuma bɛn na nkitahodi betumi adi wɔ ntawntawdi a wɔne atipɛnfo ntam siesie mu, a nea ɛka ho ne nsusuwii, nkate, ne nneɛma a ɛhaw adwene a wɔbɛda no adi pefee ne nokwaredi, nsɛmmisa a ɛma emu da hɔ a wobebisa, na wɔahwehwɛ ano aduru a obiara gye tom a ɛma obiara nya obu ne ntease?"
ID_VL_Aka_Gha_74DAAEBF,Aka_Gha,C_recall_failure,0.21384030418250952,0.2594805194805195,0.2594805194805195,0.2594805194805195,1,43,62,"Nti mpɔtam nhyehyɛe ahorow a wɔde nsɛm ma afoforɔ betumi de nsɛm ne nneɛma a ɛfa nna mu akwahosan, nyinsɛn a wosiw ano, STI ano a wosiw, ne nsɛmti afoforo a ɛfa ama?"
ID_VL_Amh_Eth_12F70C97,Amh_Eth,C_recall_failure,0.21421052631578946,0.21421052631578946,0.23368421052631574,0.23368421052631574,5,14,42,ትሪኮሚኒያሲስ ሁልጊዜ ምልክቶች ያሳያልን?
ID_VL_Eng_Gha_6202BEE6,Eng_Gha,C_recall_failure,0.2142105263157895,0.26076190476190475,0.26076190476190475,0.26076190476190475,0,24,49,How can parents and family members become supportive to the community of adolescents living with disability and advocate for their rights?
ID_VL_Eng_Gha_8CCC9CEA,Eng_Gha,C_recall_failure,0.2142105263157895,0.2256737588652482,0.2256737588652482,0.2256737588652482,0,18,52,"What are the specific challenges faced by adolescents in conflict and post-conflict settings regarding their sexual and reproductive rights, autonomy, and well-being?"
ID_VL_Aka_Gha_750CAB75,Aka_Gha,C_recall_failure,0.21434482758620688,0.22199999999999998,0.24000000000000005,0.24666666666666667,53,12,54,Nhwɛso ahorow bɛn na ɛkyerɛ nnwuma anaa nhyehyɛe ahorow a edii yiye a ɛde asetra ne sikasɛm mu mmoa ama mmabun wɔ wɔn nna ne awo akwahosan ho ahiade ahorow a wodi ho dwuma mu?
ID_VL_Eng_Gha_E916DA57,Eng_Gha,C_recall_failure,0.21439252336448597,0.21439252336448597,0.21439252336448597,0.21439252336448597,0,1,54,How can I support adolescents living with disabilities in understanding their sexual and reproductive rights?
ID_VL_Aka_Gha_284D82E5,Aka_Gha,C_recall_failure,0.21441696113074205,0.2508904109589041,0.251859649122807,0.251859649122807,17,14,73,"Kwan bɛn so na media content a ɛfa mpeneso ho betumi ne nsɛmti afoforo a ɛfa nna ne awo akwahosan, adwenem apɔwmuden, ɔbarima ne ɔbaa nna ne nna mu nipasu, ne asetena mu atɛntenee ho no atwa, na dɛn nti na ɛho hia sɛ wodi nsɛm a ɛka bom yi ho dwuma yie?"
ID_VL_Eng_Gha_D6312A80,Eng_Gha,C_recall_failure,0.21443181818181817,0.21443181818181817,0.21443181818181817,0.21443181818181817,1,0,41,"How do education and vocational training programs address the unique needs and challenges of marginalized groups of adolescents, including refugees, migrants, or those living in conflict-affected areas?"
ID_VL_Eng_Uga_D1E91691,Eng_Uga,D_weak_pool,0.21449275362318843,0.3429268292682927,0.3429268292682927,0.3429268292682927,1,19,51,"Can I get an STI from sharing clothes?, please answer this using simple medical terms."
ID_VL_Eng_Uga_37FE032C,Eng_Uga,B_reranking_failure,0.21449275362318843,0.24346320346320346,0.74,0.74,7,9,46,What physical changes occur in boys as they go through puberty?
ID_VL_Aka_Gha_490617F2,Aka_Gha,C_recall_failure,0.2146,0.2701,0.27581818181818185,0.29045,28,15,71,"Ɔkwan bɛn so na mmabun betumi aboa ma wɔayɛ, de adi dwuma, na wɔasusuw akwan a wɔfa so siw nna mu basabasayɛ ano a ɛfa adwenemhaw ho, te sɛ wɔn nhumu, osuahu, ne nsɛm a wɔka kyerɛ akyerɛkyerɛfo, nhyehyɛeyɛfo, ne wɔn a wɔde nnwuma ma, ne wɔn a wɔde wɔn ho bɛhyɛ nnwuma a mmabun di anim a wɔde bɛma nkurɔfo ate ase na wɔahyɛ nsakrae ho nkuran mu?"
ID_VL_Amh_Eth_2C7F0B79,Amh_Eth,C_recall_failure,0.21483870967741936,0.21483870967741936,0.21483870967741936,0.21483870967741936,4,7,55,ሲፊሊስ እርግማን ነውን?
ID_VL_Eng_Gha_36D55494,Eng_Gha,C_recall_failure,0.21483870967741936,0.185,0.217984496124031,0.217984496124031,9,1,61,"What are examples of positive portrayals of consent in the media, including instances where characters communicate openly, respect each other's boundaries, and prioritize mutual pleasure and safety?"
ID_VL_Swa_Ken_54C0C6C2,Swa_Ken,B_reranking_failure,0.21497206703910615,0.74,0.74,0.74,1,9,64,"Je, inawezekana kwa mtu kuambukizwa Ukimwi kutokana na usagaji na ushoga?"
ID_VL_Aka_Gha_03C72BA8,Aka_Gha,C_recall_failure,0.21500000000000002,0.21500000000000002,0.21500000000000002,0.21500000000000002,3,2,70,Dɛn nti na mpofirim mereyɛ tenten ntɛmntɛm saa?
ID_VL_Aka_Gha_F1EEDBA3,Aka_Gha,C_recall_failure,0.21500000000000002,0.21500000000000002,0.2252173913043478,0.24897196261682245,21,29,53,"Ɔkwan bɛn so na nna ho nkyerɛkyerɛ a ɛkɔ akyiri di nsɛm te sɛ pene a wɔpene so, abusuabɔ pa, ɔbarima ne ɔbea nna ho akɔnnɔ, ne nna ho akɔnnɔ ho dwuma?"
ID_VL_Aka_Gha_BE6033F7,Aka_Gha,C_recall_failure,0.21504273504273502,0.21504273504273502,0.23041916167664672,0.2423008849557522,36,31,62,"Akwansideɛ ahorow bɛn na mmabun taa hyia bere a wɔrebɔ mmɔden sɛ wɔne awofo bɛkasa afa nna mu nsɛm, atipɛnfo nhyɛso,atemmu ho suro, aniwu ne sɛn na metumi adi akwanside yi so?"
ID_VL_Eng_Gha_BBA205CA,Eng_Gha,C_recall_failure,0.21504273504273502,0.21504273504273502,0.21504273504273502,0.21504273504273502,0,0,54,How common are these risks compared to continuing a pregnancy? (generally low risk with safe procedures)
ID_VL_Aka_Gha_5D3D9E56,Aka_Gha,C_recall_failure,0.21507389162561574,0.2328089887640449,0.2586021505376344,0.2586021505376344,13,33,67,Akwan bɛn na mmabun betumi afa so ahyɛ HIV nhwehwɛmu ne ayaresa ho nkuran sɛ nna ne awo akwahosan ho nhyehyɛe a ɛfata?
ID_VL_Aka_Gha_508EBAD7,Aka_Gha,C_recall_failure,0.21511627906976744,0.21441696113074205,0.22377245508982038,0.27447272727272726,25,1,61,"Dɛn ne atetesɛm mu bɔbea dwumadi ""traditional gender roles"" ne akwanhwɛ ahorow wɔ yɛn man mu, na ɔkwan bɛn so na ɛka nneyɛe, nea wɔpaw , ne hokwan ahorow a ankorankoro wɔ a egyina wɔn bɔbeasu ""gender identity"" so nkɛntɛnso?"
ID_VL_Aka_Gha_A8AA7158,Aka_Gha,C_recall_failure,0.21511627906976744,0.20747663551401868,0.21511627906976744,0.21511627906976744,13,1,77,"Mmabun a wokum wɔn ho abu so deɛ, na asiane ahorow bɛn na ebetumi ama mmerante ne mmabaa anya adwene anaa nneyɛe a ɛbɛma wɔakum wɔn ho?"
ID_VL_Eng_Gha_B8BEFF3D,Eng_Gha,C_recall_failure,0.21511627906976744,0.13097345132743363,0.15102040816326529,0.21511627906976744,39,0,51,Emphasize the importance of communication and respecting partner preferences when choosing methods.
ID_VL_Eng_Gha_2179E3F0,Eng_Gha,C_recall_failure,0.21527272727272725,0.21527272727272725,0.21527272727272725,0.2318072289156627,26,21,44,"How can adolescents advocate for policies that promote youth employment, entrepreneurship, vocational training, and financial literacy programs?"
ID_VL_Aka_Gha_80BACD64,Aka_Gha,C_recall_failure,0.21527272727272728,0.26265432098765434,0.26265432098765434,0.2838688524590164,47,18,53,"Ɔkwan bɛn so na awofoɔ, wɔn a wɔhwɛ mmofra, ne mpanyimfo a wogye wɔn di betumi aboa mmabun ma wɔagyina haw a ɛba wɔ mmerantebere ne mmabaabere mu ano?"
ID_VL_Eng_Gha_A55990E7,Eng_Gha,D_weak_pool,0.21527272727272728,0.31914691943127965,0.31914691943127965,0.31914691943127965,0,43,52,What services are typically offered at reproductive healthcare clinics or centers for adolescents?
ID_VL_Eng_Gha_CA862225,Eng_Gha,C_recall_failure,0.21527272727272728,0.21527272727272728,0.23450704225352115,0.23450704225352115,8,7,49,How do community outreach programs tailor their services to meet the diverse needs and preferences of adolescents from different backgrounds?
ID_VL_Aka_Gha_B386F7A4,Aka_Gha,C_recall_failure,0.2153731343283582,0.22744588744588745,0.22744588744588745,0.24246808510638299,29,7,63,"Ɔkwan bɛn so na mmabun betumi asua sɛnea wɔbɛsakra wɔn asetrade ho nimdeɛ ma ɛne adwumayɛfo gua so nneɛma a wɔhwehwɛ, mfiridwuma mu nneɛma foforo, ne sikasɛm mu nkɔso a ɛresakra no ahyia?"
ID_VL_Aka_Gha_3D1A85DD,Aka_Gha,C_recall_failure,0.21539906103286385,0.22586345381526107,0.22598802395209583,0.24666666666666665,30,17,78,"Ɔkwan bɛn so na adwennwen nya yɛn nna ne awo akwahosan so nsusuaso, na akwan bɛn na yebetumi afa so adi adwennwen ho dwuma wɔ tebea yi mu?"
ID_VL_Eng_Gha_267EDDCE,Eng_Gha,C_recall_failure,0.21553398058252426,0.2576785714285714,0.2576785714285714,0.2576785714285714,0,3,42,What role can healthcare providers play in reducing health disparities and inequities in adolescent sexual and reproductive health?
ID_VL_Eng_Gha_2BD3CDCD,Eng_Gha,C_recall_failure,0.21562913907284767,0.23708737864077672,0.23708737864077672,0.23708737864077672,2,10,55,"What are the effects of bullying on mental health, self-esteem, and overall well-being?"
ID_VL_Eng_Gha_E5508EA2,Eng_Gha,C_recall_failure,0.21565714285714285,0.22704545454545455,0.22704545454545455,0.22704545454545455,0,4,50,"What are the links between gender inequality and other forms of violence and oppression, and how can addressing gender sensitivity contribute to broader social justice efforts?"
ID_VL_Aka_Gha_EDD4253B,Aka_Gha,C_recall_failure,0.21583333333333332,0.27619718309859154,0.27619718309859154,0.27619718309859154,0,2,64,Ɔkwan bɛn so na nkyerɛkyerɛ a ɛfa nsusuwii hunu ne nyiyim ho betumi ama mmabun a sebi wɔadi dɛm no tumi ma wɔakamfo wɔn ho ne wɔn mpɔtam hɔfo?
ID_VL_Eng_Gha_901BCDEF,Eng_Gha,D_weak_pool,0.21583333333333332,0.3267532467532468,0.3267532467532468,0.3267532467532468,3,5,47,"What role do families, communities, and social networks play in providing social and economic support to adolescents navigating sexual and reproductive health challenges?"
ID_VL_Aka_Gha_EADF5085,Aka_Gha,C_recall_failure,0.21583333333333332,0.22670520231213875,0.22670520231213875,0.22670520231213875,4,9,75,"Mpɛn pii no, sika ahe na wɔbɔ wɔ nna mu yareɛ nhwehwɛmu ho? (ka akwan horow a wontua hwee anaa nea ne bo nyɛ den ho asɛm sɛ ɛwɔ hɔ a)"
ID_VL_Eng_Eth_25074181,Eng_Eth,C_recall_failure,0.21583333333333335,0.2806896551724138,0.2806896551724138,0.2895652173913043,31,31,52,What is the recommended test-of-cure for Gonorrhea infection in the throat or rectum?
ID_VL_Eng_Gha_2E326567,Eng_Gha,C_recall_failure,0.21583333333333338,0.28913907284768214,0.28913907284768214,0.28913907284768214,2,3,43,Can adolescents access STI testing and treatment services through school-based health centers or community clinics?
ID_VL_Eng_Uga_7A4A902F,Eng_Uga,B_reranking_failure,0.2159151193633952,0.74,0.74,0.74,3,20,50,"What are the extragenital complications of chlamydia trachomatis?, please answer this using simple medical terms."
ID_VL_Aka_Gha_94340A03,Aka_Gha,C_recall_failure,0.21598086124401913,0.2224404761904762,0.2244549763033175,0.27116438356164385,56,14,74,Nsɛnnennen anaa ɔhaw bɛn na mmabun betumi ahyia wɔ nna ne awo akwahosan ho nsɛm a edi mu na ɛkɔ akyiri a wobenya mu esiane amammerɛ anaa Nyamesom mu ahyɛde anaa anohyeto ahorow nti?
ID_VL_Aka_Gha_C07A30F2,Aka_Gha,C_recall_failure,0.2163076923076923,0.24975,0.24975,0.24975,11,32,42,Nneɛma anaa mmoa kuo nkitahodi bɛn na ɛwɔ hɔ a ɛbɛboa me ma mehu nyinsɛn ho haw ahorow  na manya ɔhwɛ a wɔde ma ansa na wɔawo?
ID_VL_Eng_Uga_3C9D128A,Eng_Uga,C_recall_failure,0.2165853658536585,0.2328671328671329,0.2328671328671329,0.2328671328671329,10,4,49,Is irregular menstruation normal for young girls?
ID_VL_Aka_Gha_392456DE,Aka_Gha,C_recall_failure,0.21665399239543726,0.23022222222222222,0.23022222222222222,0.23022222222222222,0,39,55,"Dwuma bɛn na nokware di wɔ sɛnea social media (Abɛɛfo ntentan)  nkɛntɛnsofo nkrasɛm a ɛfa ASRH nsɛmti ho no tu mpɔn mu, na ɔkwan bɛn so na mmabun hu nneɛma a ɛyɛ nokware ne nsɛm a wɔboa anaasɛ ɛdaadaa nkurɔfo?"
ID_VL_Aka_Gha_7C69DEE1,Aka_Gha,D_weak_pool,0.21665399239543726,0.31214545454545456,0.31214545454545456,0.31214545454545456,0,0,60,Ahyehyɛde ahorow anaa mmoa nkitahodibea ahorow bi wɔ hɔ a ɛbɛboa mmabun ma wɔate wɔn mmara kwan so hokwan ahorow ne akwan horow a wobetumi afa so a ɛfa awofo pene ne amanneɛbɔ ho ase?
ID_VL_Eng_Gha_C5811D2D,Eng_Gha,C_recall_failure,0.21666666666666667,0.24034188034188034,0.24034188034188034,0.24034188034188034,0,1,49,"How can adolescents use technology, social media, and digital platforms to amplify voices, share resources, and build virtual communities that provide information, validation, and validation to survivors of sexual violence, regardless of their geographic location or background?"
ID_VL_Aka_Gha_8A0B3C33,Aka_Gha,C_recall_failure,0.21676767676767678,0.21676767676767678,0.22100671140939596,0.23735849056603772,54,3,56,Ɔkwan bɛn so na amammerɛ ne ɔmanfo adwene nya mmara kwan so ahobammɔ a wɔde di dwuma ma LGBTQ+ ankorankoro no so nkɛntɛnso?
ID_VL_Aka_Gha_6B44FA8D,Aka_Gha,C_recall_failure,0.2168152866242038,0.2713333333333333,0.2713333333333333,0.2713333333333333,4,21,60,Anamɔn bɛn na mmabun betumi atu de akamfo wɔn kokoam hokwan ahorow bere a wɔrehwehwɛ mmoa a wɔde ma wɔ ɔhaw mu wɔ nna ne awo akwahosan ho nsɛm ho no?
ID_VL_Eng_Gha_44790612,Eng_Gha,C_recall_failure,0.21689655172413794,0.21689655172413794,0.21689655172413794,0.21689655172413794,0,14,52,"How do cultural norms, social attitudes, and power dynamics influence the effectiveness of policy advocacy efforts led by adolescents?"
ID_VL_Eng_Gha_30EC2796,Eng_Gha,C_recall_failure,0.21710743801652893,0.21710743801652893,0.21710743801652893,0.21710743801652893,0,37,52,What resources or support networks are available for adolescents seeking more information about contraception and birth control?
ID_VL_Eng_Gha_4DDB1B36,Eng_Gha,C_recall_failure,0.217125748502994,0.217125748502994,0.217125748502994,0.217125748502994,3,9,50,"What are some common strategies used by social media influencers to engage and influence adolescent audiences regarding ASRH topics, and how effective are these strategies?"
ID_VL_Aka_Gha_78660765,Aka_Gha,C_recall_failure,0.21717391304347827,0.27892307692307694,0.27892307692307694,0.27892307692307694,1,14,72,"Dɛn ne nhwɛso ahorow bi a ɛfa nneyɛe ne nhyehyɛe ahorow a ɛka obiara ho wɔ akwahosan ho nhyehyɛe ""healthcare policies"" ahorow mu ma mmabun a wɔadi dɛm?"
ID_VL_Eng_Gha_6E3C4532,Eng_Gha,C_recall_failure,0.2172139303482587,0.23883597883597885,0.2500689655172414,0.2500689655172414,13,11,50,"How can social protection programs promote gender equality and empower adolescent girls and young women to overcome barriers to education, health, and economic opportunities?"
ID_VL_Eng_Gha_C5E78B23,Eng_Gha,C_recall_failure,0.2172139303482587,0.2172139303482587,0.2172139303482587,0.2172139303482587,0,1,48,"What should I expect during a counseling session, and how can I prepare for it?"
ID_VL_Eng_Gha_BF5023F4,Eng_Gha,C_recall_failure,0.21724770642201835,0.21724770642201835,0.22000000000000003,0.22130841121495326,29,35,63,What should I do if I or someone I know experiences sexual assault or misconduct?
ID_VL_Aka_Gha_BD9C66B3,Aka_Gha,C_recall_failure,0.21724770642201835,0.22657980456026058,0.23445544554455444,0.25064516129032255,56,46,68,"Dwuma bɛn na mpɔtam, ɔman, ne aban a ɛwɔ ɔman no mu di wɔ mmara kwan so ahobammɔ a wɔhyɛ na wɔhyɛ ma LGBTQ+ ankorankoro no mu?"
ID_VL_Eng_Gha_AC2A4F71,Eng_Gha,C_recall_failure,0.21734265734265734,0.22872727272727272,0.23728260869565215,0.23728260869565215,13,2,45,"What impact does exposure to unrealistic body image standards in media have on adolescents' mental health, including the development of eating disorders and body dysmorphia?"
ID_VL_Swa_Ken_1B968925,Swa_Ken,B_reranking_failure,0.21744075829383883,0.29914893617021276,0.74,0.74,13,2,52,"Je, ni kwa njia gani ninaweza kujiepusha na kuambukizwa magonjwa ya zinaa?"
ID_VL_Lug_Uga_0ED9FA95,Lug_Uga,B_reranking_failure,0.2176470588235294,0.74,0.74,0.74,4,3,58,Lwaki twetaaga okwogera ku bulamu bw’okwegatta ku ssomero?
ID_VL_Eng_Uga_93267D25,Eng_Uga,C_recall_failure,0.21764705882352942,0.2573913043478261,0.2573913043478261,0.2573913043478261,1,8,37,How can I talk to my parents about sex?
ID_VL_Aka_Gha_B683D2E6,Aka_Gha,C_recall_failure,0.21764705882352942,0.17209302325581396,0.21764705882352942,0.21764705882352942,12,3,56,"Dɛn ne brayɛ no fã ahorow, na ɛtaa di bere tenten ahe?"
ID_VL_Eng_Uga_6544E313,Eng_Uga,B_reranking_failure,0.21764705882352942,0.21764705882352942,0.74,0.74,5,44,56,"If I sleep beside someone who is HIV-positive, is there a risk of infection?"
ID_VL_Eng_Gha_B023A0EA,Eng_Gha,C_recall_failure,0.21791411042944786,0.1532544378698225,0.21346153846153848,0.23870967741935484,31,27,51,"What ethical dilemmas may arise when media content presents conflicting information or values regarding sexual health, and how can adolescents navigate these complexities?"
ID_VL_Eng_Gha_FD372539,Eng_Gha,C_recall_failure,0.21803571428571428,0.24666666666666665,0.24666666666666665,0.24666666666666665,5,6,55,"How can adolescents ensure their access to accurate information about HIV prevention methods, including condoms, PrEP, and harm reduction strategies?"
ID_VL_Aka_Gha_68586EBA,Aka_Gha,C_recall_failure,0.21806763285024156,0.2300518134715026,0.2300518134715026,0.2505820105820106,40,22,68,"Sɛn na mɛtumi afa nidi ne akwanya pa so ne me hokafoɔ abɔ nkɔmmɔ afa m'akɔnnɔ, nea mehwɛ kwan, ne m'ahyɛeɛ (limitations) ho?"
ID_VL_Aka_Gha_D5A804EB,Aka_Gha,C_recall_failure,0.21806763285024156,0.17472222222222222,0.21806763285024156,0.21806763285024156,5,11,63,Mɛyɛ dɛn atumi akyerɛ sɛ mewɔ kwan ahorow sɛ ɔbabun a wadi dɛm wɔ akwahosan ho adwumayɛbea?
ID_VL_Eng_Gha_50CAE32D,Eng_Gha,C_recall_failure,0.21810526315789472,0.21810526315789472,0.24354430379746833,0.24354430379746833,6,3,54,"When is it important to seek professional help for managing stress or emotions related to sexual and reproductive health? (difficulty coping, feeling overwhelmed)"
ID_VL_Aka_Gha_8A476A87,Aka_Gha,C_recall_failure,0.21810526315789475,0.21810526315789475,0.21810526315789475,0.25631284916201114,21,28,68,Dɛn ne nneɛma titiriw a ɛma wosiw HIV ano yiye ma mmabun?
ID_VL_Aka_Gha_8C41561B,Aka_Gha,C_recall_failure,0.2182051282051282,0.1995505617977528,0.2559748427672956,0.2559748427672956,18,6,72,"Sɛ wɔde toto anansesɛm ahorow bi a w'ate ho a, kwan bɛn so na nyinsɛn ho nnuro boa paa?"
ID_VL_Eng_Gha_4F11D8DC,Eng_Gha,C_recall_failure,0.2182051282051282,0.27263157894736845,0.2974509803921569,0.2974509803921569,13,2,46,"How does community-level stigma, discrimination, and misinformation surrounding sexual and reproductive health topics impact adolescents' access to accurate information, support, and services?"
ID_VL_Aka_Gha_A6F2F7B8,Aka_Gha,C_recall_failure,0.2183606557377049,0.2183606557377049,0.2925581395348837,0.2925581395348837,6,26,47,"Dɛn ne akwanside ahorow bi a ɛtaa ba a mmabun hyia wɔ mmara kwan so ahobammɔ a wobenya ama wɔn nna ne awo apɔwmuden ho no, na ɔkwan bɛn so na wobetumi adi akwanside ahorow yi ho dwuma?"
ID_VL_Swa_Ken_13106665,Swa_Ken,B_reranking_failure,0.2183606557377049,0.74,0.74,0.74,0,17,42,"Je, virusi vya ukimwi hupitishwa vipi kutoka kwa mama kwenda kwa mtoto wakati wa kujifungua?"
ID_VL_Eng_Gha_AE441E21,Eng_Gha,C_recall_failure,0.2183606557377049,0.2183606557377049,0.2183606557377049,0.23746268656716413,36,9,53,How can I find a counselor who is knowledgeable and supportive of adolescent sexual and reproductive health needs?
ID_VL_Eng_Gha_B61E5FDB,Eng_Gha,C_recall_failure,0.21843373493975904,0.23368421052631577,0.23368421052631577,0.24141843971631205,34,20,39,"What ethical considerations are involved in media representations of sexual and reproductive health, and how can adolescents engage in ethical media consumption and production?"
ID_VL_Eng_Gha_3A4045DD,Eng_Gha,C_recall_failure,0.218503937007874,0.218503937007874,0.2507949790794979,0.2507949790794979,6,11,49,"What are the key components of effective conflict resolution, such as active listening, empathy, assertiveness, problem-solving, compromise, and negotiation, and how can adolescents practice and apply these skills in real-life scenarios?"
ID_VL_Swa_Ken_96BC532D,Swa_Ken,B_reranking_failure,0.21854922279792743,0.74,0.74,0.74,2,6,54,"""Watu hupata Virusi Vya Ukimwi wanapobusu na kuwakumbatia watu walio na virusi."""
ID_VL_Aka_Gha_444EA7C8,Aka_Gha,C_recall_failure,0.21863636363636363,0.27495412844036693,0.27495412844036693,0.27495412844036693,4,44,64,Dɛn ne abrabɔ pa ho nsusuwii a ama mmabun anya nna ne awo akwahosan ho nsɛm a ɛyɛ nokware na ntease wom?
ID_VL_Aka_Gha_9F4C3B79,Aka_Gha,D_weak_pool,0.21863636363636363,0.30410958904109586,0.30410958904109586,0.30410958904109586,1,0,54,"Mɛyɛ dɛn ahu nsonsonoe a ɛda atipɛnfo nhyɛso ""peer pressure"" pa ne nea enye ntam?"
ID_VL_Aka_Gha_DD334CC7,Aka_Gha,C_recall_failure,0.21870445344129552,0.22130841121495326,0.27441666666666664,0.27441666666666664,8,10,62,Ɔkwan bɛn so na mmabun betumi afa tebea horow a hokwan a wɔwɔ sɛ wɔpene so na wosi gyinae no betumi ne ɔmanfo anaa amammerɛ mu gyinapɛn ahorow abira mu?
ID_VL_Aka_Gha_75523327,Aka_Gha,C_recall_failure,0.2187192118226601,0.2294,0.2948207171314741,0.2948207171314741,18,0,66,"Ɔkwan bɛn so na mmabun betumi aboa na wɔama wɔn a wɔanya wɔn ti adidi mu wɔ nna ne awoɔ hokwan ahorow a wɔabu so no nne ayɛ kɛse, ama wɔn nsɛm ayɛ kɛse, na wɔakasa ama nhyehyɛe mu nsakrae a wɔbɛyɛ de asiw daakye ɔhaw ano na wɔahwɛ ahu sɛ wobu atɛntrenee na wobu akontaa?"
ID_VL_Aka_Gha_E117DAC3,Aka_Gha,C_recall_failure,0.21874213836477985,0.26528301886792455,0.2795108695652174,0.2795108695652174,18,5,63,"Ɔkwan bɛn so na mmabun betumi aboa na wɔakamfo wɔn a wonyaa wɔn ti didii mu ""survivors"" wɔ nna mu basabasayɛ 'sexual violence"" mu, ahyɛ amammerɛ a ɛma wɔpene so na wobu wɔn ho nkuran, na wɔkasa tia suban ne nneyɛe a epira 'harmful attitudes"" a ɛma nna mu basabasayɛ kɔ so wɔ wɔn sukuu, mmusua, ne mpɔtam hɔ?"
ID_VL_Eng_Gha_7E7838C9,Eng_Gha,C_recall_failure,0.21881720430107526,0.21881720430107526,0.21881720430107526,0.21881720430107526,2,10,56,"What role do digital technologies and online learning platforms play in expanding access to education and vocational training for adolescents, particularly in remote or underserved areas?"
ID_VL_Eng_Uga_B630794D,Eng_Uga,B_reranking_failure,0.2188732394366197,0.74,0.74,0.74,1,0,55,"How do I know I have a Herpes Simplex Virus?, please answer in detail."
ID_VL_Eng_Uga_90DBFAD6,Eng_Uga,B_reranking_failure,0.2188732394366197,0.74,0.74,0.74,1,20,45,"I have a discharge, do I have Genital Herpes?, please answer in detail."
ID_VL_Eng_Gha_C8A723E9,Eng_Gha,C_recall_failure,0.21887323943661974,0.2806896551724138,0.2806896551724138,0.2816417910447761,36,24,48,"How do media representations of friendships, romantic relationships, and social dynamics shape adolescents' perceptions and expectations of peer interactions?"
ID_VL_Aka_Gha_11B7E948,Aka_Gha,C_recall_failure,0.21890675241157553,0.21794520547945206,0.22500000000000003,0.2722408026755853,71,13,78,"Dɛn ne intanɛt so nnwinnade, broni frɛ no te sɛ 'apps', anaa nneɛma bi a ɛwɔ hɔ a wode besisi botae ahorow, nkɔso a wodi akyi, ne nsɛm ne mmoa a wotumi de ho to so a ɛfa nna ne awo akwahosan ho a wobenya, na mɛyɛ dɛn de ahyɛ m’ankasa akwahosan ho nhyehyɛe mu?"
ID_VL_Eng_Gha_CB7E6268,Eng_Gha,C_recall_failure,0.21897959183673465,0.21897959183673465,0.26979166666666665,0.29173076923076924,22,5,45,How can healthcare providers be trained to offer inclusive and non-discriminatory sexual and reproductive health services to adolescents with disabilities?
ID_VL_Aka_Gha_98543881,Aka_Gha,D_weak_pool,0.21904,0.312319391634981,0.312319391634981,0.312319391634981,1,7,52,"Abrabɔ pa ho nsusuwii bɛn na ɛsɛ sɛ mmabun ma ɛtra wɔn adwenem berɛ a wɔreyɛ abɛɛfo nneɛma, titiriw bere a wɔredi nsɛmti a ɛyɛ nkate anaa akyinnyegye a ɛfa ASRH, nna, abusuabɔ, ne nipasu ho dwuma no?"
ID_VL_Eng_Gha_F4E7069A,Eng_Gha,C_recall_failure,0.21904,0.21904,0.21904,0.21904,0,0,47,"What are the statutes of limitations for reporting sexual violence in our jurisdiction, and how do these time limits affect survivors' ability to seek legal recourse, file complaints, and pursue justice?"
ID_VL_Eng_Gha_94A53FDE,Eng_Gha,C_recall_failure,0.21904,0.19536,0.21904,0.22984848484848486,27,3,34,"What role can advocacy and awareness-raising campaigns play in fostering greater collaboration between the private sector, civil society, and adolescents in economic empowerment efforts?"
ID_VL_Aka_Gha_9A8DCA03,Aka_Gha,C_recall_failure,0.21925925925925924,0.21925925925925924,0.21925925925925924,0.23440993788819875,26,0,70,So intanɛt so nhyiamu anaa mpɔtam bi wɔ hɔ a metumi ne me mfɛfoɔ adi nkitaho na masusuw STI/HIV ano aduru ne nkyerɛkyerɛ ho?
ID_VL_Eng_Gha_5005680F,Eng_Gha,C_recall_failure,0.21925925925925926,0.21925925925925926,0.21925925925925926,0.21925925925925926,0,4,52,"How can adolescents access financial support, microfinance services, or startup capital to invest in their livelihood skills development and entrepreneurial initiatives?"
ID_VL_Eng_Gha_8685ABAA,Eng_Gha,C_recall_failure,0.21925925925925926,0.21925925925925926,0.21925925925925926,0.21925925925925926,1,45,63,"What strategies can adolescents use to manage the emotional ups and downs associated with puberty, including mood swings and hormonal fluctuations?"
ID_VL_Eng_Eth_26F05FCF,Eng_Eth,C_recall_failure,0.2192592592592593,0.23296296296296298,0.26688524590163937,0.26688524590163937,5,26,73,My Gonorrhea injection was very painful. Is there anything I can do at home to relieve the pain later?
ID_VL_Aka_Gha_06671AD1,Aka_Gha,C_recall_failure,0.2193675889328063,0.2323780487804878,0.2323780487804878,0.2323780487804878,3,49,83,"Mɛyɛ dɛn atumi abɔ asisifo ho amanneɛ wɔ ɔkwan a etu mpɔn na ahobammɔ wom so, na anammɔn bɛn na metumi atu de ahwɛ ahu sɛ wɔfa m’amanneɛbɔ no aniberesɛm?"
ID_VL_Aka_Gha_25C73C44,Aka_Gha,D_weak_pool,0.21936758893280633,0.3010169491525423,0.3010169491525423,0.3010169491525423,0,49,54,"Ɔkwan bɛn so na atipɛnfo akuw nya wɔn ho wɔn ho nsɛm ho amanneɛbɔ a wɔde di dwuma, nea wɔpɛ, ne wɔn nneyɛe so nkɛntɛnso, na ɔkwan bɛn so na nsɛm ho amanneɛbɔ ho nimdeɛ nea broni ka 'media literacy' betumi ama mmabun tumi apaw nea ɛfata na wɔako atia atipɛnfo nhyɛso?"
ID_VL_Eng_Gha_C9B7C9BC,Eng_Gha,C_recall_failure,0.21949152542372882,0.17695652173913043,0.21949152542372882,0.21949152542372882,17,0,42,"What is sexual consent, and what are my rights if I don't consent to sexual activity? (Importance of enthusiastic consent)"
ID_VL_Eng_Gha_2CD2A404,Eng_Gha,C_recall_failure,0.21956043956043955,0.21956043956043955,0.21956043956043955,0.23239669421487602,40,32,48,"Are there specific healthcare providers or clinics that specialize in providing medical assistance to adolescents in crisis situations, and how can adolescents find them?"
ID_VL_Eng_Gha_A3C988E4,Eng_Gha,D_weak_pool,0.21956043956043955,0.35831578947368425,0.35831578947368425,0.35831578947368425,2,2,48,"What are crisis counseling services, and how can they help adolescents facing urgent or distressing situations related to sexual and reproductive health?"
ID_VL_Eng_Gha_4D183EBA,Eng_Gha,C_recall_failure,0.21956043956043958,0.22744588744588745,0.2584126984126984,0.2736986301369863,44,10,51,How can adolescents actively participate in community engagement initiatives to advocate for their sexual and reproductive health needs and rights?
ID_VL_Aka_Gha_6F92F25E,Aka_Gha,C_recall_failure,0.21977443609022557,0.21977443609022557,0.241042345276873,0.2708496732026143,48,21,67,"Ɔkwan bɛn so na mmabun betumi akamfo nipadua no wɔ kwanpa so ne nnipa nyinaa a wɔbɛka wɔn abom akyerɛ wɔ wɔn sukuu, mpɔtam, ne asetena mu akuo ahorow mu?"
ID_VL_Aka_Gha_AB7F089A,Aka_Gha,C_recall_failure,0.21984084880636603,0.24601583113456466,0.27565,0.28897097625329815,51,10,55,Kwan bɛn so na mmabun betumi akamfo mmabun adwumayɛ nhyehyɛe ne adwumayɛ ho ntetee a wɔbɛtrɛw mu na wɔatu mpɔn wɔ wɔn mpɔtam hɔ?
ID_VL_Aka_Gha_89456F27,Aka_Gha,C_recall_failure,0.2201433691756272,0.21527272727272728,0.24963855421686748,0.24963855421686748,6,34,66,"kwan bɛn so na digital platforms horow no hyehyɛ ntease a mmabun wɔ wɔ ɔbarima ne ɔbaa dwumadi, nipadua mfonini, ne obu a wɔwɔ ma wɔn ho no ho, na dɛn na eyi kyerɛ wɔ wɔn SRH ho?"
ID_VL_Eng_Gha_7FAEB748,Eng_Gha,C_recall_failure,0.22016528925619838,0.23582417582417584,0.23582417582417584,0.23617021276595745,24,35,60,Are there laws in place to prevent bullying and harassment of LGBTQ+ youth in schools?
ID_VL_Aka_Gha_C4B032CC,Aka_Gha,C_recall_failure,0.22023809523809523,0.24548076923076922,0.26945652173913043,0.2864516129032258,65,6,76,Ɛbɛyɛ dɛn na mmabun atumi anya mmoa ne akwankyerɛ sɛ wɔrehyia awo ho nsɛnnennen anaa nsɛm a ɛhaw wɔn a?
ID_VL_Eng_Gha_65A16FA9,Eng_Gha,C_recall_failure,0.22030534351145037,0.2438636363636364,0.2438636363636364,0.2438636363636364,4,6,55,"How can adolescents ensure that they understand the information provided to them before giving consent for medical procedures, treatments, or interventions?"
ID_VL_Eng_Gha_10D4DE39,Eng_Gha,C_recall_failure,0.22030534351145037,0.1712396694214876,0.1712396694214876,0.22030534351145037,38,1,57,What are some effective ways to address negative self-talk and critical inner dialogue related to body image?
ID_VL_Swa_Ken_8325BD9E,Swa_Ken,B_reranking_failure,0.2203053435114504,0.2203053435114504,0.74,0.74,5,6,57,"Je, ni kondomu gani bora kutumia?"
ID_VL_Aka_Gha_EE87905E,Aka_Gha,C_recall_failure,0.22047945205479452,0.22372093023255812,0.24308139534883721,0.2811173184357542,61,11,67,"Ɔkwan bɛn so na wobetumi de awoɔ apomoden ho nsɛm ho nkyerɛkyerɛ aka nkɔmmɔbɔ a ɛtrɛw a ɛfa nna mu akwahosan, pene a wɔpene so, ne abusuabɔ pa a mmabun nya ho?"
ID_VL_Aka_Gha_9C7C7377,Aka_Gha,C_recall_failure,0.22048979591836732,0.22048979591836732,0.2517525773195876,0.2517525773195876,12,18,71,So mmabun betumi anya afotu anaa mmoa dwumadie a ɛfa  nna ne awoɔ mu apɔmuden mmoa ?
ID_VL_Aka_Gha_4BF50B52,Aka_Gha,C_recall_failure,0.22054901960784315,0.17076923076923076,0.26326923076923076,0.26326923076923076,18,24,68,"Ɔkwan bɛn so na mmabun betumi anya adwenemyare ho mmoa ne afotu adwuma de adi ɛnanom akwahosan ho haw ahorow ho dwuma, a adwennwen, dadwen, ne adwenemhaw ka ho?"
ID_VL_Swa_Ken_318910EC,Swa_Ken,B_reranking_failure,0.2207017543859649,0.74,0.74,0.74,3,0,69,Nani anastahili kuchukua PrEP?
ID_VL_Amh_Eth_EBD34616,Amh_Eth,C_recall_failure,0.2207017543859649,0.2207017543859649,0.23049180327868848,0.23049180327868848,19,6,78,የኤችአይቪ በደም ዉስጥ መገኘት አንድ ሰው ኃጢአት አድርጓል ማለት ነውን?
ID_VL_Swa_Ken_B5D9AD36,Swa_Ken,C_recall_failure,0.2207734806629834,0.2663186813186813,0.2663186813186813,0.2696793002915452,20,39,66,"Je, watu binafsi wanawezaje kupunguza dalili za virusi vya ukimwi/UKIMWI?"
ID_VL_Aka_Gha_978648F8,Aka_Gha,C_recall_failure,0.2208376963350785,0.2881066666666667,0.2881066666666667,0.2881066666666667,3,2,66,"Dwuma bɛn na nhyiam ase ne sohyial media nnwumakuw di wɔ pene a wɔhyɛ ho nkuran ne nna mu basabasayɛ a wosiw ano wɔ Intanɛt so mmeae ahorow no mu, na ɔkwan bɛn so na mmabun betumi akamfo Intanɛt so mmeae a ahobammɔ wɔ?"
ID_VL_Aka_Gha_37F8A88B,Aka_Gha,C_recall_failure,0.22100671140939598,0.2706711409395973,0.2706711409395973,0.2706711409395973,2,8,63,"Ɔkwan bɛn so na amammerɛ mu ahyɛde ahorow, nsɛm a ɛnteɛ, ne anansesɛm ahorow a ɛfa nna ne awo akwahosan ho no boa ma nsonsonoe ba ɔhwɛ a mmabun nyamu, na nhyehyɛe ahorow bɛn na egyina mpɔtam hɔ ne atipɛnfo nkyerɛkyerɛ nhyehyɛe ahorow a ebetumi aboa ma wɔayi anansesɛm afi hɔ, ama nimdeɛ akɔ soro, na wɔahyɛ nneyɛe pa a ɛhwehwɛ akwahosan ho nkuran?"
ID_VL_Aka_Gha_7746D0BA,Aka_Gha,C_recall_failure,0.22103896103896103,0.22103896103896103,0.22866952789699574,0.24666666666666665,22,3,65,Nti mmoa dwumadie anaa afotu bi wɔ hɔ ma mmabun a wɔrehwehwɛ nna mu yareɛ (STI) nhwehwɛmu anaa ayaresa?
ID_VL_Aka_Gha_B4D7E28E,Aka_Gha,C_recall_failure,0.22130841121495326,0.24130434782608695,0.24152777777777779,0.24152777777777779,6,42,64,So akuo ahorow anaa ayaresabea ahorow bi wɔ mantɔw mu a wɔde nna ne awoɔ apɔwmuden ho nhyehyɛe a wontua hwee anaasɛ ɛho ka sua ma mmabun titire?
ID_VL_Eng_Gha_A4AFE7BD,Eng_Gha,D_weak_pool,0.22136752136752136,0.3103225806451613,0.3269767441860465,0.3269767441860465,8,2,47,Why is it important for adolescents to have access to accurate information about sexual and reproductive health?
ID_VL_Aka_Gha_D701410D,Aka_Gha,C_recall_failure,0.22136752136752136,0.22707581227436824,0.24218181818181816,0.24218181818181816,6,61,74,"kwan bɛn so na LGBTQ+ ankorankoro, ne abusuabɔ ahorow,  gyinabea ahorow a ɛwɔ media mu no boa ma wɔhyɛ gye a wogye tom, visibilty, ne ntease ho nkuran, anaasɛ ɛhyɛ animtiaabu ne nyiyim mu den?"
ID_VL_Eng_Gha_7A8104DE,Eng_Gha,C_recall_failure,0.22145985401459853,0.22145985401459853,0.22145985401459853,0.26297520661157026,47,8,50,Why is it important to consider cultural and religious beliefs and practices when discussing sexual and reproductive health topics?
ID_VL_Aka_Gha_3270E4FA,Aka_Gha,D_weak_pool,0.2214965986394558,0.3051977401129943,0.3122543352601156,0.3122543352601156,5,10,52,Ɔkwan bɛn so na mmabun betumi ne mpanyimfo a wɔyɛ ayɔnkofo ne ahyehyɛde ahorow ayɛ biako de ahyɛ mmɔden a wɔbɔ de kamfo nna ne awo hokwan ahorow no mu den?
ID_VL_Aka_Gha_36386821,Aka_Gha,C_recall_failure,0.2214965986394558,0.2214965986394558,0.2214965986394558,0.23368421052631577,52,56,69,Amanaman ntam anaa ɔman no mu akwankyerɛ ahorow bi wɔ hɔ a ɛkyerɛ hokwan a mmabun wɔ sɛ wonya nna ho adesua a edi mũ?
ID_VL_Aka_Gha_122C9A56,Aka_Gha,C_recall_failure,0.22151315789473683,0.2682779456193353,0.2682779456193353,0.27139841688654354,20,34,70,"Ɔkwan bɛn so na nyamesom akuo di nsɛm a ɛfa pene a wɔpene so, nna mu basabasayɛ, ne ɔhaw ahorow ho dwuma, na nneɛma bɛn na ɛwɔ hɔ a wɔde bɛboa wɔn a wɔanya wɔn ti adidi mu wɔ nyamesom tebea horow mu?"
ID_VL_Eng_Gha_E0DECC3D,Eng_Gha,C_recall_failure,0.22152866242038216,0.22965517241379313,0.23012195121951218,0.25160000000000005,47,4,51,"How can health systems ensure equitable access to sexual and reproductive health services for marginalized groups of adolescents, including LGBTQ+ youth, adolescents with disabilities, and adolescents living in humanitarian settings?"
ID_VL_Aka_Gha_747B6DBA,Aka_Gha,C_recall_failure,0.22155688622754488,0.22895027624309391,0.2511678832116788,0.2511678832116788,9,5,61,"Dɛn ne asetena mu dwumadi, na ɛne mmabun nna ne awo akwahosan wɔ abusuabɔ sɛn?"
ID_VL_Eng_Gha_D0D4EA67,Eng_Gha,C_recall_failure,0.2215568862275449,0.2215568862275449,0.2215568862275449,0.2215568862275449,0,4,44,"What is the process for seeking mental health services, and what steps should adolescents take if they need help?"
ID_VL_Aka_Gha_53AC2AB9,Aka_Gha,C_recall_failure,0.22155688622754494,0.25585106382978723,0.2560189573459716,0.2787671232876712,51,11,60,"Ɔkwan bɛn so na awofo ne abusua mufo betumi akamfo nna ne awo hokwan ahorow a mmabun a wɔadi dɛm wɔ wɔ nhyehyɛe ne nneyɛe a wɔyɛ wɔ sukuu ahorow, akwahosan ho mmeae, ne mpɔtam hɔ mmeae afoforo?"
ID_VL_Eng_Gha_01539221,Eng_Gha,C_recall_failure,0.2216042780748663,0.19639810426540286,0.27022471910112356,0.27022471910112356,16,22,54,"What are the long-term consequences of bullying, and how can it impact my future relationships and mental health?"
ID_VL_Aka_Gha_38F16A81,Aka_Gha,D_weak_pool,0.22170040485829962,0.23617021276595745,0.3083333333333333,0.3083333333333333,7,16,65,Ɔkwan bɛn so na mmabunbere ne nipadua mu nsesae a ɛba wɔ mmerantebere ne mmabaabere mu no nya nipadua su ne obu a obi wɔ ma ne ho sesa?
ID_VL_Aka_Gha_72FF5D2A,Aka_Gha,C_recall_failure,0.22171206225680934,0.2264848484848485,0.24827361563517913,0.2596491228070176,56,7,70,"Mfaso bɛn na ɛwɔ so sɛ mɛhwehwɛ afotu adwuma wɔ nna ne awo akwahosan ho haw ahorow ho, na ɔkwan bɛn so na ebetumi ama me yiyedie atu mpɔn?"
ID_VL_Aka_Gha_93829B43,Aka_Gha,C_recall_failure,0.22175084175084175,0.22469635627530365,0.2396190476190476,0.2642857142857143,40,7,66,Dɛn ne nhwɛso ahorow bi a ɛfa nhyehyɛe ne nnwuma a wɔde siw ano a ɛfa mmarima ne mmea ho a wɔn botae ne sɛ wobedi nneɛma a ɛde nna mu basabasayɛ ba ntini ho dwuma na wɔhyɛ abusuabɔ pa ne amammerɛ a wɔpene so ho nkuran?
ID_VL_Eng_Gha_CD14A03E,Eng_Gha,C_recall_failure,0.22199999999999998,0.26161616161616164,0.26161616161616164,0.26161616161616164,1,0,55,"How can I use my voice to promote understanding and acceptance of mental health challenges? (sharing personal experiences, creating positive content)"
ID_VL_Swa_Ken_586528E6,Swa_Ken,B_reranking_failure,0.22199999999999998,0.74,0.74,0.74,0,5,60,Ni mikakati gani inapaswa kupewa kipaumbele kwa kuzuia?
ID_VL_Aka_Gha_BC10FA52,Aka_Gha,C_recall_failure,0.22199999999999998,0.21278969957081545,0.22653061224489796,0.2528643216080402,53,36,56,"Sɛ mihyia animtiaabu anaa nyiyim a ɛfa STI a wɔahu ho a, dɛn na ɛsɛ sɛ meyɛ?"
ID_VL_Eng_Gha_9E3C5A88,Eng_Gha,C_recall_failure,0.22199999999999998,0.23257142857142854,0.23257142857142854,0.23649484536082468,33,33,51,Why is gender equality important in the context of adolescent sexual and reproductive health?
ID_VL_Eng_Gha_F4613F09,Eng_Gha,C_recall_failure,0.22199999999999998,0.23226277372262777,0.23226277372262777,0.23226277372262777,0,1,55,"How does the school address issues related to bullying, harassment, and discrimination, which can impact students' mental health and well-being?"
ID_VL_Aka_Gha_D98868DD,Aka_Gha,C_recall_failure,0.22199999999999998,0.22974729241877256,0.2338289962825279,0.24842857142857144,73,19,76,"Ɔkwan bɛn so na mmabun betumi ayɛ mmeae a wɔboa anaa mpɔtam a wɔbu nneyɛe a ɛma wosusuw nneɛma ho sɛ ɛsom bo, hyɛ ho nkuran, na wodi ho afahyɛ sɛ ɔkwan a ɛfa biribiara ho a wɔfa so hyɛ adwenemyare, yiedi, ne mmabun nkɔso pa ho nkuran?"
ID_VL_Eng_Gha_A6FD0CB1,Eng_Gha,C_recall_failure,0.22199999999999998,0.22199999999999998,0.22199999999999998,0.22965517241379313,31,29,59,"How can adolescents participate in monitoring, evaluating, and advocating for improvements in social protection programs to ensure they meet their evolving needs and rights?"
ID_VL_Amh_Eth_DA09DFA0,Amh_Eth,D_weak_pool,0.222,0.222,0.34153846153846157,0.34153846153846157,17,4,53,ሄርፒስ በጣም የተለመደ ነውን?
ID_VL_Aka_Gha_17FC695A,Aka_Gha,D_weak_pool,0.222,0.18129999999999996,0.37,0.37,6,5,45,"Dɛn ne kɔkɔbɔ nsɛnkyerɛnne ""warning signs"" a ɛkyerɛ sɛ ebia nnuru a wɔde di dwuma reka m’adwene anaa obi a minim no adwenem ahokwasan ""mental health""?"
ID_VL_Amh_Eth_DE53790A,Amh_Eth,C_recall_failure,0.222,0.222,0.222,0.222,2,0,57,የክላሚዲያ መንስኤ ምንድን ነው?
ID_VL_Aka_Gha_F91E1D4C,Aka_Gha,C_recall_failure,0.22200000000000003,0.24666666666666665,0.25517241379310346,0.25517241379310346,6,13,74,"Dwuma bɛn na  ho so hwɛ di wɔ adwennwen ano aduru mu, na dɛn nneyɛe bi na wɔde hwɛ wɔn ho a mmabun betumi de ahyɛ wɔn nneyɛe mu?"
ID_VL_Eng_Gha_9D8776A0,Eng_Gha,C_recall_failure,0.22200000000000003,0.20181818181818184,0.20181818181818184,0.22200000000000003,40,2,63,"How can cultural, societal, and gender norms influence perceptions and attitudes toward sexual violence, and how do these factors shape individuals' experiences, responses, and access to support and resources?"
ID_VL_Aka_Gha_8FADC1A6,Aka_Gha,C_recall_failure,0.2223645320197044,0.23266375545851528,0.24226190476190476,0.24226190476190476,5,22,62,"Ɔkwan bɛn so na nhomasua ne tumi a wɔde bɛhyɛ nhyehyɛe ahorow betumi adi asetra mu nneɛma a ɛkyerɛ apɔwmuden a ɛka mmabun nna ne awo mu yiyedi te sɛ ohia, mmarima ne mmea pɛyɛ a enni hɔ, ne apɔwmuden ho nhyehyɛe a wonnya no ho no dwuma?"
ID_VL_Eng_Gha_0E2F8958,Eng_Gha,C_recall_failure,0.22238341968911915,0.17705521472392635,0.22238341968911915,0.22238341968911915,6,1,48,Emphasize the importance of having a strong support system during pregnancy and parenthood.
ID_VL_Aka_Gha_33094D35,Aka_Gha,C_recall_failure,0.2224277456647399,0.23821917808219178,0.2534246575342466,0.2703846153846154,32,10,54,Ɔkwan bɛn so na akwaahosan ho nimdeɛ nya tumi a mmabun tumi si gyinae a ɛfata wɔ wɔn nna ne awo akwaahosan ho no so nsunsuanso?
ID_VL_Eng_Gha_BA220065,Eng_Gha,C_recall_failure,0.22251748251748252,0.22251748251748252,0.22974729241877254,0.22974729241877254,7,2,62,"What role can family media rules, agreements, and boundaries play in promoting healthy media habits, fostering trust, and reducing conflicts related to media consumption within the household?"
ID_VL_Aka_Gha_2EF91276,Aka_Gha,C_recall_failure,0.222578125,0.2298723404255319,0.24040609137055838,0.24040609137055838,7,43,58,Mɛyɛ dɛn atumi aboa nnamfo anaa m’adɔfo a ebia wɔredi nnamu nyare 'STI' a woanya no ho dwuma?
ID_VL_Aka_Gha_04FC6D82,Aka_Gha,C_recall_failure,0.22262711864406778,0.22262711864406778,0.26393333333333335,0.26393333333333335,11,58,73,Ɛdeɛn ne nsɛm pa a wɔde si so dua anaasɛ akwan horow a wɔfa so gyina ano a mmabun betumi de adi dwuma de ama obu a wɔwɔ ma wɔn ho no ayɛ kɛse na wɔne wɔn nipadua anya abusuabɔ a ɛyɛ papa?
ID_VL_Eng_Gha_AE1B9F69,Eng_Gha,C_recall_failure,0.2228409090909091,0.19424999999999998,0.24121546961325968,0.24121546961325968,19,23,42,What are some affirming and inclusive spaces where adolescent living with disability can connect with others and find support for their mental health?
ID_VL_Eng_Gha_195D82F8,Eng_Gha,C_recall_failure,0.22301369863013698,0.22301369863013698,0.22301369863013698,0.2856140350877193,32,22,45,Can adolescents receive counseling or support services as part of comprehensive sexual and reproductive health care?
ID_VL_Eng_Gha_8FC9C86B,Eng_Gha,C_recall_failure,0.2231155778894472,0.2184761904761905,0.23296296296296296,0.23296296296296296,19,23,51,"What role do parents, guardians, and community members play in shaping the sexual and reproductive health education provided in schools, and how can their perspectives and input be integrated into the curriculum?"
ID_VL_Eng_Gha_E1DACE6A,Eng_Gha,C_recall_failure,0.22317460317460316,0.1446927374301676,0.22317460317460316,0.22317460317460316,11,0,42,Are there alternative barrier methods or tools for STI/HIV prevention besides condoms?
ID_VL_Eng_Gha_8F964685,Eng_Gha,C_recall_failure,0.22317460317460316,0.2935195530726257,0.2935195530726257,0.2935195530726257,1,1,48,"How can parents, caregivers, teachers, healthcare providers, and other adults support adolescents in learning about sexual consent, addressing questions or concerns, and promoting healthy attitudes and behaviors related to consent?"
ID_VL_Eng_Gha_C7BF4FBC,Eng_Gha,C_recall_failure,0.22324022346368713,0.25295918367346937,0.25295918367346937,0.25295918367346937,1,3,42,What should adolescents do if they are unsure whether their situation requires legal assistance or advocacy?
ID_VL_Eng_Gha_F5141058,Eng_Gha,C_recall_failure,0.22327586206896555,0.22327586206896555,0.2708496732026143,0.2708496732026143,5,0,50,How can I use role-playing or practice scenarios to enhance my communication skills and confidence in responding to peer pressure related to sexual health decisions?
ID_VL_Eng_Eth_45C45A3E,Eng_Eth,B_reranking_failure,0.22339622641509432,0.6475000000000001,0.6475000000000001,0.74,26,25,43,Can prayer cure what is chlamydia??
ID_VL_Aka_Gha_D5BCB8D0,Aka_Gha,C_recall_failure,0.22348993288590605,0.22348993288590605,0.296,0.296,9,23,65,"Ɔkwan bɛn so na ɔhaw mu dwumadie nhyehyɛeɛ, nea aborɔfo ka no 'crisis intervention programs' a egyina sukuu so no ne abɔnten so nnwumakuo anaa akwahosan ho adwumayɛfoɔ yɛ adwuma bom de hwɛ hu sɛ wɔbɛboa asuafoɔ no nyinaa?"
ID_VL_Lug_Uga_34EC5264,Lug_Uga,B_reranking_failure,0.22359712230215828,0.74,0.74,0.74,1,34,68,Omuntu nga nze nsobola kukola ki okuwangaala n’Akawuka akaleeta Siriimu nga ndi mugumu?
ID_VL_Eng_Gha_FC043F08,Eng_Gha,C_recall_failure,0.2236263736263736,0.2285294117647059,0.2285294117647059,0.2285294117647059,1,7,49,"What resources are available to adolescents to help them understand their rights as employees, including online resources, helplines, or legal aid services?"
ID_VL_Lug_Uga_F659F188,Lug_Uga,B_reranking_failure,0.22372093023255818,0.24544554455445544,0.74,0.74,16,0,45,"Plan B oba P2, era emanyiddwa nga akaweke k'okumakya egendereddwamu ki?"
ID_VL_Aka_Gha_698C206F,Aka_Gha,C_recall_failure,0.22381471389645774,0.24916455696202533,0.24916455696202533,0.26227848101265827,31,2,64,"Dwuma bɛn na ɔsom di wɔ su ahorow a wɔda no adi wɔ nna ne nna ho nkyerɛkyerɛ ho wɔ mmeae ahorow mu, na ɔkwan bɛn so na ɔsom mu gyidi ahorow nya nhyehyɛe ne nneyɛe so nsunsuansoɔ?"
ID_VL_Eng_Gha_E980F808,Eng_Gha,D_weak_pool,0.22386554621848737,0.2368,0.34435643564356433,0.34435643564356433,15,15,51,How can digital tools and technologies empower adolescents to make informed decisions about their sexual and reproductive health?
ID_VL_Eng_Gha_286ED390,Eng_Gha,C_recall_failure,0.22386554621848742,0.2466666666666667,0.2466666666666667,0.2466666666666667,1,1,47,Are there specialized mental health services tailored specifically for adolescents?
ID_VL_Eng_Gha_51D08109,Eng_Gha,C_recall_failure,0.22394736842105262,0.22394736842105262,0.22923913043478258,0.22923913043478258,5,9,52,"What ethical guidelines should adolescents follow when interacting with others online, particularly in discussions related to sexual health?"
ID_VL_Eng_Gha_65E58F34,Eng_Gha,C_recall_failure,0.22394736842105264,0.08306122448979592,0.22394736842105264,0.22394736842105264,13,0,43,Can using condoms decrease my pleasure during sex?
ID_VL_Eng_Gha_4BAF0F5E,Eng_Gha,C_recall_failure,0.224,0.224,0.224,0.224,1,0,56,What resources and support systems are available to help educators address sensitive or controversial topics in sexual and reproductive health education in an inclusive and culturally responsive manner?
ID_VL_Eng_Gha_E1721C83,Eng_Gha,C_recall_failure,0.2240366972477064,0.2240366972477064,0.29752577319587625,0.29752577319587625,13,1,45,What specific sexual and reproductive health services are adolescents entitled to access?
ID_VL_Swa_Ken_ECA391D4,Swa_Ken,B_reranking_failure,0.22403669724770642,0.2261111111111111,0.74,0.74,6,1,56,"""Kubusu kwa mdomo wazi kunaweza kusambaza Virusi Vya Ukimwi."""
ID_VL_Eng_Gha_6B2D5B09,Eng_Gha,C_recall_failure,0.22403669724770642,0.2252173913043478,0.25371428571428567,0.25371428571428567,7,5,53,"How does climate-induced migration and displacement impact adolescents' access to sexual and reproductive healthcare, education, and social support systems, and what interventions are needed to address these challenges?"
ID_VL_Eng_Gha_20156A72,Eng_Gha,C_recall_failure,0.22403669724770642,0.22403669724770642,0.22403669724770642,0.22403669724770642,0,1,56,"What is emotional regulation, and why is it important for mental well-being?"
ID_VL_Eng_Gha_785AC5D0,Eng_Gha,C_recall_failure,0.22413461538461538,0.22413461538461538,0.22413461538461538,0.22413461538461538,0,0,58,"How do societal expectations around gender impact adolescents' understanding of their own identities, relationships, and sexual behaviors, and what challenges do they face in navigating these norms?"
ID_VL_Aka_Gha_19108BE5,Aka_Gha,C_recall_failure,0.2241346153846154,0.22670520231213875,0.2368,0.2368,8,33,59,"So yebetumi asusuw mfitiase mmra anaa akwankyerɛ biara a ɛfa yɛn check-ins ho, te sɛ kokoamsɛm, atie a yɛde nsiyɛ, ne obu a yɛde bɛma yɛn ho yɛn ho ho, na ama yɛahwɛ ahu sɛ nkɔmmɔbɔ a ɛsow aba na ntease wom?"
ID_VL_Eng_Uga_7FE670F3,Eng_Uga,C_recall_failure,0.22424242424242422,0.2276923076923077,0.2276923076923077,0.2276923076923077,3,32,53,What should I do if I suspect I have an STI?
ID_VL_Eng_Gha_7740D831,Eng_Gha,C_recall_failure,0.22438709677419355,0.22438709677419355,0.22438709677419355,0.22438709677419355,0,1,58,How can I stay informed about changes or updates in reproductive healthcare policies and resources in my area?
ID_VL_Eng_Gha_04DD7054,Eng_Gha,C_recall_failure,0.2244943820224719,0.22719298245614034,0.2713333333333333,0.2713333333333333,19,13,54,What resources and support networks are available to help adolescents navigate ethical challenges and dilemmas they encounter in media consumption related to sexual and reproductive health?
ID_VL_Eng_Uga_89A3C811,Eng_Uga,B_reranking_failure,0.22459143968871592,0.2562645914396887,0.74,0.74,8,14,45,"What is the most effective way of preventing myself from getting an HIV?, please answer this using simple medical terms."
ID_VL_Aka_Gha_4D0B0D1A,Aka_Gha,C_recall_failure,0.22464285714285714,0.25107142857142856,0.2583018867924528,0.2797023809523809,50,25,64,"Ɔkwan bɛn so na wobetumi de nkɔmmɔbɔ a ɛfa ɔhyɛ ne nhyɛso a wobehu ho no aka nna ho nkyerɛkyerɛ a edi mũ, adwene mu apomoden  ho nhyehyɛe ahorow, ne mmɔdenbɔ a wɔbɔ sɛ wobesiw basabasayɛ ano de ama mmabun tumi na wɔama wɔn yiyedi ne ahobammɔ anya nkɔso no ho?"
ID_VL_Aka_Gha_DD463C09,Aka_Gha,C_recall_failure,0.2246864686468647,0.23699346405228755,0.23699346405228755,0.23699346405228755,0,17,69,"Dɛn ne akwan bi a mɛfa so ama ahotoso ne obuo ama yɛn ho yɛn ho wɔ m’abusuabɔ mu, ahyɛ nkitahodi a ɛda adi pefee, na me ne m’ahokafo anaa m’atipɛnfo abom asusuw asiane ahorow ho na wɔadi ho dwuma?"
ID_VL_Eng_Gha_56CB1AB0,Eng_Gha,C_recall_failure,0.22474074074074077,0.2264179104477612,0.23617021276595743,0.23617021276595743,8,6,53,How can stigma surrounding mental health disorders affect individuals' willingness to seek help or talk about their struggles?
ID_VL_Aka_Gha_76ECBDD6,Aka_Gha,C_recall_failure,0.22481012658227845,0.22481012658227845,0.22481012658227845,0.22481012658227845,2,32,56,Ɔkwan bɛn so na amammerɛ anaa nyamesom akuw betumi ama mmabun wɔn ho yɛ mmerɛ anya tebea horow a ɛka obiara ho na ɛboa bere a wobu atetesɛm mu gyidi ahorow no?
ID_VL_Eng_Gha_400035F0,Eng_Gha,C_recall_failure,0.2248101265822785,0.24115015974440895,0.26062893081761,0.26062893081761,5,0,48,How can I advocate for increased awareness and availability of adolescent-friendly healthcare spaces in my community or region?
ID_VL_Aka_Gha_1A16342C,Aka_Gha,C_recall_failure,0.22486187845303862,0.28340425531914887,0.296,0.296,11,15,66,Akwan bɛn na sukuu ne nhomasua asoɛeɛ bɛtumi de adi dwuma de ahyɛ mmarima ne mmaa pɛyɛ ho nkuran na wɔama asuafoɔ nyinaa tumi?
ID_VL_Eng_Gha_7F7F6C0A,Eng_Gha,C_recall_failure,0.22490196078431374,0.2659375,0.2659375,0.2659375,2,20,59,What resources or support systems are available for adolescents who have questions or concerns about age of consent laws?
ID_VL_Aka_Gha_6C52C49F,Aka_Gha,C_recall_failure,0.22498168498168503,0.26582524271844665,0.2736603773584906,0.29234567901234565,36,13,69,"Akwan bɛn na mmabun betumi afa so de wɔn ho ahyɛ nhyehyɛeyɛfo, akyerɛkyerɛfo, nsɛm ho amanneɛbɔfo, ne mpɔtam hɔ akannifo mu wɔ nkɔmmɔbɔ a ɛfa hia a nsɛm ho amanneɛbɔ ho nimdeɛ ho hia wɔ nna ne awo akwahosan mu nkɔso pa a wɔbɛhyɛ ho nkuran ho?"
ID_VL_Aka_Gha_1C80317F,Aka_Gha,C_recall_failure,0.22499999999999998,0.2968862275449101,0.2968862275449101,0.2968862275449101,0,28,61,Dɛn nti na ɛho hia sɛ mmabun te wɔn nna ne awo hokwan ahorow ase?
ID_VL_Eng_Gha_B6F6DBF1,Eng_Gha,C_recall_failure,0.22499999999999998,0.22499999999999998,0.24846715328467153,0.255,36,19,51,What are some interactive and participatory approaches to teaching media literacy skills to adolescents in the context of sexual and reproductive health education?
ID_VL_Eng_Uga_CC39B925,Eng_Uga,C_recall_failure,0.22502923976608186,0.22502923976608186,0.22502923976608186,0.22502923976608186,2,0,61,Through which ways can I prevent myself from getting pregnant?
ID_VL_Eng_Gha_C1B5B5CA,Eng_Gha,C_recall_failure,0.22506912442396312,0.22506912442396312,0.24666666666666665,0.24666666666666665,9,10,55,How do laws regarding age of consent affect adolescents' ability to access sexual and reproductive health services and information?
ID_VL_Aka_Gha_654821D0,Aka_Gha,C_recall_failure,0.2252173913043478,0.25107142857142856,0.2594422310756972,0.27793427230046946,57,6,63,Ɔkwan bɛn so na nsɛm ho amanneɛbɔ ho nimdeɛ ne akenkan ne akyerɛw ahorow afoforo te sɛ akwahosan ho nimdeɛ ne dijitaal akenkan ne akyerɛw di ahyia wɔ mmabun ntease ne yiyedi nyinaa a ɛfa nna ne awo akwahosan ho a wɔboa no mu?
ID_VL_Eng_Gha_7A3A10E1,Eng_Gha,C_recall_failure,0.2252173913043478,0.2491089108910891,0.2491089108910891,0.2491089108910891,3,5,48,How can healthcare providers and educators leverage digital platforms to reach and engage adolescents in sexual and reproductive health education and services?
ID_VL_Aka_Gha_06E745F9,Aka_Gha,C_recall_failure,0.2252173913043478,0.21699248120300754,0.2252173913043478,0.2252173913043478,11,2,67,"Mfe bɛn ankasa na obi adi sɛ ɔpene so, na dɛn nti na ɛho hia sɛ yɛte saa mmara ahorow yi ase?"
ID_VL_Eng_Eth_C5CE099C,Eng_Eth,C_recall_failure,0.22521739130434784,0.22521739130434784,0.259,0.259,19,26,53,Can a person with Trichomoniasis be treated if they are breastfeeding?
ID_VL_Aka_Gha_CBC84759,Aka_Gha,D_weak_pool,0.22543046357615892,0.26246305418719207,0.32449197860962564,0.33636363636363636,49,5,56,Nna ne awo akwahosan ho nhyehyɛe ahorow bɛn na akwahosan ho insurance nhyehyɛe ahorow a wɔyɛ ma mmabun taa tua ho ka?
ID_VL_Aka_Gha_16419F82,Aka_Gha,C_recall_failure,0.22552380952380952,0.22552380952380952,0.2667005076142132,0.2667005076142132,9,5,70,"Ɔkwan bɛn so na pene a wɔpene so no fa tebea ahorow te sɛ atuu, nsa a wɔde ka wɔn ho, ne nna ho?"
ID_VL_Eng_Gha_AB7A3D1C,Eng_Gha,C_recall_failure,0.22552380952380952,0.22552380952380952,0.2571428571428571,0.2571428571428571,11,14,56,How can adolescents engage in intergenerational dialogues and community-led initiatives to promote respectful and inclusive discussions about traditional practices and rituals in relation to sexual and reproductive health?
ID_VL_Aka_Gha_3AA2E4F9,Aka_Gha,C_recall_failure,0.22560975609756095,0.22560975609756095,0.22560975609756095,0.31896551724137934,53,2,72,"Ɔkwan bɛn so na me nna mu akwaahosan ne awo mu osuahu ahorow betumi aka m’adwene mu akwahosan? (adwennwen, dadwen, adwenemhaw) ."
ID_VL_Eng_Uga_304B2370,Eng_Uga,C_recall_failure,0.22560975609756098,0.22560975609756098,0.22560975609756098,0.22560975609756098,0,31,56,"Does Syhpilis cause blocked tubes?, please answer this using simple medical terms."
ID_VL_Swa_Ken_8FB3A134,Swa_Ken,B_reranking_failure,0.2256737588652482,0.74,0.74,0.74,4,2,61,"Je, kuna mikakati ya kuhakikisha kwamba virusi vya ukimwi haviambukizwi kwa mtoto wakati wa kuzaa?"
ID_VL_Aka_Gha_D58842DE,Aka_Gha,C_recall_failure,0.22567375886524824,0.22567375886524824,0.22567375886524824,0.22567375886524824,0,15,73,"Dɛn ne atipɛnfo nhomasua, na ɔkwan bɛn so na ɛboa ma mmabun nyinaa nya nna ne awo akwahosan?"
ID_VL_Aka_Gha_2720797D,Aka_Gha,D_weak_pool,0.22572944297082226,0.25715,0.34409999999999996,0.34409999999999996,7,4,61,Mfaso bɛn na ɛwɔ so bere tenten sɛ wɔde wɔn ho bɛhyɛ mmaabun adwumayɛ nhyehyɛe ne adwumayɛ mu ntetee mu ma mmaabun adwumayɛ mu nkɔso?
ID_VL_Eng_Gha_F4124360,Eng_Gha,C_recall_failure,0.22576271186440677,0.22464285714285714,0.26614035087719295,0.26639999999999997,49,9,55,What legal protections exist for adolescents who have experienced harm or violence in relationships or sexual encounters?
ID_VL_Eng_Gha_6B79AFCC,Eng_Gha,C_recall_failure,0.2257627118644068,0.2257627118644068,0.2257627118644068,0.2257627118644068,0,2,58,What should I do if I think I might be pregnant?
ID_VL_Aka_Gha_527EECFA,Aka_Gha,C_recall_failure,0.22580882352941176,0.286,0.29048710601719197,0.29048710601719197,5,19,61,Ɔkwan bɛn so na mmabun bɛtumi afa so akasa de agyina hɔ ama akwanya a ɛbɛma kwan a wɔfa so kɔ ayaresabea wɔ wɔn mpɔtam atu mpɔn?
ID_VL_Aka_Gha_D72B6108,Aka_Gha,D_weak_pool,0.22591900311526478,0.25231552162849874,0.3001111111111111,0.3001111111111111,6,8,71,"Dɛn ne ɔhaw ne hokwan ahorow a ɛwɔ hɔ sɛ wɔde nna ne awo akwahosan ho nkyerɛkyerɛ bɛka nnwuma a ɛtrɛw a wɔde asi wɔn ani so sɛ wɔbɛhyɛ mmabun apomoden, yiyedi, ne nkwa nna nyinaa adesua ho nkuran wɔ yɛn nhomasua nhyehyɛe no mu?"
ID_VL_Amh_Eth_2834E4C0,Amh_Eth,C_recall_failure,0.2261111111111111,0.09446808510638297,0.2261111111111111,0.2261111111111111,16,16,71,ክላሚዲያ የሴቶች በሽታ ብቻ ነው?
ID_VL_Eng_Gha_6257A4A2,Eng_Gha,C_recall_failure,0.22611111111111112,0.22611111111111112,0.22611111111111112,0.22611111111111112,0,3,48,What role do hormones play in the development and function of the reproductive system?
ID_VL_Eng_Ken_582B91EE,Eng_Ken,B_reranking_failure,0.2263529411764706,0.74,0.74,0.74,4,3,53,Is it possible for HIV positive people to have a long life?
ID_VL_Eng_Ken_0EC0713D,Eng_Ken,B_reranking_failure,0.22653061224489796,0.74,0.74,0.74,2,3,53,Can I have sex if I have HIV?
ID_VL_Aka_Gha_7E8F8095,Aka_Gha,C_recall_failure,0.2266028708133971,0.2546236559139785,0.2843349753694581,0.2843349753694581,18,29,67,Akwan bɛn na ɛwɔ hɔ a wɔfa so ma aban ahorow ne wɔn a wɔde wɔn ho hyɛ mu no bu akontaa sɛ wobedi wɔn bɔhyɛ ahorow a ɛfa mmabun nna ne awoɔ akwahosan ho wɔ amanaman ntam apam ne apam ahorow ase no ho dwuma?
ID_VL_Aka_Gha_2D534DD0,Aka_Gha,C_recall_failure,0.22666666666666668,0.23821917808219178,0.23821917808219178,0.23821917808219178,2,13,71,"Ɛbɛyɛ dɛn na mmabun ne akyerɛkyerɛfoɔ, awofoɔ, akwahosan ho adwumayɛfoɔ, ne stakeholders ayɛ adwuma abom de ahyɛ abɔdeɛ a nkwa wom nhyehyɛeɛ a ɛboa ama mediafoɔ akenkan ne akyerɛw ho nsɛm ne ASRH nkɔsoɔ, ayɛ apam na wɔakyɛ nneyɛeɛ pa wɔ nnwumakuo ne nteɛsoɔ ahodoɔ mu?"
ID_VL_Eng_Gha_51B1943C,Eng_Gha,C_recall_failure,0.22683417085427138,0.25918781725888324,0.25918781725888324,0.25918781725888324,0,6,53,How can adolescents balance their own personal beliefs and values with the cultural and religious expectations of their families and communities regarding sexual behavior and reproductive decision-making?
ID_VL_Aka_Gha_3B8FAA18,Aka_Gha,C_recall_failure,0.2268867924528302,0.22000000000000003,0.2268867924528302,0.2665591397849462,56,11,61,So metumi anya nna ho apɔwmuden ho nkyerɛkyerɛ nneɛma wɔ me sukuu anaa mpɔtam hɔ?
ID_VL_Eng_Ken_54720D2D,Eng_Ken,B_reranking_failure,0.22693333333333332,0.74,0.74,0.74,1,8,61,Are there strategies to ensure that HIV is not transmitted to the baby during the birthing process?
ID_VL_Eng_Gha_39C59DF9,Eng_Gha,C_recall_failure,0.22693333333333332,0.2418300653594771,0.28328125,0.28328125,18,9,39,"How do cultural celebrations and rites of passage influence our understanding of gender roles, sexual identity, and expectations around sexual behavior, intimacy, and marriage?"
ID_VL_Eng_Gha_C64C9647,Eng_Gha,C_recall_failure,0.2271287128712871,0.2271287128712871,0.2271287128712871,0.2271287128712871,3,0,44,What exactly does abstinence mean in terms of sexual health?
ID_VL_Swa_Ken_5D00DF1B,Swa_Ken,D_weak_pool,0.2271287128712871,0.23087999999999997,0.37725490196078426,0.37725490196078426,17,20,70,"Je, Ukimwi/UKIMWI vinaweza kusababisha kifo?"
ID_VL_Aka_Gha_54B4A482,Aka_Gha,C_recall_failure,0.22719298245614034,0.22719298245614034,0.22719298245614034,0.22719298245614034,2,48,68,Dɛn ne dwumadi ahorow anaa apɔw-mu-teɛteɛ ahorow bi a ɛma metumi de me ho hyɛ mu daa de hyɛ me katee ntini mu den na manya ahotoso kɛse sɛ mɛhyɛ me ho so dua wɔ asetra ne nnipa ntam tebea horow mu?
ID_VL_Eng_Gha_D5C9FDC7,Eng_Gha,C_recall_failure,0.22719298245614034,0.22719298245614034,0.22719298245614034,0.22719298245614034,0,0,58,Who can I talk to if I've experienced sexual abuse or violence?
ID_VL_Eng_Gha_C8CC7CFE,Eng_Gha,C_recall_failure,0.22724409448818894,0.2834042553191489,0.2834042553191489,0.2834042553191489,3,7,50,What role can youth-led organizations and advocacy groups play in influencing international funding decisions and advocating for increased investment in ASRH?
ID_VL_Aka_Gha_629C2AE3,Aka_Gha,C_recall_failure,0.22734939759036144,0.22734939759036144,0.2345821325648415,0.26582524271844665,57,10,67,"Dɛn ne mmara kwan so hokwan ne ahobammɔ a ɛwɔ hɔ ma wɔn a wɔanya wɔn ti adidi mu wɔ nna mu ɔbrasɛe anaa ayayade mu, na sɛ mihia a, mɛyɛ dɛn anya mmoa ne nneɛma a wɔde bɛma?"
ID_VL_Eng_Gha_C24369E7,Eng_Gha,C_recall_failure,0.22734939759036144,0.19028571428571428,0.22734939759036144,0.22734939759036144,7,1,46,How can communication with sexual partners about safe sex practices improve sexual health outcomes?
ID_VL_Aka_Gha_3D4CBF37,Aka_Gha,C_recall_failure,0.22739583333333332,0.1992307692307692,0.23977653631284912,0.23977653631284912,11,25,68,"Akwan bɛn na yebetumi afa so anya ahotoso ne obu ama yɛn ho yɛn ho wɔ nkitahodi a yɛne nnamfo, atipɛnfo, ne ɔdɔ ahokafo di wɔ nna mu apomoden ho gyinaesi ahorow ho no mu?"
ID_VL_Aka_Gha_F512C4C3,Aka_Gha,C_recall_failure,0.22744588744588742,0.26289473684210524,0.26289473684210524,0.26289473684210524,1,4,65,"Mɛyɛ dɛn atumi de nsusuwii a ɛyɛ katee ""critical thinking"" adi dwuma de asusuw nea ebetumi afi me nneyɛe mu aba wɔ m’ankasa yiyedi ne afoforo yiyedi so no ho?"
ID_VL_Aka_Gha_7B3A4E3E,Aka_Gha,C_recall_failure,0.2274814814814815,0.2274814814814815,0.25878612716763005,0.25878612716763005,7,1,74,Asiane ne mfaso bɛn na ɛbetumi aba wɔ asetra mu nsakrae anaa aduruyɛ mu nneɛma a wɔde wɔn ho bɛhyɛ mu ama mmabun a wɔrehwehwɛ wɔn bɔbeasu mu?
ID_VL_Aka_Gha_F335CBA3,Aka_Gha,C_recall_failure,0.22769230769230764,0.27749999999999997,0.2785882352941177,0.28967105263157894,68,41,76,Ɔkwan bɛn so na mmara ne nhyehyɛe ahorow a ɛfa awofo pene/bɔ amanneɛ a wɔde ma mmofra nkumaa a wɔrehwehwɛ nna ne awoɔ apomoden ho nhyehyɛe ho no nya tumi a mmabun wɔ sɛ wobenya ɔhwɛ no so nkɛntɛnso?
ID_VL_Amh_Eth_0323D342,Amh_Eth,D_weak_pool,0.22769230769230767,0.12333333333333332,0.3288888888888889,0.3288888888888889,15,2,59,ፀበል ወይም ዘይት ሄርፒስን ማዳን ይችላል?
ID_VL_Eng_Gha_9AE77EAB,Eng_Gha,C_recall_failure,0.22769230769230767,0.22769230769230767,0.22769230769230767,0.22769230769230767,0,0,56,"How can adolescents access crisis counseling services, including through hotlines, helplines, online chat platforms, mobile apps, or in-person appointments at counseling centers or healthcare facilities?"
ID_VL_Amh_Eth_715629EE,Amh_Eth,C_recall_failure,0.22769230769230767,0.22769230769230767,0.22769230769230767,0.296,39,9,55,ሄርፒስ እንዳላገባ ያደርገኝ ይሆን?
ID_VL_Eng_Gha_4926CE5F,Eng_Gha,C_recall_failure,0.2276923076923077,0.2276923076923077,0.2276923076923077,0.2276923076923077,3,0,55,"How does social media influence adolescents' perceptions and behaviors related to sexual and reproductive health (SRH), including decisions about relationships, contraception, and sexual activity?"
ID_VL_Aka_Gha_D92C9227,Aka_Gha,C_recall_failure,0.2276923076923077,0.2047208121827411,0.24268817204301074,0.24475452196382427,48,53,64,"Dɛn ne nipadua mu akwaa mu haw ahorow bi a ɛtaa ba a mmabun betumi anya, na ɔkwan bɛn so na akwaa ho adwumayɛbea ahorow betumi adi nsɛm yi ho dwuma?"
ID_VL_Eng_Eth_5E659654,Eng_Eth,C_recall_failure,0.2276923076923077,0.185,0.2466666666666667,0.2466666666666667,10,2,51,What is the most effective way to manage a rumor or stigma about a girl who had an early pregnancy?
ID_VL_Aka_Gha_ECFEDB99,Aka_Gha,C_recall_failure,0.2276923076923077,0.2130890052356021,0.23785714285714282,0.28030303030303033,57,8,67,Dɛn ne apɔwmuden ho nimdeɛ mu nneɛma atitiri a ɛfa nna ne awoɔ apɔwmuden ho?
ID_VL_Eng_Gha_48F1096D,Eng_Gha,C_recall_failure,0.2276923076923077,0.2276923076923077,0.2276923076923077,0.2276923076923077,0,3,55,What are some misconceptions about consent that I should be aware of?
ID_VL_Aka_Gha_43FF5011,Aka_Gha,C_recall_failure,0.2278730158730159,0.2278730158730159,0.29904109589041095,0.29904109589041095,6,11,59,Ɔkwan bɛn so na ɛsono mmara ne abrabɔ pa ho nsusuwii ma mmabun a wɔyem anaa wɔreyɛ awofo wɔ STI/HIV ano aduru ne nkyerɛkyerɛ nnwuma a wobenya ho?
ID_VL_Eng_Gha_96792482,Eng_Gha,C_recall_failure,0.22788927335640136,0.22788927335640136,0.22788927335640136,0.28590909090909095,23,27,40,"What role do healthcare providers play in providing post-abortion care to adolescents, and how can I engage with them for support and information?"
ID_VL_Aka_Gha_FF50BDE4,Aka_Gha,C_recall_failure,0.22794642857142855,0.22794642857142855,0.22794642857142855,0.22794642857142855,1,16,72,"Sɛ yɛhwɛ tetefon so mmoa mmeae a wɔboa nnipa wɔ ahokyere mu yi a, aso wɔgye nnipa biara tom na wɔbu obiara nneyɛeɛ ne n'asetena mu nsɛm (LGBTQ+ foɔ, abibifoɔ ne mmusuakuo ahorow, atubrafoɔ, atuofofoɔ, nnipa a wɔwɔ dɛm, ne nnipa a wɔbu wɔn animtiaa wɔ amansan mu no nyinaa) anaa?"
ID_VL_Eng_Gha_6CAC028C,Eng_Gha,C_recall_failure,0.2280503144654088,0.2280503144654088,0.24163265306122447,0.24163265306122447,8,5,42,Are there specialized services available within comprehensive sexual and reproductive health care for LGBTQ+ adolescents?
ID_VL_Eng_Gha_24EEB4A6,Eng_Gha,C_recall_failure,0.22816666666666663,0.22816666666666663,0.26971962616822426,0.26971962616822426,13,1,43,What techniques and strategies can be used to critically analyze media messages about sexual and reproductive health topics?
ID_VL_Aka_Gha_5487FD4F,Aka_Gha,C_recall_failure,0.2282978723404255,0.20323943661971827,0.2282978723404255,0.23093959731543623,64,5,69,"So ɛsɛ sɛ migye m’ahome wɔ awoɔ ano aduru a wɔde honam mu nkwammoa di dwuma ho, na ɔkwan bɛn so na ɛno betumi aka sɛnea etu mpɔn?"
ID_VL_Eng_Gha_4C3077C4,Eng_Gha,C_recall_failure,0.22829787234042553,0.22829787234042553,0.22829787234042553,0.22829787234042553,0,1,58,What are some examples of gender-based discrimination or inequality that adolescents may encounter in healthcare settings?
ID_VL_Aka_Gha_016B6287,Aka_Gha,C_recall_failure,0.22832713754646838,0.25202898550724634,0.26410774410774407,0.266140350877193,61,38,68,"Akwahosan ho adwumayɛbea ahorow a ɛbɛn hɔ no de nna ne awo ho akwahosan ho nnwuma ma kodu he, na kaa bɛn na wobetumi afa so akɔ wɔn nkyɛn?"
ID_VL_Swa_Ken_4DFA21BE,Swa_Ken,B_reranking_failure,0.22839506172839508,0.74,0.74,0.74,1,1,47,"Je, nifikirie kupima virusi vya ukimwi kabla ya kujaribu kushika mimba?"
ID_VL_Swa_Ken_CE072A52,Swa_Ken,B_reranking_failure,0.22839506172839508,0.74,0.74,0.74,0,1,61,"Je, nipime virusi vya ukimwi kabla ya kupata mimba?"
ID_VL_Eng_Uga_4E35DA80,Eng_Uga,C_recall_failure,0.22843478260869565,0.22843478260869565,0.22843478260869565,0.22843478260869565,1,0,48,What is menstruation and when does it typically start?
ID_VL_Aka_Gha_951F58D0,Aka_Gha,C_recall_failure,0.22852941176470587,0.22852941176470587,0.22852941176470587,0.22852941176470587,3,1,70,Nsɛm ne afotusem adwuma bɛn na wɔde ma mmabun a wɔresusuw ho sɛ wobeyi nyinsɛn agu?
ID_VL_Aka_Gha_7118E364,Aka_Gha,C_recall_failure,0.22852941176470593,0.22852941176470593,0.22852941176470593,0.2379899497487437,23,36,68,kwan bɛn so na nkamfo nhyehyɛe boa ma asetena mu nsakrae a ɛtrɛ ne sikasɛm mu atɛntrenee ba mmabun ne mpɔtam a wɔato wɔn sintidua so?
ID_VL_Aka_Gha_0692DC63,Aka_Gha,C_recall_failure,0.22856269113149846,0.24197718631178705,0.2846153846153846,0.2846153846153846,5,63,69,"Dwuma bɛn na akwaahosan ho adwumayɛfo, wɔn a wɔkasama , ne nhyehyɛeyɛfo di wɔ nyinsɛn a woyi gu ho mmara ne nhyehyɛe ahorow a wɔhyehyɛ mu, na ɔkwan bɛn so na mmabun betumi de wɔn ho ahyɛ mmɔden a wɔbɔ sɛ wɔkamfo kyerɛ mu de anya nhyehyɛe mu nsakrae so nsunsuanso?"
ID_VL_Eng_Eth_3DA70577,Eng_Eth,C_recall_failure,0.22872727272727275,0.2368,0.256734693877551,0.256734693877551,10,6,27,What are the signs that a baby can be born with syphilis?
ID_VL_Eng_Gha_1FDD980A,Eng_Gha,C_recall_failure,0.22886597938144326,0.22886597938144326,0.22886597938144326,0.22886597938144326,0,0,57,Why do I feel so tired all the time?
ID_VL_Eng_Gha_4910FADE,Eng_Gha,C_recall_failure,0.22904761904761903,0.22904761904761903,0.22904761904761903,0.27,46,43,54,"How can adolescents access HIV treatment services if they test positive, and what rights do they have to quality care and support?"
ID_VL_Eng_Gha_CA55E38B,Eng_Gha,C_recall_failure,0.22920353982300887,0.22920353982300887,0.22920353982300887,0.22920353982300887,0,1,51,"What are boundaries, and how do they differ from rules or expectations in relationships and interactions with peers, friends, and romantic partners?"
ID_VL_Eng_Gha_C422D03E,Eng_Gha,C_recall_failure,0.2292957746478873,0.2292957746478873,0.2709859154929577,0.2709859154929577,13,16,52,How can healthcare providers ensure that their approach to crisis intervention and support respects the cultural values and norms of adolescents and their families?
ID_VL_Eng_Uga_25F88C74,Eng_Uga,B_reranking_failure,0.2294,0.2294,0.74,0.74,5,5,50,Why is it important to monitor viral load regularly?
ID_VL_Aka_Gha_5715BD6F,Aka_Gha,C_recall_failure,0.22953703703703704,0.2720588235294118,0.2881730769230769,0.2881730769230769,14,6,59,"Ɔkwan bɛn so na ɔmanfo gyinapɛn ne nsusuwii hunu a ɛfa ɔbarima ne ɔbea asɛde ne nea wɔ hwehwɛ ahorow, broni ka no 'expectations' ho no boa ma wonya suban ne nneyɛe a ɛma nna mu basabasayɛ kɔ so tra hɔ?"
ID_VL_Aka_Gha_6142EA7D,Aka_Gha,C_recall_failure,0.22953703703703704,0.23741666666666666,0.24292929292929294,0.2564940239043825,40,46,73,"Dɛn ne anansesɛm ne adwene a ɛnteɛ a wɔtaa ka wɔ nna mu akwahosan ho a mmabun betumi ahyia wɔ nsɛm ho amanneɛbɔ mu, Intanɛt so dwumadibea ahorow, ne asetena mu nkitahodi ahorow so?"
ID_VL_Aka_Gha_D9441FA5,Aka_Gha,C_recall_failure,0.22965517241379307,0.24552995391705068,0.2505511811023622,0.2594805194805195,59,44,71,So afotu nhyehyɛe anaa nnwuma pɔtee bi wɔ hɔ a wɔayɛ ama mmabun ahiade a ɛfa STI/HIV ano a wosiw ho?
ID_VL_Eng_Gha_EA9E5C8D,Eng_Gha,C_recall_failure,0.22984848484848486,0.2447244094488189,0.2447244094488189,0.2447244094488189,3,0,51,How can boys and young men be engaged in efforts to promote gender equality and address issues such as gender-based violence?
ID_VL_Aka_Gha_944528C0,Aka_Gha,C_recall_failure,0.22992857142857143,0.24586319218241043,0.28777777777777774,0.28777777777777774,14,17,60,"Ɔkwan bɛn so na mmabun betumi ahu sɛ ebia wɔn apomoden ho insurance nhyehyɛe no tua nnwuma te sɛ nyinsɛn a wosiw ano, nna mu yareɛ nhwehwɛmu ne ayaresa, ne awoɔ apomoden ho nhwehwɛmu ho ka?"
ID_VL_Aka_Gha_42DEFFCC,Aka_Gha,C_recall_failure,0.23008403361344537,0.24440366972477065,0.24440366972477065,0.24457627118644068,71,18,75,"kwan bɛn so na mmabun betumi ahu nneɛma a ɛkanyan wɔn a ebetumi ama wɔanya atenka a emu yɛ den, na akwan bɛn na wobetumi afa so agyina nneɛma a ɛkanyan wɔn yi ano?"
ID_VL_Aka_Gha_7C5308BF,Aka_Gha,C_recall_failure,0.23012195121951218,0.28271794871794875,0.28271794871794875,0.29348441926345614,52,59,67,"Dwuma bɛn na amanaman ntam nkɔso adwumayɛbea ahorow, wɔn a wɔde mmoa ma, ne aman pii ahyehyɛde ahorow di wɔ mmoa a wɔde ma aman ma wɔayɛ mmara ne nhyehyɛe ahorow a ɛhyɛ mmabun nna ne awo akwahosan ho nkuran na wɔde adi dwuma no mu?"
ID_VL_Eng_Eth_14AEAF5C,Eng_Eth,D_weak_pool,0.23022222222222222,0.30565217391304345,0.3310526315789474,0.3310526315789474,10,36,54,Is there a cure for HPV?
ID_VL_Aka_Gha_CE777F00,Aka_Gha,C_recall_failure,0.23022222222222222,0.23022222222222222,0.23022222222222222,0.23022222222222222,1,38,66,"Ɔkwan bɛn so na atipɛnfo afotufo boa wɔn atipɛnfo ma wodi nhaw bi te sɛ nyiyim, ɔbarima ne ɔbea nna mu animhwɛ, ne nneɛma a wonnya pii wɔ sikasɛm mu ahoɔden akyi di mu?"
ID_VL_Eng_Eth_0E5DD462,Eng_Eth,C_recall_failure,0.23022222222222222,0.23022222222222222,0.2846153846153846,0.2846153846153846,17,14,49,What is the main cause of the recurring nature of Herpes outbreaks?
ID_VL_Aka_Gha_0BBB2599,Aka_Gha,C_recall_failure,0.23022222222222224,0.1866086956521739,0.23053846153846153,0.23053846153846153,6,13,59,Mɛyɛ dɛn atumi awura abusuabɔ bi mu sɛ mihu sɛ me hokafo no wɔ STI a?
ID_VL_Eng_Gha_F275B5F3,Eng_Gha,C_recall_failure,0.23033112582781456,0.23033112582781456,0.23033112582781456,0.23033112582781456,3,0,62,"What are the steps involved in reporting sexual violence to law enforcement, school officials, healthcare providers, or other relevant authorities, and what information or evidence should adolescents gather to support their case?"
ID_VL_Eng_Gha_09A9D1C1,Eng_Gha,C_recall_failure,0.230377358490566,0.230377358490566,0.24454935622317597,0.24791878172588833,25,22,57,What are some ways that adolescents can advocate for policies and practices that prioritize the safety and well-being of individuals in social settings where alcohol and drugs may be present?
ID_VL_Aka_Gha_6C307511,Aka_Gha,C_recall_failure,0.2304191616766467,0.2304191616766467,0.2304191616766467,0.2304191616766467,0,11,61,"Ɔkwan bɛn so na mmabun betumi asiesie wɔn ho ama aduruyɛ mmoa a wɔbɛkɔ akɔhwɛ wɔn, na nsɛm bɛn na ɛsɛ sɛ wɔde ma apɔwmuden ho adwumayɛfo na ama wɔahwɛ ahu sɛ wobenya ɔhwɛ a ɛfata?"
ID_VL_Aka_Gha_B7E6427C,Aka_Gha,C_recall_failure,0.2304918032786885,0.28108527131782945,0.28108527131782945,0.28108527131782945,0,0,56,"Adwumayɛ ho ntetee nhyehyɛe bɛn na mmabun betumi anya, na kwan bɛn so na wobetumi ahwɛ ahu sɛ nhyehyɛe ahorow yi bɛma wɔanya adwumayɛ hokwan ahorow a mfaso wɔ so na wɔanya sikasɛm mu ahofadi?"
ID_VL_Eng_Gha_D284F54E,Eng_Gha,D_weak_pool,0.2304918032786885,0.28561403508771926,0.3288888888888889,0.3288888888888889,5,0,46,Why is it important for adolescents to engage in reflective practices when navigating peer pressure and making decisions related to sexual and reproductive health?
ID_VL_Aka_Gha_91B0E1D9,Aka_Gha,C_recall_failure,0.2304918032786885,0.2304918032786885,0.26159235668789804,0.26159235668789804,14,5,74,"Dɛn ne mpɔtam-mpɔtam nkitahodie dwumadie, na ɛwan kwan so na eyi boa wɔ babaso ne HIV ho nkyerɛkyerɛ ne ho ban bɔ mu?"
ID_VL_Eng_Gha_548E1F6B,Eng_Gha,D_weak_pool,0.23049180327868857,0.2732307692307692,0.27931372549019606,0.3134722222222222,43,29,50,How can adolescents advocate for increased funding and resources to support community outreach and education efforts addressing sexual and reproductive health crises?
ID_VL_Aka_Gha_134C6C92,Aka_Gha,C_recall_failure,0.23064935064935066,0.25935691318327975,0.27862348178137647,0.27862348178137647,14,9,65,"Mɛyɛ dɛn ahwehwɛ mmofra ayɛ me mma (adoption) de ase me nyinsɛn anan mu, na mmoa adwuma bɛn na ɛwɔ hɔ ma me?"
ID_VL_Eng_Uga_4C80D33A,Eng_Uga,B_reranking_failure,0.2308256880733945,0.5947663551401868,0.5947663551401868,0.5947663551401868,0,3,43,"After how long should I tell my partner that I have Syphilis? , please answer in detail."
ID_VL_Aka_Gha_311C6EB6,Aka_Gha,C_recall_failure,0.23085470085470086,0.25046153846153846,0.25046153846153846,0.2579816513761468,61,21,65,"Dɛn ne hokwan ne asɛdeɛ ahorow a mmabun a wɔyem wɔ, wɔ ɛnanom apɔwmuden ho gyinaesie ne pene a wɔde nimdeɛ bɛma ho?"
ID_VL_Aka_Gha_B7E99ACA,Aka_Gha,C_recall_failure,0.23086350974930364,0.23993939393939392,0.2937113402061856,0.2937113402061856,10,5,71,"Mɛyɛ dɛn atumi anya nnuru a wɔde siw nyinsɛn ano ho nsɛm a ɛyɛ nokware, a nea ɛka ho ne sɛnea etu mpɔn, nea efi mu ba, ne akwankyerɛ a wɔde ma wɔ sɛnea wɔde di dwuma ho?"
ID_VL_Eng_Gha_20B71785,Eng_Gha,C_recall_failure,0.23088,0.27089285714285716,0.27089285714285716,0.27089285714285716,3,10,50,"How can adolescents use their own social media platforms to counteract harmful messages perpetuated by influencers and advocate for accurate, inclusive, and empowering ASRH information?"
ID_VL_Aka_Gha_E6B3C944,Aka_Gha,C_recall_failure,0.23093959731543623,0.2571186440677966,0.2754260089686099,0.2953781512605042,60,14,63,"Ɔkwan bɛn so na mmabun betumi akamfo nhyehyɛe, ne nnwuma a ɛhyɛ ɔhye so nkyerɛkyerɛ, pene amammerɛ, ne abusuabɔ a obu wom ho nkuran wɔ sukuu, mpɔtam, ne intanɛt so mmeae ahorow?"
ID_VL_Aka_Gha_0CD620C2,Aka_Gha,C_recall_failure,0.23098265895953757,0.23098265895953757,0.23315068493150687,0.2622784810126582,58,51,64,Ɔkwan bɛn so na mmabun betumi ahwɛ ahu sɛ wɔn ntam abusuabɔ gyina obuo ne pene a wɔpene so so?
ID_VL_Aka_Gha_DFDE4FBF,Aka_Gha,C_recall_failure,0.23108771929824562,0.288728323699422,0.288728323699422,0.288728323699422,2,3,65,"Sikasɛm mu mmoa nhyehyɛe bɛn na ɛwɔ hɔ a wɔde bɛboa mmabun ma wɔanya nhomasua ne adwumayɛ ho ntetee, na ɔkwan bɛn so na mmabun betumi de saa nneɛma yi adi dwuma yie?"
ID_VL_Aka_Gha_BAA80DD4,Aka_Gha,C_recall_failure,0.23112328767123286,0.23112328767123286,0.2687262872628726,0.27422343324250686,58,7,65,"Asiane ahorow, ɔhaw, ne abrabɔ pa ho nsusuwii ahorow bɛn na ebetumi aba a ɛfa nsɛm ho amanneɛbɔ mu nsɛm, intanɛt so, ne nkitahodie site ahorow a mede me ho bɛhyɛ mu wɔ atipɛnfo nhyɛso, kokoam nsɛm, mfidie so ayayade, ne ntentanfidie so ahobammɔ ho, na ɔkwan bɛn so na nsɛm ho amanneɛbɔ ho nimdeɛ betumi aboa me ma madi nsunsuanso yi so?"
ID_VL_Eng_Gha_248D31EC,Eng_Gha,C_recall_failure,0.23124999999999998,0.23124999999999998,0.23124999999999998,0.23124999999999998,4,3,53,What role do consent and autonomy play in maintaining safe and healthy relationships?
ID_VL_Eng_Gha_7FF4CEC6,Eng_Gha,C_recall_failure,0.23125,0.2009271523178808,0.23125,0.23125,6,1,52,How can cultural or religious communities create inclusive and supportive environments for marginalised adolescents while respecting traditional beliefs?
ID_VL_Amh_Eth_6961929E,Amh_Eth,C_recall_failure,0.23125,0.23125,0.23125,0.23125,1,0,62,ኤችፒቪ በጸሎት ወይም በባህላዊ መድሀኒቶች መፈወስ ይቻላል?
ID_VL_Aka_Gha_E0C53CB8,Aka_Gha,C_recall_failure,0.23160305343511445,0.22253623188405797,0.2702608695652174,0.2702608695652174,8,22,67,"Dwuma bɛn na atipɛnfo akyerɛkyerɛfo, ne wɔn a wɔkasa ma mmofra (youth advocates), ne ahyehyɛde ahorow a mmabun di wɔn anim betumi adi wɔ akwahosan nhyehyɛe ahorow a wɔbɛhyɛ mu den ne nhyehyɛe mu nsakrae a wɔbɛkamfo akyerɛ na ama mmabun nna ne awo akwahosan atu mpɔn no mu?"
ID_VL_Aka_Gha_87F7E1FB,Aka_Gha,C_recall_failure,0.23169329073482425,0.23917127071823208,0.2561538461538462,0.2634304207119741,51,5,62,"Ɔkwan bɛn so na wobetumi ama mmabun ankasa tumi ma wɔakamfo wɔn SRH hokwan ne wɔn ahiade ahorow wɔ ntawntawdi ne ntawntawdi akyi tebea horow mu, na akwanside bɛn na wohyia wɔ saayɛ mu?"
ID_VL_Aka_Gha_20AC3703,Aka_Gha,C_recall_failure,0.23186666666666664,0.23186666666666664,0.23186666666666664,0.25342465753424653,50,12,71,Mmra nhyehyɛe anaa akwan bɛn na ɛwɔ hɔ a wɔde bɛma ankorankoro anaa ahyehyɛde ahorow abu akontaa sɛ wɔabu mmabun nna ne awo hokwan ahorow so?
ID_VL_Eng_Eth_A974D079,Eng_Eth,C_recall_failure,0.23194029850746267,0.23194029850746267,0.23194029850746267,0.2759322033898305,39,12,51,What are the signs of a Postpartum Hemorrhage (PPH) and what is the immediate field response?
ID_VL_Aka_Gha_5D65A441,Aka_Gha,C_recall_failure,0.23203389830508475,0.1602061855670103,0.23203389830508475,0.23203389830508475,6,2,58,"Dɛn na ɛkyerɛ abusuabɔ anaa ayɔnkofa pa mu, na dɛn nti na ɛho hia?"
ID_VL_Aka_Gha_4DCABFB7,Aka_Gha,D_weak_pool,0.23207100591715976,0.24666666666666665,0.3379333333333333,0.3379333333333333,11,7,70,Intanɛt ne digital adwenemyareɛ ho nneɛma ahodoɔ bɛn na ɛwɔ hɔ ma mmabun?
ID_VL_Aka_Gha_27CB6F2A,Aka_Gha,C_recall_failure,0.23215686274509803,0.23215686274509803,0.25991735537190086,0.2728282828282828,45,54,63,kwan bɛn so na wobetumi de media ho adesua aka sukuu adesua nhyehyɛe ne mpɔtam hɔ nhyehyɛe ahorow ho de ama mmabun tumi ma wɔde wɔn ho ahyɛ nsɛm ho media ahorow mu yie?
ID_VL_Eng_Gha_1B2EDEDB,Eng_Gha,C_recall_failure,0.23215686274509806,0.23215686274509806,0.23286713286713284,0.23286713286713284,5,2,30,What are the signs of an unhealthy or abusive relationship?
ID_VL_Eng_Eth_DEDAB027,Eng_Eth,B_reranking_failure,0.23215686274509809,0.74,0.74,0.74,3,8,39,Does can girls get chlamydia? stop girls from having children?
ID_VL_Aka_Gha_F16287E4,Aka_Gha,D_weak_pool,0.2324607329842932,0.30256157635467984,0.30256157635467984,0.30256157635467984,1,1,61,Nneɛma bɛn na ɛwɔ hɔ a ɛbɛboa mmabun ma wɔanya awoɔ apɔwmuden ho nhyehyɛe?
ID_VL_Aka_Gha_DDD1DFB2,Aka_Gha,C_recall_failure,0.2324778761061947,0.19028571428571434,0.24408376963350786,0.24408376963350786,14,28,78,"Ne me kyɛ adwene a ɛfa asetra mu nneɛma a ɛkyerɛ apɔwmuden, ne sɛnea ebetumi anya STI asiane so nkɛntɛnso ho asɛm."
ID_VL_Aka_Gha_C5F8BC16,Aka_Gha,C_recall_failure,0.23257142857142854,0.2453475935828877,0.2453475935828877,0.2453475935828877,3,11,65,"So wobetumi de nnuro a wɔde siw nyinsɛn ano a egye ntɛmpɛ adi dwuma sɛ awo ano aduru a wɔde siw ano daa, anaasɛ wɔayɛ sɛ wɔde bedi dwuma bere ne bere mu wɔ tebea horow a egye ntɛmpɛ mu nkutoo?"
ID_VL_Eng_Uga_A520C3D0,Eng_Uga,C_recall_failure,0.23257142857142854,0.23257142857142854,0.23257142857142854,0.23257142857142854,2,1,63,Why do some people with HIV never get AIDS?
ID_VL_Eng_Eth_B18753E6,Eng_Eth,C_recall_failure,0.23257142857142857,0.23257142857142857,0.2363888888888889,0.2363888888888889,17,1,72,"What is the legal status of Abortion in this country, and when is it allowed?"
ID_VL_Eng_Uga_07958C1F,Eng_Uga,C_recall_failure,0.2325714285714286,0.2325714285714286,0.2325714285714286,0.2325714285714286,0,22,57,What should I do if someone pressures me for sex?
ID_VL_Eng_Gha_723EF466,Eng_Gha,C_recall_failure,0.23270440251572327,0.25653333333333334,0.2677386934673367,0.2677386934673367,9,7,54,"How do healthcare providers address cultural taboos and stigma surrounding certain sexual and reproductive health topics, such as contraception, abortion, and STI testing and treatment, to provide non-judgmental and supportive care to adolescents?"
ID_VL_Eng_Gha_932CAE01,Eng_Gha,C_recall_failure,0.23274193548387095,0.23274193548387095,0.23274193548387095,0.23274193548387095,2,0,62,"What strategies can educators use to address bullying, harassment, or discrimination based on body size, appearance, or physical characteristics within school settings?"
ID_VL_Aka_Gha_76F2DBFE,Aka_Gha,D_weak_pool,0.2328089887640449,0.3541428571428571,0.3541428571428571,0.3541428571428571,0,7,52,"So amammerɛ anaa nyamesom mu nsusuwii ahorow bi wɔ hɔ a, ebetumi aka sɛnea awofo anaa abusuafo yɛ wɔn ade wɔ mmabun nna ne awo akwahosan ho nsɛm ho?"
ID_VL_Eng_Gha_8BD88FCD,Eng_Gha,C_recall_failure,0.23280898876404493,0.23280898876404493,0.23280898876404493,0.23280898876404493,0,0,36,Why do I have to deal with body odor because of hormones?
ID_VL_Eng_Gha_827C9F8C,Eng_Gha,C_recall_failure,0.23286713286713284,0.23286713286713284,0.23286713286713284,0.23286713286713284,1,4,50,Are there community or school-based initiatives that promote positive peer influence and sexual health education?
ID_VL_Aka_Gha_2790CEBD,Aka_Gha,C_recall_failure,0.23289340101522843,0.24666666666666665,0.24789999999999998,0.2597551020408163,27,6,57,"Animtiaabu ne nyiyim bɛn na mmabun hyia a ɛfa nna ho bɔbea, ɔbarima ne ɔbea nna, awo a wɔpaw, ne nna mu nneyɛe ho, na ɔkwan bɛn so na osuahu ahorow yi nya wɔn yiyedi ne akwahosan ho nhyehyɛe a wobenya so nsusuasoɔ?"
ID_VL_Eng_Gha_25637CC3,Eng_Gha,C_recall_failure,0.23296296296296293,0.23296296296296293,0.23609523809523808,0.23609523809523808,14,0,39,How can cultural sensitivity promote inclusivity and respect for diverse perspectives within discussions about sexual and reproductive health?
ID_VL_Aka_Gha_A9BA5A27,Aka_Gha,D_weak_pool,0.23296296296296296,0.25183246073298426,0.2659375,0.3141899441340782,25,6,54,Mɛyɛ dɛn atumi anya ahotoso sɛ megyina m’ankasa me ne me gyinapɛn akyi bere a m’atipɛnfo nhyɛso ahyia no?
ID_VL_Eng_Gha_CD180A82,Eng_Gha,C_recall_failure,0.23309999999999997,0.2756862745098039,0.2917886178861788,0.2917886178861788,6,11,46,"What resources are available to help adolescents understand their rights related to consent and capacity in sexual and reproductive health, and where can they seek support if they have concerns about their rights being violated?"
ID_VL_Aka_Gha_06CB0FB3,Aka_Gha,C_recall_failure,0.23310000000000003,0.2907142857142857,0.2907142857142857,0.2907142857142857,1,0,62,Dwuma bɛn na insurance nnwumakuw di wɔ sɛnea wɔbɛkyerɛ sɛnea nna ne awo ho akwahosan ho nhyehyɛe a mmabun betumi atɔ no mu?
ID_VL_Eng_Gha_B0B39015,Eng_Gha,C_recall_failure,0.23310000000000003,0.23310000000000003,0.23310000000000003,0.23310000000000003,0,0,47,How can I support survivors of sexual violence and promote a culture of consent?
ID_VL_Aka_Gha_B00805CC,Aka_Gha,C_recall_failure,0.23315068493150687,0.21366197183098595,0.2760501567398119,0.2760501567398119,16,0,62,"Dwuma bɛn na nkitahodie akwan horow, te sɛ direct anaa indirect communication, di wɔ nkɔmmɔbɔ a ɛfa nsɛmti a ɛho hia te sɛ brayɛ, nyinsɛn ho nnuro, ne nna mu mpenesoɔ?"
ID_VL_Aka_Gha_366EB16F,Aka_Gha,C_recall_failure,0.23319327731092437,0.2923,0.2923,0.2923,1,16,66,"kwan bɛn so na nsɛm ho amanneɛbɔfo gyinabea ahorow a ɛfa nna mu pene, akɔnnɔ, ne anigye ho da ɔmanfo su ne gyidi ahorow a ɛtrɛw adi wɔ nna ho, titiri wɔ nsɛm te sɛ pene ho nkyerɛkyerɛ ne nna mu tumi a wɔde ma ho?"
ID_VL_Aka_Gha_0BD4A990,Aka_Gha,C_recall_failure,0.23333333333333334,0.23333333333333334,0.2895652173913043,0.2895652173913043,17,42,67,"Ɔkwan bɛn so na mmabun betumi akamfo nhyehyɛe ne nneyɛe a ɛma wonya nna mu nyarewa ""STI"" nhwehwɛmu, ayaresa, ne ano siw ho nnwuma a ɛfata bere a wobu hokwan ahorow a ankorankoro wɔ wɔ kokoamsɛm ne ahofadi ho no?"
ID_VL_Eng_Eth_DA509FED,Eng_Eth,B_reranking_failure,0.23368421052631577,0.45538461538461533,0.4933333333333334,0.6231578947368421,21,3,49,Can chlamydia lead to infertility in women?
ID_VL_Amh_Eth_5EDDBBBF,Amh_Eth,C_recall_failure,0.23368421052631577,0.24666666666666662,0.24666666666666662,0.24666666666666662,1,1,54,ክላሚዲያ ያለ ሕክምና ሊጠፋ ይችላል?
ID_VL_Aka_Gha_A1384DDC,Aka_Gha,C_recall_failure,0.23368421052631577,0.23368421052631577,0.24173333333333336,0.24173333333333336,7,57,73,"Akwan bɛn na awofo betumi afa so adi nsɛmti a ɛhia tema anaa akyinnyegye nsem ho mfonini wɔ media mu, te sɛ nna, basabasayɛ, nnuro a wɔde di dwuma, ne adwenemyare ho dwuma wɔ akwan a ɛfata mfe a mmabun adi na ɛma denhyɛ so?"
ID_VL_Eng_Uga_3283DAA4,Eng_Uga,B_reranking_failure,0.23368421052631577,0.74,0.74,0.74,0,10,36,"Treatment for the clap?, please answer this using simple medical terms."
ID_VL_Eng_Eth_87D5B7BE,Eng_Eth,C_recall_failure,0.23368421052631577,0.2267741935483871,0.2426229508196721,0.27015873015873015,36,10,69,"If the doctor gives me a simple pill, how can that kill a serious infection?"
ID_VL_Eng_Eth_59E1AC09,Eng_Eth,C_recall_failure,0.2336842105263158,0.2336842105263158,0.2336842105263158,0.2336842105263158,0,0,56,Can a woman become sick because her husband has another sexual partner?
ID_VL_Eng_Gha_F4D375C1,Eng_Gha,C_recall_failure,0.2336842105263158,0.2882105263157895,0.2882105263157895,0.2882105263157895,1,1,55,"How do cultural and societal norms influence the prevalence and impact of harmful media messages on adolescents, and how can cultural sensitivity and diversity be promoted in media representations?"
ID_VL_Aka_Gha_B70B3420,Aka_Gha,C_recall_failure,0.2336842105263158,0.26244186046511625,0.26244186046511625,0.26244186046511625,0,22,64,Dwuma bɛn na nsɛm ho amanneɛbɔ di wɔ adwene a ɛnteɛ a ɛfa mmabun a wɔadi dɛm ho a wɔma ɛkɔ so tra hɔ no mu na ɔkwan bɛn so na nsɛm ho amanneɛbɔ ho nimdeɛ betumi aboa ma wɔako atia saa ade yi?
ID_VL_Aka_Gha_EC5B227C,Aka_Gha,D_weak_pool,0.2339209726443769,0.31200000000000006,0.31200000000000006,0.31200000000000006,2,12,60,Ɔkwan bɛn so na nhwehwɛmufo betumi de mmabun ahyɛ wɔn nhyehyɛe mu sɛ ahokafo wɔ nhwehwɛmu a wɔbɛyɛ. Nhwehwɛmu a ɛfa nna ne awo akwahosan nsɛmti ho de ahwɛ ahu sɛ woagye wɔn gyinapɛn ato mu?
ID_VL_Aka_Gha_9BE578C7,Aka_Gha,C_recall_failure,0.23401709401709397,0.23401709401709397,0.23753086419753083,0.2531014492753623,25,5,69,"Dɛn ne afotu bi a ɛbɛma woanya nsɛm ho amanneɛbɔ ho nimdeɛ na ɛyɛ asɛdeɛ wɔ intanɛt so, a nea ɛka ho ne sɛ wobɛhwɛ kokoam nsɛm so, wobɛsɔ nneɛma a wɔn a wɔde di dwuma no agye adi, na woahyɛ digyital ɔman mma pa ne intanɛt so mpɔtam hɔfoɔ ho nkuran?"
ID_VL_Eng_Gha_0D700EA4,Eng_Gha,C_recall_failure,0.23401709401709403,0.23401709401709403,0.2509565217391304,0.2579816513761468,24,16,51,"What advocacy efforts are needed to ensure that the sexual and reproductive health rights of migrant and mobile adolescents are upheld and protected, both nationally and internationally?"
ID_VL_Eng_Gha_F204BE89,Eng_Gha,D_weak_pool,0.23408163265306123,0.23408163265306123,0.2647706422018349,0.3297029702970297,23,13,45,"How does displacement due to conflict, natural disasters, or climate change impact the sexual and reproductive health needs and rights of adolescents?"
ID_VL_Aka_Gha_BA81EDD9,Aka_Gha,C_recall_failure,0.2341772151898734,0.27469696969696966,0.27469696969696966,0.27469696969696966,0,29,58,Ɔkwan bɛn so na mmabun a sebi wɔadi dɛm betumi akamfo hokwan a wɔwɔ sɛ wonya nna ne awo akwahosan ho nnwuma a mmubuafo ka ho wɔ wɔn mpɔtam ne akyirikyiri?
ID_VL_Eng_Gha_CC1B4157,Eng_Gha,C_recall_failure,0.23417721518987342,0.23417721518987342,0.23417721518987342,0.23417721518987342,0,3,52,How can adolescents access emergency medical care if they experience complications following an abortion?
ID_VL_Aka_Gha_FB10987F,Aka_Gha,C_recall_failure,0.23440993788819878,0.17594405594405593,0.20030075187969923,0.23440993788819878,22,6,68,Dwuma bɛn na mpanyimfo anaa nyamesom akannifo di wɔ akwankyerɛ a wɔde ma wɔ nna ne awoɔ apomoden ho nsɛm ho wɔ yɛn mpɔtam hɔ?
ID_VL_Aka_Gha_46D483F3,Aka_Gha,C_recall_failure,0.23445544554455444,0.23445544554455444,0.24817073170731707,0.24969325153374233,58,48,70,Mɛyɛ dɛn aboa mmabun a wɔadi dɛm ma wɔate wɔn nna mu ne awo hokwan ahorow ase?
ID_VL_Eng_Gha_39FEB99C,Eng_Gha,C_recall_failure,0.23450704225352112,0.23450704225352112,0.23450704225352112,0.23450704225352112,0,0,50,"How can I distinguish between assertive, passive, and aggressive responses in different social or interpersonal contexts, and why is assertiveness considered the most effective communication style?"
ID_VL_Aka_Gha_A9D3C2E6,Aka_Gha,C_recall_failure,0.23450704225352115,0.23450704225352115,0.23450704225352115,0.23450704225352115,1,0,73,"Nneɛma bɛn na ɛwɔ hɔ ma mmabun a wɔwɔ HIV anaasɛ wɔwɔ asiane mu sɛ wobenya HIV, na ɔkwan bɛn so na wobetumi anya saa nneɛma yi?"
ID_VL_Aka_Gha_7E570DDF,Aka_Gha,C_recall_failure,0.23455357142857142,0.23455357142857142,0.23455357142857142,0.23455357142857142,3,1,67,"Dɛn ne awofoyɛ, na sɛ me si gyinae sɛ mɛtoa me nyinsɛn no so na mabɛyɛ ɔwofo a, nneɛma bɛn na ɛsɛ sɛ misusuw ho?"
ID_VL_Eng_Gha_0B2F6D5C,Eng_Gha,C_recall_failure,0.23463414634146337,0.23841004184100417,0.23841004184100417,0.23841004184100417,0,0,33,How do youth employment programs and internships contribute to the economic empowerment of adolescents?
ID_VL_Aka_Gha_6E0D2648,Aka_Gha,C_recall_failure,0.23470149253731343,0.24575645756457565,0.2765124555160142,0.2898333333333333,68,25,72,"Ɔkwan bɛn so na kasa mu akwanside ne kasa ahorow a ɛwɔ hɔ no haw mmabun a wobenya nna ne awo akwahosan ho nsɛm, nneɛma, ne nnwuma, titiriw ma atubrafo ""immigrant"" anaa mpɔtam a wɔato wɔn hintidua ""marginalized"" no?"
ID_VL_Aka_Gha_4EEA04E7,Aka_Gha,C_recall_failure,0.23474320241691843,0.23647382920110188,0.2792837465564738,0.2792837465564738,16,40,55,"Ɔkwan bɛn so na akwaahosan ho nhyehyɛe a wobenya, a nhwehwɛ mu ne ayaresa ka ho, nya mmɔden a wɔbɔ sɛ wobesiw nna mu yarewa a yɛfrɛ no wɔ broɔfo kasa mu sɛ STI ne HIV ano wɔ wiase nyinaa no so nsunsuanso?"
ID_VL_Aka_Gha_30BEB45F,Aka_Gha,C_recall_failure,0.235,0.235,0.235,0.235,0,22,63,Ɔkwan bɛn so na mmabun betumi akɔ so anya nsɛm a wɔahu ne nea efi mu ba wɔ nhwehwɛmu ne nhwehwɛmu dwumadi ahorow a nea aborɔfo ka no 'crisis intervention programs' na ahyehyɛ?
ID_VL_Eng_Uga_B8E19F56,Eng_Uga,B_reranking_failure,0.2350588235294118,0.574757281553398,0.74,0.74,12,5,50,What are the complications of chlamydia during pregnancy?
ID_VL_Eng_Gha_83599AF6,Eng_Gha,C_recall_failure,0.2352317880794702,0.2352317880794702,0.2352317880794702,0.2352317880794702,0,0,57,How can I support my partner's well-being while also taking care of my own?
ID_VL_Aka_Gha_C7B5B2BC,Aka_Gha,C_recall_failure,0.23545454545454542,0.26173027989821884,0.2627,0.3387465940054496,52,8,71,"Ɔkwan bɛn so na mmara ne nhyehyɛe nhyehyɛe ahorow betumi adi mmabun ahiade ne nokwasɛm ahorow a ɛrekɔ so wɔ wiase a ɛresakra ntɛmntɛm mu, a nsɛm a ɛrepue a ɛfa abɛɛfo ntetan apomoden mfiridwuma, wim nsakrae, ne wiase nyinaa akwahosan ho haw ahorow ho ka ho?"
ID_VL_Amh_Eth_4DC82A1E,Amh_Eth,C_recall_failure,0.23545454545454544,0.23545454545454544,0.23545454545454544,0.23545454545454544,0,5,55,የሁማን ፓፒሎማ ቫይረስ (HPV) ምልክቶች ምንድናቸው?
ID_VL_Eng_Gha_98549F22,Eng_Gha,C_recall_failure,0.23545454545454547,0.23545454545454547,0.23545454545454547,0.23545454545454547,0,3,54,How does media influence shape perceptions and attitudes towards adolescent sexual and reproductive health topics?
ID_VL_Aka_Gha_1D48A071,Aka_Gha,C_recall_failure,0.23560538116591928,0.28035242290748896,0.2846153846153846,0.29173076923076924,44,0,55,Ɔkwan bɛn so na mmabun betumi ahwɛ ahu sɛ wɔn akwahosan ho adwumayɛfo bedi wɔn ahofadi so na wɔama wɔn nsɛm a wohia na ama wɔasisi gyinae a ɛfata wɔ wɔn nna ne awo akwahosan ho?
ID_VL_Aka_Gha_D5F25073,Aka_Gha,C_recall_failure,0.23564245810055864,0.25529999999999997,0.28010230179028134,0.28010230179028134,11,31,61,Mɛyɛ dɛn ako ama  mmoa ne nhyehyɛe ɛwɔ  nyinsɛnyiguoɔ akyi  akɔ soro ama mmabun a wɔwɔ me mpɔtam anaa me mantam mu?
ID_VL_Eng_Gha_8DDCE719,Eng_Gha,C_recall_failure,0.2356687898089172,0.2834042553191489,0.2834042553191489,0.2834042553191489,0,1,45,"What are examples of successful initiatives and programs that have effectively implemented inclusive sexual and reproductive health education practices, and how can these models be replicated or adapted in other settings?"
ID_VL_Aka_Gha_A8E56E0C,Aka_Gha,D_weak_pool,0.23582417582417578,0.30557213930348254,0.30557213930348254,0.3184242424242424,55,16,65,"Ɔkwan bɛn so na mmabun betumi de wɔn ho ahyɛ gyinaesi ahorow a ɛka wɔn nna ne awo akwahosan mu, ankorankoro ne kuw nyinaa?"
ID_VL_Aka_Gha_839FBC50,Aka_Gha,C_recall_failure,0.23594202898550726,0.23594202898550726,0.23594202898550726,0.23594202898550726,0,6,64,Dɛn ne akwan ahorow bi a wɔfa so hwehwɛ asiane ne mfaso a ɛwɔ akwan horow a wɔfa so siw nyinsɛn ano mu na wɔpaw nea ɛfata me?
ID_VL_Eng_Gha_23245211,Eng_Gha,C_recall_failure,0.236,0.236,0.236,0.236,0,1,53,How do I recognize and respond to grooming and predatory behavior from strangers online?
ID_VL_Eng_Gha_D4D60735,Eng_Gha,C_recall_failure,0.23630252100840338,0.1625757575757576,0.23630252100840338,0.23630252100840338,9,2,44,What information must be reported when making a mandatory report of suspected abuse or assault?
ID_VL_Aka_Gha_ED2662E9,Aka_Gha,C_recall_failure,0.2366144200626959,0.2518674698795181,0.2727428571428572,0.2727428571428572,8,15,68,"Dɛn na pene a wɔpene so kyerɛ wɔ abusuabɔ ho, na ɔkwan bɛn so na mmabun betumi ahwɛ ahu sɛ nkitahodie nyinaa yɛ nea wɔpene so na egyina wɔn baanu nyinaa adwene so?"
ID_VL_Aka_Gha_693DFFBC,Aka_Gha,C_recall_failure,0.23662790697674416,0.222,0.24102857142857143,0.2704827586206896,58,26,62,kwan bɛn so na mmabun betumi aka nea wɔpɛ wɔ ɔhwɛ akyi nnwuma ho?
ID_VL_Aka_Gha_EB5CF467,Aka_Gha,C_recall_failure,0.23670807453416148,0.23414925373134327,0.2555048859934853,0.27785440613026824,31,35,67,"Ɔkwan bɛn so na wobetumi ama nhomasua nhyehyɛe ahorow no ayɛ nea ɛka obiara ho kɛse na ayɛ nea ɛfa mmabun a wɔadi dɛm, a wofi nkurow nketewa mu, anaa wɔte nkuraase no adesua ahiade ahorow ne nea wɔpɛ ho?"
ID_VL_Amh_Eth_8AE769ED,Amh_Eth,C_recall_failure,0.2368,0.2368,0.2368,0.2368,1,1,56,"""ወንዶችም በኤች.ፒ.ቪ ሊያዙ ይችላሉ?"" ለሚለው ጥያቄ የጤና ባለሙያዎች ምን ይላሉ?"
ID_VL_Aka_Gha_17A0DF49,Aka_Gha,C_recall_failure,0.2368976897689769,0.2271287128712871,0.24491103202846978,0.27723342939481266,62,23,72,Akwan bɛn na mmabun betumi afa so afi akwanside anaa tebea horow a ɛhaw adwene mu na wɔakɔ so agyina nsɛnnennen ano?
ID_VL_Eng_Uga_64F434D6,Eng_Uga,C_recall_failure,0.2368976897689769,0.2368976897689769,0.2368976897689769,0.2368976897689769,1,5,47,What is the experience like when engaging in sexual activity?
ID_VL_Aka_Gha_DB20A56E,Aka_Gha,C_recall_failure,0.2370873786407767,0.2370873786407767,0.28423841059602645,0.28423841059602645,5,40,59,"Ɔkwan bɛn so na sukuu ne nhomasua asoɛe ahorow betumi aboa ma wɔabɔ mmɔden sɛ wobesiw ""HIV"" ano na wɔasa mmabun yiye?"
ID_VL_Aka_Gha_AEFCFAD8,Aka_Gha,C_recall_failure,0.23712707182320444,0.23712707182320444,0.2388976377952756,0.2388976377952756,9,6,73,"So mmoa akuw, atipɛnfo nkitahodie, anaa mpɔtam hɔ nneɛma bi wɔ hɔ a mmabun betumi anya wɔ bere a wɔde di akyi ne bere a wɔde hwɛ akyi no mu?"
ID_VL_Aka_Gha_5E6FEA07,Aka_Gha,C_recall_failure,0.23722488038277512,0.23824390243902438,0.25178423236514524,0.2529591836734694,69,7,77,"kwan bɛn so na mmabun betumi agyina na wɔatumi ayɛ nsakrae wɔ wɔn sikasɛm so, titiri bere a nsɛm a wɔnhwɛ kwan anaa sikasɛm mu nsɛnnennen hyia no?"
ID_VL_Eng_Gha_53F28F11,Eng_Gha,C_recall_failure,0.23735849056603775,0.23735849056603775,0.23735849056603775,0.2433333333333333,41,31,46,What role do online platforms and digital health technologies play in providing accessible and inclusive sexual and reproductive health information and services to adolescents?
ID_VL_Aka_Gha_72D8567D,Aka_Gha,C_recall_failure,0.2374061433447099,0.2508474576271187,0.27715355805243447,0.27715355805243447,18,8,61,"Dwuma bɛn na awofoɔ, ahwɛfo, ne mpɔtam hɔfo di wɔ nna ne awo akwahosan ho nkyerɛkyerɛ a wɔde ma wɔ sukuu ahorow mu no mu, na ɔkwan bɛn so na wobetumi de wɔn adwene fa pem ne wɔn adwene aka adesua nhyehyɛe no ho?"
ID_VL_Aka_Gha_F9E8A369,Aka_Gha,C_recall_failure,0.23741666666666666,0.2294,0.29829457364341083,0.29829457364341083,5,17,62,So mmara kwan so akwanside ahorow anaa nhyehyɛe mu nsɛnnennen bi wɔ hɔ a ɛma ɛyɛ den ma mmabun sɛ wɔbenya nyinsɛn a woyi gu ho nhyehyɛe ahorow?
ID_VL_Eng_Gha_D6D441CC,Eng_Gha,C_recall_failure,0.23746268656716418,0.23746268656716418,0.24290076335877864,0.24290076335877864,7,5,56,"Can we establish an atmosphere of trust and openness where I feel comfortable coming to you with any questions or concerns, no matter how sensitive they may be?"
ID_VL_Aka_Gha_4C66E0A8,Aka_Gha,C_recall_failure,0.23757894736842108,0.23757894736842108,0.23757894736842108,0.23757894736842108,2,18,64,"Ɔkwan bɛn so na mmabun betumi de abɛɛfo ntentan, intanɛt so dwumadibea ahorow, ne dijitaal nnwinnade adi dwuma de ama wɔn nne ayɛ kɛse na wɔako ama sikasɛm mu ahoɔden a wɔde bɛma?"
ID_VL_Aka_Gha_778EEDB3,Aka_Gha,C_recall_failure,0.23785714285714282,0.25138755980861244,0.25138755980861244,0.30445714285714287,60,0,65,Ɛdɛn ne nsɛmti anaa nsɛm a wɔtaa di ho dwuma wɔ mpɔtam hɔ asɛnka nhyehyɛe ahorow a ɛfa mmabun nna ne awo akwahosan ho no bi?
ID_VL_Aka_Gha_F05DB76E,Aka_Gha,D_weak_pool,0.23785714285714282,0.23785714285714282,0.3093121693121693,0.3093121693121693,10,16,63,"Ɔkwan bɛn so na awofo, wɔn a wɔhwɛ wɔn, akyerɛkyerɛfo, nyamesom akannifo ne akwahosan ho adwumayɛfo betumi aboa mmabun ma wɔanya akwahosan ho nimdeɛ a ɛfa nna ne awo akwahosan ho?"
ID_VL_Eng_Uga_10ECEB1F,Eng_Uga,B_reranking_failure,0.23804195804195805,0.74,0.74,0.74,0,15,67,How can I get PrEP if I need it?
ID_VL_Aka_Gha_BF3C4C06,Aka_Gha,D_weak_pool,0.23806970509383377,0.2736986301369863,0.3210919540229885,0.33115,21,15,58,"Dɛn ne nneɛma atitiriw anaa ahokokwaw a ɛwɔ nsɛm ho amanneɛbɔ ho nimdeɛ mu, te sɛ nsɛm ho amanneɛbɔ nkrasɛm a wɔte ase, nsɛm ho amanneɛbɔ mu nsɛm a wobisabisa ho, nsɛm ho amanneɛbɔfo gyinabea ahorow a wɔkyerɛ ase, ne nsɛm ho amanneɛbɔ nkrasɛm a wɔyɛ, na ɔkwan bɛn so na ɛfa atipɛnfo nhyɛso ne gyinaesi wɔ abusuabɔ?"
ID_VL_Eng_Gha_0C394EC7,Eng_Gha,C_recall_failure,0.23808695652173917,0.21717391304347827,0.23808695652173917,0.23808695652173917,6,1,53,Are there government programs or initiatives that provide financial assistance for adolescents to access affordable sexual and reproductive healthcare services?
ID_VL_Swa_Ken_95CA788D,Swa_Ken,B_reranking_failure,0.23819742489270387,0.3710027100271003,0.74,0.74,16,5,60,"Je, virusi vya ukimwi ina madhara ya muda mrefu ambayo yanaendelea hadi mwisho wa maisha ya mtu?"
ID_VL_Eng_Gha_8693FD9D,Eng_Gha,C_recall_failure,0.23851239669421487,0.23851239669421487,0.2594252873563218,0.2594252873563218,10,5,43,How do religious beliefs and teachings influence attitudes and behaviors regarding sexuality and reproductive health among adolescents?
ID_VL_Aka_Gha_0822E8F3,Aka_Gha,C_recall_failure,0.23851239669421487,0.23851239669421487,0.2398901098901099,0.2398901098901099,16,22,66,Ɔkwan bɛn so na ɔhwɛ a wɔde adwenemhaw hu betumi aboa ma nneɛma pa aba mmabun a wɔrenya ahoɔden afi nna anaa awo mu apɔwmuden ho haw ahorow mu no?
ID_VL_Eng_Ken_E5267A2B,Eng_Ken,C_recall_failure,0.23851239669421487,0.23851239669421487,0.23851239669421487,0.23851239669421487,0,46,58,What is the immune system?
ID_VL_Eng_Ken_836435E3,Eng_Ken,C_recall_failure,0.23863192182410425,0.23863192182410425,0.28461538461538455,0.2976086956521739,51,0,55,Is there a specific duration during which P2 is effective in preventing pregnancy?
ID_VL_Eng_Gha_19E45C6A,Eng_Gha,C_recall_failure,0.23870967741935484,0.26268398268398263,0.28035242290748896,0.28035242290748896,8,0,52,How can I advocate for comprehensive sexual education and access to reproductive health services in my community?
ID_VL_Eng_Gha_C56BAD4C,Eng_Gha,C_recall_failure,0.23883597883597885,0.23049180327868857,0.23883597883597885,0.23883597883597885,7,2,56,"How can health systems adapt and innovate in response to emerging challenges and opportunities in adolescent sexual and reproductive health, including changes in technology, social norms, and healthcare delivery models?"
ID_VL_Eng_Gha_B6D1F6BB,Eng_Gha,D_weak_pool,0.23886075949367086,0.3063694267515924,0.3063694267515924,0.3063694267515924,4,6,41,"How can adolescents critically evaluate the credibility and trustworthiness of social media influencers' content on ASRH topics, considering factors such as expertise, evidence-based information, and potential biases?"
ID_VL_Eng_Gha_2E4BEBC4,Eng_Gha,C_recall_failure,0.23886075949367086,0.18385093167701863,0.23886075949367086,0.23886075949367086,7,2,53,"Can STIs and HIV be prevented, and if so, what are the most effective prevention methods?"
ID_VL_Aka_Gha_81D2C7DE,Aka_Gha,C_recall_failure,0.23895833333333333,0.23895833333333333,0.23895833333333333,0.23895833333333333,2,5,76,"Tu mpɔn Akwan bɛn so na Abusua nhyehyɛe ho horow a  wɔde si nyinsɛn ano mu, na nneɛma bɛn na ebetumi aka sɛnea etu mpɔn?"
ID_VL_Aka_Gha_93CD59BF,Aka_Gha,C_recall_failure,0.23895833333333333,0.23895833333333333,0.23895833333333333,0.24155440414507773,29,21,63,So akwan ahorow wɔ hɔ ma me sɛ mede me ho bɛhyɛ nkɔmmɔbɔ anaa dwumadi ahorow a ɛhyɛ m’ankorankoro gyinapɛn ne gyidi ahorow a ɛfa nna ne awo akwahosan ho mu den na ɛfoa so mu?
ID_VL_Aka_Gha_CD5F4822,Aka_Gha,C_recall_failure,0.23907692307692308,0.2719277108433735,0.29516853932584264,0.29516853932584264,13,1,62,"Dɛn ne nsusuwii hunu a wɔtaa de di dwuma, mmarima ne mmea ho gyinapɛn ahorow, ne amammerɛ mu sɛnkyerɛnne ahorow a wɔma ɛkɔ so tra hɔ wɔ aguadi ho dawurubɔ ne aguadi mu a ɛfa nna ne awo akwahosan ho no bi?"
ID_VL_Eng_Gha_6D15F16F,Eng_Gha,C_recall_failure,0.2391919191919192,0.25,0.25,0.25,2,8,41,"How can I speak up safely if I witness someone bullying or harassing another person online? (reporting options, de-escalation strategies)"
ID_VL_Eng_Eth_15DA705C,Eng_Eth,C_recall_failure,0.23941176470588232,0.23941176470588232,0.23941176470588232,0.23941176470588232,0,40,49,How much does ARV medicine cost if the public clinic runs out?
ID_VL_Swa_Ken_A8909E31,Swa_Ken,D_weak_pool,0.23941176470588235,0.23941176470588235,0.23941176470588235,0.3819354838709678,34,3,66,"Je, ni vifo vingapi vinavyoripotiwa kati ya watoto wenye umri kati ya miaka 0 hadi 14?"
ID_VL_Eng_Gha_EDD97A1A,Eng_Gha,D_weak_pool,0.23971830985915493,0.3385620915032679,0.3385620915032679,0.3385620915032679,1,2,55,What resources and support services are available within the community to help adolescents navigate cultural barriers and access culturally competent sexual and reproductive healthcare?
ID_VL_Aka_Gha_89C8D2AB,Aka_Gha,C_recall_failure,0.23981481481481481,0.23981481481481481,0.2572380952380952,0.2572380952380952,7,2,53,"Dwuma bɛn na apomoden ho adwumayɛfo di wɔ mmoa a mmabun wɔ, wɔ wɔn awoɔ hokwan ne ahofadi a wɔwɔ mu?"
ID_VL_Amh_Eth_A99F1318,Amh_Eth,B_reranking_failure,0.23999999999999996,0.6206451612903225,0.6206451612903225,0.6206451612903225,0,36,69,ጤናማ መስሎ መታየት እችላለሁ እና አሁንም ኤች አይ ቪ አለብኝ፣ እና ፈውስ አለ?
ID_VL_Swa_Ken_460A6125,Swa_Ken,C_recall_failure,0.24025974025974026,0.27226415094339623,0.27226415094339623,0.2764367816091954,26,11,56,"Je, ni dawa gani zinazopatikana za kutibu magonjwa ya zinaa, na ni hospitali gani ninaweza kutembelea kwa usaidizi?"
ID_VL_Eng_Ken_37E9D2E2,Eng_Ken,B_reranking_failure,0.24034188034188037,0.24666666666666665,0.74,0.74,10,18,34,Is it possible to have sex with a HIV positive person and not contract HIV?
ID_VL_Aka_Gha_BFC00DC8,Aka_Gha,C_recall_failure,0.24061349693251532,0.24061349693251532,0.25813953488372093,0.25813953488372093,8,53,68,Ntetee anaa nhomasua bɛn na apɔwmuden ho adwumayɛfo hia na wɔde ɔhwɛ a ɛfa adwenemhaw ho ama mmabun?
ID_VL_Eng_Gha_B12B6680,Eng_Gha,C_recall_failure,0.24072289156626506,0.24072289156626506,0.24072289156626506,0.24072289156626506,0,0,48,What are the long-term impacts of participating in peer-led sexual and reproductive health education and support programs on adolescents' health outcomes and behaviors?
ID_VL_Eng_Gha_8ED6AD5E,Eng_Gha,C_recall_failure,0.24072289156626506,0.24457627118644068,0.24457627118644068,0.26048000000000004,33,39,52,What role do media and popular culture play in perpetuating or challenging gender inequality and stereotypes?
ID_VL_Eng_Gha_FB25664D,Eng_Gha,C_recall_failure,0.24072289156626508,0.2597872340425532,0.2597872340425532,0.2597872340425532,1,0,50,Can healthcare providers guarantee confidentiality when providing crisis intervention and support to adolescents?
ID_VL_Eng_Gha_43C07D43,Eng_Gha,C_recall_failure,0.24072289156626508,0.25084745762711863,0.25084745762711863,0.25084745762711863,2,12,48,"What role does power dynamics, age differences, social status, and other factors play in situations where coercion or pressure may occur, and how can adolescents navigate these dynamics assertively and safely?"
ID_VL_Eng_Gha_734A6CA3,Eng_Gha,C_recall_failure,0.24079365079365078,0.24079365079365078,0.24079365079365078,0.24079365079365078,0,0,42,How can I navigate conflicts between my cultural or religious beliefs and my own feelings or experiences regarding sexuality?
ID_VL_Amh_Eth_61607459,Amh_Eth,D_weak_pool,0.2409302325581395,0.30358974358974355,0.30358974358974355,0.30358974358974355,3,4,67,ሕፃናት ከቂጥኝ በሽታ ጋር ሊወለዱ ይችላሉ? እንዴትስ ይያዛሉ?
ID_VL_Aka_Gha_688C7015,Aka_Gha,C_recall_failure,0.24093023255813953,0.24093023255813953,0.24093023255813953,0.24093023255813953,1,1,63,Ɔkwan bɛn so na animtiaabu boa ma wɔyɛ nyiyimu tia nnipa a wɔwɔ STI anaa HIV?
ID_VL_Eng_Gha_D49405F0,Eng_Gha,C_recall_failure,0.24093023255813953,0.24093023255813953,0.24093023255813953,0.24093023255813953,0,1,57,How can pregnant adolescents ensure they have a birth plan that meets their needs and preferences?
ID_VL_Aka_Gha_6B8E869F,Aka_Gha,C_recall_failure,0.24130434782608695,0.19830065359477123,0.24130434782608695,0.2734782608695652,48,2,61,Dɛn nti na mmarima ne mmea pɛyɛ ho hia wɔ mmabun nna ne awo apɔwmuden ho?
ID_VL_Eng_Gha_6B352F85,Eng_Gha,C_recall_failure,0.2413620071684588,0.2812,0.2812,0.2812,3,32,53,"What are the rights and responsibilities of adolescents regarding their sexual health and STI testing, and how can I assert my rights in healthcare settings?"
ID_VL_Eng_Uga_F6D70248,Eng_Uga,B_reranking_failure,0.24141843971631202,0.74,0.74,0.74,3,17,46,"What is the background of genital Herpes?, please answer this using simple medical terms."
ID_VL_Eng_Gha_044251DB,Eng_Gha,C_recall_failure,0.2414406779661017,0.2414406779661017,0.25261044176706826,0.25261044176706826,14,7,50,How can adolescents engage in policy advocacy to promote systemic changes that address the root causes of food and housing insecurity in their communities?
ID_VL_Aka_Gha_956269F0,Aka_Gha,C_recall_failure,0.2416326530612245,0.2592356687898089,0.27315436241610735,0.27315436241610735,11,67,70,"Ɔkwan bɛn so na mmara, nhyehyɛe, ne nneyɛe a ɛfa nyiyim ho no ka tumi a mmabun wɔ sɛ wobenya nna ne awo akwahosan ho nhyehyɛe ne nsɛm?"
ID_VL_Aka_Gha_6C6FA611,Aka_Gha,D_weak_pool,0.24170854271356784,0.2562770562770563,0.301747572815534,0.301747572815534,14,20,67,"Ɔkwan bɛn so na kasa mu akwanside ""language barrier"" haw mmabun tumi a wɔde nya nna ne awo akwahosan ho nsɛm ne nnwuma ntease, na nneɛma bɛn na wɔayɛ de ama kasa nkyerɛase ne nkyerɛase?"
ID_VL_Aka_Gha_7FCD9EB1,Aka_Gha,C_recall_failure,0.24173333333333333,0.25633986928104574,0.26516666666666666,0.26516666666666666,12,34,63,Nkyerɛkyerɛ ho nneɛma bi wɔ hɔ a ɛbɛboa mmabun ma wɔate hokwan ahorow ne akwan horow a wobetumi afa so wɔ nyinsɛn ne awo hwɛ ho ase?
ID_VL_Aka_Gha_F50BEA63,Aka_Gha,C_recall_failure,0.2418300653594771,0.2418300653594771,0.2418300653594771,0.2418300653594771,0,0,70,Asiane bɛn na ɛwɔ nkitahodie a ahobammɔ nnim anaasɛ ɛnyɛ papa mu a wɔde wɔn ho bɛhyɛ mu?
ID_VL_Eng_Gha_04D9145E,Eng_Gha,C_recall_failure,0.24185365853658536,0.2897169811320755,0.2897169811320755,0.2897169811320755,1,1,49,"How can parents, caregivers, and other adults support adolescents in understanding and exercising their sexual and reproductive rights?"
ID_VL_Aka_Gha_B27B3D90,Aka_Gha,C_recall_failure,0.24188365650969523,0.24188365650969523,0.24188365650969523,0.24188365650969523,1,19,70,Dɛn ne akwan bi a wɔfa so di nna mu ɔhaw ahorow ho dwuma wɔ nketahodi a ɛyɛ papa na ɛboa no mu?
ID_VL_Eng_Gha_A1C7CC8A,Eng_Gha,C_recall_failure,0.2420560747663551,0.23326086956521738,0.2778902953586498,0.2778902953586498,7,1,58,"How can health systems strengthen linkages between sexual and reproductive health services and other essential health services, such as mental health support, HIV/AIDS prevention and treatment, and noncommunicable disease management?"
ID_VL_Aka_Gha_B963F37F,Aka_Gha,C_recall_failure,0.24205607476635513,0.27889447236180903,0.27889447236180903,0.27889447236180903,3,12,58,kwan bɛn so na akwahosan ho adwumayɛfo betumi ahwɛ ahu sɛ amammerɛ mu tema ne obu ma adwene ahorow wɔ hɔ bere a wɔde ASRH nnwuma rema mmabun a wofi amammerɛ ahorow mu?
ID_VL_Aka_Gha_E7067EF4,Aka_Gha,C_recall_failure,0.24205607476635513,0.2971212121212121,0.2971212121212121,0.2971212121212121,3,20,59,"Fa kasa a ɛyɛ nokware wɔ aduruyɛ mu di dwuma, na kwati atemmu nsɛm bere a woresusuw nyinsɛn a woyi gu ho no."
ID_VL_Eng_Gha_C14565C7,Eng_Gha,C_recall_failure,0.24205607476635516,0.24205607476635516,0.24205607476635516,0.24205607476635516,0,0,52,"What should adolescents do if they find themselves in a crisis situation where their safety plan isn't effective, and how can they reach out for help or emergency assistance promptly?"
ID_VL_Eng_Gha_2C33350C,Eng_Gha,C_recall_failure,0.24209876543209874,0.25208791208791204,0.25208791208791204,0.25208791208791204,0,13,55,What are the differences between feeling sad or anxious occasionally and experiencing a mental health disorder?
ID_VL_Lug_Uga_E0821918,Lug_Uga,D_weak_pool,0.24213235294117647,0.24213235294117647,0.30417177914110427,0.30417177914110427,11,19,69,Bika bya Kisipi ki ebiriyo?
ID_VL_Lug_Uga_95E7F614,Lug_Uga,D_weak_pool,0.24213235294117647,0.24213235294117647,0.30417177914110427,0.30417177914110427,9,8,39,Ebyokulabirako by'Akawuka ka Vvayiraasi akaleeta Kisipi bye biriwa? 
ID_VL_Aka_Gha_23B8C1E9,Aka_Gha,C_recall_failure,0.2423008849557522,0.2423008849557522,0.2423008849557522,0.256734693877551,21,38,63,Mɛyɛ dɛn ama me hokafo  de ne ho ahyɛ nkɔmmɔ a ɛfa nnuru a wɔde siw nyinsɛn ano ho na mahwɛ ahu sɛ yɛn baanu nyinaa de yɛn nna mu akwaa apɔmuden  yiyedi bedi kan?
ID_VL_Eng_Gha_DF92A621,Eng_Gha,C_recall_failure,0.2424137931034483,0.2864516129032258,0.2864516129032258,0.2864516129032258,3,4,53,"How can I tell if a clinic is safe and reputable for getting an abortion? (look for licensing, accreditation, positive patient reviews)"
ID_VL_Eng_Eth_BF0D073D,Eng_Eth,C_recall_failure,0.2424137931034483,0.2424137931034483,0.2424137931034483,0.2424137931034483,0,44,49,"What is the drug class that includes Tenofovir, which is used for HIV prevention (PrEP) and treatment (ART)?"
ID_VL_Aka_Gha_37BB3EEC,Aka_Gha,D_weak_pool,0.24262295081967214,0.2826388888888889,0.31566433566433566,0.31566433566433566,19,11,71,Ɛbɛyɛ dɛn na mmabun atumi anya hokwan ahorow ne nea wobetumi apaw ho nsɛm sɛ wɔanya nna mu ɔbrasɛe anaa wonim obi a wato wɔn mmonnaa?
ID_VL_Eng_Uga_7FD255EE,Eng_Uga,B_reranking_failure,0.24272,0.74,0.74,0.74,1,7,40,"If I don't inform my sexual partner, will I still get cured from Chlamydia after treatment? "
ID_VL_Eng_Uga_277B0667,Eng_Uga,B_reranking_failure,0.24272,0.74,0.74,0.74,1,3,40,"If I don't inform my sexual partner, will I still get cured from chlamydia after treatment? "
ID_VL_Aka_Gha_CCF3A171,Aka_Gha,D_weak_pool,0.2428125,0.2428125,0.3415384615384615,0.3415384615384615,9,41,57,"Dwuma bɛn na apomoden ho adwumayɛfo di wɔ ɔhwɛ a wɔde ma mmabun wɔ nyinsɛn a woyi gu akyi no mu, na mɛyɛ dɛn ne wɔn adi nkitaho de ahwehwɛ mmoa ne nsɛmbisa?"
ID_VL_Aka_Gha_076E2BBA,Aka_Gha,C_recall_failure,0.24292929292929294,0.26471544715447154,0.26471544715447154,0.27385826771653543,44,45,61,"Ɔkwan bɛn so na mmabun betumi ahwɛ ahu sɛ wɔn nkitahodie wɔ Intanɛt so no yɛ nea wɔpene so na ɛkyerɛ obuo, titiriw bere a wɔrebɔ nkɔmmɔ a ɛfa nna ho no?"
ID_VL_Aka_Gha_7631DE9D,Aka_Gha,C_recall_failure,0.2429850746268657,0.28956521739130436,0.28956521739130436,0.28956521739130436,4,26,71,"Dwuma bɛn na atipɛnfo akyerɛkyerɛfo anaa mmabun a wɔkamfo kyerɛ, di wɔ akwahosan ho nhyehyɛe ahorow a ɛfata mmabun mu, sɛ ɛwɔ hɔ a?"
ID_VL_Eng_Gha_5336723B,Eng_Gha,C_recall_failure,0.24310469314079425,0.2768148148148148,0.2768148148148148,0.2768148148148148,1,7,44,What resources or support networks are available to help me understand and navigate the legal aspects of sexual activity and seek assistance if needed?
ID_VL_Swa_Ken_5A2C41BC,Swa_Ken,D_weak_pool,0.24314285714285716,0.33201520912547533,0.34403508771929825,0.37621848739495795,45,8,59,"Je, maisha yangu ni yapi ikiwa nina Ukimwi?"
ID_VL_Swa_Ken_D4734534,Swa_Ken,B_reranking_failure,0.2432876712328767,0.2432876712328767,0.74,0.74,5,0,53,"Je, virusi vya ukimwi/UKIMWI huathiri vipi mtu kihisia?"
ID_VL_Aka_Gha_C8FE3CCD,Aka_Gha,C_recall_failure,0.2433220338983051,0.2700473933649289,0.2700473933649289,0.2787012987012987,56,8,59,"Dɛn ne mmara ne abrabɔ pa ho nsusuwii a ɛfa abusuabɔ ho nkyerɛkyerɛ a obuo wom ho, titiriw wɔ nsɛm te sɛ pene, kokoamsɛm, ne amanneɛbɔ a wɔahyɛ sɛ wɔmfa mma ho?"
ID_VL_Aka_Gha_F7860B50,Aka_Gha,C_recall_failure,0.24335570469798656,0.2549812734082397,0.2549812734082397,0.2549812734082397,4,9,68,"Dɛn ne nhyehyɛe anaa nhyehyɛe ahorow bi a atipɛnfo di anim ""pre-led initiatives"" a ɛhyɛ atipɛnfo ntam twaka ""relationships"" pa ne adwenem ahokasan ho nimdeɛ ho nkuran wɔ sukuu ne mpɔtam hɔ?"
ID_VL_Aka_Gha_71316269,Aka_Gha,C_recall_failure,0.2433887043189369,0.28825581395348837,0.28825581395348837,0.28825581395348837,1,14,58,Mɛyɛ dɛn atumi akamfo nna ho nkyerɛkyerɛ a edi mũ ne nyinsɛn a wosiw ano ne awo akwahosan ho nhyehyɛe a wobenya wɔ me sukuu anaa mpɔtam hɔ?
ID_VL_Eng_Gha_A52964FF,Eng_Gha,C_recall_failure,0.24358333333333332,0.24358333333333332,0.24358333333333332,0.24358333333333332,0,0,51,Why do I feel so self-conscious about my changing body?
ID_VL_Aka_Gha_E827A1B9,Aka_Gha,C_recall_failure,0.24365853658536585,0.2507103825136612,0.25191489361702124,0.25191489361702124,9,39,71,"Ɔkwan bɛn so na mmabun kari pɛ wɔ ɔpɛ a wɔwɔ sɛ wɔbɛda adebɔ mu nsɛm adi na wɔayɛ nokware ne hia a ehia sɛ wosusuw wɔn dijitaal nan ase, din a wɔwɔ wɔ Intanɛt so, ne nea ebetumi afi wɔn dijitaal nneɛma mu aba bere tenten no ho?"
ID_VL_Eng_Gha_68D0A2A8,Eng_Gha,D_weak_pool,0.24371257485029937,0.2417085427135678,0.3210743801652892,0.3210743801652892,6,15,50,What role do community organizations or youth centers play in providing comprehensive sexual and reproductive health services to adolescents?
ID_VL_Eng_Gha_0AC4DE85,Eng_Gha,C_recall_failure,0.2437125748502994,0.2437125748502994,0.2437125748502994,0.2437125748502994,0,0,44,"What are some common misconceptions or myths about adolescents' reproductive rights and autonomy, and how can they be addressed?"
ID_VL_Aka_Gha_2702878B,Aka_Gha,C_recall_failure,0.24383141762452104,0.17820408163265306,0.24383141762452104,0.24383141762452104,12,1,73,Nsonsonoe bɛn na ɛda ho ɛfa awerɛhow anaa dadwen a wobɛte nka sɛ ɛwɔ mu a ne bere a wɔ afa adwene mu apomoden yareɛ ntam a wɔbɛhyia no?
ID_VL_Swa_Ken_F6DBB2B6,Swa_Ken,C_recall_failure,0.24395604395604398,0.24395604395604398,0.24395604395604398,0.24395604395604398,0,5,65,Unawezaje kumsaidia mtu ambaye ni mjamzito na ameacha shule na wazazi wamekataa kumsomesha?
ID_VL_Aka_Gha_A7F36AE9,Aka_Gha,C_recall_failure,0.2441237113402062,0.2533333333333333,0.2533333333333333,0.280390625,46,38,66,Dɛn ne mmara mu nsusuwii ahorow a ɛfa awo ho ayaresa ne abusua sie ma mmabun?
ID_VL_Aka_Gha_DE8A774B,Aka_Gha,C_recall_failure,0.24443438914027155,0.2268867924528302,0.24572519083969463,0.24572519083969463,5,13,61,Dɛn ne hokwan ahorow a mewɔ wɔ pene a wɔde ma a nimdeɛ wɔ mu ne gyinaesi wɔ apɔwmuden ho?
ID_VL_Swa_Ken_F85B6D0A,Swa_Ken,B_reranking_failure,0.24446428571428575,0.24446428571428575,0.74,0.74,50,6,66,"Je, Ukimwi vinaweza kutibiwa?"
ID_VL_Eng_Gha_3713B466,Eng_Gha,C_recall_failure,0.2445762711864407,0.2445762711864407,0.2445762711864407,0.2445762711864407,0,0,46,"How do cultural, social, and historical factors influence the construction and interpretation of media messages about sexual health?"
ID_VL_Eng_Gha_ABA301CB,Eng_Gha,C_recall_failure,0.24462809917355371,0.24462809917355371,0.24462809917355371,0.24462809917355371,3,0,51,"What role can technology and digital tools play in facilitating financial management and decision-making for adolescents, and what precautions should they take to protect their personal and financial information online?"
ID_VL_Eng_Gha_E2C328AA,Eng_Gha,C_recall_failure,0.2447244094488189,0.2447244094488189,0.2447244094488189,0.2447244094488189,2,0,62,"What does it mean to take a trauma-informed approach to addressing sexual violence, and how does it differ from traditional or punitive approaches?"
ID_VL_Aka_Gha_6651529E,Aka_Gha,C_recall_failure,0.2447244094488189,0.20760180995475108,0.2447244094488189,0.2447244094488189,5,30,60,"Dɛn ne nhyɛsoɔ, na ɔkwan bɛn so na ɛsono no wɔ nneyɛe a wɔpene so wɔ abusuabɔ ne nkitahodi mu?"
ID_VL_Eng_Uga_B8D77D2F,Eng_Uga,C_recall_failure,0.24485294117647055,0.24485294117647055,0.24485294117647055,0.24485294117647055,0,7,52,What should guide a person’s decision about becoming sexually active?
ID_VL_Eng_Gha_E9C96C52,Eng_Gha,C_recall_failure,0.2448529411764706,0.2448529411764706,0.2754744525547445,0.2754744525547445,14,2,43,How can legal rights education empower adolescents to make informed decisions about their sexual and reproductive health?
ID_VL_Aka_Gha_A65ED389,Aka_Gha,C_recall_failure,0.24504918032786885,0.24504918032786885,0.24504918032786885,0.26884892086330936,45,40,58,Ɔkwan bɛn so na akwahosan ho adwumayɛfo ne nhyehyɛeyɛfo betumi abom adi akwantu akwanside ahorow ho dwuma na wɔama nna ne awo ho akwahosan ho nhyehyɛe a mmabun betumi anya no atu mpɔn?
ID_VL_Eng_Gha_10275B53,Eng_Gha,C_recall_failure,0.24506493506493507,0.1970414201183432,0.24506493506493507,0.24506493506493507,13,11,51,"What are the potential barriers or challenges that adolescents may face when reporting sexual violence, and how can they overcome these obstacles to access support and justice?"
ID_VL_Aka_Gha_EA1FCA65,Aka_Gha,C_recall_failure,0.24513931888544893,0.2798963730569948,0.28956521739130436,0.28956521739130436,17,50,56,"Ɔkwan bɛn so na mmabun ne akwahosan ho adwumayɛfo betumi abom ayɛ adwuma de ama obu, ahotoso, ne biakoyɛ aba wɔ nna ne awoɔ apomoden ho nnwuma a ɛfata amammerɛ mu de ma mu?"
ID_VL_Eng_Uga_F54191EA,Eng_Uga,C_recall_failure,0.2453580901856764,0.2453580901856764,0.2453580901856764,0.2453580901856764,0,6,60,What practices are important for a responsible sexual behavior?
ID_VL_Aka_Gha_E7C421C7,Aka_Gha,D_weak_pool,0.2453886010362694,0.249585798816568,0.29,0.30443037974683546,32,21,65,Dɛn ne akwannya ahorow a mmabun wɔ wɔ kokoamsɛm ne kokoam  ho bere a wɔrehwehwɛ nyinsɛn a woyi gu ho nnwuma no?
ID_VL_Aka_Gha_EDCB8CB6,Aka_Gha,C_recall_failure,0.24546341463414634,0.28533898305084743,0.28533898305084743,0.28533898305084743,4,14,40,"Sɛ mewɔ nsɛmmisa bi a ɛfa nna mu apomoden ho nanso mete nka sɛ me ne m’awofo anaa wɔn a wɔhwɛ me no bɛbɔ ho nkɔmmɔ a, dɛn na ɛsɛ sɛ meyɛ?"
ID_VL_Aka_Gha_8715A103,Aka_Gha,C_recall_failure,0.24548076923076922,0.2487659574468085,0.2487659574468085,0.2487659574468085,0,10,65,"Dwuma bɛn na afotuo, nkitahodi, ne biakoyɛ betumi adi wɔ mmoa a wɔde ma mmabun a wɔyɛ nnwuma, na kwan bɛn so na wobetumi ne adwumayɛfo a wɔn ho akokwaw, afotufo, ne atipɛnfo a wɔwɔ wɔn adwuma mu adi nkitaho?"
ID_VL_Aka_Gha_CD29A36F,Aka_Gha,C_recall_failure,0.24549763033175354,0.206764705882353,0.24549763033175354,0.2703196347031963,29,4,49,"Dɛn ne ɔhwɛ ansa na wɔawo (prenatal care), na dɛn nti na ɛho hia ma mmabun a wɔnyem?"
ID_VL_Aka_Gha_6160A6B4,Aka_Gha,C_recall_failure,0.24557522123893805,0.2478139534883721,0.24894009216589863,0.24894009216589863,5,37,71,"So yebetumi asusuw sɛnea yebedi atenka a emu yɛ den te sɛ dadwen, adwennwen, anaa adwenem naayɛ ho dwuma bere a ɛfa nna ne awo akwaahosan ho no ho?"
ID_VL_Aka_Gha_655238A6,Aka_Gha,C_recall_failure,0.245589519650655,0.245589519650655,0.245589519650655,0.245589519650655,0,40,74,Dɛn ne akwan horow bi a wɔfa so hu na mekasa tia animhwɛ anaa nsusuwii ahorow a ebetumi anya me gyinaesi nhyehyɛe so nkɛntɛnso?
ID_VL_Aka_Gha_EEEA163E,Aka_Gha,C_recall_failure,0.24569169960474313,0.24569169960474313,0.24569169960474313,0.24569169960474313,0,2,69,"Sɛnkyerɛnne ahorow bɛn na ɛtaa ba awo apɔmden nsɛmsɛm nyinaa ho, na bere bɛn na ɛsɛ sɛ mmabun hwehwɛ ayaresa wɔ saa dadwen ahorow yi ho?"
ID_VL_Aka_Gha_EF48E8D5,Aka_Gha,C_recall_failure,0.24666666666666665,0.24666666666666665,0.24666666666666665,0.24666666666666665,2,2,57,"Dɛn ne ɔhaw ne akwanside ahorow a ebetumi aba wɔ mpɔtam hɔfo a wɔde wɔn ho bɛhyɛ mmabun nna ne awoɔ apomoden mu yiye no mu, na ɔkwan bɛn so na wobetumi adi ho dwuma?"
ID_VL_Eng_Gha_1D0AF7F7,Eng_Gha,C_recall_failure,0.24666666666666665,0.2974509803921569,0.2974509803921569,0.2974509803921569,3,0,51,What are the main factors associated with differences in sexual and reproductive health outcomes between different groups of adolescents?
ID_VL_Eng_Gha_8D2238E6,Eng_Gha,C_recall_failure,0.24666666666666665,0.29291666666666666,0.29291666666666666,0.29291666666666666,0,1,47,Are there specific circumstances where healthcare providers are required to notify parents or guardians about an adolescent's healthcare visit?
ID_VL_Eng_Gha_5E4CB287,Eng_Gha,C_recall_failure,0.24666666666666665,0.24666666666666665,0.2864516129032258,0.2864516129032258,5,1,53,"What are some examples of youth-led initiatives that have successfully addressed gaps in ASRH services, such as access to contraception, comprehensive sexuality education, or reproductive healthcare?"
ID_VL_Eng_Gha_66C14DCA,Eng_Gha,C_recall_failure,0.24666666666666665,0.24666666666666665,0.24799999999999997,0.25899999999999995,32,25,54,"What role can peer mentors, role models, and positive influencers play in modeling media literacy behaviors and promoting critical thinking among adolescents in their peer groups?"
ID_VL_Eng_Gha_6498ABE9,Eng_Gha,C_recall_failure,0.24666666666666665,0.2690909090909091,0.2690909090909091,0.2690909090909091,2,1,48,"What is consent, and why is it important in sexual activity?"
ID_VL_Eng_Gha_5AB28D4A,Eng_Gha,C_recall_failure,0.24666666666666665,0.24666666666666665,0.24666666666666665,0.24666666666666665,0,0,39,What are some assertiveness role-playing exercises or simulations I can engage in to practice assertive communication skills and build my confidence in handling peer pressure situations?
ID_VL_Aka_Gha_CF36D58B,Aka_Gha,C_recall_failure,0.24666666666666665,0.24666666666666665,0.2739226519337017,0.27585798816568047,43,4,51,Dwuma bɛn na akwahosan ho adwumayɛfo di wɔ mmabun awo akwahosan hokwan ahorow a wokura mu na wodi mu?
ID_VL_Aka_Gha_F89897B9,Aka_Gha,C_recall_failure,0.24666666666666665,0.24666666666666665,0.24666666666666665,0.24666666666666665,3,31,72,"So mmara ahorow wɔ hɔ a ɛkyerɛ sɛ wɔde nna mu ɔbrasɛe ho nsɛm bɛkɔ asɛnnibea, na ɔkwan bɛn so na ɛka tumi a wɔn a woannyaa wɔn ti andidii mu 'victims' no wɔ sɛ wɔbɛhwehwɛ atɛntrenee?"
ID_VL_Aka_Gha_EDD96831,Aka_Gha,D_weak_pool,0.24666666666666665,0.31933609958506226,0.31933609958506226,0.31933609958506226,1,18,61,kwan bɛn so na mmabun betumi ahwɛ ahu sɛ wɔte wɔn nne na wɔabu wɔn wɔ gyinaesi ahorow a ɛfa wɔn nna ne awo akwahosan ho nhyehyɛe ho no mu?
ID_VL_Eng_Eth_45A88829,Eng_Eth,B_reranking_failure,0.24666666666666665,0.74,0.74,0.74,4,10,51,Is it true that can hiv be cured?
ID_VL_Aka_Gha_504D281F,Aka_Gha,C_recall_failure,0.24666666666666665,0.24666666666666665,0.2591167192429022,0.2591167192429022,9,27,72,"Dɛn na ebetumi afi nna mu basabasayɛ ho amanneɛbɔ a wɔammɔ ho amanneɛ mu aba, ama nea onyaa ne ti didii mu ne ɔmanfo a wɔdɔɔso nyinaa, na dɛn nti na ɛho hia sɛ wodi nsɛm yi ho dwuma ntɛm na wosiw daakye ɔhaw ano?"
ID_VL_Eng_Gha_A1B970D0,Eng_Gha,C_recall_failure,0.24666666666666665,0.24666666666666665,0.24666666666666665,0.24666666666666665,0,24,41,"How can I build self-esteem and positive self-image during adolescence? (positive self-talk, focusing on strengths, healthy relationships)"
ID_VL_Aka_Gha_DA4BD9CA,Aka_Gha,C_recall_failure,0.24666666666666665,0.24666666666666665,0.2990673575129534,0.2990673575129534,11,3,71,"Dɛnna mmara ne nhyehyɛe ahorow a anohyeto wom kyerɛ wɔ mmabun nna ne awo akwahosan mu nsunsuanso ho, na ɔkwan bɛn so na wobetumi afa mmara mu nsakrae so adi eyinom ho dwuma?"
ID_VL_Eng_Uga_4F2DA233,Eng_Uga,B_reranking_failure,0.24666666666666665,0.2674698795180723,0.6413333333333333,0.6413333333333333,9,30,37,Can Gonorrhea be tested from the Mouth?
ID_VL_Amh_Eth_79E13CEA,Amh_Eth,C_recall_failure,0.24666666666666665,0.24666666666666665,0.24666666666666665,0.24666666666666665,0,0,49,የወንድ ልጅ ግርዛት  ከኤችአይቪ ቫይረስ ከመያዝ ይከላከልን ?
ID_VL_Amh_Eth_C01F36BF,Amh_Eth,C_recall_failure,0.24666666666666665,0.24666666666666665,0.24666666666666665,0.24666666666666665,1,3,65,ትሪኮሞኒያሲስ በእርግዝና ላይ ተጽዕኖ ያሳድራል የሚለው እውነት ነው?
ID_VL_Eng_Eth_22BAE10E,Eng_Eth,C_recall_failure,0.24666666666666667,0.24666666666666667,0.2759322033898305,0.2759322033898305,11,25,47,What is the protocol if a girl is denied her inheritance rights by her family?
ID_VL_Eng_Gha_0B95017C,Eng_Gha,C_recall_failure,0.24666666666666667,0.24666666666666667,0.24666666666666667,0.24666666666666667,2,0,46,"What are the laws and regulations governing access to sexual and reproductive health services, contraception, and abortion for adolescents in our community?"
ID_VL_Aka_Gha_64DE82E6,Aka_Gha,C_recall_failure,0.24666666666666667,0.22344155844155844,0.26455,0.28,21,10,73,"Ɔkwan bɛn so na awofo betumi aboa mmabun ma wɔanya ahoɔden a wɔde gyina ano ne ahokokwaw a wɔde gyina ano, de ahwehwɛ nsɛm ho amanneɛbɔ mu osuahu ahorow a enye te sɛ kɔmputa so ayayade, Intanɛt so ayayade, nipadua mfonini ho dadwen, ne asetra mu ntotoho mu?"
ID_VL_Aka_Gha_0E51F30D,Aka_Gha,C_recall_failure,0.24666666666666667,0.24666666666666667,0.274074074074074,0.274074074074074,15,15,68,Akwan bɛn na mmabun betumi afa so de mpɔtam a wɔato wɔn hintidua no osuahu ne wɔn ahiade ahorow asi awoɔ mu atɛntrenee ho nkɔmmɔbɔ mu?
ID_VL_Eng_Gha_2EA9C542,Eng_Gha,C_recall_failure,0.24666666666666667,0.17639534883720925,0.24666666666666667,0.24666666666666667,8,2,47,"Are there any risks or side effects associated with counseling or therapy, and how can I address them?"
ID_VL_Eng_Gha_16E6E5C0,Eng_Gha,C_recall_failure,0.24666666666666667,0.24666666666666667,0.24666666666666667,0.24666666666666667,0,5,54,"What legal protections exist to safeguard adolescents' access to HIV prevention and treatment services, and how can these be enforced?"
ID_VL_Lug_Uga_3322C68B,Lug_Uga,C_recall_failure,0.24666666666666667,0.24666666666666667,0.24666666666666667,0.24666666666666667,4,0,67,Okwogera ku bulamu bw’okwegatta kuyinza kutya okuganyula buli muntu yenna akwatibwako?
ID_VL_Eng_Eth_7C54535F,Eng_Eth,C_recall_failure,0.24666666666666667,0.24666666666666667,0.2585542168674699,0.2585542168674699,5,21,59,We heard that people with HIV can now marry and have children safely. Is this true?
ID_VL_Lug_Uga_29B44CB1,Lug_Uga,C_recall_failure,0.24666666666666667,0.17411764705882352,0.28956521739130436,0.28956521739130436,7,21,60,Okubeera n’Obuwuka obuleeta Obulwadde bw'Ekikaba kutegeeza nti sisobola kuzaala baana oluvannyuma?
ID_VL_Aka_Gha_D777A477,Aka_Gha,C_recall_failure,0.24666666666666667,0.24666666666666667,0.24666666666666667,0.28461538461538466,56,45,69,"So nneɛma bi wɔ hɔ a ɛnyɛ abɛɛfo kwantenpɔn so, te sɛ nkratawa anaa nhoma ahorow, a wobetumi anya wɔ akwaahosan ho adwumayɛbea ahorow anaa mpɔtam hɔ mmeae a wɔhwɛ mmabun?"
ID_VL_Aka_Gha_F2311F17,Aka_Gha,C_recall_failure,0.2466666666666667,0.26601307189542484,0.2662433862433862,0.2872941176470588,46,20,47,"Dɛn ne akwahosan ho nimdeɛ, na adɛn nti na ɛho hia ma mmabun nna ne awo akwahosan?"
ID_VL_Aka_Gha_5380B904,Aka_Gha,C_recall_failure,0.24753521126760564,0.27078212290502796,0.27078212290502796,0.27078212290502796,0,5,65,"kwan bɛn so na misi gyinae sɛ ɛyɛ ɔkwan a ɛfata ma me a, mɛyɛ dɛn anya nyinsɛn a woyi gu ho nhyehyɛe ahorow?"
ID_VL_Aka_Gha_EBB7A385,Aka_Gha,C_recall_failure,0.24756363636363635,0.28706896551724137,0.28706896551724137,0.28706896551724137,4,1,51,"Ɔkwan bɛn so na ɔsom mu gyidi ahorow ne amammerɛ mu gyinapɛn ne gyinapɛn ahorow di nkitaho, na ɔkwan bɛn so na mmabun betumi adi nsɛm a emu yɛ den a ɛwɔ wɔn nipasu ho nkitahodi mu wɔ ɔsom ne amammerɛ mu nsɛm mu no so?"
ID_VL_Aka_Gha_5A8AAECA,Aka_Gha,C_recall_failure,0.24763779527559054,0.2649677419354839,0.2649677419354839,0.2649677419354839,1,1,60,"kwan bɛn so na nsɛm ho amanneɛbɔ ho nimdeɛ ne asetena mu atɛntrenee ne nnipa hokwan nhyehyɛe ahorow, amanaman ntam apam ahorow, ne abrabɔ pa nnyinasosɛm ahorow a ɛfa ahofadi a wɔde ka wɔn adwene, hokwan a obi wɔ sɛ onya nsɛm, hokwan a ɔwɔ sɛ onya akwahosan, hokwan a ɔwɔ sɛ onya nhomasua, ne hokwan a ɔwɔ sɛ ɔnyɛ nyiyim ho, titiri ma mmabun ne akuo a wɔato wɔn sintidua ho no hyia?"
ID_VL_Aka_Gha_7C0E8CD8,Aka_Gha,C_recall_failure,0.24799999999999997,0.2901960784313725,0.2901960784313725,0.2901960784313725,3,3,58,"So mfe a obi adi ahwehwɛde bi wɔ hɔ na ama obi anya nna mu nyarewa ""STI"" nhwehwɛmu ne ayaresa ho dwumadie?"
ID_VL_Aka_Gha_82010C62,Aka_Gha,C_recall_failure,0.2480681818181818,0.29426900584795324,0.29426900584795324,0.2985590778097983,49,2,59,Akwan bɛn na mpɔtam hɔfo ne nhyehyɛeyɛfo betumi afa so ayɛ adwuma de ama awo akwahosan ho nhyehyɛe a mmabun nya no atu mpɔn?
ID_VL_Eng_Uga_A6A5F0FF,Eng_Uga,B_reranking_failure,0.24817073170731707,0.74,0.74,0.74,2,4,50,Forms of Syphilis?Different types of Syphilis?What are the different types of SyphilisAre there types of Syphilis?What are the forms of Syphilis?What are the examples of Syphilis?Classification of Syphilis?Types of Syphilis?Are there different types of Syphilis?Forms of Syphilis?Different forms of Syphilis?What are the different forms of Syphilis?What kinds of Syphilis are there?
ID_VL_Aka_Gha_6FA17735,Aka_Gha,D_weak_pool,0.24830564784053158,0.2576518218623482,0.30033472803347283,0.30033472803347283,5,8,68,"Dɛn adi pɔtee na ɛde animtiaabu ne nyiyim a ɛfa mmabun nna ne awo akwahosan ho ba, na ɔkwan bɛn so na nneɛma te sɛ amammerɛ, nyamesom, nsɛm ho amanneɛbɔ, ne asetra ne sikasɛm tebea nya saa su ahorow yi so nsusuanso?"
ID_VL_Eng_Gha_2CD10B9F,Eng_Gha,C_recall_failure,0.24842857142857144,0.24842857142857144,0.24842857142857144,0.24842857142857144,3,4,56,How can adolescents access mental health services in their community?
ID_VL_Eng_Gha_55AB946D,Eng_Gha,C_recall_failure,0.24854961832061065,0.1778540772532189,0.24854961832061065,0.24854961832061065,5,0,48,"What are some cultural or generational factors that may influence how parents approach discussions about peer pressure and sexual health with their adolescent children, and how can I navigate these differences while still maintaining open communication and respect for my parents' values and beliefs?"
ID_VL_Eng_Gha_1679742F,Eng_Gha,C_recall_failure,0.24868852459016394,0.2634848484848485,0.2634848484848485,0.2761194029850746,46,2,55,How can global health emergency response plans and policies be strengthened to better integrate adolescent sexual and reproductive health needs and rights?
ID_VL_Eng_Uga_0AA6FCB9,Eng_Uga,B_reranking_failure,0.24873949579831933,0.74,0.74,0.74,2,4,48,How does growth hormone affect bones and muscles?
ID_VL_Eng_Gha_554227DE,Eng_Gha,C_recall_failure,0.24873949579831933,0.24873949579831933,0.24873949579831933,0.24873949579831933,3,0,50,Why am I suddenly growing taller so quickly?
ID_VL_Eng_Gha_D1812F77,Eng_Gha,C_recall_failure,0.24926315789473683,0.24926315789473683,0.24926315789473683,0.27007299270072993,55,25,58,"How do language barriers impact adolescents' ability to access and understand sexual and reproductive health information and services, and what measures are in place to provide language interpretation and translation?"
ID_VL_Eng_Gha_D11376E0,Eng_Gha,C_recall_failure,0.2493478260869565,0.2493478260869565,0.2493478260869565,0.2493478260869565,2,0,54,"What does it mean to have body autonomy, and why is it important?"
ID_VL_Aka_Gha_344A54B8,Aka_Gha,D_weak_pool,0.24943820224719104,0.28890410958904106,0.28890410958904106,0.3274712643678161,31,51,58,"Ɔkwan bɛn so na mmabun betumi aboa wɔn ho wɔn ho wɔ mmarima ne mmea pɛyɛ, ne nyiyim a wɔnyɛ ho nkuranhyɛ mu?"
ID_VL_Eng_Gha_7BF7E1D3,Eng_Gha,C_recall_failure,0.24948571428571426,0.24948571428571426,0.24948571428571426,0.24948571428571426,0,1,43,"What ethical considerations should adolescents keep in mind when creating and sharing content online, including issues related to copyright, intellectual property, and online behavior?"
ID_VL_Swa_Ken_5FB7474E,Swa_Ken,B_reranking_failure,0.24950191570881225,0.46690476190476193,0.46690476190476193,0.46690476190476193,4,0,60,"Je, kuna uwezekano wa mtu kushiriki tendo la ndoa na mtu aliyeambukizwa Ukimwi na asipate virusi hivyo?"
ID_VL_Aka_Gha_638C254C,Aka_Gha,C_recall_failure,0.2495348837209302,0.2495348837209302,0.2495348837209302,0.2532738095238095,57,3,68,"Dɛn ne mmara ne nhyehyɛe ahorow a ɛfa Intanɛt so nneyɛe ne nneɛma a ɛfa nna mu akwahosan ne abusuabɔ ho, na mɛyɛ dɛn ahwɛ ahu sɛ medi mmara so?"
ID_VL_Eng_Gha_23595FA4,Eng_Gha,C_recall_failure,0.24953488372093025,0.24953488372093025,0.2566473988439307,0.2566473988439307,7,9,36,"How can I apply decision-making models to evaluate the reliability and credibility of information sources related to sexual and reproductive health, such as websites, social media, or peer discussions, before making decisions?"
ID_VL_Aka_Gha_1F115B76,Aka_Gha,C_recall_failure,0.24958579881656803,0.24958579881656803,0.2624418604651163,0.27512820512820507,54,3,67,"Dɛn ne nhwɛso ahorow bi a ɛkyerɛ nneyɛe anaa atetesɛm pɔtee bi a ɛfa mmabunbere, brayɛ, ne nna ne awo akwahosan ho nneɛma foforo ho, na ɔkwan bɛn so na mmabun betumi afa saa osuahu ahorow yi so wɔ ɔkwan a ɛhyɛ wɔn amammerɛ agyapade anuonyam so bere a wɔhyɛ wɔn akwahosan ne yiyedi nso ho nkuran?"
ID_VL_Aka_Gha_D453DD32,Aka_Gha,C_recall_failure,0.24982905982905979,0.27389610389610386,0.27389610389610386,0.27389610389610386,0,17,63,"Ɛhe na mmabun betumi anya nnuru a wɔde siw nyinsɛn ano ntɛm ara, na akwan horow bɛn na wobetumi afa so, te sɛ nea broni ka no 'over-the-counter pills', nnuru a wɔkyerɛw ma wɔn, anaa kɔbere IUD  nea broni ka no 'copper IUD' a wɔde hyɛ mu?"
ID_VL_Eng_Gha_B2CF952D,Eng_Gha,C_recall_failure,0.2503759398496241,0.2503759398496241,0.2503759398496241,0.2503759398496241,0,0,47,"What role do celebrities, influencers, and public figures play in perpetuating sexualized images and stereotypes through their representation in media?"
ID_VL_Aka_Gha_610E6A64,Aka_Gha,C_recall_failure,0.2505511811023622,0.2505511811023622,0.28175732217573224,0.28175732217573224,16,6,70,Ɔkwan bɛn so na nnwuma ahorow a aka bom boa  nkɔsoɔ a  ɛwɔ akwaa apɔmuden  ho adwumayɛfo a wɔhwɛ mmabun ?
ID_VL_Aka_Gha_B24445A7,Aka_Gha,C_recall_failure,0.25064516129032255,0.27089285714285716,0.2816608996539793,0.2816608996539793,6,14,55,"Ɔkwan bɛn so na amammerɛ mu gyidi ahorow, ne gyinapɛn ahorow nya abrabɔ pa ho nsusuwii ahorow a ɛfa mmabun nna ne awo akwahosan (ASRH) nneyɛe ne nneɛma a wɔde wɔn ho hyɛ mu wɔ wiase mmeae ahorow ho no so nkɛntɛnso?"
ID_VL_Aka_Gha_79AC1B1E,Aka_Gha,C_recall_failure,0.2507236842105263,0.2683516483516484,0.26974193548387093,0.2853924914675768,31,12,61,"Dɛn ne mmara ne nhyehyɛe ahorow a ɛfa sɛnea mmabun benya nnuru a wɔde siw nyinsɛn ano, nyinsɛn a woyi gu, ne awo ho apomoden ho?"
ID_VL_Aka_Gha_0ED42F1A,Aka_Gha,C_recall_failure,0.25074380165289256,0.25074380165289256,0.25074380165289256,0.25074380165289256,0,4,70,So apɔwmuden ho adwumayɛfo nya ntetee anaa nkyerɛkyerɛ wɔ amammerɛ mu nimdeɛ ho na ama wɔatumi asom mmabun ahorow yie?
ID_VL_Aka_Gha_CE7AE7F6,Aka_Gha,C_recall_failure,0.25076411960132894,0.25076411960132894,0.25076411960132894,0.27089285714285716,48,14,69,"Nsusuasɔ bɛn na ɛwɔ nna mu dwumadi a wɔmmɔ ho ban, te sɛ nyinsɛn ne nyarewa a wonya fi nna mu yareɛ (STI) mu?"
ID_VL_Aka_Gha_A5E5A5AB,Aka_Gha,D_weak_pool,0.25093425605536335,0.25093425605536335,0.3079768786127168,0.3079768786127168,14,47,56,"Nhwɛso ahorow bɛn na ɛkyerɛ sɛ wɔka nna mu akwahosan, pene a wɔpene so, ne nneɛma ahorow a egu ahorow ho mfonini pa wɔ nsɛm ho amanneɛbɔ mu, na ɔkwan bɛn so na mmabun betumi ahyɛ mfonini ahorow a ɛtete saa ho nkuran na wɔaboa?"
ID_VL_Eng_Gha_C6B469EF,Eng_Gha,C_recall_failure,0.25095652173913047,0.25095652173913047,0.25145631067961166,0.25145631067961166,7,20,47,What are the challenges or barriers that peer educators may face when delivering sexual and reproductive health information to their peers?
ID_VL_Eng_Eth_AF908E3C,Eng_Eth,C_recall_failure,0.2510714285714286,0.2625806451612903,0.2625806451612903,0.2625806451612903,3,0,49,"If I get a deep cut and someone uses their mouth to suck out the blood, could I get an infection?"
ID_VL_Swa_Ken_816CE054,Swa_Ken,B_reranking_failure,0.251131221719457,0.74,0.74,0.74,0,2,43,"Je, mtu anaweza kuishi na Ukimwi?"
ID_VL_Aka_Gha_BF85BF0E,Aka_Gha,C_recall_failure,0.25123456790123455,0.26825,0.26825,0.26825,0,2,70,"Dɛn ne nsunsuansoɔ bɔne a mmerantebere ne mmabaabere mu adwennwen (puberty stress) bɛtumi de aba adwene mu ahoɔden so wɔ bere tenten mu, na ɔkwan bɛn so na mmabun bɛtumi de wɔn ho hwɛ ne atenka mu yiedie adi kan?"
ID_VL_Aka_Gha_E3E9DE99,Aka_Gha,C_recall_failure,0.2513207547169811,0.2856140350877193,0.2856140350877193,0.2856140350877193,2,2,58,"Ɔkwan bɛn so na amammerɛ ne ɔmanfo gyinapɛn ahorow nya nsɛm ho amanneɛbɔfo a wɔde nipadua mfoni kyerɛ no so nkɛntɛnso, na ɔkwan bɛn so na eyi nya mmabun a wofi amammerɛ ahorow mu so nkɛntɛnso?"
ID_VL_Aka_Gha_610461E3,Aka_Gha,C_recall_failure,0.2514102564102564,0.2514102564102564,0.2514102564102564,0.26170731707317074,20,0,53,So mfe a obi adi ho anohyeto anaa ahwehwɛde ahorow bi wɔ hɔ a ɛbɛma wanya nna ne awoɔ ho akpomoden ho nhyehyɛe ahorow bi?
ID_VL_Aka_Gha_3CEDDF2D,Aka_Gha,C_recall_failure,0.2515415019762846,0.2515415019762846,0.2515415019762846,0.2515415019762846,0,12,69,"Ɔkwan bɛn so na nna ne awo akwahosan ""SRH"" ho nkyerɛkyerɛ yɛ nea wotumi nya wɔ yɛn nhomasua nhyehyɛe no mu, na so nsonsonoe wɔ nea wonya mu a egyina nneɛma te sɛ ɔbarima ne ɔbea nna, beae a wote tebea, anaa amammerɛ a efi mu ba so?"
ID_VL_Eng_Eth_7321BF6B,Eng_Eth,D_weak_pool,0.2516,0.27749999999999997,0.27749999999999997,0.3463829787234043,24,0,42,Is it true that trichomoniasis can be cured?
ID_VL_Eng_Gha_31274148,Eng_Gha,C_recall_failure,0.2516,0.2516,0.2516,0.2516,0,1,39,Can community outreach programs provide assistance with navigating healthcare systems and accessing insurance or financial support if needed?
ID_VL_Eng_Gha_5A4153B3,Eng_Gha,C_recall_failure,0.2516751269035533,0.2584931506849315,0.2584931506849315,0.26397660818713453,24,17,54,How can educators address cultural and religious beliefs about sexuality and reproductive health in a respectful and inclusive manner while promoting evidence-based information and practices?
ID_VL_Eng_Eth_0986BBEB,Eng_Eth,B_reranking_failure,0.25191489361702124,0.5658823529411765,0.74,0.74,8,3,36,What do health workers say about how is herpes diagnosed?
ID_VL_Eng_Gha_13AEC376,Eng_Gha,C_recall_failure,0.25227272727272726,0.2642857142857143,0.2660674157303371,0.2660674157303371,5,22,46,How can adolescents engage with policymakers and community leaders to raise awareness about the importance of climate-resilient sexual and reproductive health services?
ID_VL_Aka_Gha_FA5D3100,Aka_Gha,C_recall_failure,0.25251184834123225,0.2657142857142857,0.2657142857142857,0.2657142857142857,3,8,53,Ɔkwan bɛn so na wobetumi anya awerɛhyem sɛ mmabun bɛbɔ wɔn kokoam nsɛm ho ban bere a wɔrehwehwɛ ɔhaw mu mmoa wɔ nna ne awo akwahosan ho nsɛm a ɛyɛ hu ho no?
ID_VL_Eng_Eth_5EFA9C5B,Eng_Eth,D_weak_pool,0.2526829268292683,0.3171428571428571,0.33828571428571425,0.4174358974358975,45,42,46,What is the specific complication of untreated Gonorrhea in women if PID is excluded?
ID_VL_Aka_Gha_3AE8CC93,Aka_Gha,C_recall_failure,0.2526829268292683,0.17020000000000002,0.2526829268292683,0.2526829268292683,6,2,71,Su ahorow bɛn na ɛsɛ sɛ mehwehwɛ wɔ beae a ahobammɔ wɔ anaa mmoa kuo bi mu na ama mahwɛ ahu sɛ meyɛ ɔbarima anaa ɔbaa ne nna mu nipasu sɛ mmabun a mete dɛmdi?
ID_VL_Aka_Gha_CCC56569,Aka_Gha,C_recall_failure,0.2527572016460905,0.2913122171945702,0.2913122171945702,0.2913122171945702,3,27,70,"Ɔkwan bɛn so na amammerɛ, asetra, ne mfiridwuma mu nneɛma hyehyɛ mmabun osuahu ahorow wɔ abɛɛfo kwantenpɔn nsɛm ho amanneɛbɔ ho nimdeɛ ho wɔ nna ne awo akwahosan ho?"
ID_VL_Eng_Gha_6EC01269,Eng_Gha,D_weak_pool,0.252991452991453,0.252991452991453,0.31714285714285717,0.31714285714285717,10,17,44,What are some common topics covered in peer-led sexual and reproductive health education sessions?
ID_VL_Aka_Gha_B41B3143,Aka_Gha,C_recall_failure,0.2530147058823529,0.2530147058823529,0.2530147058823529,0.2604181184668989,58,7,59,"Sɛ mihyia nyiyim anaa mmara mu haw a ɛfa me bɔbeasu anaa dɛmdi ho a, mɛyɛ dɛn atumi anya mmara kwan so mmoa?"
ID_VL_Eng_Gha_5DA39A73,Eng_Gha,C_recall_failure,0.25324444444444444,0.25324444444444444,0.25324444444444444,0.2635616438356164,23,35,41,How reliable and accurate are online and digital health resources for STI/HIV prevention and education?
ID_VL_Eng_Gha_12FC7A87,Eng_Gha,C_recall_failure,0.25351851851851853,0.2753488372093023,0.2753488372093023,0.2753488372093023,3,3,54,What strategies can adolescents use to challenge gender norms and promote inclusivity in their schools and social circles?
ID_VL_Eng_Uga_7D8D3DDD,Eng_Uga,B_reranking_failure,0.25351851851851853,0.25351851851851853,0.74,0.74,6,0,53,"Is Super Gonorrhea particularly lethal, especially for an individual like me?"
ID_VL_Aka_Gha_17E8392A,Aka_Gha,C_recall_failure,0.25358255451713396,0.25563636363636366,0.25563636363636366,0.27780730897009964,56,20,71,"Dwuma bɛn na atipɛnfo akyerɛkyerɛfo anaa mmabun a wɔkamfo kyerɛ di wɔ mpɔtam hɔ asɛnka nhyehyɛe ahorow mu, na ɔkwan bɛn so na wobetumi aboa m’awo akwahosan ho ahiade ahorow?"
ID_VL_Eng_Gha_9D4B2BF9,Eng_Gha,C_recall_failure,0.25398305084745765,0.25398305084745765,0.2746724890829694,0.2746724890829694,8,10,46,How can social media and digital platforms be used to combat stigma and raise awareness about STIs and HIV?
ID_VL_Eng_Gha_93364F7E,Eng_Gha,C_recall_failure,0.25419847328244277,0.25419847328244277,0.25419847328244277,0.25419847328244277,0,0,44,"What is ovulation, and when does it occur during the menstrual cycle?"
ID_VL_Aka_Gha_BADCC32A,Aka_Gha,D_weak_pool,0.25421768707482995,0.30389333333333335,0.30389333333333335,0.30389333333333335,0,22,68,"kwan bɛn so na mmabun betumi akamfo nhyehyɛe ne nneyɛe a ɛfa ɔbarima ne ɔbaa nna ho wɔ wɔn sukuu, mpɔtam, ne akuo ahorow mu de ayɛ tebea horow a ahobammɔ wom na ɛka obiara ho ama mmarima ne mmaa nyinaa?"
ID_VL_Eng_Gha_0C3CE284,Eng_Gha,C_recall_failure,0.254375,0.254375,0.254375,0.254375,2,1,36,"Discuss healthy coping mechanisms for managing stress, anxiety, and emotional fluctuations."
ID_VL_Aka_Gha_93676A02,Aka_Gha,C_recall_failure,0.25447963800904977,0.24333333333333332,0.25447963800904977,0.25447963800904977,12,1,50,"Dɛn ne amammerɛ mu nimdeɛ wɔ nhwehwɛmu mu, na adɛn nti na ɛho hia wɔ mmabun nna ne awo akwahosan ho?"
ID_VL_Eng_Gha_C6B28DEF,Eng_Gha,C_recall_failure,0.2545222929936306,0.2545222929936306,0.2545222929936306,0.26516666666666666,22,22,42,What are some healthy ways to deal with body image changes?
ID_VL_Aka_Gha_F26B4776,Aka_Gha,C_recall_failure,0.25453900709219857,0.2626839826839827,0.2716104868913858,0.2716104868913858,10,22,70,Ɔkwan bɛn so na mmabun betumi ne akwahosan ho adwumayɛfo ne insurance nnwumakuw adi nkitaho de ahwɛ ahu sɛ nea broni ka no 'insurance' nhyehyɛe ahorow no di wɔn nna ne awo akwahosan ho ahiade ahorow ho dwuma yiye?
ID_VL_Aka_Gha_5408F9AC,Aka_Gha,C_recall_failure,0.2545871559633028,0.2545871559633028,0.2872368421052632,0.2872368421052632,12,8,67,So akwanside anaa nsɛnnennen bi wɔ hɔ a mmabun betumi ahyia wɔ mpɔtam hɔ nkɔmmɔbɔ ne nhomasua ho nnwuma a ɛfa nna ne awo apɔwmuden ho haw ahorow ho a wobenya mu?
ID_VL_Aka_Gha_425A609F,Aka_Gha,D_weak_pool,0.25467532467532467,0.2356687898089172,0.296,0.3164137931034482,24,1,52,"Fa nneɛma ma kokoam mmoa akuw, telefon so frɛ, anaa intanɛt so mpɔtam a wɔde ma mmabun a wɔyem anaa wɔyɛ awofo titiriw."
ID_VL_Aka_Gha_885F6E66,Aka_Gha,C_recall_failure,0.25467532467532467,0.25467532467532467,0.25467532467532467,0.25467532467532467,0,0,63,"Nneɛma bɛn na ɛwɔ hɔ a ɛbɛboa me wɔ atenka ne asetra mu bere a manyinsɛn no? (akuw a wɔboa, ayaresa ho animdefo) ."
ID_VL_Eng_Gha_DE431E06,Eng_Gha,C_recall_failure,0.25467532467532467,0.25467532467532467,0.25467532467532467,0.25467532467532467,0,0,44,How do abortion laws and regulations vary between different states or regions within our country?
ID_VL_Eng_Gha_EC8BE537,Eng_Gha,D_weak_pool,0.25467532467532467,0.3062068965517241,0.3062068965517241,0.3062068965517241,3,5,46,What role does reproductive health education play in empowering adolescents to make informed choices about their fertility and family building options?
ID_VL_Eng_Uga_DD92DD7C,Eng_Uga,B_reranking_failure,0.25471014492753624,0.26428571428571423,0.74,0.74,50,11,59,What is the intention of taking PEP after an HIV exposure?
ID_VL_Aka_Gha_714C7DF4,Aka_Gha,C_recall_failure,0.254811320754717,0.254811320754717,0.2812,0.29344827586206895,35,44,65,Nneɛma bɛn na apɔwmuden ho adwumayɛbea ahorow betumi ayɛ de ahwɛ ahu sɛ mmabun bɛte nka sɛ wɔn ho tɔ wɔn sɛ wɔbɛhwehwɛ nna ne awo ho apɔwmuden ho nhyehyɛe bere a wɔbɔ wɔn kokoam nsɛm ho ban no?
ID_VL_Aka_Gha_D4F8FD72,Aka_Gha,C_recall_failure,0.25483443708609266,0.2667005076142132,0.2836123348017621,0.2836123348017621,8,8,59,Dwuma bɛn na pene a wɔpene so di wɔ ɔhaw ne basabasayɛ a wosiw ano wɔ abusuabɔ ne nna mu nkitahodie mu?
ID_VL_Eng_Gha_FD034ADA,Eng_Gha,C_recall_failure,0.25488888888888883,0.25488888888888883,0.25488888888888883,0.2660674157303371,20,3,45,How can comprehensive sexuality education help adolescents make informed decisions about their sexual and reproductive health?
ID_VL_Eng_Gha_09CE3CFB,Eng_Gha,C_recall_failure,0.2549579831932772,0.2252173913043478,0.2549579831932772,0.2549579831932772,5,2,63,"What are some examples of positive and empowering media messages about sexual health, and how do they differ from stigmatizing or harmful portrayals?"
ID_VL_Aka_Gha_3F07F814,Aka_Gha,D_weak_pool,0.25502824858757067,0.25502824858757067,0.37373737373737376,0.37373737373737376,17,1,65,Dɛn ne akwan horow bi a wɔfa so gyina ano anaa akwan a wɔfa so hwɛ wɔn ho a mmabun betumi de adi nkate horow a ɛboro so anaa adwene a ɛne sɛ wobekum wɔn ho ho dwuma mprempren?
ID_VL_Aka_Gha_EB2263DD,Aka_Gha,C_recall_failure,0.25517241379310346,0.25517241379310346,0.2899415204678363,0.2899415204678363,12,0,58,Ɔkwan bɛn so na mmabun betumi akamfo wɔn ho ahwɛ ahu sɛ wobenya ayaresa a obu ne animhwɛ nnim afi akwaahosan ho adwumayɛfo hɔ?
ID_VL_Amh_Eth_CA6DFDA1,Amh_Eth,C_recall_failure,0.25517241379310346,0.25517241379310346,0.25517241379310346,0.25517241379310346,0,8,65,ኤች.ፒ.ቪ ወንዶችን ሊያጠቃ ይችላል?
ID_VL_Aka_Gha_75D66ED4,Aka_Gha,C_recall_failure,0.2552463768115942,0.25715,0.2603324099722991,0.2870184696569921,26,23,65,kwan bɛn so na nhwehwɛmu ne amammrɛ mu nneyɛe ne amanneɛ ahorow ho nkrataa betumi aboa ma wɔanya amammerɛ ahorow ho ntease a emu dɔ na ama wɔanya nhyehyɛe ahorow a ɛfata amammerɛ mu wɔ mmabun nna ne awoɔ apɔwmuden mu?
ID_VL_Swa_Ken_8BEEF83F,Swa_Ken,C_recall_failure,0.25551569506726457,0.27226415094339623,0.27226415094339623,0.27226415094339623,1,23,59,"Je, dawa za magonjwa ya zinaa na hospitali ambapo ninaweza kwenda kupata msaada?"
ID_VL_Aka_Gha_4CCC9BC2,Aka_Gha,C_recall_failure,0.2557068062827225,0.24102857142857143,0.2808310249307479,0.29246684350132623,43,7,69,"Dwuma bɛn na awofoɔ, ahwɛfoɔ, ne mpɔtam hɔ akannifo betumi adi wɔ nkɔmmɔbɔ a ɛda adi pefee na ɛboa a ɛfa nna ne awo akwahosan ho a wɔbɛhyɛ ho nkuran bere a wobu amammerɛ mu atetesɛm ne gyinapɛn ahorow?"
ID_VL_Eng_Gha_E238FE93,Eng_Gha,C_recall_failure,0.25573529411764706,0.29255813953488374,0.29255813953488374,0.29255813953488374,2,6,51,"What are decision-making models, and why are they important for navigating peer pressure and making informed choices about sexual and reproductive health?"
ID_VL_Eng_Gha_A981B098,Eng_Gha,C_recall_failure,0.25580246913580246,0.25580246913580246,0.25580246913580246,0.25580246913580246,1,12,40,Can adolescents access sexual and reproductive health services without parental consent or involvement?
ID_VL_Eng_Gha_4D85E9C7,Eng_Gha,C_recall_failure,0.25588785046728973,0.25588785046728973,0.25588785046728973,0.25588785046728973,1,1,52,What ethical considerations should adolescents be aware of when using social media or online platforms to discuss sexual and reproductive health topics?
ID_VL_Swa_Ken_3FA2BDE0,Swa_Ken,B_reranking_failure,0.2561538461538462,0.2561538461538462,0.74,0.74,7,4,60,Ni njia zipi mtu anaweza kukabiliana na maisha na virusi vya ukimwi?
ID_VL_Swa_Ken_811317A8,Swa_Ken,B_reranking_failure,0.2561538461538462,0.27718213058419244,0.74,0.74,7,0,51,"Je, ninaweza kutumia mikakati gani kudhibiti maisha na virusi vya ukimwi/UKIMWI?"
ID_VL_Eng_Uga_2A131C1F,Eng_Uga,B_reranking_failure,0.2562645914396887,0.74,0.74,0.74,2,16,43,Are there ways to avoid getting Human Immunodeficiency Virus?
ID_VL_Aka_Gha_ACDABACC,Aka_Gha,C_recall_failure,0.25650306748466256,0.25650306748466256,0.26,0.26,11,10,61,Ɔkwan bɛn so na nhwehwɛmufo betumi ahwɛ ahu sɛ wobenya pene a wɔde nimdeɛ agye atum afi mmabun a wɔde wɔn ho hyɛ nna ne awoɔ apomoden ho nhwehwɛmu mu no hɔ?
ID_VL_Aka_Gha_1B66B5A9,Aka_Gha,D_weak_pool,0.25663299663299666,0.2983870967741935,0.33535580524344566,0.33535580524344566,9,16,64,"Dwuma bɛn na pene, obu, ne nidi di wɔ nsɛm ho amanneɛbɔ mu abrabɔ pa ho mfoni ahorow a ɛfa nna ne awo apɔwmuden ho no mu, na ɔkwan bɛn so na mmabun betumi asusuw ho sɛ ebia wodi nnyinasosɛm ahorow yi so anaa?"
ID_VL_Eng_Eth_D289F0AB,Eng_Eth,D_weak_pool,0.256734693877551,0.27749999999999997,0.3027272727272727,0.3027272727272727,22,29,52,Can prayer cure trichomoniasis?
ID_VL_Swa_Ken_6ECCA931,Swa_Ken,B_reranking_failure,0.2568235294117647,0.74,0.74,0.74,1,9,57,"Je, ndoa inaweza kutokea kati ya mtu aliye na virusi vya ukimwi na asiye na virusi vya ukimwi?"
ID_VL_Aka_Gha_F6F7F0CC,Aka_Gha,D_weak_pool,0.2571631205673759,0.3068292682926829,0.3068292682926829,0.3068292682926829,2,28,62,"Ɔkwan bɛn so na nyiyim ahorow a ɛka bom, te sɛ mmusua mu nyiyim, ɔbarima ne ɔbea nna mu nyiyim, ""ableism"", ne mmarima a wɔne wɔn ho da ho tan no ma animtiaabu a akuw a wɔato wɔn hintidua nya wɔ nna ne awo akwahosan ho nhyehyɛe ne mmoa a wonya mu no yɛ kɛse?"
ID_VL_Eng_Gha_67FD64C4,Eng_Gha,C_recall_failure,0.2571631205673759,0.2571631205673759,0.2571631205673759,0.2571631205673759,0,0,57,"How can I talk to my friends and classmates about healthy relationships and preventing GBV in a way that is respectful and engaging? (open conversations, sharing resources)"
ID_VL_Aka_Gha_AD3C2D6D,Aka_Gha,C_recall_failure,0.2572923076923077,0.2572923076923077,0.2572923076923077,0.2572923076923077,0,15,62,Mɛyɛ dɛn ahwɛ ahu sɛ menya nyinsɛn ano aduru a egye ntɛmpɛ (anɔpa-akyi aduru) sɛ nyinsɛn ano aduru no adi nkogu anaasɛ me ne obi bɛda a wɔmfa ahobammɔ nni dwuma a?
ID_VL_Aka_Gha_33173470,Aka_Gha,C_recall_failure,0.2572923076923077,0.27574144486692015,0.2764528301886793,0.2799342105263158,21,28,63,Akwannya ahorow bɛn na ɛwɔ hɔ ma mmabun sɛ wɔde wɔn ho bɛhyɛ mmɔden a wɔbɔ sɛ wɔbɛkamfo a wɔn botae ne sɛ wɔbɛhyɛ nsɛm ho amanneɛbɔ mu nneyɛe a ɛfata ho nkuran na wɔama nna mu akwahosan ho nsɛm a ɛwɔ nsɛm ho amanneɛbɔ mu no ayɛ papa na wɔde aka ho no atu mpɔn?
ID_VL_Eng_Uga_28597B34,Eng_Uga,B_reranking_failure,0.2573913043478261,0.74,0.74,0.74,3,0,45,"Forms of Syphilis?Different types of Syphilis?What are the different types of SyphilisAre there types of Syphilis?What are the forms of Syphilis?What are the examples of Syphilis?Classification of Syphilis?Types of Syphilis?Are there different types of Syphilis?Forms of Syphilis?Different forms of Syphilis?What are the different forms of Syphilis?What kinds of Syphilis are there?, please answer this using simple medical terms."
ID_VL_Aka_Gha_40497B71,Aka_Gha,C_recall_failure,0.2573913043478261,0.29599999999999993,0.29599999999999993,0.29599999999999993,1,26,73,"Ɔkwan bɛn so na nsɛmti te sɛ mmerantebere ne mmabaabere, nyinsɛn a wosiw ano, ne STI ho adesua betumi aka yɛn ho a yɛwɔ ne yɛn nipadua ho mfonini, na dɛn ne akwan horow bi a yɛbɛfa so adi nkate bɔne biara a ebetumi asɔre ho dwuma?"
ID_VL_Eng_Eth_5744F596,Eng_Eth,D_weak_pool,0.2573913043478261,0.34823529411764703,0.34823529411764703,0.34823529411764703,1,9,32,Can herpes be spread even when there are no visible blisters?
ID_VL_Aka_Gha_59E4B671,Aka_Gha,C_recall_failure,0.2576296296296296,0.2576296296296296,0.2576296296296296,0.26280373831775705,67,50,74,So nsɛnnennen pɔtee bi wɔ hɔ a mmabun hyia wɔ mmarima ne mmaa pɛyɛ ne nyiyim ho?
ID_VL_Eng_Gha_D9E604B3,Eng_Gha,C_recall_failure,0.25775280898876407,0.25775280898876407,0.25775280898876407,0.25775280898876407,0,0,49,"Are there legal aid services, advocacy groups, or other organizations that specialize in providing support and guidance to pregnant adolescents navigating legal and ethical issues related to their pregnancy?"
ID_VL_Aka_Gha_A76AFDE6,Aka_Gha,C_recall_failure,0.2578064516129032,0.21523545706371194,0.2578064516129032,0.2578064516129032,7,1,67,Dɛn ne nna mu nyarewa (STIs) na mɛ yɛ dɛn asiw ano?
ID_VL_Aka_Gha_0F9AEA4B,Aka_Gha,C_recall_failure,0.2578064516129033,0.2578064516129033,0.29192660550458716,0.29192660550458716,13,12,66,Dwuma bɛn na mmara kwan so mmoa ahyehyɛde ne akuw a wɔkamfo kyerɛ betumi adi wɔ mmoa a wɔde ma mmabun a wohyia mmara mu ɔhaw a ɛfa wɔn nna ne awoɔ apomoden ho no mu?
ID_VL_Aka_Gha_B8225688,Aka_Gha,D_weak_pool,0.2579088471849866,0.2777534246575343,0.31743169398907106,0.31743169398907106,10,16,65,"Dwuma bɛn na sukuu ahorow di wɔ sɛnea wɔkyerɛkyerɛ mmabun wɔ nsɛm ho amanneɛbɔ ho nimdeɛ te sɛ nsɛm ho amanneɛbɔ mu animhwɛ, nsɛmmɔnedi, aguade ho dawurubɔ akwan, adeɛ bi a wɔ frɛ no wɔ borɔfo kasa mu sɛ digital citizenship ba, ne intanɛt so ahobammɔ ho?"
ID_VL_Eng_Gha_E42E5037,Eng_Gha,C_recall_failure,0.2579816513761468,0.2579816513761468,0.2579816513761468,0.2579816513761468,0,8,56,"What is fertility, and how does it relate to reproductive health?"
ID_VL_Aka_Gha_CCC42903,Aka_Gha,D_weak_pool,0.25813953488372093,0.25813953488372093,0.3306382978723404,0.3306382978723404,15,22,72,"Dwuma bɛn na mmara a ɛfa pene a wɔpene so di wɔ hwɛ a wɔhwɛ ma mmabun tumi si gyinae a ɛfata wɔ wɔn nna mu akwahosan ho, a STI/HIV a wosiw ano ka ho?"
ID_VL_Eng_Gha_F2771F63,Eng_Gha,C_recall_failure,0.2583018867924528,0.2583018867924528,0.2583018867924528,0.2635616438356164,52,21,53,What are the rights of sexual assault survivors in terms of reporting the crime to law enforcement and seeking medical and legal assistance?
ID_VL_Eng_Eth_0A17991E,Eng_Eth,D_weak_pool,0.25841269841269837,0.25841269841269837,0.29114754098360657,0.38819672131147537,31,10,38,"How can men and women prevent HIV, and how can women protect themselves from HIV?"
ID_VL_Aka_Gha_0CDF742B,Aka_Gha,C_recall_failure,0.2584477611940298,0.2584477611940298,0.2584477611940298,0.2584477611940298,4,0,68,"Akwan ahorow a wɔde siw awo ano no tu mpɔn dɛn, na dɛn ade na ebetumi afi mu aba?"
ID_VL_Eng_Uga_F5D8FB91,Eng_Uga,B_reranking_failure,0.2584931506849315,0.74,0.74,0.74,2,5,50,"When should I get a Gonorrhea test?, please answer this using simple medical terms."
ID_VL_Aka_Gha_81F76D1C,Aka_Gha,C_recall_failure,0.25864077669902913,0.25864077669902913,0.2617827298050139,0.2617827298050139,14,35,72,"Ɔkwan bɛn so na mmɔden a wɔbɔ sɛ wɔde wɔn ho bɛhyɛ mpɔtam dwumadie mu no betumi ama mmabun tumi ma wɔabɛyɛ wɔn a wɔkasama nna ne awo akwahosan ho nkyerɛkyerɛ, nnwuma a wobenya, ne nhyehyɛe mu nsakrae wɔ mpɔtam ne ɔman no mu?"
ID_VL_Eng_Uga_DAC726B6,Eng_Uga,B_reranking_failure,0.2587218045112782,0.74,0.74,0.74,3,0,41,"How does someone get contracted with HSV?, please answer in detail."
ID_VL_Eng_Uga_257035DB,Eng_Uga,B_reranking_failure,0.2587218045112782,0.74,0.74,0.74,1,0,37,"How is HSV passed on from one person to another?, please answer in detail."
ID_VL_Aka_Gha_DC8AEE30,Aka_Gha,C_recall_failure,0.2587218045112782,0.2587218045112782,0.2587218045112782,0.29403973509933773,54,49,71,"Akwan ahorow bɛn na wɔfa so hwehwɛ nsɛm ho amanneɛbɔfo fibea ahorow mu pɛpɛɛpɛyɛ, ahotoso, ne animhwɛ a ɛyɛ nokware, nea wogye di, ne animhwɛ a wɔde hwehwɛ mu na wɔkasa tia, a nokwasɛm ahorow a wɔhwehwɛ, nsɛm a wɔde gyina nsɛm so, ne nsɛnm ho amanneɛnbɔfo a wɔyɛ  ne wɔn a wɔwɔ ho nimdeɛ?"
ID_VL_Aka_Gha_9132B63E,Aka_Gha,C_recall_failure,0.25878612716763005,0.26969879518072293,0.2746625766871166,0.2746625766871166,14,4,60,Mɛyɛ dɛn aka sɛ mmabun a wɔwɔ me mpɔtam anaa me mantam mu no nya mmea ayaresa ho nhyehyɛe a ɛkɔ soro ma wɔn?
ID_VL_Aka_Gha_57C700AA,Aka_Gha,D_weak_pool,0.2588477366255144,0.28902356902356907,0.31385214007782103,0.315281690140845,64,43,65,"Yɛbɛyɛ dɛn atumi ahwehwɛ kasa, mfonini, ne sɛnkyerɛnne kwan so nsɛm a wɔde di dwuma wɔ nsɛm ho amanneɛbɔ mu  de ahu nsɛm ne adwene a ɛda adi a ɛfa nna ne awo akwahosan ho?"
ID_VL_Aka_Gha_CF8D446A,Aka_Gha,C_recall_failure,0.259,0.259,0.27983193277310925,0.2877777777777778,57,15,63,"Dwuma bɛn na apɔwmuden ho adwumayɛfo di wɔ aduroyɛ mu mmoa ne nkamfo ma mmabun a wɔwɔ ɔhaw tebea mu no mu, na ntetee anaa ahwehwɛde bɛn na ɛsɛ sɛ mmabun hwehwɛ bere a wɔrehwehwɛ mmoa no?"
ID_VL_Aka_Gha_A8B317FA,Aka_Gha,C_recall_failure,0.25929133858267717,0.25929133858267717,0.25929133858267717,0.25929133858267717,2,3,64,"Nnwuma ahorow bɛn na ɛka akwahosan ho nhyehyɛe a edi mũ ho, na ɔkwan bɛn so na ɛboa awo akwahosan ""reproductive health"" ho nhyehyɛe a wɔde ma mmabun?"
ID_VL_Aka_Gha_2A935D62,Aka_Gha,C_recall_failure,0.2593162393162393,0.21583333333333332,0.2593162393162393,0.26666666666666666,21,24,64,"So ahokyere afotu mmeae yɛ kɔkoam?, na so mmabun betumi anya ahotosoɔ sɛ wɔbɛbɔ wɔn kɔkoamunsɛm ho ban bere a wɔrehwehwɛ mmoa wɔ nsɛm a ɛyɛ den anaa ankorankoro haw ho?"
ID_VL_Aka_Gha_AF42E12F,Aka_Gha,C_recall_failure,0.2595811518324608,0.2595811518324608,0.26311111111111113,0.26311111111111113,15,4,66,"Ɔkwan bɛn so na nhyehyɛe ahorow a wɔde siw ano no hyɛ mmarimayɛ pa ho nkuran na ɛkasa tia mmarima ne mmea ho gyinapɛn a epira ""harmful gender norms"" ne nsusuwii hunu a ɛma nna mu basabasayɛ kɔ so tra hɔ?"
ID_VL_Amh_Eth_00AF5B3A,Amh_Eth,D_weak_pool,0.2596491228070175,0.3062068965517241,0.3062068965517241,0.3062068965517241,3,2,59,ክላሚዲያ ሊድን የሚችል በሽታ ነው? ወንዶች እና ሴቶችስ ከበሽታው ጋር ተያይዘው የሚመጡ የረጅም ጊዜ የጤና ችግሮችን እንዴት መከላከል ይችላሉ?
ID_VL_Eng_Gha_94F79DBA,Eng_Gha,C_recall_failure,0.2596491228070176,0.265,0.2983246073298429,0.2995238095238095,30,19,51,"What strategies can adolescents use to challenge and advocate for more diverse, authentic, and respectful portrayals of gender and sexuality in media content?"
ID_VL_Aka_Gha_B227462C,Aka_Gha,C_recall_failure,0.25976401179941,0.2745161290322581,0.2745161290322581,0.2745161290322581,0,16,65,So nnwinnade anaa nhwehwɛmu bi wɔ hɔ a wɔde hwehwɛ nneɛma mu wɔ abɛɛfo ntetan anaa Intanɛt so a ɛbɛboa mmabun ma wɔasusuw wɔn adwene mu apomoden ho?
ID_VL_Eng_Gha_DA52D2EE,Eng_Gha,C_recall_failure,0.26,0.26,0.26,0.26,1,2,55,"How can adolescents prepare themselves to reach out to hotlines and helplines, such as gathering relevant information, finding a safe and private space to make the call or text, or discussing their concerns with a trusted adult or friend beforehand?"
ID_VL_Aka_Gha_C074718E,Aka_Gha,C_recall_failure,0.26015625,0.24183006535947715,0.24342105263157893,0.26015625,45,3,58,"Dɛn ne nyarewa a wonya fi nna mu (STIs), na dɛn nti na ɛho hia sɛ wɔyɛ wɔn ho nhwehwɛmu?"
ID_VL_Aka_Gha_DDE9F863,Aka_Gha,D_weak_pool,0.2602197802197802,0.22139344262295083,0.3076842105263157,0.3076842105263157,6,18,60,Ɔkwan bɛn so na awofo ne wɔn a wɔhwɛ wɔn betumi aboa mmarima ne mmea pɛyɛ wɔ abusua no mu na wɔahyɛ nkɔmmɔbɔ a ɛda adi pefee a ɛfa mmarima ne mmea dwumadi ne akwanhwɛ ahorow ho ho nkuran?
ID_VL_Aka_Gha_722764E6,Aka_Gha,C_recall_failure,0.2605633802816901,0.24764940239043826,0.2605633802816901,0.26852320675105484,32,25,64,"Dɛn ne amammerɛ mu adwene wɔ nna ho nkyerɛkyerɛ ho, na ɔkwan bɛn so na enya nna ho nkyerɛkyerɛ nhyehyɛe a wɔde ma mmabun a ɛwɔ hɔ ne emu nsɛm so nkɛntɛnso?"
ID_VL_Aka_Gha_31C681EC,Aka_Gha,D_weak_pool,0.2609366391184573,0.2813541666666666,0.30833333333333324,0.30833333333333324,10,20,57,Ɔkwan bɛn so na mmabun adwuma ma nhyehyɛe ne adwumayɛ ho ntetee hyɛ nnipa ahorow ahorow ne adwumayɛfo a wɔka ho ho nkuran?
ID_VL_Aka_Gha_FF5E9FF0,Aka_Gha,C_recall_failure,0.26099585062240666,0.2650232558139535,0.2650232558139535,0.28395348837209305,29,31,52,Ɔkwan bɛn so na amammerɛ ne nyamesom mu gyidi ahorow nya awofoɔ adwene wɔ pene ne amanneɛbɔ a wɔde ma wɔ mmabun apɔwmuden ho nnwuma ho no so nkɛntɛnso?
ID_VL_Amh_Eth_B5122DF8,Amh_Eth,C_recall_failure,0.2611764705882353,0.2611764705882353,0.2611764705882353,0.2611764705882353,0,46,64,ክላሚዲያ እንዳለባት ለታወቀ ነፍሰ ጡር ሴት ቅድሚያ የሚሰጠው ነገር ምንድን ነው?
ID_VL_Aka_Gha_11C58EF0,Aka_Gha,D_weak_pool,0.2613286713286713,0.3361068702290077,0.3361068702290077,0.3361068702290077,0,10,57,"Ɔkwan bɛn so na awofo, akyerɛkyerɛfo, ne mpanyimfo afoforo a wogye wɔn di betumi aboa mmabun ma wɔahu mmeae a ahobammɔ wɔ na wɔakɔ, nkɔmmɔbɔ a emu yɛ den a wɔbɛfa so, na wɔanya ahoɔden a wɔde gyina amanehunu, nyiyim, ne basabasayɛ ano?"
ID_VL_Swa_Ken_3730DFBA,Swa_Ken,B_reranking_failure,0.26150375939849624,0.74,0.74,0.74,3,3,61,"Mimi ni mjamzito, nitaambukiza Ukimwi kwa mtoto wangu ambaye hajazaliwa?"
ID_VL_Aka_Gha_E71E43A6,Aka_Gha,C_recall_failure,0.26181286549707605,0.26181286549707605,0.26181286549707605,0.2648421052631579,57,16,59,"Asiane ne ɔhaw bɛn na ebetumi aba wɔ nna ho nsɛm a wɔde di dwuma, kɔmputa so ayayade, ne abɛɛfo ntentan so ayayade a wɔde di dwuma wɔ abɛɛfo ntentan so no ho, na ɔkwan bɛn so na mmabun betumi abrɛ asiane ahorow yi ase?"
ID_VL_Eng_Gha_BDAB07E7,Eng_Gha,C_recall_failure,0.26208333333333333,0.26208333333333333,0.26208333333333333,0.26208333333333333,0,0,47,"Are hotlines and helplines available 24/7, and how can adolescents access them in times of need, including during evenings, weekends, or holidays?"
ID_VL_Eng_Uga_6992896E,Eng_Uga,B_reranking_failure,0.26222222222222225,0.26222222222222225,0.74,0.74,14,18,44,"How did I get chlamydia if I did not cheat on my partner?, please answer in detail."
ID_VL_Eng_Gha_7092947D,Eng_Gha,C_recall_failure,0.2622784810126582,0.2622784810126582,0.2622784810126582,0.2622784810126582,2,0,49,Do mental health services offer telehealth or online counseling options for adolescents who may have difficulty accessing in-person care?
ID_VL_Aka_Gha_E9C349E0,Aka_Gha,C_recall_failure,0.2623280423280423,0.2623280423280423,0.2623280423280423,0.2623280423280423,3,21,58,"Ɔkwan bɛn so na wiase nyinaa nkabom ne adwumayɛkuw ahorow boa mmɔden a wɔbɔ de gyina nnipa hokwan ahorow, mmarima ne mmea pɛyɛ, ne asetra mu atɛntrenee ho nkuran wɔ ASRH nhyehyɛe, nhyehyɛe, ne nneyɛe mu?"
ID_VL_Aka_Gha_E49D681D,Aka_Gha,C_recall_failure,0.26280373831775694,0.2753488372093023,0.2863095238095238,0.2863095238095238,9,31,47,"Ɔkwan bɛn so na nsɛm ho amanneɛbɔfo nkrasɛm nya adwene ne su ahorow a ɛfa nna, abusuabɔ, ne awo akwahosan ho wɔ mmabun mu no so nkɛntɛnso?"
ID_VL_Eng_Gha_F6EAB3A0,Eng_Gha,C_recall_failure,0.26289473684210524,0.26289473684210524,0.26289473684210524,0.26289473684210524,0,8,47,What online resources are available for adolescents to access information about sexual and reproductive health?
ID_VL_Eng_Gha_822C4D32,Eng_Gha,C_recall_failure,0.26297520661157026,0.26297520661157026,0.26297520661157026,0.26297520661157026,0,0,52,"How does access to accurate and inclusive sexual and reproductive health information contribute to feelings of safety, autonomy, and control over one's body and decisions?"
ID_VL_Eng_Gha_D7B4C294,Eng_Gha,D_weak_pool,0.26297520661157026,0.3111363636363636,0.3111363636363636,0.3111363636363636,4,48,59,How can adolescents advocate for culturally sensitive and respectful crisis intervention and support services within their communities?
ID_VL_Eng_Gha_F4E95734,Eng_Gha,C_recall_failure,0.2639160839160839,0.2184761904761905,0.2639160839160839,0.2680314960629921,46,15,54,How can educators and healthcare providers ensure that sexual and reproductive health education programs are trauma-informed and sensitive to the diverse needs and experiences of adolescents?
ID_VL_Aka_Gha_AB61A7B1,Aka_Gha,D_weak_pool,0.2639490445859872,0.27749999999999997,0.27749999999999997,0.30045112781954886,37,4,56,"Ɔkwan bɛn so na amammerɛ mu gyinapɛn ne ahyɛde ahorow a ɛfa nna ne awo ho no gu ahorow wɔ atubrafo ne ahɔho mpɔtam ahorow mu, na ɔkwan bɛn so na ɛka mmabun SRH nneyɛe ne wɔn gyinaesi ahorow?"
ID_VL_Aka_Gha_B0E6A969,Aka_Gha,C_recall_failure,0.2639634146341463,0.2639634146341463,0.27353135313531357,0.27353135313531357,18,17,65,"Ɔkwan bɛn so na wobetumi asiesie adwumayɛ ho ntetee nhyehyɛe ahorow ma adi mmabun ahiade pɔtee ne wɔn anigyede ho dwuma, a wɔn a ebia wɔahyia ahodwiriw, wɔatu afi wɔn afie mu, anaa nsɛnnennen afoforo ka ho?"
ID_VL_Aka_Gha_8E944239,Aka_Gha,C_recall_failure,0.26397660818713453,0.26397660818713453,0.26397660818713453,0.26397660818713453,1,12,60,"Dwuma bɛn na adesua asoɛe ne nhwehwɛmu nnwumakuo ahorow betumi adi wɔ wiase nyinaa fekubɔ ne adwumayɛkuw a wɔbɛma anya nimdeɛ foforo, adanse, ne nneɛma foforo a wɔbɛyɛ wɔ ASRH mu no mu?"
ID_VL_Aka_Gha_FBC9F87A,Aka_Gha,C_recall_failure,0.2641359773371105,0.2641359773371105,0.2641359773371105,0.2641359773371105,0,0,73,Akwan bɛn na wɔde redi dwuma de ahyɛ nnwuma ahorow ntam adwumayɛ ne nimdeɛ a wɔde bɛsesa ho nkuran wɔ nhwehwɛmufo a wɔyɛ adwuma wɔ ASRH mu no?
ID_VL_Aka_Gha_B841D0A0,Aka_Gha,C_recall_failure,0.2644444444444444,0.2780110497237569,0.2780110497237569,0.2780110497237569,0,28,58,"Dɛn na nyinsɛn a woyi gu betumi anya wɔ awo akwahosan so bere tenten, na ɔkwan bɛn so na ɔhwɛ a wɔde ma wɔ nyinsɛn a woyi gu akyi betumi aboa ma wɔadi saa nsɛm a ɛhaw adwene yi ho dwuma?"
ID_VL_Aka_Gha_1D5206AB,Aka_Gha,D_weak_pool,0.26451063829787236,0.30410958904109586,0.30410958904109586,0.30410958904109586,3,3,55,"Dwuma bɛn na mmarima ne mmea pɛyɛ di wɔ nkitahodie a obu wom a ɛde nkɔso ba mu, na ɔkwan bɛn so na mmabun betumi ahyɛ mmarima ne mmea pɛyɛ ho nkuran wɔ wɔne afoforo nkitahodi mu?"
ID_VL_Aka_Gha_8976E334,Aka_Gha,C_recall_failure,0.26469230769230767,0.26469230769230767,0.26650349650349653,0.26650349650349653,14,20,62,"Ɔkwan bɛn so na sohyial media platforms ne digital media nya mmabun adwene wɔ nna, abusuabɔ a emu yɛ den, ne atipɛnfo ntam abusuabɔ ho so nkɛntɛnso, na dɛn ne nea ɛkyerɛ wɔ wɔn nna mu apɔwmuden mu nsunsuanso ho?"
ID_VL_Eng_Gha_3967E60A,Eng_Gha,C_recall_failure,0.26535353535353534,0.26535353535353534,0.26742574257425744,0.26742574257425744,19,12,53,"How do laws related to age of consent, parental consent, and confidentiality impact adolescents' ability to access sexual and reproductive health services, particularly in contexts where stigma, discrimination, and cultural taboos are prevalent?"
ID_VL_Eng_Gha_0534A101,Eng_Gha,C_recall_failure,0.26574585635359116,0.26574585635359116,0.26574585635359116,0.26574585635359116,1,1,50,"How can adolescents work together with employers, policymakers, civil society organizations, and other stakeholders to advance the agenda for equal pay and gender equality in the workplace at the local, national, and international levels?"
ID_VL_Eng_Gha_EF5E4376,Eng_Gha,B_reranking_failure,0.2661083743842365,0.46210970464135015,0.46210970464135015,0.46210970464135015,1,7,58,"What are some resources, helplines, or organizations that adolescents can turn to for support, guidance, and assistance in preventing sexual violence, building empowerment, and developing self-defense skills?"
ID_VL_Aka_Gha_AABC25FA,Aka_Gha,D_weak_pool,0.26614035087719295,0.2729277566539924,0.2729277566539924,0.31157894736842107,32,10,67,Ntetee ne nkyerɛkyerɛ bɛn na akwahosan ho adwumayɛfo nya na ama wɔate amammerɛ mu nneɛma a ebetumi anya mmabun nna ne awo akwahosan mu nsunsuanso so nkɛntɛnso no ase na wɔadi ho dwuma?
ID_VL_Eng_Gha_1F119C0F,Eng_Gha,C_recall_failure,0.26628787878787874,0.2261111111111111,0.26628787878787874,0.26628787878787874,14,5,52,"How can mentors collaborate with parents, teachers, healthcare providers, and other stakeholders to create a holistic and coordinated approach to supporting adolescents in navigating peer pressure and making informed decisions about their sexual and reproductive health?"
ID_VL_Aka_Gha_D89A40C0,Aka_Gha,C_recall_failure,0.26639999999999997,0.26772357723577234,0.27304812834224595,0.27304812834224595,5,9,51,"Ɔkwan bɛn so na sikasɛm nhyehyɛe a ɛfa mmarima ne mmea ho no susuw nneɛma a ɛwɔ ntam te sɛ abusuakuw, dɛmdi, ne nna ho akɔnnɔ ho wɔ sikasɛm mu nsonsonoe a wodi ho dwuma mu?"
ID_VL_Aka_Gha_3B33F3D8,Aka_Gha,C_recall_failure,0.2664,0.2664,0.2664,0.2664,0,3,70,Nneɛma bɛn na ɛwɔ hɔ a ɛbɛboa mmabun ma wɔadi abrabɔ pa ho ɔhaw a ɛfa abɛɛfa ntentan so nkitahodi ne apomoden mfiridwuma ho?
ID_VL_Aka_Gha_E1301617,Aka_Gha,C_recall_failure,0.2668027210884354,0.2668027210884354,0.2668027210884354,0.2765901639344262,57,8,73,Ahobammɔ ho haw bi wɔ hɔ a ɛfa akwantu a mmabun betumi apaw bere a wɔrenya akwahosan ho nhyehyɛe ahorow ho?
ID_VL_Eng_Gha_6E51484D,Eng_Gha,C_recall_failure,0.2668269230769231,0.22536363636363635,0.2893589743589743,0.2893589743589743,16,5,57,"What are some ways that parents can provide guidance, information, and practical advice to help adolescents navigate peer pressure, assert their boundaries, and make informed choices about relationships, intimacy, and contraception?"
ID_VL_Eng_Gha_597E6845,Eng_Gha,D_weak_pool,0.2668852459016393,0.2668852459016393,0.32970297029702966,0.32970297029702966,12,1,55,"How can adolescents recognize and resist harmful messages that reinforce gender-based violence, coercion, and unhealthy relationship dynamics in advertising and marketing?"
ID_VL_Aka_Gha_5AB33EDF,Aka_Gha,C_recall_failure,0.26694063926940637,0.26694063926940637,0.26694063926940637,0.26694063926940637,0,24,70,"Ɔkwan bɛn so na wobetumi de aguadi ho dawurubɔ ne aguadi adi dwuma sɛ adwinnade a wɔde hyɛ nna ne awo akwahosan mu pɛyɛ, nnipa nyinaa a wɔbɛka wɔn ho, ne asetena mu atɛntrenee ho nkuran wɔ mmabun mu?"
ID_VL_Aka_Gha_7394988F,Aka_Gha,D_weak_pool,0.2675892857142857,0.29788135593220333,0.3012648221343874,0.307787610619469,50,20,54,Akwan bɛn na wobetumi afa so ahwehwɛ nsɛm ho amanneɛbɔfo nkrasɛm a ɛfa nna ne awo akwahosan ho nsɛmti ho no mu yiye?
ID_VL_Aka_Gha_4B0DBB41,Aka_Gha,C_recall_failure,0.26758928571428575,0.26758928571428575,0.26758928571428575,0.26758928571428575,0,0,75,So mmara kwan so nsunsuanso bi wɔ akwahosan ho adwumayɛfo a wobu mmabun kokoam hokwan ahorow so no so?
ID_VL_Eng_Gha_5F3C44DC,Eng_Gha,C_recall_failure,0.2679310344827586,0.2679310344827586,0.2679310344827586,0.2679310344827586,1,1,44,"What are the potential consequences of breaches of confidentiality for adolescents seeking sexual and reproductive healthcare services, and how can these be mitigated?"
ID_VL_Eng_Gha_D88F1C94,Eng_Gha,C_recall_failure,0.2681879194630872,0.2681879194630872,0.2681879194630872,0.2681879194630872,0,0,51,"What are the signs of stress, and how can we tell the difference between normal stress and more serious mental health problems?"
ID_VL_Aka_Gha_29EC8E49,Aka_Gha,C_recall_failure,0.2684955752212389,0.24076555023923446,0.28084337349397587,0.28956521739130436,51,8,63,Akwan bɛn na mmabun betumi afa so de wɔn ho ahyɛ nkɔmmɔbɔ a ɛma denhyɛ ne nsɛm a wɔka de gyina nna mu apomoden ho nsɛm so wɔ abɛɛfo ntetan nsɛm ho amanneɛbɔ mmeae?
ID_VL_Aka_Gha_0658663A,Aka_Gha,C_recall_failure,0.2686624203821656,0.2971502590673575,0.2971502590673575,0.2971502590673575,1,23,66,"Dɛn ne nea broni ka no 'intersection' a ɛda nna mu ateetee ne basabasayɛ, nyiyim, anaa nhyɛso afoforo te sɛ wofiribea nyiyim, ɔbarima ne ɔbea nna ho tan, mmarima a wɔne wɔn ho da ho tan, nea broni frɛ no 'transphobia', anaa 'ableism' ntam, na ɔkwan bɛn so na nneɛma a ɛtwam yi ma mmerɛwyɛ ne ɔhaw yɛ kɛse?"
ID_VL_Eng_Gha_A9320094,Eng_Gha,C_recall_failure,0.268828125,0.268828125,0.268828125,0.268828125,0,0,50,"How can healthcare providers and policymakers ensure that laws and policies related to consent and capacity in sexual and reproductive health are grounded in principles of human rights, equity, and respect for adolescents' autonomy and dignity?"
ID_VL_Aka_Gha_8D3AED99,Aka_Gha,C_recall_failure,0.26909090909090905,0.26909090909090905,0.26909090909090905,0.26909090909090905,2,0,65,Nneɛma bɛn na ɛwɔ hɔ a ɛbɛboa mmabun ma wɔasua hokwan ahorow a wɔwɔ sɛ nipadua mu ahofadi wɔ nna ne awo akwahosan ho nhyehyɛe mu no ho nsɛm pii?
ID_VL_Eng_Ken_6231EE73,Eng_Ken,B_reranking_failure,0.26909090909090905,0.26909090909090905,0.74,0.74,7,3,42,Is it possible to contract HIV through kissing or shaking hands with someone who has HIV?
ID_VL_Eng_Gha_05EEE1D4,Eng_Gha,C_recall_failure,0.26909090909090905,0.26909090909090905,0.26909090909090905,0.26909090909090905,0,0,56,How can adolescents navigate conflicts between their own values and beliefs and those imposed by their cultural or religious communities regarding sexual and reproductive health decisions?
ID_VL_Aka_Gha_D0E6E660,Aka_Gha,C_recall_failure,0.2690909090909091,0.22114942528735632,0.2690909090909091,0.2690909090909091,5,1,48,"Mpɛn pii no, nnuru ahorow a wɔde siw nyinsɛn ano no bo yɛ ahe?"
ID_VL_Aka_Gha_D7FA2D8D,Aka_Gha,C_recall_failure,0.2693486590038314,0.2583018867924528,0.2693486590038314,0.2693486590038314,5,6,66,Dwuma bɛn na nnuru a wɔde bɔ nkurɔfo ho ban te sɛ HPV aduru no di wɔ nna mu nneyɛe a ahobammɔ wom ne STI a wosiw ano mu?
ID_VL_Eng_Gha_BA2C0F19,Eng_Gha,C_recall_failure,0.2695714285714285,0.2695714285714285,0.2695714285714285,0.2695714285714285,0,2,52,What are some effective ways to use social media or other communication tools to raise awareness about Adolescent Sexual Reproductive Rights? (Spreading educational content and messages)
ID_VL_Aka_Gha_8AE8905B,Aka_Gha,C_recall_failure,0.2697196261682243,0.17967078189300412,0.2697196261682243,0.2713333333333333,35,1,61,"Ɔkwan bɛn so na nyinsɛn a wosiw ano yɛ adwuma, na akwan bɛn na ɛwɔ hɔ?"
ID_VL_Aka_Gha_6D7CE3C9,Aka_Gha,C_recall_failure,0.26974193548387093,0.2731413612565445,0.2731413612565445,0.2731413612565445,4,56,70,Ɔkwan bɛn so na adwenemyare a wɔhyɛ ho nkuran wɔ sukuu ahorow mu no ne ɔmanfo akwahosan ho botae ahorow a ɛtrɛw ne nhyehyɛe ahorow a wɔde bɛma yiyedi nyinaa atu mpɔn na wɔatew adwenemyare ho adesoa so wɔ ɔmanfo mu?
ID_VL_Aka_Gha_F6B751F7,Aka_Gha,D_weak_pool,0.26993710691823897,0.2881619937694704,0.31633587786259537,0.31633587786259537,14,5,52,Ɔkwan bɛn so na mmabun betumi de wɔn ho ahyɛ nsɛm ho amanneɛbɔ ho adesua mu de asusuw ɔbarima ne ɔbea nna ne ɔbarima ne ɔbea nna ho mfonini ahorow a ɛwɔ nsɛm ho amanneɛbɔ ahorow mu no mu yie?
ID_VL_Eng_Gha_72D78BDD,Eng_Gha,C_recall_failure,0.27048275862068966,0.27048275862068966,0.27048275862068966,0.27048275862068966,0,0,53,Are there any websites or online platforms specifically designed for adolescents seeking information about sexual health?
ID_VL_Amh_Eth_4D6168BD,Amh_Eth,B_reranking_failure,0.2707317073170732,0.2018181818181818,0.5647368421052632,0.5647368421052632,18,4,63,ሐኪሞች ክላሚዲያን ሊድን እንደሚችል እንዴት ይገልጻሉ?
ID_VL_Aka_Gha_310C0C00,Aka_Gha,D_weak_pool,0.27098591549295775,0.2889940828402367,0.38497109826589593,0.38497109826589593,14,32,64,Nna ne awo ho apɔwmuden ho nhyehyɛe pɔtee bɛn na mmabun wɔ hokwan sɛ wonya?
ID_VL_Aka_Gha_018267C4,Aka_Gha,C_recall_failure,0.2711450381679389,0.2711450381679389,0.2711450381679389,0.27749999999999997,68,30,71,Mmoa adwuma bɛn na ɛwɔ hɔ ma mmabun a wɔyem a ebia wɔrehyia adwenemyare anaa atenka fam ahokyere?
ID_VL_Eng_Eth_52E2AFD9,Eng_Eth,B_reranking_failure,0.2713333333333333,0.74,0.74,0.74,1,10,48,Is it true that do only people with many partners get stis?
ID_VL_Aka_Gha_83F4A9A9,Aka_Gha,C_recall_failure,0.2714186851211073,0.2714186851211073,0.2714186851211073,0.2714186851211073,0,24,71,"Ɔkwan bɛn so na nnuru a wɔde di dwuma betumi ne nnuru a wɔde di adwene mu apomoden ho dwuma no adi nkitaho, na asiane bɛn na ebetumi afi mu aba?"
ID_VL_Swa_Ken_0240F59A,Swa_Ken,B_reranking_failure,0.2717901234567901,0.74,0.74,0.74,1,2,50,"Baada ya kuambukizwa virusi vya ukimwi, muda wa kawaida wa kuishi ni wa muda gani?"
ID_VL_Aka_Gha_969B6662,Aka_Gha,C_recall_failure,0.2717901234567901,0.2717901234567901,0.2717901234567901,0.2717901234567901,2,26,67,"Dɛn ne nkɛntɛnso a ɛtena hɔ kyɛ a ɛwɔ animtiaabu a ɛfa mmabun nna ne awo akwahosan ho a wɔbɛtew so wɔ ankorankoro yiyedi, mpɔtam hɔfo a wotumi gyina tebea horow ano, ne nea efi ɔmanfo akwahosan mu ba no so?"
ID_VL_Aka_Gha_4458A885,Aka_Gha,D_weak_pool,0.27183673469387754,0.32256410256410256,0.32256410256410256,0.32256410256410256,3,7,52,Ɔkwan bɛn so na amammerɛ anaa nyamesom mu gyidi ahorow nya mmabun a wobenya nna ne awoɔ ho apomoden ho nhyehyɛe ahorow no?
ID_VL_Aka_Gha_119C4EA3,Aka_Gha,C_recall_failure,0.2724175824175824,0.2724175824175824,0.2724175824175824,0.2724175824175824,4,3,73,"Dɛn na ɛkyerɛ abusuabɔ pa mu, na ɔkwan bɛn so na mmabun betumi ahu fekubɔ pa ne obu su ahorow?"
ID_VL_Eng_Eth_F7DC67E0,Eng_Eth,D_weak_pool,0.2726315789473684,0.2726315789473684,0.2726315789473684,0.3171428571428571,31,2,55,Can a person with Herpes still have a vaginal delivery if they are pregnant?
ID_VL_Eng_Uga_7066E289,Eng_Uga,C_recall_failure,0.27263157894736845,0.18974358974358974,0.27263157894736845,0.27263157894736845,12,4,49,Why is the risk of HIV transmission low through casual contact?
ID_VL_Eng_Gha_3DBA6DA8,Eng_Gha,C_recall_failure,0.27263157894736845,0.21449275362318837,0.27263157894736845,0.27263157894736845,5,0,46,"How do media literacy education programs integrate social justice principles, anti-oppression frameworks, and culturally responsive pedagogies to empower adolescents to challenge media bias, discrimination, and systemic injustices in their communities and beyond?"
ID_VL_Aka_Gha_36B82481,Aka_Gha,C_recall_failure,0.27282828282828286,0.27282828282828286,0.2741964285714286,0.27961832061068703,47,31,71,Dwuma bɛn na nna mu akwahosan ho nkyerɛkyerɛ di wɔ mmabun nna mu akwahosan ne wɔn abusuabɔ mu?
ID_VL_Eng_Gha_9293F705,Eng_Gha,C_recall_failure,0.2731899641577061,0.28897810218978104,0.28897810218978104,0.28897810218978104,1,4,43,"What are the main parts of the male reproductive system, and what are their functions?"
ID_VL_Aka_Gha_12C136E0,Aka_Gha,C_recall_failure,0.273757225433526,0.273757225433526,0.273757225433526,0.273757225433526,0,5,76,"Dɛn na si wɔ dɔkotani  a ɔhwɛ apemfuo  nsrae hɔ? (nhwehwɛmu, mu duru a wɔhwɛ, mogya mu nhwehwɛmu, ultrasounds) ."
ID_VL_Swa_Ken_EA7A8C21,Swa_Ken,B_reranking_failure,0.27407407407407414,0.5658823529411765,0.5658823529411765,0.5658823529411765,0,0,38,"Je, ni kiwango gani cha maambukizi ya virusi vya ukimwi kwa wanawake nchini Kenya?"
ID_VL_Eng_Gha_E86E8E63,Eng_Gha,C_recall_failure,0.27438202247191007,0.27438202247191007,0.27438202247191007,0.27438202247191007,1,0,63,What measures are in place to minimize potential risks or harms to adolescent participants in sexual and reproductive health research?
ID_VL_Eng_Gha_13C11754,Eng_Gha,D_weak_pool,0.2743820224719101,0.2743820224719101,0.32290909090909087,0.32290909090909087,11,15,50,Are there any resources or organizations available to provide guidance and support to adolescents who have concerns about confidentiality and privacy protections in crisis intervention and support settings?
ID_VL_Eng_Uga_EACF33A9,Eng_Uga,D_weak_pool,0.27485714285714286,0.37,0.37,0.37,0,21,56,Do I need to tell my future partner if I had an STI before?
ID_VL_Eng_Gha_CBF81F86,Eng_Gha,C_recall_failure,0.2751282051282051,0.2751282051282051,0.2751282051282051,0.2751282051282051,1,1,46,"What are some examples of media representations or real-life scenarios that depict coercion or pressure, and how can adolescents critically analyze and challenge these portrayals?"
ID_VL_Aka_Gha_10435A10,Aka_Gha,C_recall_failure,0.27549783549783546,0.27549783549783546,0.27549783549783546,0.27549783549783546,4,8,63,"Ɔkwan bɛn so na nna ho nkyerɛkyerɛ a ɛkɔ akyiri ""Comprehensive Sex Education"" di nsɛm a ɛfa pene a wɔpene so, abusuabɔ pa, ne nkitahodi ho nimdeɛ ho dwuma?"
ID_VL_Eng_Uga_C2AEF674,Eng_Uga,B_reranking_failure,0.27561224489795916,0.74,0.74,0.74,1,0,37,Why are mood swings common during puberty?
ID_VL_Aka_Gha_98B8E4CC,Aka_Gha,C_recall_failure,0.275983606557377,0.275983606557377,0.275983606557377,0.27831858407079646,57,30,65,"Ɔkwan bɛn so na mmabun betumi ako ama sikasɛm mu mmoa nhyehyɛe ahorow a, wɔbɛtrɛw mu ama nhomasua ne ntetee wɔ wɔn mpɔtam anaa nhomasua asoɛe ahorow mu?"
ID_VL_Aka_Gha_1CA3C448,Aka_Gha,C_recall_failure,0.2760621761658031,0.2760621761658031,0.2916788321167883,0.2916788321167883,7,38,57,"Ɔkwan bɛn so na sukuu ahorow ne nhomasua nhyehyɛe ahorow betumi akyerɛkyerɛ mmabun hokwan ahorow a wɔwɔ, fa kokoamyɛ ho sɛ wɔ wɔn nna ne awo akwahosan ho?"
ID_VL_Eng_Gha_3F779CAE,Eng_Gha,C_recall_failure,0.27611940298507465,0.2810126582278481,0.2810126582278481,0.2810126582278481,2,5,46,Are there peer support groups or counseling sessions available through the school-based crisis intervention program for adolescents dealing with sexual and reproductive health issues?
ID_VL_Aka_Gha_E87D1C78,Aka_Gha,D_weak_pool,0.27617224880382774,0.27617224880382774,0.2815609756097561,0.3018421052631579,25,21,69,Mfaso bɛn na ɛwɔ hokwan ma mmabun sɛ wɔyɛ wɔn ara wɔn nipadua ho gyinaeɛ wɔ wɔn nna ne awo mu akwahosan ho nhyehyɛe mu a wobedi akyi?
ID_VL_Aka_Gha_DBCCC477,Aka_Gha,C_recall_failure,0.2761823361823362,0.2761823361823362,0.2761823361823362,0.2761823361823362,2,0,59,"Ɔkwan bɛn so na awofo, akyerɛkyerɛfo, ne wɔn a wɔhwɛ mmofra betumi ne mmabun akasa afa asiane ahorow a ɛwɔ nsa ne nnubɔne a wɔde tohyɛ wɔn so  wɔ ɔkwan a ɛboa na ɛnyɛ atɛn so?"
ID_VL_Eng_Gha_5A575539,Eng_Gha,C_recall_failure,0.27632911392405063,0.27632911392405063,0.27632911392405063,0.27632911392405063,0,14,42,What resources or support networks are available to help me navigate sexual health screenings and address any concerns or questions I may have?
ID_VL_Aka_Gha_EF8C485B,Aka_Gha,C_recall_failure,0.27702564102564103,0.27702564102564103,0.27702564102564103,0.27702564102564103,0,1,66,"kwan bɛn so na wɔsa STI ahorow? (nnuru a ekum ɔyare mmoawa, ne nea ɛkeka ho) ."
ID_VL_Eng_Eth_90E0B95F,Eng_Eth,C_recall_failure,0.27749999999999997,0.27749999999999997,0.27749999999999997,0.27749999999999997,1,5,48,"If a person has tested positive for HPV but has no visible warts, can they still transmit the virus?"
ID_VL_Eng_Uga_B86D066B,Eng_Uga,B_reranking_failure,0.27749999999999997,0.74,0.74,0.74,0,8,65,I’m adjusting to life with HIV; what can I do to take better care of myself?
ID_VL_Eng_Gha_71F2CE8F,Eng_Gha,C_recall_failure,0.27749999999999997,0.27749999999999997,0.27749999999999997,0.27749999999999997,0,2,54,"What role do legal professionals and advocates play in providing assistance and advocacy to adolescents in crisis situations, and what qualifications or experience should adolescents look for when seeking help?"
ID_VL_Aka_Gha_6C12ACE8,Aka_Gha,C_recall_failure,0.27749999999999997,0.2785393258426966,0.2785393258426966,0.2814084507042253,61,1,70,Nti mmabun betumi anya nsɛm ne afotu a ɛfa sɛnea wobesiw nna mu nyarewa (STI) ano ho denam abusua nhyehyɛe ho adwumayɛbea ahorow so?
ID_VL_Eng_Gha_2A60C652,Eng_Gha,D_weak_pool,0.27749999999999997,0.29600000000000004,0.30000000000000004,0.30000000000000004,11,26,44,"What is health literacy, and why is it important for adolescents' sexual and reproductive health?"
ID_VL_Lug_Uga_BD10F87C,Lug_Uga,B_reranking_failure,0.27795121951219515,0.74,0.74,0.74,13,1,62,Omwana azaaliddwa maama alina Akawuka akaleeta Siriimu alina emikisa emeka okubeera omulamu obulungi?
ID_VL_Swa_Ken_7B5FBE41,Swa_Ken,C_recall_failure,0.2782905982905983,0.22086153846153847,0.2782905982905983,0.2791228070175439,37,4,51,"Je, kuna madhara yanayoweza kutokea kwa mwanamume iwapo vidhibiti mimba vitatumiwa wakati wa kujamiiana na mwanamke?"
ID_VL_Swa_Ken_5682D038,Swa_Ken,C_recall_failure,0.2782905982905983,0.2791228070175439,0.2791228070175439,0.2791228070175439,2,3,55,"Ikiwa unashiriki mapenzi na msichana kwa kutumia vidhibiti mimba, je, inaweza kumuathiri mvulana?"
ID_VL_Eng_Gha_8B48F496,Eng_Gha,C_recall_failure,0.278348623853211,0.278348623853211,0.278348623853211,0.278348623853211,2,2,50,How can adolescents distinguish between factual information and biased or misleading content in media messages about sexual health?
ID_VL_Eng_Gha_59FEFBBC,Eng_Gha,D_weak_pool,0.278348623853211,0.278348623853211,0.3184810126582278,0.3184810126582278,6,11,54,How can adolescents advocate for changes to sexual assault laws and policies to better protect survivors and hold perpetrators accountable?
ID_VL_Aka_Gha_62801C45,Aka_Gha,C_recall_failure,0.278348623853211,0.2595811518324607,0.278348623853211,0.278348623853211,8,22,63,"Mmara kwan bɛn na ɛwɔ hɔ ma mmabun a wɔnyem a wohyia akwanside ahorow a ɛmma wontumi nnya apɔmuden ho nhyehyɛe, te sɛ insurance, kar, anaa sika a wonnya?"
ID_VL_Eng_Gha_963A8617,Eng_Gha,D_weak_pool,0.2784536082474227,0.27901639344262297,0.3241592920353983,0.3571304347826087,20,1,48,"How can I advocate for comprehensive education on reproductive system health in schools, communities, and healthcare settings?"
ID_VL_Aka_Gha_47294739,Aka_Gha,C_recall_failure,0.27853932584269664,0.24854961832061068,0.24854961832061068,0.27853932584269664,26,2,70,Akwan bɛn na wobetumi afa so ama mmabun a wontumi nnya awofo pene sɛ wobeyi nyinsɛn agu?
ID_VL_Aka_Gha_C1590F53,Aka_Gha,D_weak_pool,0.27870129870129867,0.27870129870129867,0.31558823529411767,0.31558823529411767,17,8,68,"Ɔkwan bɛn so na mmabun betumi ahwɛ ahu sɛ wobenya ɛnanom akwahosan ho nhyehyɛe pa a ɛkyerɛ obu, ɛboa, na ɛfa amammerɛ ho?"
ID_VL_Aka_Gha_9424AED5,Aka_Gha,D_weak_pool,0.27908571428571427,0.3718974358974359,0.3718974358974359,0.3718974358974359,0,8,62,Ɔkwan bɛn so na mmabun betumi akasa ma nhyehyɛe ne nneyɛe a ɛde kokoamsɛm ne kokoam nsɛm di kan wɔ akwahosan ho nhyehyɛe ahorow mu?
ID_VL_Eng_Gha_74FD33D1,Eng_Gha,D_weak_pool,0.27924528301886786,0.27924528301886786,0.31999999999999995,0.31999999999999995,8,16,40,Are there any costs associated with STI testing and treatment services? Are there options for free or low-cost services?
ID_VL_Eng_Gha_1E2595B8,Eng_Gha,C_recall_failure,0.2792452830188679,0.2792452830188679,0.2792452830188679,0.2792452830188679,0,0,42,How can gender stereotypes impact adolescents' access to sexual and reproductive health services and information?
ID_VL_Aka_Gha_2B70E525,Aka_Gha,D_weak_pool,0.28,0.2806896551724138,0.3852577319587629,0.3852577319587629,12,13,58,Ɔkwan bɛn so na ankorankoro ne ɔmanfo ahyehyɛde ahorow ntamu fekubɔ boa ma mmaabun nya sikasɛm mu hokwan ahorow?
ID_VL_Eng_Gha_4B1F0D7B,Eng_Gha,C_recall_failure,0.2801941747572816,0.2801941747572816,0.2801941747572816,0.2801941747572816,0,10,54,How can I stay informed about changes in laws and policies that may impact my ability to access reproductive health services as an adolescent?
ID_VL_Aka_Gha_E7A37E81,Aka_Gha,C_recall_failure,0.28048387096774197,0.28201219512195125,0.29816849816849816,0.29816849816849816,6,25,63,Nneɛma bɛn na ɛwɔ hɔ a ɛbɛboa mmabun ne akwahosan ho adwumayɛfo ma wɔafa amammerɛ ne nyamesom ho nsusuii ahorow mu wɔ nna ne awo akwahosan ho nhyehyɛe ne nhomasua mu?
ID_VL_Aka_Gha_3FE12E47,Aka_Gha,D_weak_pool,0.2805494505494505,0.2866197183098592,0.34071942446043163,0.34071942446043163,12,42,65,So mmabun betumi anya ɔhaw ahorow a wɔde wɔn ho gye mu ne mmoa dwumadi ahorow a wɔmmɔ wɔn din de abɔ wɔn kokoam nsɛm ho ban kɛse?
ID_VL_Eng_Gha_81F7F3FB,Eng_Gha,C_recall_failure,0.2810576923076923,0.2810576923076923,0.2810576923076923,0.2810576923076923,0,0,50,"What should I do if I test positive for an STI, and what treatment options are available?"
ID_VL_Eng_Gha_C3AFFCFE,Eng_Gha,C_recall_failure,0.28108527131782945,0.28108527131782945,0.28108527131782945,0.28108527131782945,2,0,54,What ethical considerations should adolescents consider when sharing information about sexual health with others to ensure they are not inadvertently perpetuating misinformation or myths?
ID_VL_Swa_Ken_A5CB3C6E,Swa_Ken,D_weak_pool,0.28126696832579184,0.351231884057971,0.351231884057971,0.351231884057971,2,18,59,"Je, ni mwisho ikiwa mtu ana virusi vya ukimwi?"
ID_VL_Eng_Ken_8DA5D39B,Eng_Ken,C_recall_failure,0.2815929203539823,0.2815929203539823,0.28461538461538455,0.2976086956521739,31,3,57,How long can one take P2 to avoid pregnancy?
ID_VL_Aka_Gha_3875394C,Aka_Gha,C_recall_failure,0.2817045454545455,0.2686301369863014,0.2817045454545455,0.2817045454545455,18,13,76,"Ɔkwan bɛn so na atoyerɛnkyɛm a efi wim tebea mu, te sɛ ahum, nsuyiri, ne ɔpɛ betumi aka sɛnea mmabun nya awo akwahosan ho nhyehyɛe?"
ID_VL_Amh_Eth_4797B2C9,Amh_Eth,D_weak_pool,0.2819047619047619,0.2819047619047619,0.38480000000000003,0.38480000000000003,5,15,57,የጨብጥ ምርመራ እንዴት ነው የሚደረገው?
ID_VL_Eng_Ken_52D78F10,Eng_Ken,C_recall_failure,0.28204918032786885,0.28204918032786885,0.28204918032786885,0.32721088435374146,53,42,57,Can one have HIV and live with it without getting drugs?
ID_VL_Aka_Gha_157D94A1,Aka_Gha,C_recall_failure,0.2820994475138121,0.2820994475138121,0.2820994475138121,0.2820994475138121,0,4,59,Ɔkwan bɛn so na mmabun betumi akamfo nhyehyɛe ahorow a ɛhyɛ mmarima ne mmea pɛyɛ ne nyiyim a wɔnyɛ ho nkuran wɔ wɔn mpɔtam hɔ?
ID_VL_Aka_Gha_87F8424D,Aka_Gha,C_recall_failure,0.28224358974358976,0.28224358974358976,0.28224358974358976,0.2866031746031746,56,10,60,"Ɔkwan bɛn so na ɔbarima ne ɔbea dwumadi ne akwanhwɛ ahorow nya mmabun osuahu ahorow a ɛfa nsabuo, nna, ne ɔdɔ mu nkitahodie ho so nsunsuanso, na ɔkwan bɛn so na ankorankoro betumi akasa atia nsusuwii hunu ne gyinapɛn ahorow a epira?"
ID_VL_Aka_Gha_222282E1,Aka_Gha,D_weak_pool,0.2822680412371134,0.2822680412371134,0.31179775280898875,0.37,54,31,57,Ɔkwan bɛn so na mmabun betumi asusuw ahotoso a ɛwɔ Intanɛt so nsɛm a ɛfa nna mu akwahosan ho nsɛmti ho no ho?
ID_VL_Eng_Gha_732E2016,Eng_Gha,C_recall_failure,0.28236842105263155,0.28236842105263155,0.28236842105263155,0.28236842105263155,0,29,50,What resources or support services are available for parents or family members who want to better understand and support adolescent sexual and reproductive health?
ID_VL_Aka_Gha_9B49BD26,Aka_Gha,C_recall_failure,0.282442748091603,0.282442748091603,0.282442748091603,0.282442748091603,4,3,49,"Dɛn ne nna mu nneyɛe a ahobammɔ wɔm, na dɛn nti na ɛho hia?"
ID_VL_Eng_Gha_144823F7,Eng_Gha,C_recall_failure,0.28276422764227643,0.28276422764227643,0.28276422764227643,0.28276422764227643,0,1,55,"What are some safety considerations to keep in mind when participating in online or offline advocacy for ASRRs? (Staying anonymous if needed, prioritizing well-being)"
ID_VL_Eng_Gha_30D73DF7,Eng_Gha,D_weak_pool,0.2828272251308901,0.315049504950495,0.315049504950495,0.315049504950495,1,1,57,"What are the advantages of receiving reproductive health care within the context of comprehensive health services, rather than through separate programs or clinics?"
ID_VL_Amh_Eth_15EABB27,Amh_Eth,C_recall_failure,0.28294117647058825,0.28294117647058825,0.28294117647058825,0.28294117647058825,2,15,66,አንድ ሕፃን በበሽታ ወይም ኢንፌክሽን ተይዞ ሊወለድ ይችላል?
ID_VL_Aka_Gha_DD56CC94,Aka_Gha,D_weak_pool,0.2831060606060606,0.2831060606060606,0.3081311475409836,0.3081311475409836,5,0,61,Nneɛma anaa mmoa nkitahodi bɛn na ɛwɔ hɔ ma mmabun a wohia mmoa a wɔde bɛfa ɔkwan a wɔfa so nya dabere ne adan ho dwumadie no mu?
ID_VL_Aka_Gha_5958A499,Aka_Gha,C_recall_failure,0.28330033003300326,0.2980555555555556,0.2980555555555556,0.2980555555555556,0,5,73,"Ɔkwan bɛn so na pene di dwuma titiriw wɔ nna mu basabasayɛ a wɔkyerɛkyerɛ mu, na dɛn na ɛkyerɛ sɛ nna mu dwumadi bi yɛ nea wɔpene so, fi wɔn pɛ mu, na egyina wɔn ho wɔn ho adwene, ntease, ne obu so?"
ID_VL_Eng_Gha_4F6B58C8,Eng_Gha,C_recall_failure,0.28375939849624066,0.2745161290322581,0.28375939849624066,0.28375939849624066,5,1,47,"How can discussions about media literacy and consent be integrated into school curricula, community programs, and youth organizations to promote awareness, empathy, and critical thinking skills among adolescents and young adults?"
ID_VL_Eng_Gha_88B4F474,Eng_Gha,D_weak_pool,0.28407582938388626,0.3067357512953368,0.3067357512953368,0.3067357512953368,1,20,45,"What are the key qualities of a healthy and respectful relationship? (e.g., trust, respect, honesty, communication, boundaries)"
ID_VL_Aka_Gha_958CA9BA,Aka_Gha,C_recall_failure,0.28430517711171666,0.28430517711171666,0.28430517711171666,0.28430517711171666,3,1,64,"Dwuma bɛn na nsɛm ho amanneɛbɔ ho nimdeɛ betumi adi wɔ pene, abusuabɔ pa, ne nna mu nneyɛe pa a wɔbɛhyɛ ho nkuran wɔ mmabun mu so?"
ID_VL_Amh_Eth_5738811D,Amh_Eth,C_recall_failure,0.2846153846153846,0.10962962962962963,0.10962962962962963,0.2846153846153846,29,0,64,አንዲት እናት ኤች አይ ቪን ለልጇ እንዳስተላለፈች የሚያሳዩ ምልክቶች ምንድን ናቸው?
ID_VL_Aka_Gha_2F923996,Aka_Gha,C_recall_failure,0.28498381877022655,0.25262068965517237,0.2569444444444444,0.28498381877022655,67,21,75,"Ɔkwan bɛn so na abusua abakɔsɛm, awosu, ne nneɛma a atwa yɛn ho ahyia betumi anya asiane a ɛwɔ hɔ sɛ ɔbabun benya nnuru a wɔde di dwuma ɔkwammɔne so ne adwenemyare no so nsunsuanso?"
ID_VL_Eng_Gha_B7A4C719,Eng_Gha,C_recall_failure,0.285,0.285,0.285,0.285,2,2,61,"What are the rights and protections afforded to adolescents with mental health disorders, and how can they advocate for themselves in various settings?"
ID_VL_Amh_Eth_B856D035,Amh_Eth,C_recall_failure,0.2856140350877193,0.2856140350877193,0.2856140350877193,0.2856140350877193,0,4,73,በመርፌ ምክንያት የሚከሰተውን መደበኛ ያልሆነ የደም መፍሰስ ችግር ለአንዲት ልጅ ለመርዳት በጣም ውጤታማው መንገድ ምንድነው?
ID_VL_Eng_Eth_B5A1B949,Eng_Eth,D_weak_pool,0.2859090909090909,0.2859090909090909,0.3288888888888889,0.3288888888888889,32,19,71,"Can the bacteria from Chlamydia spread to other parts of the body, like the eyes or throat?"
ID_VL_Eng_Gha_2747B93C,Eng_Gha,C_recall_failure,0.28645161290322574,0.28645161290322574,0.28645161290322574,0.28645161290322574,0,2,45,Are there support networks or organizations that advocate for adolescents' rights to safe and healthy relationships?
ID_VL_Eng_Eth_3C7C1D85,Eng_Eth,D_weak_pool,0.2864516129032258,0.2864516129032258,0.30392857142857144,0.30392857142857144,5,10,48,Do health workers recommend testing for sexually transmitted infections (STIs) at home?
ID_VL_Eng_Uga_601BFBCB,Eng_Uga,B_reranking_failure,0.2869387755102041,0.7184466019417476,0.74,0.74,10,2,48,How do I get immunized against Hepatitis B?
ID_VL_Eng_Eth_50018B7B,Eng_Eth,B_reranking_failure,0.2877777777777778,0.74,0.74,0.74,0,15,55,Can boys and girls avoid problems if does drinking alcohol kill sti germs?
ID_VL_Eng_Gha_5CD33369,Eng_Gha,D_weak_pool,0.2877777777777778,0.315796178343949,0.315796178343949,0.315796178343949,0,2,39,Can adolescents access reproductive health services without parental consent or involvement?
ID_VL_Eng_Gha_48BDDB3E,Eng_Gha,C_recall_failure,0.2877777777777778,0.2928342245989305,0.2928342245989305,0.2928342245989305,4,16,60,"How do unfair power differences, like gender rules or adults having more control, affect adolescents' ability to exercise their sexual and reproductive rights, and what ethical responsibilities do stakeholders have in addressing these disparities?"
ID_VL_Aka_Gha_0D557B61,Aka_Gha,C_recall_failure,0.28823970037453184,0.28823970037453184,0.28823970037453184,0.28823970037453184,1,24,62,"Hokwan pɔtee bɛn na wɔakyerɛw wɔ amanaman ntam nnipa hokwan ho nkrataa te sɛ Amansan Mpaemuka a Ɛfa Hokwan a Nnipa Wɔ Ho ne Mmofra Hokwan Ho Apam no mu, a ɛfa mmabun nna ne awo akwahosan ho?"
ID_VL_Aka_Gha_988C24C9,Aka_Gha,D_weak_pool,0.2884102564102564,0.2884102564102564,0.3093785310734463,0.3093785310734463,17,35,72,Ɔkwan bɛn so na mmabun betumi akasa ama ɔhwɛ a wɔde adwenemhaw ho nsɛm akyerɛ wɔ apomoden ho nhyehyɛe ne ahyehyɛde ahorow mu?
ID_VL_Aka_Gha_4F2D4796,Aka_Gha,D_weak_pool,0.2885321100917432,0.32011235955056183,0.33055837563451773,0.33055837563451773,15,18,61,"Dɛn ne hokwan ahorow a mewɔ sɛ ɔbabun bere a merehwehwɛ awo akwahosan ho nhyehyɛe, a kokoamsɛm ne pene ka ho?"
ID_VL_Eng_Ken_23DFECD7,Eng_Ken,C_recall_failure,0.2885534591194968,0.2885534591194968,0.2930693069306931,0.2930693069306931,15,22,61,Is one completely protected from HIV by using condoms?
ID_VL_Eng_Eth_5F733A3E,Eng_Eth,C_recall_failure,0.288780487804878,0.288780487804878,0.288780487804878,0.288780487804878,0,0,44,Where is the nearest place a survivor of assault can get emergency medical care?
ID_VL_Aka_Gha_9A6EC2F5,Aka_Gha,C_recall_failure,0.28938547486033517,0.2533695652173913,0.28938547486033517,0.2938550724637681,55,35,61,"Nkyerɛkyerɛ akwan ne nneɛma bɛn na wɔde di dwuma de ma mmabun, de wɔn ho hyɛ nsɛm ho amanneɛbɔ ho adesua mu, na ɔkwan bɛn so na wɔhyɛ adesua a ɛyɛ nna, nsusuwii a ɛyɛ katee, ne adebɔ mu nsɛm a wɔda no adi ho nkuran?"
ID_VL_Amh_Eth_8D4F5D27,Amh_Eth,C_recall_failure,0.28956521739130436,0.28956521739130436,0.28956521739130436,0.28956521739130436,4,13,57,ወንዶችም ለ HPV መከተብ አለባቸው?
ID_VL_Aka_Gha_A79AC9AA,Aka_Gha,C_recall_failure,0.28956521739130436,0.28956521739130436,0.28956521739130436,0.28956521739130436,4,29,61,So nhyehyɛe pɔtee bi wɔ mantɔw mu a wɔyɛ de mmabun nna ne awo apwmuden nsɛm ho?
ID_VL_Eng_Gha_3D959E3F,Eng_Gha,D_weak_pool,0.28956521739130436,0.3726618705035971,0.3726618705035971,0.3726618705035971,0,3,50,Are there any laws or policies that protect adolescents' right to access sexual and reproductive health services?
ID_VL_Aka_Gha_A092F52A,Aka_Gha,D_weak_pool,0.2899415204678363,0.364,0.364,0.364,0,1,64,So LGBTQ+ ankorankoro wɔ mmara kwan so hokwan ahorow a ɛfa akwaahosan ho nhyehyɛe a wobenya ne ayaresa ho?
ID_VL_Eng_Uga_9D37EFB6,Eng_Uga,B_reranking_failure,0.2901960784313725,0.7303896103896103,0.7303896103896103,0.7303896103896103,1,1,51,"If I have gonorrhea, does that also mean I also mean I have Chlamydia? , please answer this using simple medical terms."
ID_VL_Amh_Eth_6F81CF4F,Amh_Eth,C_recall_failure,0.2901960784313725,0.2901960784313725,0.2901960784313725,0.2901960784313725,1,0,64,ሚጠበቀው የመውለጃ ቀኔ ሲቃረብ ወደ ክሊኒኩ ረጅም ርቀት ለመጓዝ በጣም አስተማማኝው መንገድ ምንድነው?
ID_VL_Eng_Gha_3990E2C9,Eng_Gha,C_recall_failure,0.2905521472392638,0.2905521472392638,0.2905521472392638,0.2905521472392638,2,0,40,How can we assess the credibility and reliability of sources used in media messages about sexual and reproductive health?
ID_VL_Aka_Gha_513A7052,Aka_Gha,D_weak_pool,0.2907142857142857,0.27373983739837404,0.3204929577464789,0.3204929577464789,5,13,63,Ɔkwan bɛn so na nna ho nhyehyɛe ahorow a ɛkɔ akyiri (CSE) nhyehyɛe ahorow betumi ama mmabun tumi ma wɔakyerɛ sɛ wɔwɔ hokwan ahorow wɔ nna ne awo akwahosan ho nsɛm ne nnwuma ho?
ID_VL_Aka_Gha_1A2A73ED,Aka_Gha,D_weak_pool,0.29082969432314415,0.29082969432314415,0.29082969432314415,0.30392857142857144,25,11,59,"Ɔkwan bɛn so na nnipa a wɔyɛ wɔn ho sɛ wɔyɛ mmarima ne mmea, abusuakuw, mmusuakuw, nna ho akɔnnɔ, ne dɛmdi, nya mmabun osuahu ahorow a ɛfa nyiyim, animtiaabu, ne wɔn a wɔde wɔn to nkyɛn wɔ ASRH ho no so nsunsuanso?"
ID_VL_Eng_Gha_A987B218,Eng_Gha,C_recall_failure,0.290940170940171,0.290940170940171,0.290940170940171,0.290940170940171,0,1,47,What are some coping strategies or self-care techniques that adolescents can use to manage overwhelming emotions or suicidal thoughts in the moment?
ID_VL_Aka_Gha_EDCD465E,Aka_Gha,C_recall_failure,0.29103658536585364,0.29103658536585364,0.29103658536585364,0.2933727810650887,60,46,62,"Dɛn ne asɛyɛde ahorow a ɛwɔ nsɛm ho amanneɛbɔfo a wɔyɛ, nneɛma a wɔyɛ, ne nnwuma mufoɔ a wɔhyɛ ho nkuran wɔ abrabɔ pa ne ɔbarima ne ɔbea nna ho sɛnkyerɛnne a ɛka nnipa nyinaa ho wɔ nsɛm ho amanneɛbɔ mu no mu?"
ID_VL_Aka_Gha_560C95EE,Aka_Gha,C_recall_failure,0.2913122171945701,0.2913122171945701,0.2913122171945701,0.2913122171945701,0,5,68,So amammerɛ anaa ɔmanfo nneɛma bi wɔ hɔ a ɛka sɛnea atipɛnfo nhyɛso a enye abu so wɔ mmabun mu no?
ID_VL_Aka_Gha_36C59DAC,Aka_Gha,C_recall_failure,0.2913218390804598,0.2913218390804598,0.2913218390804598,0.2913218390804598,0,28,61,"kwan bɛn so na asetena mu ahobammɔ nhyehyɛe ahorow betumi ahyɛ mmarima ne mmaa pɛyɛ ho nkuran na wɔama mmeawa ne mmabaa a wɔrebɛn mpanyin afe so tumi, ma wɔadi akwanside ahorow a ɛmma wontumi nnya nhomasua, akwahosan, ne sikasɛm mu hokwan ahorow so?"
ID_VL_Swa_Ken_253421BC,Swa_Ken,B_reranking_failure,0.2916612377850163,0.74,0.74,0.74,2,2,64,"Je, mtu anayetumia ARV anaweza kusambaza virusi wakati wa kujamiiana?"
ID_VL_Aka_Gha_C241330B,Aka_Gha,C_recall_failure,0.2917101449275362,0.2917101449275362,0.2947632311977716,0.29785,46,63,71,"Dɛn ne mpɔtam hɔ nneɛma ne mmoa adwuma bi a ɛwɔhɔ ma wɔn a wonyaa wɔn ti didii mu wɔ nsa ne nnubɔne a wɔde tow hyɛ wɔn so mu, na sɛ ɛho hia a, ɔkwan bɛn so na mmabun betumi anya saa nneɛma yi?"
ID_VL_Aka_Gha_B45ED1F0,Aka_Gha,C_recall_failure,0.292,0.292,0.292,0.292,4,1,61,"Dɛn ne ɔbarima ne ɔbea nna ho nkyerɛkyerɛmu? (ɔbarima, ɔbea,bɔbeasu ho nsesae- transgender , sɛ wonnyɛ ɔbaa anaasɛ ɔbarima- non-binary, ne nea ɛkeka ho)"
ID_VL_Aka_Gha_5FB8D16C,Aka_Gha,C_recall_failure,0.29291666666666666,0.29291666666666666,0.29291666666666666,0.29291666666666666,1,4,68,"Dɛn ne kokoamsɛm a mmabun a wɔrehwehwɛ SRH ho nsɛm ne nnwuma wɔ Intanɛt so no kyerɛ, na nneɛma bɛn na wobetumi ayɛ de abɔ wɔn kokoamsɛm ne wɔn ankasa data ho ban?"
ID_VL_Eng_Eth_8E6E5003,Eng_Eth,D_weak_pool,0.29320754716981134,0.29320754716981134,0.3062068965517242,0.3062068965517242,8,38,53,"I have an itch, but no discharge. Should I still worry about an infection?"
ID_VL_Aka_Gha_94A1875D,Aka_Gha,D_weak_pool,0.29333333333333333,0.32406896551724135,0.32406896551724135,0.32406896551724135,0,5,59,"Ɔkwan bɛn so na awofo, wɔn a wɔhwɛ afofro, akyerɛkyerɛfo, apomoden ho adwumayɛfo, ne mpanyimfo afoforo betumi aboa mmabun ma wɔasua nna mu pene ho ade, adi nsɛmmisa anaa nsɛm a ɛhaw adwene ho dwuma, na wɔahyɛ suban pa ne nneyɛe a ɛfa pene a wɔpene so ho nkuran?"
ID_VL_Eng_Gha_0B599562,Eng_Gha,C_recall_failure,0.2942168674698795,0.2942168674698795,0.2942168674698795,0.3111363636363636,50,18,56,How can adolescents advocate for policies that protect their right to access abortion services without facing stigma or discrimination?
ID_VL_Eng_Gha_4C6A70F4,Eng_Gha,C_recall_failure,0.2942168674698795,0.2942168674698795,0.2942168674698795,0.2942168674698795,0,2,55,"What types of crises or health issues are typically addressed through medical assistance services, such as sexual assault, STI testing and treatment, pregnancy-related concerns, or mental health emergencies?"
ID_VL_Aka_Gha_BB5E4BCF,Aka_Gha,C_recall_failure,0.2947967479674797,0.2947967479674797,0.2947967479674797,0.2947967479674797,2,0,54,"Sɛ mihyia nsɛm a ɛmfata anaa epira wɔ abɛɛfo ntentan  so bere a meyɛ mmerantebere ne mmabaabere a, dɛn na ɛsɛ sɛ meyɛ?"
ID_VL_Aka_Gha_A7CAD415,Aka_Gha,D_weak_pool,0.2948872180451128,0.302,0.302,0.302,3,47,57,"Mɛyɛ dɛn anya nna mu yareɛ nhwehwɛmu dwumadie a ɛfa amammerɛ ho na ɛyɛ den sɛ yɛbɛka a ɛkyerɛ obuo ma me gyinapɛn, gyidie, ne nipasu?"
ID_VL_Eng_Gha_4988E418,Eng_Gha,C_recall_failure,0.2951445086705202,0.2276923076923077,0.2951445086705202,0.2951445086705202,5,0,44,"What are some good combinations of contraception methods for dual protection? (e.g., condoms + birth control pills)"
ID_VL_Aka_Gha_24933B83,Aka_Gha,D_weak_pool,0.2953648068669528,0.30781512605042016,0.30781512605042016,0.3653556485355648,23,15,51,kwan bɛn so na mmabun betumi ahwɛ ahu hokwan a wɔwɔ sɛ wɔde kokoam nsɛm sie bere a wɔrenya nna ne awoɔ akwahosan ho hwɛ no?
ID_VL_Eng_Ken_54A7B69B,Eng_Ken,B_reranking_failure,0.2954477611940298,0.2954477611940298,0.74,0.74,10,11,39,Is it possible for a negative person to marry someone who is HIV positive?
ID_VL_Eng_Gha_8D38BBD8,Eng_Gha,C_recall_failure,0.296,0.296,0.296,0.296,0,0,45,"How can adolescents support survivors of sexual assault, provide empathy, validation, and resources, and help create safe and supportive spaces where survivors feel heard, believed, and respected?"
ID_VL_Amh_Eth_43BFD931,Amh_Eth,D_weak_pool,0.296,0.3382857142857143,0.3382857142857143,0.3505263157894737,32,2,56,ሁሉም የ HPV ኢንፌክሽኖች ካንሰር ያስከትላሉ?
ID_VL_Eng_Eth_541CDFCD,Eng_Eth,B_reranking_failure,0.296,0.74,0.74,0.74,2,7,29,Is HPV common to cause cancer?
ID_VL_Eng_Gha_BD17C5E8,Eng_Gha,C_recall_failure,0.296,0.19947826086956522,0.296,0.296,5,0,56,How does the cost of healthcare services impact adolescents' access to contraception and family planning methods?
ID_VL_Amh_Eth_6889803E,Amh_Eth,C_recall_failure,0.29600000000000004,0.29600000000000004,0.29600000000000004,0.29600000000000004,4,0,50,ቂጥኝ ለሞት ሊዳርግ ይችላል?
ID_VL_Eng_Gha_18C01E2B,Eng_Gha,C_recall_failure,0.29732142857142857,0.29732142857142857,0.29732142857142857,0.29732142857142857,1,1,49,"What are reproductive health services, and why are they important for adolescents?"
ID_VL_Eng_Ken_6A944054,Eng_Ken,B_reranking_failure,0.2975257731958763,0.2975257731958763,0.74,0.74,9,0,64,What exactly is HIV?
ID_VL_Swa_Ken_6ADFD568,Swa_Ken,B_reranking_failure,0.2978616352201258,0.74,0.74,0.74,0,1,57,Jinsi ya kujua kwa urahisi mtu aliyeambukizwa Ukimwi kwa sura ya jicho?
ID_VL_Eng_Gha_29890880,Eng_Gha,C_recall_failure,0.29877934272300466,0.29877934272300466,0.29877934272300466,0.29877934272300466,0,0,62,What are some strategies for promoting reproductive health equity and access to fertility education and services for all adolescents?
ID_VL_Aka_Gha_B27C4026,Aka_Gha,D_weak_pool,0.29894039735099337,0.24666666666666667,0.29894039735099337,0.31131034482758624,51,24,56,"Dwuma bɛn na nna ho nkyerɛkyerɛ a ɛkɔ akyiri di wɔ awo ho atɛntrenee a, wɔhyɛ ho nkuran ma mmabun mu?"
ID_VL_Eng_Gha_E806133C,Eng_Gha,D_weak_pool,0.2990673575129533,0.2578064516129032,0.27987179487179487,0.304059405940594,25,17,55,"How can adolescents advocate for improved access to microfinance services, policy reforms, and investment in youth entrepreneurship and economic empowerment programs at the local, national, and international levels?"
ID_VL_Eng_Eth_9716108E,Eng_Eth,B_reranking_failure,0.29914893617021276,0.6475000000000001,0.6475000000000001,0.6475000000000001,0,2,50,What is the difference between HIV and the word 'AIDS'?
ID_VL_Eng_Gha_9B89E5CB,Eng_Gha,C_recall_failure,0.2993258426966292,0.2993258426966292,0.2993258426966292,0.2993258426966292,0,33,47,"What are some common situations where negative peer pressure might arise, especially concerning sexual and reproductive health decisions?"
ID_VL_Eng_Gha_B4746349,Eng_Gha,C_recall_failure,0.29938931297709925,0.29938931297709925,0.29938931297709925,0.29938931297709925,0,0,46,What are the potential consequences of legal restrictions or barriers to accessing reproductive health services as an adolescent?
ID_VL_Aka_Gha_008D4127,Aka_Gha,C_recall_failure,0.29974683544303793,0.29974683544303793,0.29974683544303793,0.29974683544303793,1,5,49,"So mfe a obi adi ho anohyeto anaa ahwehwɛde ahorow bi wɔ hɔ a, ɛbɛma obi anya nnuru a wɔde siw nyinsɛn ano a egye ntɛmpɛ?"
ID_VL_Eng_Uga_8AC97B01,Eng_Uga,B_reranking_failure,0.299746835443038,0.74,0.74,0.74,0,6,39,"If I change my sexual partner, can I protect myself from getting Gonorrhea?"
ID_VL_Swa_Ken_72E588E9,Swa_Ken,B_reranking_failure,0.2998692810457516,0.74,0.74,0.74,3,6,51,"Je, kuna hatari ya kuambukizwa iwapo kondomu itapasuka wakati wa kufanya ngono?"
ID_VL_Amh_Eth_8E485223,Amh_Eth,D_weak_pool,0.30062500000000003,0.30062500000000003,0.3819354838709678,0.3819354838709678,13,1,50,ኮንዶም መጠቀም ከ HPV ይከላከላል?
ID_VL_Eng_Gha_257F7595,Eng_Gha,D_weak_pool,0.3007741935483871,0.3007741935483871,0.3007741935483871,0.3007741935483871,3,5,49,"How can adolescents advocate for more accurate, inclusive, and representative portrayals of sexual and reproductive health topics in the media?"
ID_VL_Eng_Ken_0EC7D662,Eng_Ken,B_reranking_failure,0.3008791208791209,0.74,0.74,0.74,3,6,49,"If you are using a condom and it bursts, will you still have HIV?"
ID_VL_Eng_Ken_613D2DE9,Eng_Ken,B_reranking_failure,0.3008791208791209,0.74,0.74,0.74,0,6,50,Does one automatically contract HIV if he is using a condom and it bursts during intercourse?
ID_VL_Eng_Uga_76492E64,Eng_Uga,B_reranking_failure,0.30148148148148146,0.74,0.74,0.74,3,1,52,Why is it important for students to learn about sexual health in school?
ID_VL_Aka_Gha_702CDD20,Aka_Gha,D_weak_pool,0.30148148148148146,0.30148148148148146,0.30148148148148146,0.30148148148148146,0,4,68,"Dwuma bɛn na nipadua mu kasa, ɛnne a wɔde di dwuma, ne nsɛnkyerɛnne a ɛnyɛ kasa mu de di wɔ asɛm a wɔka de kyerɛ ne ahotoso a wɔde ma wɔ asetra mu nkitahodi ne gyinaesi mu no mu?"
ID_VL_Eng_Gha_FB16F757,Eng_Gha,D_weak_pool,0.3022535211267605,0.3022535211267605,0.3022535211267605,0.3022535211267605,0,0,37,How can adolescents navigate situations where their right to bodily autonomy is challenged or violated?
ID_VL_Eng_Eth_F3579560,Eng_Eth,D_weak_pool,0.3027272727272727,0.3027272727272727,0.3027272727272727,0.3027272727272727,0,40,53,"Should I tell every person I date about my herpes, or only someone I think I might marry?"
ID_VL_Eng_Gha_14CB0564,Eng_Gha,D_weak_pool,0.30272727272727273,0.3121875,0.32999999999999996,0.32999999999999996,6,3,44,"How can educators, parents, and caregivers support adolescents in developing critical digital media literacy skills to navigate online information about sexual health?"
ID_VL_Eng_Gha_49FC2CD8,Eng_Gha,D_weak_pool,0.30272727272727273,0.30272727272727273,0.30272727272727273,0.30272727272727273,4,1,43,What rights do adolescents have in terms of consent and confidentiality when seeking healthcare services related to sexual and reproductive health?
ID_VL_Eng_Gha_CFBE4FE9,Eng_Gha,D_weak_pool,0.30327868852459017,0.30470588235294116,0.3097674418604651,0.3097674418604651,5,3,39,What role do schools play in providing sexual and reproductive health education and services to adolescents?
ID_VL_Eng_Ken_655CE508,Eng_Ken,B_reranking_failure,0.3034309623430962,0.34233644859813084,0.74,0.74,9,13,43,What is the life expectancy for individuals living with HIV?
ID_VL_Eng_Eth_86A4BAE4,Eng_Eth,B_reranking_failure,0.30358974358974355,0.24666666666666665,0.481,0.481,14,0,37,Is trichomoniasis dangerous?
ID_VL_Aka_Gha_FC3E058B,Aka_Gha,D_weak_pool,0.3039834024896266,0.3039834024896266,0.3039834024896266,0.3039834024896266,0,15,55,"Dɛn ne brayɛ, na dɛn nti na mmaa nya?"
ID_VL_Eng_Gha_A689B424,Eng_Gha,D_weak_pool,0.30470588235294116,0.30470588235294116,0.30470588235294116,0.30470588235294116,0,0,29,"Is emergency contraception available over-the-counter, or does it require a prescription?"
ID_VL_Eng_Gha_4EFC8248,Eng_Gha,D_weak_pool,0.30470588235294116,0.30470588235294116,0.30470588235294116,0.30470588235294116,0,3,46,What role do parents or guardians play in supporting adolescents during pregnancy and childbirth?
ID_VL_Eng_Gha_F1FAC6E7,Eng_Gha,D_weak_pool,0.30470588235294116,0.30470588235294116,0.30470588235294116,0.30470588235294116,1,2,51,"How can trauma-informed approaches help to address the intersectional experiences of survivors from marginalized or underserved communities, such as LGBTQ+ individuals, people of color, immigrants, refugees, people with disabilities, and other historically oppressed groups, and how can these approaches promote social justice and equity?"
ID_VL_Aka_Gha_1EB0E38A,Aka_Gha,C_recall_failure,0.30470588235294116,0.2913218390804597,0.2983125,0.30470588235294116,57,10,78,Ɔkwan bɛn so na asuafoɔ bɛtumi de nsɛm ne wɔn adwene ama wɔ adwenemyareɛ ho nhyehyɛeɛ ho na wɔakamfo nsakraeɛ anaa nkɔsoɔ a ɛbɛba wɔ sukuu no mu?
ID_VL_Aka_Gha_683514F2,Aka_Gha,D_weak_pool,0.30508771929824563,0.30508771929824563,0.30508771929824563,0.30508771929824563,0,0,54,"So ɛka bi wɔ hɔ a ɛbata 'STI/HIV' nhwehwɛmu ne ayaresa dwumadie ho, na so akwan bi wɔ hɔ a wɔbɛfa so ayɛ nhwehwɛmu ne ayaresa a wontua hwee anaasɛ ɛho ka sua?"
ID_VL_Eng_Uga_7466EF02,Eng_Uga,B_reranking_failure,0.30515463917525776,0.74,0.74,0.74,1,5,56,"How do I get vaccinated for Hepatitis B?, please answer this using simple medical terms."
ID_VL_Aka_Gha_382567B8,Aka_Gha,D_weak_pool,0.30525,0.30525,0.30525,0.30525,0,24,59,Dwuma bɛn na nsɛm ho amanneɛbɔ ho nimdeɛ di wɔ boa a wɔboa mmabun ma wɔhwehwɛ nsɛm ho amanneɛbɔ nkrasɛm a ɛka wɔn atipɛnfo abusuabɔ ne wɔn nkitahodi mu yiye na wɔhwehwɛ mu?
ID_VL_Aka_Gha_90604F62,Aka_Gha,D_weak_pool,0.3053968253968254,0.2276923076923077,0.3053968253968254,0.3053968253968254,15,10,61,"Ɔkwan bɛn so na amammuisɛm ne wiase nyinaa akwahosan ho nneɛma a ɛho hia no nya amanaman ntam sika a wɔde bɛma ASRH no so nsunsuanso, na dɛn na eyi kyerɛ wɔ nhyehyɛe ne mmɔdenbɔ a wɔbɔ sɛ wɔbɛkamfo nkurɔfo no ho?"
ID_VL_Swa_Ken_37EC07A6,Swa_Ken,D_weak_pool,0.3062068965517241,0.42285714285714293,0.42285714285714293,0.42285714285714293,1,24,31,"Je, ni watu wazima na watoto wangapi wanatumia ART nchini Kenya?"
ID_VL_Eng_Eth_5AAAB32F,Eng_Eth,D_weak_pool,0.3062068965517241,0.3062068965517241,0.3576666666666667,0.3576666666666667,5,2,61,How can couples manage herpes so it doesn't affect their marriage?
ID_VL_Eng_Eth_2E183554,Eng_Eth,D_weak_pool,0.3062068965517242,0.3062068965517242,0.3062068965517242,0.3415384615384615,27,5,50,"Is Chlamydia curable, and how can boys and girls avoid its long-term health problems?"
ID_VL_Eng_Gha_3CCEC76C,Eng_Gha,D_weak_pool,0.30652719665271966,0.30652719665271966,0.30652719665271966,0.30652719665271966,0,2,50,"What legal protections and human rights frameworks exist to address discrimination based on sexual orientation, gender identity, and reproductive choices, and how can adolescents advocate for the enforcement of these laws and policies?"
ID_VL_Eng_Gha_5D986115,Eng_Gha,D_weak_pool,0.30666666666666664,0.30666666666666664,0.30666666666666664,0.30666666666666664,0,2,45,How can adolescents advocate for better access to sexual and reproductive health services in their communities?
ID_VL_Swa_Ken_1EE93260,Swa_Ken,B_reranking_failure,0.3068292682926829,0.74,0.74,0.74,0,3,49,PEP inapatikana wapi?
ID_VL_Aka_Gha_B09B2A5C,Aka_Gha,D_weak_pool,0.30696296296296294,0.30696296296296294,0.30696296296296294,0.30696296296296294,1,16,66,"So ɛyɛ nokware sɛ akwan bi a wɔfa so siw awo ano nso, betumi abɔ wɔn ho ban afi nna mu nyarewa (STI) ho?"
ID_VL_Eng_Gha_92FA675F,Eng_Gha,D_weak_pool,0.30772277227722766,0.30772277227722766,0.30772277227722766,0.30772277227722766,0,3,43,Are there any cultural or religious factors that may affect adolescents' access to sexual and reproductive health services?
ID_VL_Swa_Ken_E3DE4EC0,Swa_Ken,B_reranking_failure,0.30784000000000006,0.74,0.74,0.74,3,2,58,"Je, punyeto ina manufaa yoyote kiafya?"
ID_VL_Swa_Ken_0DE4FAF4,Swa_Ken,B_reranking_failure,0.30784000000000006,0.30784000000000006,0.74,0.74,8,2,49,"Je, unadhani kupiga punyeto ni afya?"
ID_VL_Swa_Ken_C9C1AD45,Swa_Ken,B_reranking_failure,0.30784000000000006,0.30784000000000006,0.74,0.74,5,2,49,"Je, kwa maoni yako, kupiga punyeto ni afya?"
ID_VL_Aka_Gha_ABF3E3FC,Aka_Gha,D_weak_pool,0.30802030456852797,0.3171428571428571,0.3171428571428571,0.34797619047619044,46,1,63,Ɔkwan bɛn so na mmabun betumi akasa ama nhyehyɛe ahorow a ɛhyɛ pɛyɛ ho nkuran na edi nneɛma a ɛde apomoden mu nsonsonoe ba wɔ nna ne awo akwahosan mu no ho dwuma?
ID_VL_Eng_Ken_ABDD1A8F,Eng_Ken,D_weak_pool,0.3083333333333333,0.3083333333333333,0.3083333333333333,0.3083333333333333,0,13,39,How many people are aware of their HIV status in Kenya?
ID_VL_Eng_Gha_AC7E937C,Eng_Gha,D_weak_pool,0.30833333333333335,0.30833333333333335,0.30833333333333335,0.30833333333333335,0,0,42,"What are the potential risks of relying solely on digital platforms for sexual and reproductive health information and support, and how can adolescents mitigate these risks?"
ID_VL_Aka_Gha_1165E210,Aka_Gha,D_weak_pool,0.30898936170212765,0.3605612244897959,0.3605612244897959,0.3605612244897959,2,5,60,"Dwuma bɛn na akwahosan ho adwumayɛfo di wɔ mmea ho dwumadie ""gynecological services"" a wɔde ma mmabun mu, na mɛyɛ dɛn ne wɔn adi nkitaho ama mmoa ne nsɛm?"
ID_VL_Eng_Gha_B87B6384,Eng_Gha,D_weak_pool,0.3091139240506329,0.3091139240506329,0.3091139240506329,0.3091139240506329,0,3,45,How do cultural norms and societal attitudes impact adolescents' ability to access comprehensive HIV prevention and treatment services?
ID_VL_Eng_Eth_0BC61066,Eng_Eth,D_weak_pool,0.3094545454545454,0.3094545454545454,0.3094545454545454,0.3094545454545454,2,4,58,What is the importance of treating Trichomoniasis in women with co-existing bacterial vaginosis (BV)?
ID_VL_Aka_Gha_74672CD9,Aka_Gha,D_weak_pool,0.3097674418604651,0.3097674418604651,0.3097674418604651,0.3097674418604651,1,7,62,"Dwuma bɛn na nnipa a wɔwɔ intanɛt so nkitahodiɛ mmaeɛ so nkɛntɛnso, nnipa a wɔagye din, ne nnipa a wɔwɔ Intanɛt so di wɔ mmabun suban ne gyidi ahorow a ɛfa nna, pene a wɔpene so, ne abusuabɔ pa ho no mu?"
ID_VL_Eng_Ken_24ACB722,Eng_Ken,B_reranking_failure,0.31043902439024396,0.31043902439024396,0.74,0.74,8,2,53,Can every STI be cured?
ID_VL_Aka_Gha_E5D6F6E6,Aka_Gha,D_weak_pool,0.31079999999999997,0.31079999999999997,0.31079999999999997,0.31079999999999997,1,1,54,So mmoa nkitahodibea ahorow anaa ahyehyɛde bi wɔ hɔ a wɔkamfo hokwan ahorow a mmabun wɔ sɛ wonya abusuabɔ a ahobammɔ ne apɔwmuden wom?
ID_VL_Eng_Gha_9B33E3A4,Eng_Gha,D_weak_pool,0.3110144927536232,0.3110144927536232,0.3110144927536232,0.3110144927536232,0,20,55,"How can I access gynecological services as an adolescent, and where can I go for support and assistance?"
ID_VL_Aka_Gha_C84A7B28,Aka_Gha,D_weak_pool,0.31173228346456694,0.31173228346456694,0.31173228346456694,0.31173228346456694,1,33,69,Ɔkwan bɛn so na mmabun betumi akasa ama  nhyehyɛe ne mmara ahorow a ɛbɔ wɔn hokwan ahorow a wɔwɔ sɛ wobenya nna mu yareɛ ano aduru ne nhomasua ho nnwuma a edi mũ ho ban bere a wobu abrabɔ pa nnyinasosɛm ahorow te sɛ ahofadi ne kokoamsɛmu?
ID_VL_Aka_Gha_CE3714AF,Aka_Gha,D_weak_pool,0.3123193916349809,0.2862950819672131,0.3123193916349809,0.3123193916349809,15,5,72,kwan bɛn so na mmabun betumi anya nsɛm ne nneɛma a wɔde bɛkyerɛkyerɛ wɔn ho hokwan ahorow a wɔwɔ a ɛfa akatua a ɛyɛ pɛ ne mmarima ne mmaa pɛyɛ wɔ adwumam ho?
ID_VL_Eng_Uga_1B1F2EB1,Eng_Uga,B_reranking_failure,0.31233766233766236,0.74,0.74,0.74,1,5,50,What makes super gonorrhea different from regular gonorrhea?
ID_VL_Eng_Eth_03CDE2E3,Eng_Eth,D_weak_pool,0.3124444444444444,0.3124444444444444,0.35678571428571426,0.35678571428571426,10,11,42,Is HIV a punishment for bad behavior?
ID_VL_Eng_Gha_98F6FD7F,Eng_Gha,D_weak_pool,0.3130769230769231,0.3130769230769231,0.3130769230769231,0.3130769230769231,0,19,61,"How can adolescents ensure that their reproductive decisions are respected and supported by their families, communities, and healthcare providers?"
ID_VL_Eng_Eth_18578BAF,Eng_Eth,D_weak_pool,0.3130769230769231,0.3130769230769231,0.3130769230769231,0.3130769230769231,0,0,45,"If I use a long-acting contraceptive method (implant or injection), do I need to worry about the pill losing its effectiveness?"
ID_VL_Eng_Uga_2E0FB5B3,Eng_Uga,D_weak_pool,0.3135114503816794,0.3135114503816794,0.3135114503816794,0.74,52,11,57,Could taking PEP be the right step if I was possibly exposed to HIV?
ID_VL_Eng_Eth_2303F6C6,Eng_Eth,D_weak_pool,0.31355932203389836,0.31355932203389836,0.31355932203389836,0.31355932203389836,0,0,43,Can a girl’s sadness (depression) be a punishment from God for a past sin?
ID_VL_Lug_Uga_69FB0763,Lug_Uga,B_reranking_failure,0.3139393939393939,0.4082758620689656,0.74,0.74,12,14,62,Bakubibwa obuyiso obugema Kiramidiya?
ID_VL_Aka_Gha_D9178793,Aka_Gha,D_weak_pool,0.31393939393939396,0.31393939393939396,0.31393939393939396,0.31393939393939396,0,0,67,So sikasɛm mu mmoa nhyehyɛe ahorow bi wɔ hɔ a ɛbɛboa ma wɔatua nyinsɛn a woyi gu ho ka ma mmabun a ebia wontumi ntua sika no?
ID_VL_Eng_Eth_DDCF8766,Eng_Eth,B_reranking_failure,0.31393939393939396,0.5426666666666667,0.5426666666666667,0.5426666666666667,4,1,35,Is it safe to trust traditional healers for the treatment of sexually transmitted infections (STIs)?
ID_VL_Aka_Gha_7A0ECFEA,Aka_Gha,D_weak_pool,0.3145,0.3145,0.3145,0.3145,0,12,62,"So nneɛma anaa wɛbsaet ahorow bi wɔ hɔ a, wokamfo kyerɛ sɛ wubenya nna ne awo akwahosan ho nsɛm a wotumi de ho to so?"
ID_VL_Aka_Gha_0A4E5B70,Aka_Gha,D_weak_pool,0.3148936170212766,0.2593162393162393,0.3148936170212766,0.3148936170212766,9,3,60,So nna mu yareɛ (STI) nhwehwɛmu yɛ kokoamsɛm?
ID_VL_Eng_Eth_1EB74B56,Eng_Eth,D_weak_pool,0.31489361702127666,0.3609756097560976,0.3609756097560976,0.3609756097560976,1,12,47,Does HIV kill quickly or stop women from having children?
ID_VL_Swa_Ken_08453B2F,Swa_Ken,B_reranking_failure,0.31655555555555553,0.31655555555555553,0.74,0.74,14,3,54,"Je, ni muda gani unaopendekezwa wa kutumia uzazi wa mpango wa dharura (P2) ili kuzuia mimba?"
ID_VL_Swa_Ken_5FFD4015,Swa_Ken,B_reranking_failure,0.3167315175097276,0.3167315175097276,0.74,0.74,7,0,62,Nitajuaje kuwa nina virusi vya ukimwi bila kupima?
ID_VL_Eng_Eth_0212B554,Eng_Eth,D_weak_pool,0.31837209302325575,0.31837209302325575,0.34225,0.34225,12,3,48,"What medicines treat HIV, and how can boys and girls avoid HIV-related problems?"
ID_VL_Eng_Gha_56363094,Eng_Gha,D_weak_pool,0.31861111111111107,0.31861111111111107,0.31861111111111107,0.31861111111111107,0,0,49,"What are the intersections between social and economic support and other aspects of sexual and reproductive rights, such as access to education, employment, and housing?"
ID_VL_Aka_Gha_BEB79919,Aka_Gha,D_weak_pool,0.3186602870813397,0.3186602870813397,0.3186602870813397,0.3186602870813397,0,4,55,Mɛyɛ dɛn atumi abɔ m’ankasa me ho nsɛm ne me kokoam nsɛm ho ban bere a mede intanɛt so dwumadibea ne sohyial media redi dwuma?
ID_VL_Eng_Eth_E8E22743,Eng_Eth,D_weak_pool,0.3192156862745098,0.3192156862745098,0.39740740740740743,0.39740740740740743,11,12,42,Is HIV a punishment for bad behavior?
ID_VL_Eng_Uga_52DAF681,Eng_Uga,B_reranking_failure,0.3194244604316546,0.46624277456647395,0.74,0.74,6,6,40,"Is there a link between Genital Herpes and Oral Herpes?, please answer this using simple medical terms."
ID_VL_Eng_Eth_4D37A539,Eng_Eth,B_reranking_failure,0.3195454545454545,0.74,0.74,0.74,2,15,24,Can HPV cause cancer?
ID_VL_Amh_Eth_706C5C56,Amh_Eth,B_reranking_failure,0.32,0.45222222222222236,0.45222222222222236,0.45222222222222236,2,2,71,ለአንድ የትዳር አጋር ብቻ ታማኝ መሆን የኤች.አይ.ቪ ስርጭትን ሊከላከል ይችላል?
ID_VL_Amh_Eth_3985FB62,Amh_Eth,D_weak_pool,0.3217391304347826,0.26909090909090905,0.26909090909090905,0.3217391304347826,20,1,52,ኸርፒስ እንዴት እንደሚመረመር ሐኪሞች እንዴት ያብራራሉ?
ID_VL_Swa_Ken_735444FB,Swa_Ken,D_weak_pool,0.3221176470588235,0.3221176470588235,0.37621848739495795,0.37621848739495795,5,0,57,"Je, ni umri gani wa kuishi kwa watu wanaoishi na Ukimwi?"
ID_VL_Eng_Uga_33E4F986,Eng_Uga,B_reranking_failure,0.3241322314049586,0.6283018867924528,0.6283018867924528,0.6283018867924528,2,13,53,How do I know I have a HIV?
ID_VL_Amh_Eth_7135F221,Amh_Eth,D_weak_pool,0.3256,0.3256,0.3256,0.3256,1,0,57,ወንዶች ሳይታወቃቸው (ምልክት ሳይታይባቸው) ትሪኮሞኒያሲስን ሊሸከሙ ይችላሉ?
ID_VL_Eng_Eth_D1846C39,Eng_Eth,D_weak_pool,0.3269767441860465,0.2346341463414634,0.3269767441860465,0.3269767441860465,10,6,52,What is the main public health benefit of widespread HPV vaccination?
ID_VL_Eng_Uga_13335BC9,Eng_Uga,B_reranking_failure,0.3277142857142857,0.74,0.74,0.74,4,12,43,Does HPV vaccine protect against chlamydia?
ID_VL_Eng_Gha_40D92BCE,Eng_Gha,D_weak_pool,0.32842696629213486,0.32842696629213486,0.32842696629213486,0.32842696629213486,0,0,48,What are some signs or symptoms that indicate someone may be struggling with their mental health?
ID_VL_Aka_Gha_50F0FD0A,Aka_Gha,D_weak_pool,0.3285714285714285,0.3285714285714285,0.3285714285714285,0.3285714285714285,0,4,58,"kwan bɛn so na awofo, wɔn a wɔhwɛ mmofra, akyerɛkyerɛfo, ne mpanyimfo afoforo a wogye wɔn di betumi akyerɛkyerɛ mmabun nhyɛso, ne abusuabɔ a ɛyɛ papa ho nsɛm, na wɔama wɔn tumi ma wɔahu nsɛm yi na wɔayɛ ho biribi yie?"
ID_VL_Eng_Eth_345512F7,Eng_Eth,B_reranking_failure,0.32888888888888884,0.74,0.74,0.74,4,18,42,Does faith or prayer help if can home remedies cure herpes?
ID_VL_Amh_Eth_276AA6CE,Amh_Eth,B_reranking_failure,0.3288888888888889,0.666,0.666,0.666,1,12,61,ክላሚዲያ እንዴት ነው የሚመረመረው?
ID_VL_Eng_Eth_350843F0,Eng_Eth,B_reranking_failure,0.3288888888888889,0.74,0.74,0.74,2,17,46,How do boys and girls avoid problems of does hiv spread through kissing?
ID_VL_Aka_Gha_0E8FA8E0,Aka_Gha,D_weak_pool,0.32939024390243904,0.32939024390243904,0.32939024390243904,0.32939024390243904,0,8,63,Ɔkwan bɛn so na apɔwmuden ho adwumayɛfo betumi ahwɛ ahu sɛ mmabun benya nsɛm ne nneɛma a edi mu a ɛfa nyinsɛn a woyi gu ne ɔhwɛ a wɔde ma wɔ nyinsɛn a woyi gu akyi ho?
ID_VL_Aka_Gha_3C835DC0,Aka_Gha,D_weak_pool,0.3298533724340176,0.3298533724340176,0.3298533724340176,0.3298533724340176,1,0,58,"Dwuma bɛn na nsɛm ho amanneɛbɔ, amammerɛ a agye din, ne abɛɛfo ntentan ""social media"" di wɔ suban ne adwene a nkurɔfo kura wɔ nna mu ɔbrasɛe ""sexual assult"" ho no mu, na ɔkwan bɛn so na mmabun betumi ahwehwɛ nkrasɛm ne nsusuwii hunu a epira mu yiye na wɔakasa atia ""harmful messages and stereotypes""?"
ID_VL_Eng_Eth_FE2110D0,Eng_Eth,D_weak_pool,0.3310526315789474,0.3310526315789474,0.3310526315789474,0.3310526315789474,0,1,50,"If I see a counselor because my partner gave me an infection, will they force      me to immediately leave my partner?"
ID_VL_Eng_Uga_16312FC6,Eng_Uga,D_weak_pool,0.3317241379310345,0.3317241379310345,0.3317241379310345,0.3317241379310345,1,1,51,"Can a baby born with Herpes be cured?, please answer in detail."
ID_VL_Eng_Uga_695E5EA9,Eng_Uga,B_reranking_failure,0.332463768115942,0.74,0.74,0.74,0,7,51,"Where can I get vaccinated for Chlamydia?, please answer this using simple medical terms."
ID_VL_Eng_Uga_F280DF1D,Eng_Uga,B_reranking_failure,0.332463768115942,0.74,0.74,0.74,1,20,43,Does HPV vaccine protect against chlamydia?
ID_VL_Eng_Uga_46A56FE8,Eng_Uga,B_reranking_failure,0.3325110132158591,0.350353982300885,0.74,0.74,11,16,41,How do I test for Syphilis in Babies?
ID_VL_Eng_Uga_54BBBCF8,Eng_Uga,B_reranking_failure,0.3325110132158591,0.5045454545454546,0.5045454545454546,0.5045454545454546,2,21,49,How is Syphilis tested in Babies?
ID_VL_Eng_Gha_3C6A3174,Eng_Gha,D_weak_pool,0.3325842696629214,0.3325842696629214,0.3325842696629214,0.3325842696629214,1,0,52,"Are counseling and therapy confidential, and what are the limits to confidentiality?"
ID_VL_Eng_Eth_73B0A091,Eng_Eth,D_weak_pool,0.33299999999999996,0.33299999999999996,0.33299999999999996,0.33299999999999996,4,2,46,"Can prayer or faith help, and can herpes stop a marriage?"
ID_VL_Eng_Eth_86295B5D,Eng_Eth,D_weak_pool,0.33299999999999996,0.33299999999999996,0.33299999999999996,0.33299999999999996,0,9,65,How does gonorrhea affect the male reproductive system?
ID_VL_Eng_Eth_A21B0307,Eng_Eth,D_weak_pool,0.33299999999999996,0.33299999999999996,0.33299999999999996,0.33299999999999996,0,17,52,"If I have an infection, will the doctor tell me I cannot go to school?"
ID_VL_Eng_Eth_A6348E78,Eng_Eth,D_weak_pool,0.333,0.333,0.333,0.333,0,0,62,What is the relationship between poor menstrual hygiene and the risk of infections?
ID_VL_Eng_Uga_9EC4EA48,Eng_Uga,D_weak_pool,0.333,0.333,0.333,0.333,0,0,39,Is a myth the same as a misconception?
ID_VL_Aka_Gha_9E8FC965,Aka_Gha,D_weak_pool,0.3335522388059702,0.3335522388059702,0.3335522388059702,0.3335522388059702,0,1,68,"Dɛn ne mmara mu nkyerɛase ne nea ɛkyerɛ wɔ pene a wɔpene so ho, a mmara, ne nhyehyɛe ahorow a ɛfa ho a ɛkyerɛ nna mu nneyɛe na ɛbɔ ho ban fi nna mu basabasayɛ ho ka ho?"
ID_VL_Aka_Gha_610CF373,Aka_Gha,D_weak_pool,0.3338043478260869,0.3338043478260869,0.3338043478260869,0.3338043478260869,0,14,52,Ɔkwan bɛn so na mmabun betumi ahwɛ ahu sɛ nsɛm a wohu wɔ Intanɛt so a ɛfa nna ne awo akwahosan ho no yɛ nokware na wotumi de ho to so?
ID_VL_Eng_Eth_F10013A7,Eng_Eth,B_reranking_failure,0.33419354838709675,0.74,0.74,0.74,2,11,57,Tell me about gonorrhea.
ID_VL_Eng_Gha_F0DF1684,Eng_Gha,D_weak_pool,0.3341935483870968,0.3341935483870968,0.3341935483870968,0.3341935483870968,0,4,50,Can healthcare providers disclose STI test results to parents or guardians without the adolescent's consent?
ID_VL_Eng_Uga_07EF2BA8,Eng_Uga,B_reranking_failure,0.3347619047619047,0.3347619047619047,0.74,0.74,9,0,43,What are the positive effects of masturbation?
ID_VL_Eng_Ken_F64E3DFC,Eng_Ken,B_reranking_failure,0.33494736842105266,0.33494736842105266,0.74,0.74,11,0,54,When will I get the results?
ID_VL_Eng_Ken_E4EB8000,Eng_Ken,B_reranking_failure,0.33494736842105266,0.33494736842105266,0.74,0.74,12,0,47,How soon will the results be ready?
ID_VL_Eng_Gha_EEF16694,Eng_Gha,D_weak_pool,0.33574074074074073,0.33574074074074073,0.33574074074074073,0.33574074074074073,1,3,47,How do confidentiality laws protect adolescents' privacy rights when accessing sexual and reproductive health services?
ID_VL_Eng_Gha_5D01F55F,Eng_Gha,D_weak_pool,0.3357983193277311,0.3357983193277311,0.3357983193277311,0.3357983193277311,0,0,46,"What role can community-based organizations, youth-led initiatives, and peer networks play in supporting adolescents' sexual and reproductive health during global health emergencies?"
ID_VL_Eng_Eth_E32F2E63,Eng_Eth,D_weak_pool,0.3363636363636363,0.37755102040816324,0.37755102040816324,0.37755102040816324,1,27,36,What do health workers say about whether gonorrhea can be cured with herbs?
ID_VL_Amh_Eth_83BC9478,Amh_Eth,D_weak_pool,0.3363636363636363,0.3627450980392156,0.3627450980392156,0.37,26,0,53,ሄርፒስ ሊድን ይችላል፣ እና እንዴት መከላከል ይቻላል?
ID_VL_Eng_Eth_C8819065,Eng_Eth,D_weak_pool,0.33636363636363636,0.33636363636363636,0.33636363636363636,0.33636363636363636,0,0,44,Can I pass an infection to my baby while breastfeeding if I am not on medicine?
ID_VL_Eng_Gha_B49E04CC,Eng_Gha,D_weak_pool,0.33820312500000005,0.33820312500000005,0.33820312500000005,0.33820312500000005,0,0,54,"How can education on reproductive health issues be integrated into broader conversations about sexual health, consent, and healthy relationships for adolescents?"
ID_VL_Eng_Gha_7AA4F052,Eng_Gha,D_weak_pool,0.3391666666666667,0.3391666666666667,0.3391666666666667,0.3391666666666667,0,0,52,How can parents and caregivers create supportive environments at home that encourage body positivity and foster a sense of self-worth in their adolescent children?
ID_VL_Eng_Gha_C7E53BBB,Eng_Gha,D_weak_pool,0.3391666666666667,0.3870769230769231,0.3870769230769231,0.3870769230769231,1,0,45,Why is prenatal care important for a healthy pregnancy?
ID_VL_Eng_Uga_AF4847F0,Eng_Uga,B_reranking_failure,0.3395670995670995,0.3395670995670995,0.6205381165919281,0.6205381165919281,6,0,42,When should I get a Syphilis test?
ID_VL_Amh_Eth_6B88F83D,Amh_Eth,B_reranking_failure,0.33999999999999997,0.4788235294117647,0.4788235294117647,0.4788235294117647,3,24,53,ክላሚዲያ በወንዶች ላይ ምልክቶች ያሳያል?
ID_VL_Eng_Eth_C6435300,Eng_Eth,B_reranking_failure,0.3404,0.74,0.74,0.74,1,0,39,Is does trichomoniasis always cause signs? dangerous?
ID_VL_Eng_Ken_6A74DBB7,Eng_Ken,B_reranking_failure,0.34233644859813084,0.74,0.74,0.74,1,7,44,For how long should people infected with HIV expect to live?
ID_VL_Eng_Uga_FA9FC10E,Eng_Uga,B_reranking_failure,0.34292682926829265,0.74,0.74,0.74,3,12,53,"What are the preventive measures of Hepatitis B?, please answer in detail."
ID_VL_Eng_Eth_8BEDDB12,Eng_Eth,B_reranking_failure,0.3441860465116279,0.5241666666666666,0.5241666666666666,0.5241666666666666,0,1,63,What is the role of the Integrase Inhibitor class of drugs in HIV treatment?
ID_VL_Amh_Eth_3F897142,Amh_Eth,D_weak_pool,0.3441860465116279,0.38681818181818184,0.38681818181818184,0.38681818181818184,4,10,60,ወንዶች እና ሴቶች የሄርፒስ በሽታን መከላከል ይችላሉ እና ወንዶች የሄርፒስ በሽታ እንዳለባቸው እንዴት ያውቃሉ?
ID_VL_Eng_Eth_FC04A168,Eng_Eth,B_reranking_failure,0.3453333333333333,0.6012500000000001,0.6012500000000001,0.6012500000000001,0,16,48,Does drinking alcohol kill STI germs?
ID_VL_Eng_Uga_9D264599,Eng_Uga,B_reranking_failure,0.3457377049180328,0.578450704225352,0.74,0.74,17,4,41,"What is the most effective way of preventing myself from getting an STI?, please answer in detail."
ID_VL_Eng_Uga_7EB0F62A,Eng_Uga,D_weak_pool,0.34687500000000004,0.09866666666666667,0.34687500000000004,0.34687500000000004,6,0,52,What is a healthy way to deal with a relationship breakup?
ID_VL_Amh_Eth_0A3450FC,Amh_Eth,D_weak_pool,0.34823529411764703,0.14095238095238094,0.34823529411764703,0.34823529411764703,10,0,50,ትሪኮሞኒየስ በእርግዝና ላይ ተጽዕኖ ያሳድራል?
ID_VL_Eng_Eth_DA0D4A5F,Eng_Eth,D_weak_pool,0.3498181818181818,0.3498181818181818,0.3498181818181818,0.35678571428571426,27,0,46,Is chlamydia dangerous? Can it make women barren?
ID_VL_Eng_Eth_3BA5CD2F,Eng_Eth,D_weak_pool,0.3505263157894737,0.31157894736842107,0.44,0.44,13,6,53,What is the primary method of preventing the transmission of Herpes from mother to baby?
ID_VL_Eng_Gha_2138AFE0,Eng_Gha,D_weak_pool,0.35318181818181815,0.35318181818181815,0.35318181818181815,0.35318181818181815,0,0,54,"What rights do adolescents have to access HIV testing services, and how can they ensure confidential and non-discriminatory testing?"
ID_VL_Eng_Eth_A6DED1D8,Eng_Eth,D_weak_pool,0.35458333333333336,0.40523809523809523,0.40523809523809523,0.40523809523809523,2,6,47,How can boys and girls avoid factors that trigger herpes outbreaks?
ID_VL_Eng_Eth_F387E1BD,Eng_Eth,D_weak_pool,0.35479452054794514,0.35479452054794514,0.35479452054794514,0.35479452054794514,0,51,70,I worry constantly about Qadar (destiny) and if this infection was destined for me. How can I find peace?
ID_VL_Aka_Gha_286218B8,Aka_Gha,D_weak_pool,0.3559493670886075,0.3559493670886075,0.3559493670886075,0.3559493670886075,0,7,71,"Ɔkwan bɛn so na atipɛnfo afotu nhyehyɛe ahorow boa mmabun ma wɔsakra fi nhomasua mu kɔ adwuma mu, anaasɛ wɔtoa nhomasua so?"
ID_VL_Amh_Eth_4223623B,Amh_Eth,D_weak_pool,0.35724137931034483,0.35724137931034483,0.35724137931034483,0.35724137931034483,1,1,50,ሂውማን ፓፒሎማ ቫይረስ ወንዶችን ሊያጠቃ ይችላል
ID_VL_Eng_Eth_21472A15,Eng_Eth,D_weak_pool,0.35878787878787877,0.35878787878787877,0.35878787878787877,0.35878787878787877,0,18,57,"If my husband passes away from an AIDS-related illness, will his family try to prevent my inheritance because of my health status?"
ID_VL_Eng_Uga_F0EEBCCE,Eng_Uga,D_weak_pool,0.3587878787878788,0.3587878787878788,0.3587878787878788,0.3587878787878788,1,0,59,Can hormonal birth control be used if a person currently has an STI?
ID_VL_Eng_Gha_A417C093,Eng_Gha,D_weak_pool,0.35922330097087385,0.35922330097087385,0.35922330097087385,0.35922330097087385,1,2,40,How can adolescents ensure the accuracy and reliability of information they find online about sexual and reproductive health?
ID_VL_Aka_Gha_85D51695,Aka_Gha,D_weak_pool,0.35932692307692304,0.35932692307692304,0.35932692307692304,0.35932692307692304,3,2,49,Nneɛma anaa mmoa nkitahodi bɛn na ɛwɔ hɔ a ɛbɛboa me ma mahwehwɛ na mahyɛ ntease a mewɔ wɔ m’ankorankoro gyinapɛn ne gyidi ahorow a ɛfa nna mu akwahosan ho no mu den?
ID_VL_Amh_Eth_3ED8C56C,Amh_Eth,D_weak_pool,0.35999999999999993,0.35999999999999993,0.35999999999999993,0.35999999999999993,0,0,45,ኮንዶም ከሁሉም ኢንፌክሽኖች ሙሉ በሙሉ ይከላከላል?
ID_VL_Eng_Eth_D534EE1D,Eng_Eth,D_weak_pool,0.36026315789473684,0.36026315789473684,0.36026315789473684,0.36026315789473684,0,0,43,Does having HIV mean that a person has sinned or done something wrong?
ID_VL_Eng_Gha_1FC905F8,Eng_Gha,D_weak_pool,0.3608264462809917,0.3608264462809917,0.3608264462809917,0.3608264462809917,4,0,33,What are the time frames for using emergency contraception after unprotected intercourse?
ID_VL_Eng_Gha_21084DD9,Eng_Gha,D_weak_pool,0.36139534883720925,0.36139534883720925,0.36139534883720925,0.36139534883720925,0,0,43,"Are there any costs associated with accessing mental health services for adolescents, and are there financial assistance programs available?"
ID_VL_Swa_Ken_ABE5BE96,Swa_Ken,D_weak_pool,0.3617777777777778,0.3617777777777778,0.3617777777777778,0.3617777777777778,2,6,56,"Je, kuna tiba ya virusi vya ukimwi?"
ID_VL_Eng_Eth_517400F8,Eng_Eth,D_weak_pool,0.36327272727272725,0.36327272727272725,0.36327272727272725,0.36327272727272725,0,2,61,"If I accidentally get cut by a tool that was previously used by someone with HIV, should I be worried?"
ID_VL_Eng_Eth_C9E48E8C,Eng_Eth,D_weak_pool,0.36478873239436627,0.36478873239436627,0.3968115942028986,0.3968115942028986,5,2,45,"Can men and women prevent HIV, and does HIV always show symptoms?"
ID_VL_Eng_Gha_FB756923,Eng_Gha,D_weak_pool,0.36610526315789477,0.36610526315789477,0.36610526315789477,0.36610526315789477,0,0,37,"What are the short-term and long-term effects of substance use on mental health, cognition, and behavior?"
ID_VL_Eng_Gha_B6391F04,Eng_Gha,D_weak_pool,0.37,0.37,0.37,0.37,0,3,47,How do laws and policies regarding bodily autonomy vary between different countries or regions?
ID_VL_Amh_Eth_1497D658,Amh_Eth,D_weak_pool,0.37,0.37,0.37,0.37,1,3,55,የትራይኮኖሚያሲስ በሽታ በኤች አይ ቪ የመያዝ እድልን ይጨምራል?
ID_VL_Amh_Eth_50C7C006,Amh_Eth,D_weak_pool,0.37,0.37,0.37,0.37,0,2,58,ብዙ አጋሮች ያሏቸው ሰዎች ብቻ የSTIs በሽታ ይይዛቸዋል የሚባለው እውነት ነው?
ID_VL_Eng_Eth_402913EC,Eng_Eth,D_weak_pool,0.37000000000000005,0.37000000000000005,0.37000000000000005,0.37000000000000005,0,2,57,What is the job of a 'social worker' or 'legal aid worker' at the hospital?
ID_VL_Eng_Gha_18318AA3,Eng_Gha,D_weak_pool,0.37381443298969075,0.37381443298969075,0.37381443298969075,0.37381443298969075,0,1,48,How can adolescents advocate for gender equality in their communities and schools?
ID_VL_Eng_Uga_C6A07656,Eng_Uga,D_weak_pool,0.3794871794871795,0.3794871794871795,0.3794871794871795,0.3794871794871795,0,0,39,Is a myth the same as a misconception?
ID_VL_Amh_Eth_2E8D0E87,Amh_Eth,D_weak_pool,0.3805714285714285,0.3805714285714285,0.3805714285714285,0.3805714285714285,0,1,57,የኤች.አይ.ቪ መድኃኒት ሰዎችን ያዳክማል?
ID_VL_Aka_Gha_4D71C366,Aka_Gha,D_weak_pool,0.3810212765957447,0.3810212765957447,0.3810212765957447,0.3810212765957447,0,33,58,Ɔkwan bɛn so na mmabun betumi akasa atia ɔbarima ne ɔbea nna ho gyinapɛn ne nsusuwii hunu a epira wɔ wɔn atipɛnfo akuw ne asetra mu akuw mu?
ID_VL_Eng_Ken_915A1C30,Eng_Ken,D_weak_pool,0.38107784431137726,0.38107784431137726,0.38107784431137726,0.38107784431137726,0,0,47,What amount of saliva can transmit HIV?
ID_VL_Aka_Gha_9EE3AC2A,Aka_Gha,D_weak_pool,0.38251207729468595,0.38251207729468595,0.38251207729468595,0.38251207729468595,0,1,67,"Mpɛn ahe na ɛsɛ sɛ mmabun yɛ wɔn ho nhwehwɛmu sɛ ebia wɔwɔ nna mu yareɛ, titiriw sɛ wɔyɛ nna mu kyɛfa a?"
ID_VL_Aka_Gha_E1A47E10,Aka_Gha,D_weak_pool,0.3831472081218274,0.3831472081218274,0.3831472081218274,0.3831472081218274,2,1,60,So nneɛma bi wɔ hɔ a ɛbɛboa mmabun ma wɔate kwan a wɔwɔ sɛ wɔde kokoam nsɛm ne kokoamsɛm sie wɔ nna ne awo akwahosan ho nhyehyɛe mu no ase?
ID_VL_Eng_Gha_84D67C4F,Eng_Gha,D_weak_pool,0.38666666666666666,0.38666666666666666,0.38666666666666666,0.38666666666666666,0,0,48,"What does financial literacy entail, and why is it important for adolescents to acquire these skills?"
ID_VL_Amh_Eth_9EFBA58B,Amh_Eth,D_weak_pool,0.3894736842105263,0.3894736842105263,0.3894736842105263,0.3894736842105263,0,4,49,አልኮል መጠጣት የአባላዘር በሽታዎችን ያጠፋል?
ID_VL_Eng_Gha_14348F62,Eng_Gha,D_weak_pool,0.39,0.39,0.39,0.39,0,1,50,How can adolescents advocate for the removal of legal and policy barriers that hinder their access to comprehensive HIV prevention and treatment?
ID_VL_Eng_Gha_4027AB7D,Eng_Gha,D_weak_pool,0.390468085106383,0.390468085106383,0.390468085106383,0.390468085106383,0,0,48,"What research and data are needed to better understand the impact of stigma and discrimination on adolescent sexual and reproductive health outcomes, and how can adolescents contribute to these efforts through participatory research and advocacy?"
ID_VL_Eng_Eth_11DF12D7,Eng_Eth,D_weak_pool,0.39055555555555554,0.39055555555555554,0.39055555555555554,0.39055555555555554,0,5,62,What important information about syphilis should pregnant adolescents know?
ID_VL_Swa_Ken_82226C16,Swa_Ken,D_weak_pool,0.393125,0.4484848484848485,0.4484848484848485,0.4484848484848485,2,3,40,"Je, ni watu wazima wangapi walio na umri wa miaka 15 na zaidi wanapokea ART nchini Kenya?"
ID_VL_Amh_Eth_F63FCE41,Amh_Eth,D_weak_pool,0.39466666666666667,0.39466666666666667,0.39466666666666667,0.39466666666666667,0,0,60,የቂጥኝ በሽታ በአጭር ጊዜ ለሞት ያበቃል?
ID_VL_Eng_Uga_4739CC7B,Eng_Uga,D_weak_pool,0.3953094462540717,0.3953094462540717,0.3953094462540717,0.3953094462540717,1,1,52,"How can we reduce Syphilis?, please answer in detail."
ID_VL_Eng_Eth_A9AB364A,Eng_Eth,D_weak_pool,0.3958139534883721,0.43999999999999995,0.43999999999999995,0.43999999999999995,2,13,41,Does HIV mean death? Does HIV have a cure?
ID_VL_Amh_Eth_7DA67785,Amh_Eth,D_weak_pool,0.39642857142857146,0.39642857142857146,0.39642857142857146,0.39642857142857146,0,18,56,ለአብዛኞቹ ካንሰሮች መንስኤ የሆኑትን ከፍተኛ ተጋላጭነት ያላቸውን የHPV ዓይነቶች 16 እና 18 ለመከላከል ዋናው መንገድ ምንድነው?
ID_VL_Eng_Gha_C359810A,Eng_Gha,D_weak_pool,0.3974074074074075,0.3974074074074075,0.3974074074074075,0.3974074074074075,0,5,43,What role do healthcare providers play in ensuring adolescents have access to reproductive health services?
