val_idx,subset,pred_stage5,pred_stage6
0,Aka_Gha,"Nea ɛbɛyɛ na wɔadu mmabun a wɔato wɔn hintidua anaasɛ wonnya mmoa pii, a wɔn a wofi atubrafo, nnipa ","Mmabun a wɔyem betumi anya nsɛm a ɛfa awofoyɛ, mmofra a wɔfa wɔn sɛ wɔn mma, anaa nyinsɛn a woyi gu "
6,Aka_Gha,Mmabun betumi ahu nsonsonoe a ɛda nsɛm a ɛyɛ nokware ne nsɛm a ɛyɛ animhwɛ anaa ɛdaadaa nnipa ntam w,Mmabun bu sohyial media nkɛntɛnsofo sɛ nsɛm ne akwankyerɛ fibea ahorow a ɛfa ASRH nsɛmti ho no yɛ so
19,Aka_Gha,Nsɛnkyerɛnne a ɛtaa ba a ɛkyerɛ sɛ abusuabɔ a ɛnyɛ papa anaasɛ ɛyɛ ayayade no bi ne: Ahyɛde: Ɔhokafo,Kɔkɔbɔ Nsɛnkyerɛnne ne Nneɛma a ɛkanyan a wobehu: Mmabun betumi ahu kɔkɔbɔ nsɛnkyerɛnne anaa nneɛma 
20,Aka_Gha,Nsɛm ho amanneɛbɔ ho nimdeɛ ma mmabun tumi susuw nkrasɛm a wɔde ma wɔ nsɛm ho amanneɛbɔ mu a ɛfa nna,Wɔde Wɔn Ho Bɛka Atipɛnfo Nhomasua Nhyehyɛe Ho: Mmabun betumi akamfo akyerɛ sɛ wɔmfa nsɛm ho amanneɛ
21,Aka_Gha,Mmara anaa nhyehyeɛ betumi akyerɛ STI ano aduro ho nkyerɛkyerɛ ne nneɛma a wɔde bɛma wɔ sukuu anaa m,Ma Nhumu: Yɛ nkyerɛkyerɛ nhyiam anaa nhyiam ahorow ho nhyehyɛe de ma nkurɔfo hu hia a nna ho nkyerɛk
32,Aka_Gha,Mpɛn dodow ne bere tenten a wɔde ma afotu anaa ayaresa no betumi ayɛ soronko a egyina w’ahiade ne w’,"Wɔ afotu anaa ayaresa bere mu no, wo ne wo fotufo anaa ɔyaresafo behyia wɔ kokoam ne kokoam tebea mu"
35,Aka_Gha,Ayɔnkofa a wɔne ankorankoro ne ɔmanfoɔ ahyehyɛdeɛ bɛyɛ no bɛtumi ama mmabun anya sikasɛm mu nnwuma t,Mmabun betumi akamfo amammerɛ mu ɔhwɛ a ɛfata wɔ akwahosan ho nhyehyɛe ahorow mu denam hia a amammer
38,Aka_Gha,"Mmabun betumi anya ahokokwaw, ahotoso, ne ahoɔden a wɔde bɛkasa atia mmarima ne mmea ho adwene a ɛnt",Wobetumi asiesie asetena mu ahobanbɔ nhyehyɛe ahorow ama akuw a wɔato wɔn hintidua denam: Fata a wɔk
40,Aka_Gha,"Wo Ho Hwɛ: Fa dwumadi ahorow a ɛma obi nya yiyedi nyinaa, te sɛ apɔ mu ateneatene, adidi pa, ne akwa",Asɛmbisa a wobue mu ne adwene foforo a wɔhwehwɛ mu yɛ nneɛma a ɛho hia wɔ nsusuwii a ɛyɛ katee mu be
41,Aka_Gha,"Gyinaesi nhyehyɛe mu kyɛfa a wonya no ma mmabun tumi wɔ nne a wɔma wɔn, wɔn suahu ahorow a wogye tom",Sukuu ne nkyerɛkyerɛ nhyehyɛe betumi ama mmabun tumi ma wɔasi gyinae a ɛfata wɔ wɔn nna ne awo akwah
48,Aka_Gha,"Sɛ obi tra  nyɔnkofa nkitahodie a ɛyɛ ayayade anaa ɛnyɛ papa mu a, ebetumi de nea efi mu ba a emu yɛ",Nea ebefi mu aba no bi ne: Asiane a ɛkɔ soro sɛ wobenya nyinsɛn a wɔnyɛ ho nhyehyɛe ne nyarewa a won
49,Aka_Gha,"Wubetumi ada wo gyinapɛn ne wo gyidi adi denam wo nsusuwii, wo atinka, ne osuahu ahorow a wobɛka aky",Wo ho Nsusuwii: Gye bere fa te w’ankasa wo gyidi ne gyinapɛn ahorow a ɛfa mmerantebere ne mmabaabere
52,Aka_Gha,Mfaso a ɛtra hɔ kyɛ a ɛwɔ ntawntawdi ano aduru ho nimdeɛ a emu yɛ den a wobenya ama mmabun so no bi ,Mmabun betumi adi ntawntawdi anaa adwene a enhyia wɔ nkitahodie bi mu ho dwuma wɔ ɔkwan a ɛma denhyɛ
53,Aka_Gha,Adwene a ɛnteɛ a wɔtaa nya wɔ awo hokwan ne ahofadi a mmabun wɔ ho no bi ne gyidi ahorow a ɛne sɛ mm,"Anansesɛm anaa adwene a ɛnteɛ a wɔtaa nya wɔ nipadua mfonini ho no bi ne: Atrosɛm: ""Nipadua a ɛyɛ tr"
57,Aka_Gha,"Ɛsɛ sɛ mmabun nya nna ne awo akwahosan ho nhyehyɛe ahorow, a nea ɛka ho ne: Nyinsɛn ano aduro (sɛ nh","Sɛ mmabun hyia akwanside anaa nyiyim bere a wɔrehwehwɛ ayaresa mu mmoa a, ɛsɛ sɛ wohu hokwan ahorow "
59,Aka_Gha,"Dwumadie a wɔde ma: Ahyehyɛdeɛ a ɛwɔ mpɔtam hɔ, nnipa mmoa adwumakuo, ne mpɔtam hɔ apɔmuden ho adwum",Wɔma afotu a ɛyɛ kokoam na ɛnni atɛmmuo. Wɔma nimdeɛ fa awoɔ ntoatoasoɔ ne nna mu nyarewa 'STI' ho. 
60,Aka_Gha,"Akwan a wɔfa so hwɛ nneɛma so ne nhwehwɛmu no bi ne nhwehwɛmu a wɔyɛ daa, nsɛm a wɔboaboa ano, ne ad",Adwumayɛ ho nhyehyɛe a mmabun di anim: Atipɛnfo afotu nhyehyɛe ahorow a wɔde wɔn adwene si adwumayɛ 
62,Aka_Gha,Binom ne: Mmabun adwenem apɔwmuden ho animdefoɔ anaa adwene ho animdefoɔ a wɔn ho akokwaw wɔ mmabun ,"Aane, adwenem apɔwmuden ho mmoa bi wɔ hɔ a ɛwɔ Intanɛt so a wobetumi anya wɔ kasa ahorow pii mu anaa"
64,Aka_Gha,"Aban ahorow, NGO ahorow, ne mpɔtam ahyehyɛde ahorow di dwuma titiriw wɔ nhomasua ne adwumayɛ ho ntet",Mmabun wɔ akwanya ahorow a wɔde benya adwuma mu osuahu ne ahokokwaw a mfaso wɔ so denam adwumayɛ ho 
67,Aka_Gha,Gye a wogye tom: Afotufo de tebea a ɛnyɛ atemmu ma a wɔde hwehwɛ nna ho akɔnnɔ ne ɔbarima ne ɔbea nn,Hwehwɛ afotu ne mmoa: Dan kɔ atipɛnfo a wɔwɔ adwempa nkyɛn kɔhwehwɛ afotu ne mmoa bere a worehyia te
70,Aka_Gha,"Wo gyinapɛn ne wo gyidi ahorow na ɛkyerɛ wo nsusuwii wɔ ɔbarima ne ɔbea dwumadi, nipasu, ne nsɛm a w","Amammerɛ ne nyamesom mu gyidi betumi akyerɛ suban, gyinapɛn, ne nneyɛe a ɛfa nna ne awo akwahosan ho"
73,Aka_Gha,"Mmabun bɛtumi ahyɛ nneyɛeɛ a ɛkyerɛ tema, ntoboaseɛ, ne obu ho nkuran wɔ wɔn sukuu, mpɔtam, ne amans","Akwan a etu mpɔn a wɔfa so kyerɛkyerɛ nna mu pene wɔ sukuu ahorow, mmabun nhyehyɛe ahorow, ne mpɔtam"
76,Aka_Gha,"Akwahosan ho adwumayɛfo, akyerɛkyerɛfo, ne mpɔtam hɔ akannifo betumi de amammerɛ ne nyamesom asoɛe a",Akwahosan ho adwumayɛfoɔ ne akyerɛkyerɛfoɔ bɛtumi ne nyamesom akuo adi nkitaho wɔ akwan a ɛfa amamme
81,Aka_Gha,Awofo ne ahwɛfo a wɔwɔ abusua nhyehyɛe ahorow mu betumi aboa mmabun ma wɔanya adwene pa wɔ wɔn nipad,Mmabun betumi abom ayɛ adwuma de ayɛ tebea horow a ahobammɔ wom na ɛka nnipa nyinaa ho denam: Mpɔtam
84,Aka_Gha,"Ma nkurɔfo nhu: Mmabun betumi ayɛ akwahosan ho nkyerɛkyerɛ ɔsatu, adwumayɛbea, anaa nhyiam ahorow ho","Amammerɛ, nyamesom, ne asetena mu gyinapɛn ahorow nya abrabɔ pa ahye ne gyinapɛn ahorow a wɔde di dw"
91,Aka_Gha,Nhyehyɛe mu Nsakrae ne Asoɛe mu Nsakrae a Wɔkamfo: Mmabun betumi de nsɛm ho amanneɛbɔ ho nimdeɛ adi ,Nsusuwii a ɛyɛ katee ma wutumi hu ɔmanfo gyinapɛn anaa akwanhwɛ ahorow a ebetumi anya wo gyinaesi ah
95,Aka_Gha,Ka a wobɛka no pintinn ho hia wɔ atipɛnfo nhyɛso a wobɛfa so no mu efisɛ ɛma wutumi ka w’ahye ho asɛ,Fa ahye (boundaries) a emu da hɔ si hɔ: Kyerɛkyerɛ w’ankasa gyinapɛn ne ahye ahorow a ɛfa nna ne awo
99,Aka_Gha,Mmabun betumi aboa wɔn a wɔanya wɔn ti adidi mu wɔ nna mu basabasayɛ mu wɔ ɔkwan a ɛfa ɔbarima ne ɔb,"Mmabun betumi anya ahokokwaw ne ahotoso a wɔde bɛhyɛ mu yiye sɛ ahwɛfo denam nhomasua, ntetee nhyehy"
101,Aka_Gha,Wɔde Wɔn Ho Bɛka Atipɛnfo Nhomasua Nhyehyɛe Ho: Mmabun betumi akamfo akyerɛ sɛ wɔmfa nsɛm ho amanneɛ,Wiase nyinaa apɔwmuden ho nsɛm a egye ntɛmpɛ a atwam no ama yɛahu hia a ɛho hia sɛ yɛde mmabun nna n
104,Aka_Gha,Amammerɛ ne nyamesom mu gyidi ahorow betumi anya suban ne nneyɛe a ɛfa nyinsɛn a wosiw ano ntɛm a wo,Amammerɛ mu Nsunsuanso: Ebia amammerɛ ahorow bi wɔ ahyɛde anaa gyidi ahorow a emu yɛ den wɔ nyinsɛn 
107,Aka_Gha,Bere tenten a wɔde di akyi ne bere a wɔde hwɛ no akyi no gu ahorow gyina ɔbabun no ahiade pɔtee ne n,"Aane, atipɛnfo mmoa akuw ne nkitahodibea afoforo a ɛnyɛ ɔkwan pa so wɔ hɔ a mmabun betumi akɔ wɔn nk"
111,Aka_Gha,"Nkitahodi a etu mpɔn hwehwɛ sɛ wɔde nnamyɛ tie, wɔde nokwaredi ne obu bɛda nsusuwii ne nkate adi, na","Nneɛma atitiriw a ɛwɔ nkitahodi a ɛyɛ den mu no bi ne kasa a emu da hɔ na ɛyɛ tẽẽ a wode bedi dwuma,"
112,Aka_Gha,Sɛ woresusuw mmanfoɔ amanneɛbɔ anaa akontabuo a ɛfa nna mu akwahosan ho a wotumi de wo ho to so na ɛ,W'ankasa nya fapem : Yɛ pintinn wɔ wo gyidi ne gyinapɛn ahorow a wobɛda no adi wɔ nkɔmmɔbɔ mu no mu.
113,Aka_Gha,"Yiw, apomoden ho adwumayɛbea ahorow a ɛyɛ mmerante ne mmabaa adamfofa su taa de nneɛma ahorow ma de ",Mmabun betumi akasa ama hokwan a wɔwɔ sɛ wɔde kokoamsɛm  sie wɔ nna ne awoɔ apomoden ho nhyehyɛe mu 
114,Aka_Gha,Mmabun betumi anya nsɛm ho amanneɛbɔ ho nimdeɛ a wɔde bɛkasa atia nkrasɛm a epira na wɔde nsakrae pa,"Nsɛm ho amanneɛbɔ ho nimdeɛ betumi aboa wo ma woasusuw nkrasɛm, mfonini, ne nsɛm a ɛfa ɔbarima ne ɔb"
117,Aka_Gha,Apɔwmuden nhyehyɛe a wɔbɛhyɛ mu den wɔ wiase nyinaa apɔwmuden ho tebea horow a egye ntɛmpɛ te sɛ ɔya,Nnuru a wɔde di dwuma betumi anya adwenem apɔwmuden so nkɛntɛnso kɛse. Ebetumi asɛe adwene no mu nnu
119,Aka_Gha,"Aban ahorow, NGO ahorow, ne mpɔtam ahyehyɛde ahorow di dwuma titiriw wɔ nhomasua ne adwumayɛ ho ntet","Apomoden ho adwumayɛfo betumi akura nna ne awoɔ hokwan ahorow a mmabun wɔ mu denam: Mmabun ahofadi, "
120,Aka_Gha,"Mmeranteɛ ne mmabaawa bɛtumi afa akwan ahodoɔ so atia amuo ne nyiyim wɔ wɔn mpɔtam, na wɔagyina ama ","Mmabun betumi ne mpɔtam hɔ mpɔtam hɔfo, nnwumakuo ahorow, ne nhyehyɛeyɛfo ayɛ adwuma abom de ama nna"
126,Aka_Gha,Wobetumi ayɛ nhyehyɛe ahorow a wɔde besiw nna mu basabasayɛ ano na wɔahyɛ pene a wɔpene so ho nkuran,CSE di dwuma titiriw wɔ mmarima ne mmea pɛyɛ a wɔhyɛ ho nkuran no mu denam mmarima ne mmea gyinapɛn 
128,Aka_Gha,"Ɛkyerɛ sɛ worefa mpanyinyɛ kwan so nanso wohyia ɔhaw bi te sɛ 'stigma', nyiyimu ne mmeammea a wontum",Kasa kyerɛ wo dɔkota. Kɔ clinics a wɔbɛka w'asɛm kokoam. Fa adamfo ka wo ho. Bɔ kɔkɔ sɛ wɔyi wo asɛm
132,Aka_Gha,"Dadwen: Adwennwene betumi ama adwumayɛ ho dadwen aba, .ɛma ɛyɛ den sɛ wobɛgye w’ahome na woanya nna ","Sɛ wohu sɛ wowɔ nna mu yareɛ  (STI) a, ebetumi aka w’adwene akwahosan wɔ akwan horow pii so, a nea ɛ"
133,Aka_Gha,"Mmabun betumi akamfo nna ne awo akwahosan ho nsɛmti ho mfonini a ɛyɛ pɛpɛɛpɛ, a ɛka obiara ho, na ɛy",Akyerɛkyerɛfo ne akwahosan ho adwumayɛfo betumi ayɛ adesua tebea a ɛboa na ɛka obiara ho denam nkita
134,Aka_Gha,"Anansesɛm no bi ne sɛ, ɛyɛ nhyɛ sɛ wodi nna mu agorɛ wɔ mpenatweɛ mu. Wei ɛɔnnyɛ nokware. Wo ne wo h",Anansesɛm ne nokwasɛm bi ni: Atosɛm: Nnipa a wɔadi dɛm no ntumi nyɛ hwee. Nokwasɛm: Nnipa a wɔadi dɛ
135,Aka_Gha,Nkitahodi a Wɔabue Mu: Fi ase bɔ nkɔmmɔ a emu da hɔ na ɛkyerɛ obu fa abrabɔ pa ho nsɛmti te sɛ pene ,"ɛbi ne: Nkɔmmɔbɔ a emu da hɔ na ɛyɛ nokware: Kyerɛ w’adwene, wo nkaeɛ, ne w’ahyeɛ pefee na di nokwar"
136,Aka_Gha,Mmara ne nhyehyeɛ a ɛfa ɔhokafoɔ amanneɛbɔ a ɛfa nna mu yarewa a yɛfrɛ no wɔ broɔfo kasa mu sɛ STI n,Afotu betumi adi dwuma titiriw wɔ adwene a ɛnteɛ a wodi ho dwuma ne animtiaabu a ɛfa nna mu yarewa  
140,Aka_Gha,Ahintasɛm: Ahintasɛm kyerɛ sɛ nea wo ne wo fotufo susuw ho no da so ara yɛ kokoam. Wɔmfa nsɛm a wɔky,Ebia tebea horow bi wɔ hɔ a atipɛnfo nhyɛso anaa asetra mu akwanhwɛ ahorow bɛkasa atia wo gyinapɛn n
142,Aka_Gha,Nneɛma a ɛwɔ hɔ a ɛbɛboa mmabun ma wɔate hokwan a wɔwɔ sɛ wɔpene so na wosi gyinae wɔ nna ne awo akw,Ɔbarima ne ɔbea nna ne awo apɔwmuden ho nkyerɛkyerɛ nhyehyɛe ahorow a wɔde ma wɔ sukuu ahorow anaa m
150,Aka_Gha,"Hwehwɛ nsɛm a wotumi de ho to so fi ahyehyɛde ahorow a agye din anaa beaeɛ a yɛtumi de yɛn ho to so,",Nsɛm ho amanneɛbɔ ho nimdeɛ ma mmabun tumi susuw nkrasɛm a wɔde ma wɔ nsɛm ho amanneɛbɔ mu a ɛfa nna
152,Aka_Gha,"Apomoden ho adwumayɛfo betumi akura nna ne awoɔ hokwan ahorow a mmabun wɔ mu denam: Mmabun ahofadi, ",Akwahosan ho adwumayɛfoɔ bɛtumi afa amammerɛ ahodoɔ mu de nna ne awo akwahosan (SRH) ho dwumadie a ɛ
153,Aka_Gha,Mmabun betumi anya nneɛma ne mmoa nhyehyɛe ahorow a ɛbɛboa ma wɔafa pene ho ntease ma wɔ nna ne awoɔ,"Aane, nneɛma bi wɔ hɔ a wobetumi de ama mmabun a wɔrehyia abusuabɔ mu ayayade anaa basabasayɛ, a nea"
162,Aka_Gha,"Atosɛm ne adwene a ɛnteɛ pii wɔ hɔ a ɛfa nnuru a wɔde di dwuma ne adwenem ahokwasan  ho, a nea ɛka h",Mmabun betumi asiw awo akwahosan ho nsɛm ano denam: Ɔbarima ne ɔbea nna a ahobammɔ wom a wɔde bedi d
163,Aka_Gha,Nsɛm ho amanneɛbɔ akenkan ne akyerɛw nhyehyɛe a ɛwɔ sukuu ahorow mu no nam dwumadi ahorow so hyɛ asu,Amammerɛ  ne nneyɛeɛ a ɛwɔ mpɔtam hɔ na ɛkyerɛ nsɛm ho amanneɛbɔfo nkrasɛm ase na wɔyɛ ho biribi wɔ 
169,Aka_Gha,Nhyehyɛeɛfoɔ hyehyɛ akwan a mmabun betumi afa so ama adwene anaa wɔakyerɛ dadwen wɔ suban pa a ɛwɔ n,Mmabun betumi akasa ama hokwan a wɔwɔ sɛ wɔde kokoamsɛm  sie wɔ nna ne awoɔ apomoden ho nhyehyɛe mu 
172,Aka_Gha,"Amammerɛ, nyamesom, ne asetena mu gyinapɛn ahorow nya abrabɔ pa ahye ne gyinapɛn ahorow a wɔde di dw",Amammerɛ ne nyamesom mu gyidi ahorow betumi anya suban ne nneyɛe a ɛfa nyinsɛn a wosiw ano ntɛm a wo
174,Aka_Gha,Dwumadi ahorow a wode di dwuma anaa sɛ wode sua ade betumi ama wo nkitahodi ho nimdeɛ ne ahotoso a w,Hwehwɛ afotu ne mmoa: Dan kɔ atipɛnfo a wɔwɔ adwempa nkyɛn kɔhwehwɛ afotu ne mmoa bere a worehyia te
179,Aka_Gha,Mmabun betumi ahwɛ sɛ wɔbɛdi hokwan a wɔwɔ wɔ nhomasua ne adwumayɛ ho ntetee ho no so na wɔabu wɔn n,Nhwehwɛmu a wobɛyɛ wɔ intanɛt so nhwehwɛmu ne dodow a wɔde ma mu de ahwɛ sɛ mmerante ne mmabaa afofo
180,Aka_Gha,Mmabun betumi akasa atia ɔbarima ne ɔbea nna ho gyinapɛn ne nsusuwii hunu a epira wɔ wɔn atipɛnfo ak,Wobetumi de abɛɛfo ntentanfidie ne dijitaal akwan adi dwuma sɛ adeɛ a wɔde hyɛ nipadua mu nneɛma pa 
182,Aka_Gha,"Anansesɛm no bi ne sɛ, ɛyɛ nhyɛ sɛ wodi nna mu agorɛ wɔ mpenatweɛ mu. Wei ɛɔnnyɛ nokware. Wo ne wo h",Nsɛm ho amanneɛbɔfo nkrasɛm a ɛfa nna ne awoɔ apomoden ho a wogye tum na wɔde hyɛ wɔn mu a wɔankasa 
184,Aka_Gha,Nhomasua a Ɛkɔ Akyiri: Dwumadi ahorow betumi ama nsɛm a ɛyɛ nokware wɔ nna ne awo akahosan (ASRH) ns,Nkɔmmɔbɔ ne Biakoyɛ a Wɔbɛhyɛ: Nsɛm ho amanneɛbɔ ho nimdeɛ ho nhyehyɛe ahorow betumi ama mmabun a wo
187,Aka_Gha,"Yiw, mmara ne nhyehyɛe ahorow bɔ hokwan ahorow a mmabun wɔ sɛ wonya nna ne awo ho akwahosan ho nhyeh","Aane, ɔkwantuo kwan pɔtee bi bɛtumi aba hɔ a mmabun bɛtumi afa so akɔ ayaresabea ahorow, a ebi ne: S"
188,Aka_Gha,Nkɔmmɔbɔ ahorow a ɛfa nna ho wɔ nsɛm ho amanneɛbɔ mu no ne mmabun nna ne awo apɔwmuden ho nneɛma afo,Nna ho nkyerɛkyerɛ a ɛkɔ akyiri boa mmabun ma wɔsi gyinaeɛ a nimdeɛ wom wɔ wɔn nna mu apɔmuden ne su
189,Aka_Gha,"Yiw, mpɔtam hɔ nneɛma ne ahyehyɛde ahorow bi wɔ hɔ a wobetumi aboa mmabun ma wɔadi asasesin mu akwan",Mmara kwan so ahobanbɔ wɔ hɔ a ɛbɛma mmabun a wɔyem anya nna ne awo apomoden ho nnwuma a ɛyɛ kokoamu
190,Aka_Gha,"Amammerɛ mu gyinapɛn ahorow, gyinapɛn ahorow, ne akwanhwɛ ahorow nya mmabun paw ne hokwan ahorow a ɛ","Ɔkwan a egyina hokwan ahorow so gye tom sɛ asetra, sikasɛm, ne nneɛma a atwa yɛn ho ahyia a ɛtrɛw, a"
193,Aka_Gha,Nkate mu nhyehyɛe kyerɛ tumi a obi tumi di nkate horow ho dwuma na ɔyɛ ho biribi wɔ ɔkwan a ɛfata na,Asetra mu nimdeɛ yɛ tumi ne nneyɛe a ɛma ankorankoro tumi di da biara da asetra mu ahwehwɛde ne ɔhaw
195,Aka_Gha,Abɛɛfo akenkan ne akyerɛw ho nimdeɛ ho hia ma mmabun sɛ wobenya nsɛm a ɛyɛ nokware a ɛfa nna mu akwa,Amammerɛ ne ɔmanfo gyinapɛn ahorow na ɛkyerɛ mmabun dijitaal osuahu ne wɔn nneyɛe: Amammerɛ mu nkate
198,Aka_Gha,Nkɔmmɔbɔ ne Biakoyɛ a Wɔbɛhyɛ: Nsɛm ho amanneɛbɔ ho nimdeɛ ho nhyehyɛe ahorow betumi ama mmabun a wo,"Amammerɛ mu gyinapɛn ahorow, gyinapɛn ahorow, ne akwanhwɛ ahorow nya mmabun paw ne hokwan ahorow a ɛ"
199,Aka_Gha,Mmabun betumi adi ntawantawadi anaa adwene a enhyia ho dwuma wɔ akwan a ɛfata so denam: Nkitahodi a ,Mmabun betumi adi ntawntawdi anaa adwene a enhyia wɔ nkitahodie bi mu ho dwuma wɔ ɔkwan a ɛma denhyɛ
200,Aka_Gha,"Mmoawa (bacteria) na ɛde 'bacterial STIs' ba, na mmoawa nketenkete (viruses) nso na ɛde 'viral STIs'","""Hormone"" adutoɔ (Hormonal birth control) fa nnuru a ɛte sɛ nipadua mu nsuo (hormones) na ɛsi awoɔ k"
209,Aka_Gha,Wubetumi afi nkɔmmɔbɔ no ase denam bere ne beae a ɛfata a wobɛpaw a wobɛte nka sɛ wo ho tɔ wo na wow,"Aane, adwenem apɔwmuden ho mmoa bi wɔ hɔ a ɛwɔ Intanɛt so a wobetumi anya wɔ kasa ahorow pii mu anaa"
211,Aka_Gha,Bɔbeasu ho gyinapɛn ne nsusuwii hunu betumi anya sɛnea mmabun hu nna ne awo akwahosan ho nsɛm ne nnw,"Nsɛm ho amanneɛbɔfo a wɔde kyerɛ ɔbarima ne ɔbea nna, nna, ne nkitahodie betumi anya mmabun adwene, "
212,Aka_Gha,Sukuu ahodoɔ betumi: Ne mpɔtam kuo ne ayaresabea ayɛ nkabom. Wɔbɛto ato nsa afrɛ 'experts' (nimdefoɔ,"Ɛgyina mmara no so. Nanso mmabun taa nya hokwan sɛ wɔhwehwɛ mmoa (contraception, STI, abortion) koko"
214,Aka_Gha,Ɔbarima ne ɔbea nna ho akɔnnɔ kyerɛ onipa a w’ani gye ne ho wɔ ɔdɔ ne/anaasɛ honam fam. Nsɛmfua bi a,"Adeɛ bi a wɔ fre no wɔ borɔfo kasa mu sɛ (toxic relationship): Sɛ wo ne obi a ɔma wo brɛ ase, odi wo"
215,Aka_Gha,"Nsɛm ho amanneɛbɔ a ɛkyerɛ pɛ a wɔpene so, ahyeɛ, ne nnamfofa pa betumi aka mmabun nteaseɛ a wɔwɔ wɔ","Nneɛma a wɔyɛ a ɛfa nna ho nsɛm ho wɔ nsɛm ho amanneɛbɔ mu no boa ma wɔhyɛ nipadua mu nneɛma pa, pen"
216,Aka_Gha,"Yiw, abɛɛfo kwantenpɔn so nneɛma ne mmeae pii wɔ hɔ a mmabun betumi anya nna ne awo akwaahosan ho ns",Nkitahodi a nokwaredi wom a wo ne wo hokafo benya no yɛ ade titiri a ɛbɛma woanya abusuabɔ pa. Afotu
218,Aka_Gha,Hyɛ nkɔmmɔ a emu da hɔ ho nkuran na tie a wunsusuw ho bere a woda wo nkate adi no. Fa nkate fam mmoa,"Sɛ wowɔ nsɛm bi a ɛhaw wo wɔ afotu anaa ayaresa a wobefi ase anaasɛ wobɛtoa so ho a, ɛho hia sɛ wudi"
220,Aka_Gha,Apɔw-mu-teɛteɛ a wɔyɛ no daa wɔ mmerantebere ne mmabaabere mu no de mfaso pii ba: Nipadua mu Akwahos,Ɛsɛ sɛ nnuan a ahoɔden wom ne nnuan a wodi wɔ mmerantebere ne mmabaabere mu no ma aduannuru a ɛkari 
221,Aka_Gha,"Digitals media akenkan ne akyerɛw ho nneɛma, nnwinnade, anaa nhyiam ase a mmabun betumi anya bi ne: ","Awofoɔ, akyerɛkyerɛfoɔ, ne wɔn a wɔhwɛ mmabun bɛtumi aboa mmabun ma wɔafa intanɛt so abusuabɔ mu dwo"
223,Aka_Gha,Mmara a ɛbɔ LGBTQ+ ankorankoro ho ban fi nyiyim ho wɔ awo apɔwmuden ho nhyehyɛe a wobenya mu no betu,"Yiw, mmabun betumi anya nna ne awo ho akwahosan ho nhyehyɛe a wonni insurance anaa sika. Ayaresabea "
226,Aka_Gha,"Nsɛm ho amanneɛbɔ ho adesua ma mmabun tumi sɛ: Wohu na wɔkasa tia nsusuwii hunu, nsɛm a ɛnteɛ, ne nn",Kasa ma a aborɔfo ka no sɛ 'advocacy': Kasa ma nna mu nkyekyerɛ dwumadie wɔ sukuu ne mpɔtam hyia mu 
229,Aka_Gha,Mmabun betumi adi ntawntawdi anaa adwene a enhyia wɔ nkitahodie bi mu ho dwuma wɔ ɔkwan a ɛma denhyɛ,Nea yɛfrɛ no wɔ broɔfo kasa mu sɛ algorithms ne abɛɛfo kwantenpɔn so dwumadibea ahorow di dwuma titi
230,Aka_Gha,"Ɛwom sɛ LGBTQ+ nhyia wɔ Ghana deɛ, nanso afotufoɔ ne nneɛma a ɛnyɛ den sɛ wɔbɛnya bi wɔ hɔ a wɔde bɛ",wo sukuu ɔyarehwɛfo anaa akwahosan ho dwumayɛni ne wo bɛbɔ nna ho nsɛm ho nkɔmmɔ. Wobu LGBTQ+ sɛ mma
231,Aka_Gha,"Yiw, mpɔtam hɔ nneɛma ne ahyehyɛde ahorow bi wɔ hɔ a wobetumi aboa mmabun ma wɔadi asasesin mu akwan",Mmabun betumi akasa ama hokwan a wɔwɔ sɛ wɔde kokoamsɛm  sie wɔ nna ne awoɔ apomoden ho nhyehyɛe mu 
232,Aka_Gha,"Abɛɛfo Ntentan ne ""Online Activism"" a Wɔde Di Dwuma: Mmabun betumi de abɛɛfo ntentan dwumadi, ""digit","Mmabun betumi de ntentanfidie, mfiridwuma, ne dijitaal akwan adi dwuma ne wɔn mpɔtam hɔfo adi nkitah"
247,Aka_Gha,Mmabun betumi ahwɛ ahu sɛ wɔn akwahosan ho adwumayɛfo nim nea wɔpɛ wɔ awofo a wɔde wɔn ho bɛhyɛ mu h,Mmabun betumi ahwɛ ahu sɛ wobenya nsɛm a ɛyɛ nokware na enni animhwɛ denam nnwuma a wɔbɛhwehwɛ afi a
248,Aka_Gha,Ɛsɛ sɛ mmabun a wɔadi dɛm de wɔn ho hyɛ nna ne awo akwahosan ho nhyehyɛe ne nhyehyɛe ahorow a ɛhaw w,Wobetumi ahyɛ wiase nyinaa akwahosan ho a ɛhia sɛ wɔma ani kɔ ho nhyehyɛe ne nhyehyɛe ahorow mu den 
250,Aka_Gha,Yebetumi de ahye a emu da hɔ ne kokoam apam ahorow asi hɔ de ahwɛ ahu sɛ wo ho tɔ wo sɛ wobɛka w’adw,"Hu sɛ ɛyɛ ade a ɛfata sɛ wobɛte aniwu anaa wo ho yeraw wowɔ wɔ nsɛmti a ɛho hia ho nkɔmmɔbɔ mu, nans"
253,Aka_Gha,Ankorankoro Ahye: Ka w’ahye ho asɛm pefee na bu afoforo ahye. Mpene: Hwehwɛ na bu pene bere nyinaa w,Akwahosan ho adwumayɛfoɔ ne wɔn a wɔde nnwuma ma no bɛtumi ayɛ mmeaeɛ a ɛsi ɔbarima ne ɔbaa ntam na 
256,Aka_Gha,Aban nhyehyɛe anaa nnwuma pii botae ne sɛ wɔbɛma ɔmanfo nyinaa sikasɛm mu mmoa a mmabun ka ho ma wɔa,Aduruyɛ mu mmoa a wɔde ma mmabun a wɔwɔ ɔhaw tebea horow a ɛfa nna ne awo akwahosan ho no betumi ayɛ
259,Aka_Gha,"Sua nna mu apɔwmuden , nyinsɛn ano aduru, abusuabɔ, ne nkitahodi ho ade, fi wɛbsaet ahorow a wogye d",Mmara kwan so akwannya ahorow ho nkyerɛkyerɛ ma mmabun tumi ma wosi gyinae a ɛfata wɔ wɔn nna ne awo
264,Aka_Gha,Sukuu ahorow ne mpɔtam hɔ ahyehyɛde ahorow di dwuma titiriw wɔ mmabun a wɔkyerɛkyerɛ wɔn hokwan ne a,Ahyehyɛde ahorow a mmabun di anim ne akuo a wɔkamfo kyerɛ di dwuma titiriw wɔ amanaman ntam sikasɛm 
265,Aka_Gha,"Mmabun betumi ne mpɔtam hɔ mpɔtam hɔfo, nnwumakuo ahorow, ne nhyehyɛeyɛfo ayɛ adwuma abom de ama nna","Amammerɛ mu gyinapɛn ahorow, gyinapɛn ahorow, ne akwanhwɛ ahorow nya mmabun paw ne hokwan ahorow a ɛ"
266,Aka_Gha,Mmabun a wonni akwahosan ho a broni ka no 'insurance' no wɔ akwan pii a wɔbɛfa so anya nna ne awo ak,Mmabun betumi de wɔn ho ahyɛ amanaman  nna ne awo akwaahosan (ASRH) ntam nhyehyɛe ne nhyehyɛe ahorow
267,Aka_Gha,"Aban ahorow: Aban ahorow no asɛde ne sɛ wɔhyehyɛ nhyehyɛe, mmara, ne nhyehyɛe ahorow a ɛfa asetena m","Yiw, mmoa ntam nkitahodi ne ahyehyɛde ahorow bi wɔ hɔ a wɔkyereɛ  akwannya ahorow a mmabun wɔ sɛ won"
272,Aka_Gha,Abɛɛfo akenkan ne akyerɛw ho nimdeɛ ho hia ma mmabun sɛ wobenya nsɛm a ɛyɛ nokware a ɛfa nna mu akwa,Mmabun betumi akamfo nhyehyɛe ne nneyɛe a ɛhyɛ abrabɔ pa wɔ intanɛt so nneyɛe ho nkuran na ɛbɔ hokwa
273,Aka_Gha,Wɔayɛ kokoam nsɛm ho mmara sɛ wɔde bɛbɔ mmabun kokoam hokwan ahorow ho ban bere a wɔrenya nna ne awo,Ahintasɛm ne kokoam nsɛm ho mmra bɔ mmabun hokwan ahorow ho ban bere a wɔrenya nna ne awo akwahosan 
279,Aka_Gha,Mmara kwan so akwannya ahorow ho nkyerɛkyerɛ ma mmabun tumi ma wosi gyinae a ɛfata wɔ wɔn nna ne awo,"Mmabun betumi de wɔn ho ahyɛ mpɔtamfo a wɔde wɔn ho bɛhyɛ mu denneennen denam: Mmabun afotu akuw, at"
282,Aka_Gha,"Akwan a ɛfata a wɔfa so gyina adwennwen, dadwen, ne nkate mu nsakrae ano ni: Akwan a wɔfa so gye wɔn",Nea yɛfrɛ no wɔ broɔfo kasa mu sɛ algorithms ne abɛɛfo kwantenpɔn so dwumadibea ahorow di dwuma titi
284,Aka_Gha,Akwanside anaa ɔhaw a ɛtaa ba wɔ nna mu ɔbrasɛe ho nkyerɛkyerɛ mu no bi ne: Animtiaabu ne Aniwu: Ani,"Nsɛm ho amanneɛbɔ ɔsatu, hashtags, ne asetena mu akuw a ɛde nkɔmmɔbɔ a ɛfa pene a wɔpene so ho nhwɛs"
285,Aka_Gha,"Nhomasua, ntetee, ne afotu betumi ama mmabun tumi denam: Ahokokwaw ne nimdeɛ a wɔhia a wɔde bɛma wɔn",Atipɛnfoɔ mmoa nkitahodiɛ ne mmabun ahyehyɛdeɛ bɛtumi akasa ama hokwan ne ahobanbɔ a mmabun adwumayɛ
286,Aka_Gha,"Mmabun betumi de wɔn ho ahyɛ mpɔtamfo a wɔde wɔn ho bɛhyɛ mu denneennen denam: Mmabun afotu akuw, at",Mmabun a wɔadi dɛm betumi aboa wɔn ho wɔn ho wɔ mmeae a ahobammɔ wɔ: Nsɛnnennen a wɔkyɛ: Fa asɛnka a
287,Aka_Gha,Ɔbarima ne ɔbea nna ho nneyɛe a ahobammɔ wom kyerɛ nneyɛe ne ahwɛyiye a wɔyɛ bere a wɔreyɛ nna mu ky,Asetra mu nimdeɛ yɛ tumi ne nneyɛe a ɛma ankorankoro tumi di da biara da asetra mu ahwehwɛde ne ɔhaw
288,Aka_Gha,Akwankyerɛ a wɔde bɛma: Fa akwankyerɛ ne hwɛ ma bere a mmabun de wɔn ho hyɛ nsɛm ho amanneɛbɔ mu nsɛ,"Awofo, akyerɛkyerɛfo, ne akwahosan ho adwumayɛfo di dwuma titiriw wɔ mmoa a wɔboa mmabun ma wɔte nna"
290,Aka_Gha,"Yiw, mmara ne nhyehyɛe ahorow bi wɔ hɔ a ɛbɔ hokwan a wowɔ sɛ wunya nna ne awo akwahosan ho nkyerɛky",Mmara anaa nhyehyɛe ahorow betumi adi akwannya ahorow a mmabun a wɔyem wɔ sɛ wonya nna ho nkyerɛkyer
292,Aka_Gha,"Yɛn abusua bu nokwaredi, obu, nkitahodiɛ, ne yɛn ho yɛn ho pene wɔ abusuabɔ mu sɛ ɛsom bo. Yɛgye di ","Ankorankoro gyinapɛn ahorow, gyidi ahorow, ne nneɛma a ɛho hia di dwuma titiri wɔ ahyeɛ wobɛto  ama "
298,Aka_Gha,"Nsɛnkyerɛnne a ɛkyerɛ sɛ nkitahodie a ɛnyɛ papa anaasɛ ɛyɛ ayayade bi ne: Suban a wɔbɛhyɛ so, te sɛ ",Nsɛnkyerɛnne a ɛkyerɛ sɛ ebia obi rebrɛ nnubɔne a ɔde di dwuma ne adwenemyare ho nsɛm bi ne: Nsakrae
299,Aka_Gha,Amammerɛ ne ɔmanfo tebea nya mmabun osuahu ahorow a ɛfa nna ne awoɔ apomoden ho nkyerɛkyerɛ ne nea e,Mmusua betumi akasa ama nhyehyɛe ahorow a ɛfa asetena mu nneɛma a ɛkyerɛ mmabun nna ne awoɔ apomoden
300,Aka_Gha,Nneɛma bi wɔ hɔ a ɛbɛboa nkurɔfo ma wɔatumi agyina STI a wɔahu no ano: Mmoa Akuw: Sɛ wɔne afoforo a ,"Yiw, ɔkwan pɔtee bi wɔ hɔ a wɔde wɔn ho hyɛ mu ne ayaresa ahorow a wɔde di dwuma wɔ ɔhwɛ a wɔde adwe"
301,Aka_Gha,Akwan bi a wobɛfa so ama akwahosan ho nhyehyɛe ahorow ayɛ nea ɛfa mmabun a wɔadi dɛm ho kɛse ni: Sɛn,"Nkitahodie ne kyɛfa a wɔfa so kyerɛkyerɛ nsɛm ho amanneɛbɔ ho nimdeɛ betumi ayɛ kuw nkɔmmɔbɔ, nsɛm a"
304,Aka_Gha,"Mmabun betumi ahyia dadwen, adwene a ɛyɛ basaa, aniwu, anaa animtiaabu a ɛfa nna ne awoɔ apomoden ho","Nsɛm ho amanneɛbɔ hyehyɛ adwene ne adwene a wɔwɔ wɔ mmabun nna ne awoɔ apomoden ho denam nneyɛe, gyi"
305,Aka_Gha,"Mfaso a ɛwɔ nna ho nkyerɛkyerɛ a edi mu so no bi ne: STI ahorow a wɔtew so, a HIV ka ho, denam nimde","Wɔ nyinsɛn a wosiw ano akyi no, kɔndɔm nkutoo ne ɔkwan a ɛboa nso ma wosiw nna mu nyarewa (STIs) ano"
307,Aka_Gha,"Mmabun betumi ahwehwɛ nsɛm ho amanneɛbɔ mu nkrasɛm a ɛfa ɔbarima ne ɔbea nna, abusuabɔ, ne awo akwah",Mmabun betumi asusuw ahotoso a ɛwɔ nneɛma a wɔde di dwuma wɔ nsɛm ho amanneɛbɔfo nkrasɛm a ɛfa nna n
308,Aka_Gha,"Amammerɛ, asetra, ne sikasɛm mu nneɛma nya dawurubɔ ne aguadi ho nkrasɛm a ɛfa nna mu akwahosan ho a","Akwahosan mu nsonsonoe kyerɛ nsonsonoe a ɛwɔ akwahosan mu nsunsuanso mu wɔ nnipa akuw ahorow ntam, a"
314,Aka_Gha,Mfaso a ebetumi afi ɔkwan a egyina hokwan ahorow so a wɔbɛfa so anya so no bi ne: Mmabun a wɔbɛma wɔ,Nsɛm a ɛnteɛ anaa anansesɛm a ɛfa nna mu akwahosan ho a wobegye adi na wɔatrɛw mu no betumi de nea e
317,Aka_Gha,"Asetra mu nimdeɛ ho nkyerɛkyerɛ nhyehyɛe ahorow no de module ahorow a ɛfa sikasɛm ho nimdeɛ, adwuma ",Mmabun betumi anya ahokokwaw ahorow pii afi mmabun adwumayɛ nhyehyɛe ne adwumayɛ ho ntetee a wɔde wɔ
319,Aka_Gha,Sɛ wuhu sɛ obi rekyekyɛ adagyaw mfoni anaasɛ ɔresɛe obi foforo ho nsɛm wɔ Intanɛt so a: Hyɛ onipa a ,"Sɛ ɛyɛ den ma wo sɛ wubegyina nkwamoa mu nsakrae ano a, nneɛma bi a wubetumi ayɛ ni: Wo ne Obi Kasa:"
321,Aka_Gha,Mmara kwan so ahobammɔ a wɔde ma wɔn a wɔanya wɔn ti adidi mu no bi ne nneɛma a wɔbɛyɛ de ahwɛ ahu s,"Nneɛma a ɛwɔ hɔ ma mmabun a wɔanya nna mu basabasayɛ no bi ne afotu adwumayɛbea, ahomatrofo a wɔde f"
327,Aka_Gha,Abɛɛfo akenkan ne akyerɛw ho nimdeɛ ho hia ma mmabun sɛ wobenya nsɛm a ɛyɛ nokware a ɛfa nna mu akwa,Nneɛma ne nkyerɛkyerɛ nneɛma a ɛwɔ hɔ a ɛbɛboa mmabun ma wɔasua pii afa pene a wɔpene so wɔ intanɛt 
328,Aka_Gha,Abɛɛfo nnwinnade ne mfiridwuma ma mmabun tumi ma wosi gyinae a ɛfata wɔ wɔn nna ne awo akwahosan ho ,Nea ɛyɛ mmerɛw a broni ka no 'conveniece': 'Telehealth' ma akwantu ho nhia na ɛtew bere a wɔde twɛn 
330,Aka_Gha,Ahye yɛ limit (ahyeɛ nhyehyeɛ) ahorow a wode si hɔ de bɔ wo ho ban wɔ nkate ne honam fam. Ahye a wob,Nkitahodi a Wobɛbue Mu: Wo ne wo hokafoɔ nkasa pefee ne nokwaredi mu fa wo hyeɛ ne nea wopɛ wɔ nna a
334,Aka_Gha,Adwene a ɛnteɛ a wɔtaa nya wɔ awo hokwan ne ahofadi a mmabun wɔ ho no bi ne gyidi ahorow a ɛne sɛ mm,"Atosɛm: ""Nnipa a wɔwɔ ɔhaw ahorow a emu yɛ den nkutoo na wohia afotu."" Nokwasɛm: Afotu so wɔ mfaso m"
336,Aka_Gha,Nneɛma ne mmoa nhyehyɛe ahorow a ɛwɔ hɔ ma mmabun a wɔrehwehwɛ mmoa a wɔde befi nkɔmmɔbɔ ase ne wɔn ,Kan no na mmoa ahorow bi wɔ hɔ ma nna mu dwumadi a wɔatwa no tiaa sɛ LGBTQ+ akuw nanso bere a wɔapen
340,Aka_Gha,Anamɔn a wɔfa so de siw nyinsɛn ano a egye ntɛmpɛ nea broni ka no 'emergency contraception'  di dwum,Ahorow:Aduru a wɔde siw nyinsɛn ano putupuru (ECP): Ɛwɔ honam mu nkwammoa (hormones) a ɛsi nyinsɛn a
343,Aka_Gha,Wobetumi ayɛ nhyehyɛe ahorow a wɔde besiw nna mu basabasayɛ ano na wɔahyɛ pene a wɔpene so ho nkuran,Sukuu ne mpɔtam betumi de nhyehyɛe ne nnwuma a wɔde siw ano a ɛfa nsa ne nnubɔne a wɔde di dwuma ne 
345,Aka_Gha,"Ɛtɔ mmere bi a, akwahosan ho nhyehyɛe no mu a wobɛfa so no betumi ayɛ den, nanso anammɔn pii wɔ hɔ a","Wubetumi anya nsɛm a ɛyɛ nokware a ɛfa wo mmara kwan so hokwan ""rights"" ahorow ne akwan a wubetumi a"
346,Aka_Gha,Ɔkwan a eye sen biara a wobɛfa so asiw awo ano a wobɛpaw ama wo no gyina nneɛma pii so. Nneɛma a wɔa,Ebetumi agyina nea ɛho hia wo so. Sɛnea ɛyɛ adwuma yiye wɔ nyinsɛn ano a wosiw mu. Sɛnea wɔde di dwu
348,Aka_Gha,Sɛ wuhu sɛ obi rekyekyɛ adagyaw mfoni anaasɛ ɔresɛe obi foforo ho nsɛm wɔ Intanɛt so a: Hyɛ onipa a ,Ahyehyɛde ahorow a egyina mpɔtam hɔ so de SRH nhyehyɛe ne nnwuma ahorow pii a wɔayɛ ama mmabun ahiad
350,Aka_Gha,Mmabun betumi anya intanɛt so nea aborɔfo ka no 'crisis intervention' ho nnwuma a ɛfa nna ne awo akw,Dwumadie no hwɛ hu sɛ nneɛma ahodoɔ bɛba denam: Nnipa dodoɔ su ho nsɛm a wɔbɛboaboa ano de ahunu nso
352,Aka_Gha,Nhomasua a ɛka obiara ho wɔ ASRH mu kyerɛ sɛ wɔbɛma mmabun nyinaa anya nna ne awoɔ apomoden (SRH) ho,Mmabun betumi akasa ama hokwan a wɔwɔ sɛ wɔde kokoamsɛm  sie wɔ nna ne awoɔ apomoden ho nhyehyɛe mu 
353,Aka_Gha,"Mpɛn pii no, nna ne awo akwahosan ho nhyehyɛe a edi mũ a wɔde ma mmabun no, nea ɛka ho ne nnwuma aho",Nkabom a wɔde nna mu apɔwmuden mmoa bɔ apɔwmuden nhyehyɛeɛ nyinaa ho no de mmoa pii ba mmaayewa ne m
355,Aka_Gha,Ɔbarima ne ɔbea nna ne awo akwahosan ho nkyerɛkyerɛ a ɛka nnipa nyinaa boa ma wɔbɔ mmɔden kɛse sɛ wɔ,"Amammerɛ mu afahyɛ ahorow, afahyɛ ahorow, ne nsɛm a esisi wɔ mpɔtam hɔ no ma wonya hokwan ahorow a ɛ"
356,Aka_Gha,Mmabun a wɔadi dɛm betumi anya nna ne awo akwahosan ho nsɛm ne nnwuma a edi mu wɔ akwahosan ho nhyeh,"Nneɛma te sɛ kasa mu akwanside, mmara kwan so gyinabea, nyiyim, ne asetra ne sikasɛm mu nsonsonoe ka"
358,Aka_Gha,"Mmabun betumi asusuw nsɛmti ne nsɛm ahorow ho wɔ afotu nhyiam ahorow mu, a nea ɛka ho ne: Abusuabɔ n",Sukuu ahorow ne mpɔtam hɔ ahyehyɛde ahorow di dwuma titiriw wɔ mmabun a wɔkyerɛkyerɛ wɔn hokwan ne a
363,Aka_Gha,Wubetumi ahwɛ ahu sɛ wo mmea hwɛ yɛ kokoamsɛm wɔ: Akwahosan ho adwumayɛfo a wobɛpaw wɔn a wɔde ayare,"Atipɛnfo mmoa akuw ma mmabun nya baabi a ahobammɔ wɔ sɛ wɔbɛda wɔn atenka adi, akyɛ osuahu ahorow, n"
364,Aka_Gha,Mmabun a wɔn ani gye ho sɛ wɔbɛboa nna ne awo akwahosan ho nhyehyɛe ahorow denam mpɔtam hɔfo a wɔde ,Mmabun betumi akasa ama hokwan a wɔwɔ sɛ wɔde kokoamsɛm  sie wɔ nna ne awoɔ apomoden ho nhyehyɛe mu 
365,Aka_Gha,Mmabun betumi asua mpanin mu kɔ ne awoɔ mu apɔmuden ho ade wɔ kwan a ɛyɛ dwoodwoo so denam nkyerɛkye,Amammerɛ mu afahyɛ ne amanneɛ a wɔyɛ de twa kwan kɔ mpanin mu no di dwuma titiriw wɔ nteaseɛ a yɛwɔ 
366,Aka_Gha,Nhwehwɛmu a wɔyɛ no daa di dwuma titiriw wɔ 'STI ne HIV' a wosiw ano mu efisɛ ɛma ankorankoro hu wɔn,Nna mu yareɛ yɛfrɛ nu wɔ broɔfo kasa mu sɛ STI ahorow a ɛtaa ba a ɛsɛ sɛ mmebun susuw ho sɛ wɔbɛyɛ h
367,Aka_Gha,"Mmabun betumi afa telefon so, nsɛm a wɔde kyerɛw nsɛm, intanɛt so nkɔmmɔbɔ (YMK app wɔ Google Play S","Wɔ nkate fam mmoa ne ɔhaw mu mmoa a wɔde wɔn ho hyɛ mu akyi no, ɔhaw ho mmoa telefon ahorow betumi d"
370,Aka_Gha,"Bɔbeasu pɛyɛ kyerɛ nnyinasosɛm a ɛfa atɛntrenee ne atɛntrenee ho wɔ sɛnea wɔne ankorankoro di mu, a ","Sɛ wote nka sɛ wɔabu m'apɔmuden hokwan so a, wubetumi afa akwan yi so: Kyerɛ wo haw kyerɛ w'apɔmuden"
375,Aka_Gha,"Yiw, aman pii wɔ mmara anaa nhyehyɛe ahorow a ɛma mmabun wɔ hokwan sɛ wonya nna ne awo ho akwahosan ",Ahintasɛm yɛ ade titirie a ɛwɔ nna ne awo akwahosan ho nhyehyɛe a edi mũ a wɔde ma mmabun mu. Bere a
378,Aka_Gha,"Dwuma ne asɛdeɛ a awofoɔ, sukuu, mpɔtam, ne aban nnwumakuo di wɔ nna ne awoɔ akwahosan ho nkyerɛkyer",Wobetumi de mmara kwan so hokwan ho adesua aka nna ne awo akwahosan ho nkyerɛkyerɛ nhyehyɛe a ɛwɔ hɔ
379,Aka_Gha,Ɔbarima ne ɔbea nna ho nkyerɛkyerɛ a edi mu yɛ soronko wɔ nhyehyɛe ahorow a ɛfa twe a wɔtwe wɔn ho f,"Bere mpɛn pii no, twe a wɔtwe wɔn ho fi nna ho no kyerɛ sɛ wɔbɛtwe wɔn ho afi nna mu nneyɛe nyinaa h"
381,Aka_Gha,Mmabun betumi aboa nnamfo anaa atipɛnfo a wɔrehyia adwenemyare denam: Tie: Aso a ɛnyɛ atɛn a wɔde bɛ,Nnamfo anaa atipɛnfo a wɔahu sɛ wɔwɔ nna mu yarev a wɔbɛboa wɔn no fa: - atinka fam mmoa ne awerɛhye
382,Aka_Gha,"Awofoɔ, akyerɛkyerɛ, ne mpanyinfo afoforo betumi aboa mmabun wɔ 'media literacy skills' mputuo wɔ nk","Akyerɛkyerɛfoɔ, awofoɔ, ne wɔn a wɔhwɛ mmabun bɛtumi aboa mmabun wɔ nsɛm ho amanneɛbɔ ho nimdeɛ nea "
383,Aka_Gha,Mmabun a wɔn ani gye ho sɛ wɔbɛboa nna ne awo akwahosan ho nhyehyɛe ahorow denam mpɔtam hɔfo a wɔde ,"Nnwumadie ahorow a egyina mpɔtam hɔ so di amammerɛ mu gyinapɛn ahorow, ne nkate ahorow a ɛfa nna ne "
384,Aka_Gha,Mmabun betumi de wɔn digyital akenkan ne akyerɛw ho nimdeɛ adi dwuma de wɔn ho ahyɛ ɔmanfo a wɔde wɔ,"Mmabun betumi de ntentanfidie, mfiridwuma, ne dijitaal akwan adi dwuma ne wɔn mpɔtam hɔfo adi nkitah"
387,Aka_Gha,Wubetumi anya mmea ho ayaresa bere a woyɛ ɔbabun denam: Apomodenho ɔyaresafo a ne ho akokwaw wɔ mmab,"Nsɛm ne Mmoa: Sɛ woresusuw ho sɛ wobɛfa wo ayɛ wo ba anaasɛ wobɛtete wo a, hwehwɛ nsɛm ne mmoa fi mm"
394,Aka_Gha,Mmra ne nhyehyeɛ a ɛfa nna ho nkyerɛkyerɛ ɛkɔ akyiri (CSE) ho wɔ sukuu ahodoɔ mu no taa fa: Adesua N,"Mmabun betumi akamfo nsɛm ho amanneɛbɔ ho adesua  wɔ sukuu ahorow, mpɔtam, ne mmabun ahyehyɛde ahoro"
396,Aka_Gha,"Mmara ne nhyehyeɛ bi wɔ hɔ a ɛfa pene a wɔpene so ne nna mu ɔbrasɛeɛ ho wɔ intanɛt so nkitahodiɛ mu,",Mmabun betumi aboa ma wɔayɛ intanɛt so mpɔtam a ahobammɔ ne mmoa wɔ hɔ a ankorankoro te nka sɛ wɔn h
399,Aka_Gha,"Wo nne resesa esiane nkwaadɔm 'hormones' a ɛyɛ adwuma wɔ mmerantebere ne mmabaabere mu nti, titiriw ","Hormone ahorow na ɛma nsakrae pii a worehyia wɔ wo mmabunyɛ berɛ mu no ba. Wɔn nti na woreyɛ tenten,"
400,Aka_Gha,Ɛma nimdeɛ a ɛyɛ nokware a ɛfa nna ne awoɔ apɔmden ho a ɛnam nkyerɛkyerɛ dwumadie mapa so. Ɛnam nkɔm,"Abusua gyidie ne amammerɛ ka sɛdeɛ mmabun hu nna, nkitahodie ne awoɔ apɔmden mu nsɛm ho.Sɛ nneɛma a "
404,Aka_Gha,"Wɔ mpɔtam bi no, ebia akwantu ho nhyehyɛe ahorow bi wɔ hɔ a wɔayɛ no pɔtee sɛnea ɛbɛyɛ a wobedi mmab",Mpɔtam hɔfoɔ nkɔmmɔdie nhyehyɛeɛ de nneɛma ne nneɛma ahodoɔ a wɔde bɛsua STI/HIV ano aduru ne nna ho
407,Aka_Gha,"Mmabun betumi ahu na wɔakasa atia asetra mu gyinapɛn ahorow, suban ahorow, ne nneyɛe a ɛboa ma wɔyɛ ",Afotu betumi adi dwuma titiriw wɔ adwene a ɛnteɛ a wodi ho dwuma ne animtiaabu a ɛfa nna mu yarewa  
410,Aka_Gha,Sukuu ahorow di dwuma titiriw wɔ nna ne awo akwahosan ho nkyerɛkyerɛ ne nnwuma a wɔde ma mmabun mu d,Ɔbarima ne ɔbea nna ne awo akwahosan ho nkyerɛkyerɛ di dwuma titiriw wɔ adwene mu yiyedi a wɔbɛma an
417,Aka_Gha,"Wɔ mmeae pii no, mfe a obi adi ho nhyeso biara nni hɔ a ɛbɛma wanya nnuru a wɔde siw nyinsɛn ano ntɛ",Mfeɛ anohyeto a wɔde ma wɔ telefon so akwahosan ho dwumadie ho no betumi ayɛ soronko a egyina nea ɔd
419,Aka_Gha,Mmabun betumi aka ama  wɔde wim nsakrae bɛka nna mu ne awoɔ ho apɔmuden (SRH)  nhyehyɛeɛ ho  wɔ  ber,Amammerɛ anaa asetena mu nsunsuansoɔ a ɛwɔ awoɔ mu apɔmuden nsɛm nteaseɛ so no bi ne: animtiaabu ne 
420,Aka_Gha,Nsɛm ho amanneɛbɔ ho nimdeɛ ma mmabun tumi susuw nkrasɛm a wɔde ma wɔ nsɛm ho amanneɛbɔ mu a ɛfa nna,Mmabun betumi anya tema ne adwene a wɔfa ho nimdeɛ denam nsɛm ho amanneɛbɔ ho nimdeɛ so denam: Wɔde 
422,Aka_Gha,"Atipɛnfoɔ mmoa akuo yɛ ankorankoro a wɔboaboa wɔn ho ano a wɔwɔ osuahu, nsɛnnennen, anaa dadwen a ɛt",Mmabun betumi ahwɛ ahu sɛ wodi wɔn awo ho gyinaesi ahorow so na wɔboa wɔn wɔ ɔkwan bi sei: Nkitahodi
424,Aka_Gha,Hokwan a wɔwɔ sɛ wonya asetra ne sikasɛm mu mmoa wɔ mmabun nna ne awo akwahosan mu no kyerɛ sɛ wɔbɛh,Amammerɛ ne nyamesom mu gyinapɛn ahorow a ɛfa ɔbarima ne ɔbea dwumadi ne abusuabɔ ho betumi anya mma
425,Aka_Gha,Mmabun betumi de akwan horow pii adi dwuma de adi ntawntawdi a ɛda wɔn amammerɛ mu gyinapɛn ahorow n,Nhyehyɛe mu Nsakrae ne Asoɛe mu Nsakrae a Wɔkamfo: Mmabun betumi de nsɛm ho amanneɛbɔ ho nimdeɛ adi 
427,Aka_Gha,Mmabun betumi ahwehwɛ nkɔmmɔbɔ a ɛfa nna ne awo akwahosan ho wɔ nyamesom tebea horow mu denam nkɔmmɔ,"Aane, ɛyɛ ade a ɛtaai si koraa sɛ wubenya adwene a ɛsakra bere a woadu mpanyin afe so no. Hormone ah"
430,Aka_Gha,"Mmabun betumi atu anammɔn pii de ahu sɛ wɔn nna ne awo akwahosan ho nsɛm bɛkɔ so ayɛ kokoamsɛm, a ne",Social media platform ne wɛbsaet dodow no ara wɔ akwan a wɔfa so bɔ amanneɛ wɔ ɔhaw anaa kɔmputa so 
432,Aka_Gha,"Ɛho hia sɛ wogyina nsɛm a egyina adanse so a efi mmeae a wotumi de ho to so, te sɛ akwahosan ho adwu",Websitet ahorow: Planned Parenthood: https://www.plannedparenthood.org/ (nna mu akwahosan ho nsɛm) S
434,Aka_Gha,"Atosɛm ne adwene a ɛnteɛ pii wɔ hɔ a ɛfa nnuru a wɔde di dwuma ne adwenem ahokwasan  ho, a nea ɛka h","Sɛ mmabun wɔ nsɛmmisa anaa nsɛm bi a ɛhaw wɔn wɔ nyinsɛn ano aduru a wɔde di dwuma ntɛm ho a, ɛsɛ sɛ"
438,Aka_Gha,Akwahosan ho adwumayɛfo a wɔbɛtete wɔn ma wɔne mmabun adi nkitaho yie na wɔabu wɔn ahofadi ne hokwan,Mmabun betumi de wɔn ho ahyɛ  mpɔtam kuo  a wɔn botae ne sɛ wobedi nna ne awo akwahosan ho haw ahoro
441,Aka_Gha,Nkitahodie pa betumi aboa ma wɔadi adwennwen ne dadwen so denam atenka horow a wɔbɛda no adi ne mmoa,"Nsɛm ho amanneɛbɔ ho nimdeɛ di dwuma titiriw wɔ nna a ahoɔden wom, nipadua ho mfoni pa, ne abusuabɔ "
444,Aka_Gha,Wo nsɛmmisa a ɛfa awo akwahosan ho nhyehyɛe a wobenya ho mmuae ni: 11. Akwan bɛn na ɛwɔ hɔ a wobetum,"Fie Nyinsɛn Ho Nhwehwɛmu: Wobetumi anya bi a wɔmfa nnuru nhyɛ mu, na saa nhwehwɛmu ahorow yi hu nyin"
446,Aka_Gha,"Wo nna ho akɔnnɔ a wo ne wo nnamfo, abusuafo, ne apomoden ho adwumayɛfo bɛbɔ ho nkɔmmɔ no betumi ayɛ","Sɛ wo ne wo hokafoɔ  rekasa fa nna mu apɔmuden ne asane nsoano ho a, ɛho hia sɛ: wo hyɛ nkɔmmɔbɔ no "
449,Aka_Gha,Mmabun betumi ahwɛ ahu sɛ wɔwɔ hokwan a wɔwɔ sɛ wɔpene so a wɔde nimdeɛ bɛma ne kokoamsɛm denam hokw,Mmabun betumi ahwɛ ahu sɛ wɔwɔ hokwan sɛ wɔpene so sɛ  wɔde nimdeɛ bɛma ne kokoamsɛm denam nsɛmmisa 
452,Aka_Gha,"Awofoɔ, wɔn a wɔhwɛ wɔn, ne wɔn a wɔhwɛ mmabun bɛtumi aboa mmabun a wɔadi dɛm wɔ nna ne awoɔ akwahos","Awofo, wɔn a wɔhwɛ wɔn, ne mpanyimfo afoforo betumi aboa mmabun wɔ ɔkwan bi sei: Nsɛm a ɛyɛ nokware "
456,Aka_Gha,"Nneyɛ pa ho nsusuii a ɛwɔ nsɛm ho media nsɛm a ɛfa nna ne awoɔ apɔmuden ho no bi ne pɛpɛɛpɛyɛ, hia t","Nhomasua nhyehyɛe ne adesua nhyehyɛe ahorow di nkɛntɛnso a sohyial media, mfiridwuma, ne intanɛt so "
463,Aka_Gha,"Yiw, mmara ne nhyehyɛe ahorow bɔ hokwan ahorow a mmabun wɔ sɛ wonya nna ne awo ho akwahosan ho nhyeh","Mfaso a ɛwɔ so no bi ne: Nkitahodie: Atipɛnfoɔ betumi anya tema ama wɔn atipɛnfoɔ osuahun ahorow, na"
469,Aka_Gha,"Hu hokwan ahorow a wowɔ na hwehwɛ mmara kwan so mmoa sɛ wohyia nyiyim anaa ɔhaw a. Fa nnamfo, abusua","Awofo anaa abusuafo betumi aboa wo yiye denam tema a wobetie, wo nkate a wobegye atom, ne ɔdɔ ne mmo"
470,Aka_Gha,Mmabun bɛtumi advocate (ɔkasamafoɔ) adwenemyareɛ ho dwumadie a ɛkɔ anim wɔ wɔn mpɔtam hɔ denam: Wɔna,Akuo anaa ahyehyɛdeɛ a asuafoɔ di anim bɛtumi adi dwuma titire wɔ adwenem apɔwmuden ho nimdeɛ a wɔbɛ
473,Aka_Gha,Amanaman ntam sika a wɔde bɛhyɛ ɔman ASRH nhyehyɛeɛ ne akwankyerɛ mu hyɛ apɔmuden nhyehyɛeɛ den na ɛ,Raising Awareness: Kyerɛkyerɛ nkurɔfoɔ fa mmara a ɛfa dɛmdifoɔ. Legal Reforms: Ko hwehwɛ mmara nsesa
476,Aka_Gha,Mmabun betumi ne atipɛnfo ayɛ biako de ayɛ na wɔakyɛ nsɛm ho amanneɛbɔ mu nsɛm pa a ɛhyɛ atipɛnfo ny,"Amammerɛ mu gyinapɛn ahorow, ne nea wɔpɛ betumi akyerɛ mmabun adwene ne osuahu ahorow wɔ asetra mu a"
483,Aka_Gha,"Mpene a wɔpene so, sɛnea mmara kyerɛkyerɛ mu no, kyerɛ apam a wofi wɔn pɛ mu, wɔde nimdeɛ, na wɔde a",Nneɛma titiriw a ɛma wɔpene so wɔ abɛɛfo kwantenpɔn so nkitahodi mu no te sɛ nea ɛwɔ anim ne anim nk
484,Aka_Gha,Nneɛma ne nnwinnade ahorow wɔ hɔ a ɛbɛboa wo ma woanya nkɔso na ahyɛ wo nsusuii a ɛyɛ katee a ɛfa nn,Amammerɛ Mmeae: Mpɔtam pii wɔ amammerɛ mmeae anaa ahyehyɛde ahorow a wɔde nneɛma ne nhyiam ahorow ma
485,Aka_Gha,"Ɛsɛ sɛ mmabun nya nna ne awo akwahosan ho nhyehyɛe ahorow, a nea ɛka ho ne: Nyinsɛn ano aduro (sɛ nh","Yiw, asetra mu nneɛma bi betumi aka sɛnea akwan horow bi tu mpɔn: Nnuru a wɔde siw awo ano a ɛyera: "
487,Aka_Gha,"Ɛho hia sɛ wogyina nsɛm a egyina adanse so a efi mmeae a wotumi de ho to so, te sɛ akwahosan ho adwu",Sɛnea wobɛkasa atia nneɛma bɔne a ɛfa nna ne awo ho ni: Hyɛ Nhomasua ho nkuran: Kamfo nneɛma a wotum
490,Aka_Gha,Nneɛma ne nkyerɛkyerɛ nneɛma a ɛwɔ hɔ a ɛbɛboa mmabun ma wɔasua pii afa pene a wɔpene so wɔ intanɛt ,"Nneɛma ne mmoa nkitahodi ahorow wɔ hɔ a ɛbɛboa wo ma woasua pii afa ahye a wɔde si apɔwmuden, asɛm a"
491,Aka_Gha,Asetra mu nimdeɛ yɛ tumi ne nneyɛe a ɛma ankorankoro tumi di da biara da asetra mu ahwehwɛde ne ɔhaw,"Nsɛm ho amanneɛbɔ ho nimdeɛ kyerɛ tumi a obi tumi nya, hwehwɛ mu, hwehwɛ mu, na ɔyɛ nsɛm ho amanneɛb"
493,Aka_Gha,Mmara anaa nhyehyɛe ahorow betumi adi akwannya ahorow a mmabun a wɔyem wɔ sɛ wonya nna ho nkyerɛkyer,Atumfoɔ bebree wɔ mmara anaa nhyehyɛeɛ a ɛgye hokwan a mmabun wɔ wɔ akwahosan ho dwumadie a ɛyɛ koko
495,Aka_Gha,Ɛsɛ sɛ mmabun: kyerɛ hokwan a wɔwɔ sɛ wɔwɔ nipadua mu ahofadi na wɔpow adeyɛ no sɛ wɔmpene so a Hweh,"Sɛ mmabun susuw sɛ wɔn adamfo anaa wɔn atipɛnfo bi wɔ abusuabɔ a ɛyɛ ayayade mu a, ɛsɛ sɛ: Wɔde ahwɛ"
498,Aka_Gha,Sukuu ahorow betumi adi animtiaabu a ɛfa adwenemyare ho no ho dwuma na wɔahyɛ nkɔmmɔbɔ a ɛda adi pef,Mmabun betumi de wɔn ho ahyɛ awo ntoatoaso nkɔmmɔbɔ ne nnwuma a mpɔtam hɔfo di anim mu de ahyɛ nkɔmm
499,Aka_Gha,Kuw ahorow a mmabun di anim a wɔkasa fa nna ho nkyerɛkyerɛ a edi mu kyerɛ wɔ sukuu ne mpɔtam hɔ. Nkɔ,Nhwɛso ahorow bi ne: Ɔbarima ne ɔbea nna ne awoɔ apɔwmuden ho nkyerɛkyerɛ nhyehyɛe ahorow a ɛfa ɔbar
501,Aka_Gha,"Ɔkwan a ɛkɔ akyiri: Fa nkyerɛkyerɛ a ɛfa nsusuwii hunu, mmubuafo hokwan ahorow, ne nna mu hokwan aho",Nkyerɛkyerɛ a ɛfa nsusuwii hunu ne nyiyim ho no betumi ama wɔanya tema ne ntease: Mmofra a Wɔadi  dɛ
502,Aka_Gha,Mmabun betumi anya nneɛma ahorow ne mmoa nkitahodi ahorow de adi ɛnamu apomoden ho haw ahorow ho dwu,Nneɛma ahorow ne mmoa nkitahodi ahorow wɔ hɔ a ɛbɛboa wo ma wo ne atipɛnfo akuw a wɔyɛ papa adi nkit
506,Aka_Gha,Mmabun betumi akamfo wɔn ahiade ahorow denam wɔn akwahosan ho adwumayɛfo anaa afotufo a wɔne wɔn di ,Nkɔmmɔbɔ a ɛfa nna mu ɔborɔ ho no betumi akasa atia adwene a ɛne sɛ wɔde asodi to nea wɔato no mmonn
510,Aka_Gha,Mmabun yɛ tumi a tumi wom a ɛma nsakrae ba nyinsɛn a woyi gu kuw a wɔhwehwɛ hokwan ahorow no mu! Akw,Wubetumi de abɛɛfo ntentanfidie adi dwuma wɔ ɔkwan pa so de ama w’adwene mu akwahosan ayɛ kɛse na wo
511,Aka_Gha,"Nkitahodi a ɛda adi pefee na ɛyɛ nokware a wɔne awofoɔ di no boa mmabun ma wɔte wɔn gyinapɛn ahorow,",Gyinaesi ahorow a atwam a wubesusu ho na wode nea efi mu aba a wode bɛtoto ho ansa na wode gyinaesi 
513,Aka_Gha,Mmabun betumi akasa ama hokwan a wɔwɔ sɛ wɔpene so na wosi gyinae wɔ nna ne awo akwahosan ho nhyehyɛ,Mmabun betumi abɔ wɔn kokoamsɛm ho ban bere a wɔrenya nna ne awo apɔwmuden ho nsɛm wɔ Intanɛt so den
514,Aka_Gha,"Mmabun betumi ahyia akwanside ahorow te sɛ ɛka, animtiaabu, anaasɛ nea wonnya bere a wɔrebɔ mmɔden s",Mmabun betumi anya ahoɔden a wɔde gyina ano ne sɛnea wugyina ano de di tebea horow a emu yɛ den mu d
516,Aka_Gha,"Yiw, nnwumakuo ahorow a ɛwɔ mpɔtam hɔ ne mmoa akuw bi wɔ hɔ a wobetumi aboa mmabun ma wɔafa amammerɛ","wo sukuu ɔyarehwɛfo anaa akwahosan ho dwumayɛni, ne wo bɛbɔ nna ho nsɛm ho nkɔmmɔ. Wobu ""LGBTQ+"" sɛ "
517,Aka_Gha,Intanɛt so adesua ne nhyiamu: Nya nkyerɛkyerɛ nhyiamu a ɛde adesua a ɛfa nsɛm ho amanneɛbɔ ho nimdeɛ,"Yiw, ntentanfidie dwumadibea ahorow pii wɔ hɔ a wɔayɛ ama mmabun a wɔhwehwɛ nna mu akwahosan ho nsɛm"
520,Aka_Gha,"Mɛpɛ sɛ w’ankasa wo ho nsɛm, a nna mu akwahosan ho nsɛm anaa osuahu ahorow ka ho, bɛka abusua no mu.",Ka w’ahiade ne w’ahyeɛ ho asɛm pefee wɔ obuo mu. Fa hyetɛo ahorow to nsɛmti anaa nneyɛe a ɛka w’adwe
524,Aka_Gha,Fa tema tie wɔn a wonyaa wɔn ti didii mu no a wonni atɛn. Fa wo mmoa ma na gye wɔn suahu ahorow di. ,"Hyɛ awofo nkuran sɛ wɔnhwehwɛ nsɛm mfi mmeae a agye din te sɛ adwenemyare ho ahyehyɛde ahorow, akwah"
525,Aka_Gha,Kokoam mmoa akuw ne intanɛt so mpɔtam wɔ hɔ ma mmabun a wɔrepere wɔ adwenemyare ho. Hwehwɛ nneɛma a ,"Ɛwom sɛ LGBTQ+ nhyia wɔ Ghana deɛ, nanso afotufoɔ ne nneɛma a ɛnyɛ den sɛ wɔbɛnya bi wɔ hɔ a wɔde bɛ"
527,Aka_Gha,Nipadua mu kasa ne nkitahodi a ɛnyɛ kasa di dwuma titiri wɔ ahotoso ne asɛm a wɔka no denneennen a w,"Nkabom di mmabun ahiade ahorow nyinaa ho dwuma denam: Ɔhwɛ a edi mũ a wɔde ma a wosusuw honam fam, n"
528,Aka_Gha,"Mmabun betumi de ahye a ɛfata asi hɔ na wɔakura mu denam wɔn ankasa ahiade, nkate, ne anohyeto ahoro",Mmabun betumi de ahye asi hɔ na wɔakura mu wɔ wɔn abusuabɔ mu denam: - Ahye a wɔbɛkyerɛ: Wɔn ankasa 
533,Aka_Gha,"Gye w’awofo amammerɛ ne nyamesom mu gyidi ahorow tom na bu wɔn, bere a woda w’ankasa hia a wuhia sɛ ","Amammerɛ ne nyamesom mu gyidi betumi akyerɛ suban, gyinapɛn, ne nneyɛe a ɛfa nna ne awo akwahosan ho"
534,Aka_Gha,"1. Kyerɛkyerɛ wo ho: Sua hokwan ahorow a mmubuafo wɔ, nneyɛe a ɛka obiara ho, ne gyinapɛn ahorow a ɛ",Wo Ho Adwennwen 'Self Reflection': Gye bere fa te wo gyinapɛn ne wo gyidi ahorow a ɛfa ɔbarima ne ɔb
538,Aka_Gha,Atipɛnfo Mmoa: Atipɛnfo mmoa nkitahodi nhyehyɛe ma mmabun ne afoforo a wɔwɔ osuahu ne nsɛm a ɛhaw wɔ,"Atipɛnfo mmoa akuw ma mmabun nya baabi a ahobammɔ wɔ sɛ wɔbɛda wɔn atenka adi, akyɛ osuahu ahorow, n"
541,Aka_Gha,Mmabun betumi ahu na wɔakasa atia abrabɔ pa ho nsɛm wɔ nsɛm ho amanneɛbɔfo mfonini ahorow a ɛfa nna ,"Nsɛm ho amanneɛbɔfo a wɔyɛ, aguade ho dawurubɔfo, ne wɔn a wɔyɛ nneɛma no wɔ abrabɔ pa ho asɛyɛde be"
542,Aka_Gha,Nkitahodi a ɛda adi pefee yɛ ade titiriw! Afotu bi ni: Kyerɛkyerɛ nea enti a wote saa mu: Ka ɔpɛ a w,Adwene a ɛnteɛ bi a ɛfa nna mu nneyɛe a ahobammɔ wom ho ne; gyidi ahorow sɛ nna mu dwumadi ahorow bi
543,Aka_Gha,Nkɔmmɔbɔ ahorow a ɛfa nna ho wɔ nsɛm ho amanneɛbɔ mu no ne mmabun nna ne awo apɔwmuden ho nneɛma afo,Amammerɛ ne ɔmanfo tebea nya mmabun osuahu ahorow a ɛfa nna ne awoɔ apomoden ho nkyerɛkyerɛ ne nea e
546,Aka_Gha,"Awofoɔ, wɔn a wɔhwɛ wɔn, ne wɔn a wɔhwɛ mmabun bɛtumi aboa mmabun a wɔadi dɛm wɔ nna ne awoɔ akwahos","Akyerɛkyerɛfo, awofo, ne ahwɛfo betumi aboa mmabun ma wɔanya nsɛm ho amanneɛbɔ ho nimdeɛ wɔ akwan ah"
552,Aka_Gha,Ɛsɛ sɛ mmabun hu abrabɔ pa ho nsusuwii bere a wɔde wɔn ho hyɛ nsɛm ho amanneɛbɔ mu nsɛm a ɛfa nna ne,Mmabun betumi ahu na wɔakasa atia abrabɔ pa ho nsɛm wɔ nsɛm ho amanneɛbɔfo mfonini ahorow a ɛfa nna 
553,Aka_Gha,Mmabun betumi ahu na wɔakasa atia abrabɔ pa ho nsɛm wɔ nsɛm ho amanneɛbɔfo mfonini ahorow a ɛfa nna ,"Mmabun betumi de ntentanfidie, mfiridwuma, ne dijitaal akwan adi dwuma ne wɔn mpɔtam hɔfo adi nkitah"
555,Aka_Gha,Wobetumi de nsɛm ho amanneɛbɔ ho adesua ahyɛ sukuu adesua nhyehyɛe mu denam adesua ahorow a wɔatu wɔ,Wobetumi de nsɛm ho amanneɛbɔ ho adesua aka sukuu adesua nhyehyɛe ne mpɔtam hɔ nhyehyɛe ahorow ho de
556,Aka_Gha,"Ɛho hia sɛ wokae sɛ bere a atipɛnfo a wɔwɔ adwempa betumi de nhumu a ɛsom bo ama wo, ɛsɛ sɛ w’ankasa",Sɛ wobenya pintinnn nkitahodie ho nimdeɛ na wode ako atia atipɛnfo nhyɛso a ennye a worentwe wo ho m
558,Aka_Gha,"Dawurubɔ: Mpɛn pii no, wɔde nna ho mfonini di dwuma de hyɛ nneɛma ho nkuran, na wɔde bata nsusuwii a","Kasa: Kasa a ɛkanyan adwene, nsɛm a wɔka, anaa nsɛmfua a wɔde di dwuma de ka nkrasɛm a ɛfa nna mu ak"
560,Aka_Gha,"Ne w’akwahosan ho dwumayɛni anaa sukuu sickbay ɔyarehwɛfo nni nkitaho, wobetumi aboa ma woanya nnwum","Wo ne Mpanyimfo a Wogye Wɔn Di Yɛ Adwuma: Fa ɔpanyin, ɔwofo, ɔkyerɛkyerɛfo, anaa mpɔtam hɔ kannifo a"
563,Aka_Gha,Nneɛma a ɛwɔ hɔ a ɛbɛboa mmabun ma wɔate hokwan a wɔwɔ sɛ wɔpene so na wosi gyinae wɔ nna ne awo akw,Nneɛma ne nkyerɛkyerɛ nneɛma a ɛwɔ hɔ a ɛbɛboa mmabun ma wɔasua pii afa pene a wɔpene so wɔ intanɛt 
565,Aka_Gha,"Digitals media ho nimdeɛ fa tumi a obi tumi nya, hwehwɛ, hwehwɛ mu, na ɔyɛ media mu nsɛm wɔ dijitaal",Nneɛma a Wobetumi Apaw 'Limitations': Ebia mmabun nna mu akwahosan ho abenfo a wɔn ho akokwaw wɔ dɛm
567,Aka_Gha,"Nimdeɛ ne ahokokwaw a wohia a wɔde bɛma wɔn de ahwehwɛ nsɛm ho amanneɛbɔ nkrasɛm, gyinabea ahorow, n","Mmabun betumi akamfo nsɛm ho amanneɛbɔ ho adesua  wɔ sukuu ahorow, mpɔtam, ne mmabun ahyehyɛde ahoro"
568,Aka_Gha,Amammerɛ mu gyinapɛn ahorow nya suban ne nneyɛe a ɛfa nna ne awo akwahosan ho so nkɛntɛnso kɛse wɔ m,Amammerɛ ne nyamesom mu gyidi ahorow a wɔtaa nya wɔ nna ne awo akwahosan ho no bi ne: Adwene a nkurɔ
569,Aka_Gha,"Nna ho nsɛm a wɔde di dwuma wɔ amanneɛbɔ mu no betumi anya mmabun ankasa ho mfonini, nipadua mu ahot",Amammerɛ mu gyinapɛn ahorow a ɛwɔ atubrafo ne nnipa kakraa bi mu no nya adwene a nkurɔfo kura wɔ mme
571,Aka_Gha,Mmabun betumi akasa ama hokwan a wɔwɔ sɛ wɔpene so na wosi gyinae wɔ nna ne awo akwahosan ho nhyehyɛ,Nneɛma a ɛwɔ hɔ a ɛbɛboa mmabun ma wɔate hokwan a wɔwɔ sɛ wɔpene so na wosi gyinae wɔ nna ne awo akw
574,Aka_Gha,Mmabun betumi anya adwene a ɛne sɛ wobesua ade wɔ wɔn nkwa nna nyinaa mu na wɔakɔ so anya ahokokwaw ,Akwanside ahorow a ɛmma ankorankora ntumi mfa wɔn ho nnye mu sɛ ahwɛfo wɔ tebea horow a ɛfa nna mu b
575,Aka_Gha,"Yiw, nnwumakuo ahorow a ɛwɔ mpɔtam hɔ ne mmoa akuw bi wɔ hɔ a wobetumi aboa mmabun ma wɔafa amammerɛ","Yiw, mpɔtam hɔ nneɛma ne ahyehyɛde ahorow bi wɔ hɔ a wobetumi aboa mmabun ma wɔadi asasesin mu akwan"
576,Aka_Gha,"Yiw, ɛyɛ ade a ɛfata koraa sɛ wobɛte nka sɛ w’adwene atu afra anaasɛ wo ne w’akasakasa wɔ wo nna mu ",Ɔbarima ne Ɔbea Nna a Wɔde Ano: Fa kɔndɔm anaa a wɔde bɔ wo ho ban 'dental dams' di dwuma de bɔ wo h
577,Aka_Gha,Nhumu ne Nhomasua: Wɔn a wɔadi dɛm ho adwuma no ma nkurɔfo hu nsɛnnennen a mmubuafo hyia na wɔkyerɛk,Nneɛma a Wɔde Wɔn Ho Hyehyɛ Mu a Wɔapaw a aborɔfo ka no 'Tailored Intervention': Nhyehyɛe ahorow a w
582,Aka_Gha,Wɔbetumi anya: Mpanyimfoɔ ne kuo a wɔwɔ ayamye a wɔbɛbɛn wɔn. Wɔde wɔn ho bɛhyɛ dwumadie a ɛgye obia,Nnamfo anaa atipɛnfo a wɔregye wɔn bɔbeasu anaa nna ho akɔnnɔ ho kyim a wɔbɛboa wɔn no hwehwɛ sɛ wob
583,Aka_Gha,Adwumayɛfoɔ a wɔwɔ tumi krataa: Hwehwɛ afotubɔfoɔ a wɔhwɛ adwenemyareɛ tumi krataa anaa license. Ɛsɛ,"Wo ho a wobɛkamfo akyerɛ wɔ afotu anaa ayaresa bere mu no hwehwɛ sɛ wobɛka w’ahiade, nea wopɛ, ne ah"
585,Aka_Gha,Mmabun betumi anya adwene a ɛne sɛ wobesua ade wɔ wɔn nkwa nna nyinaa mu na wɔakɔ so anya ahokokwaw ,Mmabun betumi afa nsonsonoe a ɛwɔ amammerɛ ne nyamesom adwene mu wɔ nna ne awo akwahosan ho wɔ wɔn m
588,Aka_Gha,"Yiw, mmara ne nhyehyɛe ahorow bi wɔ hɔ a ɛbɔ hokwan a wowɔ sɛ wunya nna ne awo akwahosan ho nkyerɛky","Yiw, mmara anaa nhyehyɛe ahorow bi wɔ hɔ a ɛbɔ akwannya a wowɔ sɛ wubenya nna ne awo akwaahosan ho n"
591,Aka_Gha,Atumfoɔ bebree wɔ mmara anaa nhyehyɛeɛ a ɛgye hokwan a mmabun wɔ wɔ akwahosan ho dwumadie a ɛyɛ koko,Mfasoɔ a ɛwɔ STI/HIV ano aduru ne nwomasua a wɔde bɛka akwahosan ho dwumadie foforɔ ho ama mmabun no
593,Aka_Gha,"Wɔn Ho a Wohu a Ɛkɔ Anim: Nneyɛe a wɔde susuw nneɛma ho no boa mmabun ma wohu wɔn nsusuwii, wɔn atin",wo sukuu ɔyarehwɛfo anaa akwahosan ho dwumayɛni ne wo bɛbɔ nna ho nsɛm ho nkɔmmɔ. Wobu LGBTQ+ sɛ mma
594,Aka_Gha,Nneɛma titiriw a ɛwɔ nhyehyɛe a etu mpɔn a wɔde siw ano no mu bi ne: Nkyerɛkyerɛ a ɛkɔ akyiri a ɛfa ,"Nneɛma, mmoa ahomatrofo, ne nnwumakuo ahorow a wɔde mmoa ma wɔn a wɔanya wɔn ti adidi mu wɔ nna mu ɔ"
597,Aka_Gha,Nkɔmmɔbɔ ahorow a ɛfa nna ho wɔ nsɛm ho amanneɛbɔ mu no ne mmabun nna ne awo apɔwmuden ho nneɛma afo,"Nkitahodi mu nipasu, te sɛ abusuakuw, mmusuakuw, nyamesom, ɔbarima ne ɔbea nna, ne nna ho akɔnnɔ, ne"
598,Aka_Gha,"Sɛ wote nka sɛ wɔabu m'apɔmuden hokwan so a, wubetumi afa akwan yi so: Kyerɛ wo haw kyerɛ w'apɔmuden","Mpanyimfo a Wogye Wɔn Di Dwuma: Mpanyimfo a wogye wɔn di, te sɛ awoɔfo, akyerɛkyerɛfo, sukuu afotufo"
599,Aka_Gha,Mmabun adwumayɛ nhyehyɛe ne adwumayɛ ho ntetee di ahiade pɔtee anaa nsɛnnennen a mmabun a wɔato wɔn ,Mmabun betumi anya adwumayɛ mu suahu a mfaso wɔ so na wɔakyekye wɔn adwumayɛfo nkitahodi denam adwum
602,Aka_Gha,Mmusua a wɔboa no di dwuma titiriw wɔ mmabun a wɔadi dɛm asetra mu: Ahobammɔ Beae: Ma tebea a ahobam,STIs' nkeyrɛkyerɛ mu: nnam mu yareɛ a aborɔfoɔ ka no sɛ 'STIs' yɛ nyarewa a ɛfa nna so ba. Yetumi ny
616,Aka_Gha,"Mmabun betumi akamfo nna ne awo akwahosan ho nsɛmti ho mfonini a ɛyɛ pɛpɛɛpɛ, a ɛka obiara ho, na ɛy","Nipadua Mfonini Dadwen: Fa w’adwene si apɔwmuden a wubenya so, na ɛnyɛ sɛ wubenya hwɛbea pɔtee bi. F"
620,Aka_Gha,Mmabun betumi akamfo nhyehyeɛ anaa nsakraeɛ a ɛfa nna ne awoɔ akwahosan ho dwumadie a ne boɔ yɛ den ,Mmabun betumi akamfo nhyehyɛe ne nneyɛe a ɛhyɛ abrabɔ pa wɔ intanɛt so nneyɛe ho nkuran na ɛbɔ hokwa
623,Aka_Gha,Asetra a Ɛma Apɔwmuden: Di aduan a ɛfata na yɛ apɔwmuteɛteɛ. Da sɛnea ɛsɛ na di adwennwen ho dwuma. ,Adwene mu yiyedi ne ahoɔden a wɔbɛhyɛ ho nkuran wɔ mmabun mu no ho hia na wɔasiw adwenemyare a efi a
625,Aka_Gha,Akwahosan ho adwumayɛfoɔ bɛtumi afa amammerɛ ahodoɔ mu de nna ne awo akwahosan (SRH) ho dwumadie a ɛ,Akwahosan ho adwumayɛfoɔ ne akyerɛkyerɛfoɔ bɛtumi de digyital akwan adi dwuma de adu mmabun nkyɛn na
627,Aka_Gha,Asetena mu Atɛntrenee Nnyinasosɛm a Wɔde Bɛka Abom: Nsɛm ho amanneɛbɔ ho adesua nhyehyɛe ahorow de a,Nsɛnnennen ne Hokwan a ɛwɔ Nhomasua mu: Nsɛm ho amanneɛbɔ ho nimdeɛ ne asetena mu atɛntrenee a wɔde 
630,Aka_Gha,Nneyɛeɛ aa ɛkyerɛ sɛ obi mmu wohyeɛ bi ne: Sɛ wɔntie wo nea borɔfo fre no 'verbal' anaa 'non-verbal ,"Ebia worehyia asisifo sɛ wote nka bere nyinaa sɛ wo hyɛ wo ho, wohunahuna wo, anaasɛ wobrɛ wo ase a."
632,Aka_Gha,"Mmabun betumi afa akwan horow so anya nnuru a wɔde si nyinsɛn ano, a nea ɛka ho ne: ɔyaresafo a wɔbɛ","Aane, ɔkwantuo kwan pɔtee bi bɛtumi aba hɔ a mmabun bɛtumi afa so akɔ ayaresabea ahorow, a ebi ne: S"
636,Aka_Gha,"Nsɛm ho amanneɛbɔfo taa ma nsusuwii hunu ne animtiaabu a ɛfa nna ho akɔnnɔ, ɔbarima ne ɔbea nna ho n","Amammerɛ mu gyidi ne gyinapɛn ahorow a ɛfa nna, ɔbarima ne ɔbea nna, ne awo akwahosan ho no betumi a"
639,Aka_Gha,"Yiw, akwan a wɔfa so de mmuae ma no bi ne: Abotɔyam ho nhwehwɛmu a wɔyɛ bere a wɔde ɔsom adwuma no a","Wɔ nkate fam mmoa ne ɔhaw mu mmoa a wɔde wɔn ho hyɛ mu akyi no, ɔhaw ho mmoa telefon ahorow betumi d"
640,Aka_Gha,"Mmabun betumi afa akwan ahorow so anya nneɛma ne mmoa nkitahodi ahorow, a nea ɛka ho ne: Mmra kwan s","Mmabun betumi ahwehwɛ mmoa afi mmoa nhyehyɛe ahorow hɔ, a sukuu afotufo, mpanyimfo a wogye wɔn di, n"
641,Aka_Gha,"Amammerɛ mu gyinapɛn ahorow, ɔmanfo adwene, ne animtiaabu betumi aka tumi a mmabun wɔ sɛ wɔde wɔn mm",Mmabun betumi ahwehwɛ nkɔmmɔbɔ a ɛfa nna ne awo akwahosan ho wɔ nyamesom tebea horow mu denam nkɔmmɔ
642,Aka_Gha,Mfe a mmabun betumi anya nyinsɛn a woyi gu ho nhyehyɛe wɔ mmara kwan so a awofo mpene so no gu ahoro,"Yiw, mmara ne nhyehyɛe ahorow bɔ hokwan ahorow a mmabun wɔ sɛ wonya nna ne awo ho akwahosan ho nhyeh"
643,Aka_Gha,"Amammerɛ, nyamesom, ne asetena mu gyinapɛn ahorow nya abrabɔ pa ahye ne gyinapɛn ahorow a wɔde di dw",Asetra mu nimdeɛ ho nkyerɛkyerɛ boa mmabun ma wɔpaw nneɛma a ɛfata wɔ wɔn nna ne awo akwahosan ho de
645,Aka_Gha,"Awofoɔ, akyerɛkyerɛfoɔ, ne akwahosan ho adwumayɛfoɔ bɛtumi aboa mmabun wɔ nsɛm ho amanneɛbɔ ho nimde","Mpɔtam Hɔ Ahyehyɛdeɛ a Wɔyɛ: Mmabun bɛtumi ne mpɔtam hɔ ahyehyɛdeɛ, akasamafo akuo, ne nnwuma a mmab"
647,Aka_Gha,Mmara mu Nsɛm nea broni ka no 'Legal Landscape': Nea ewɔ wo vs. akamfo obi ama biribi a woka wɔ brɔf,"Wo gyinapɛn ne wo gyidi ahorow na ɛkyerɛ wo nsusuwii wɔ ɔbarima ne ɔbea dwumadi, nipasu, ne nsɛm a w"
650,Aka_Gha,"Awofoɔ, akyerɛkyerɛfoɔ, ne ahwɛfoɔ bɛtumi ahyɛ ɔbarima ne ɔbaa ntam atenka ho nkuran wɔ wɔne mmabun ",Atipɛnfo nkyerɛkyerɛ: Ɛhyɛ nkɔmmɔbɔ a ɛda adi pefee ne osuahu ahorow a wɔhyɛ ho nkuran. Ɛma asuafo n
651,Aka_Gha,Ahyehyɛde ahorow a ɛwɔ mpɔtam hɔ de abɛɛfo mfiridwuma nea broni ka no 'technology'  ne 'sohyial medi,Websites (nimdeɛ pa). Apps (de hwehwɛ nneɛma). SMS (nkɔmmɔbɔ mfidie). Telemedicine (intanɛt so ayare
652,Aka_Gha,"Yiw, amammerɛ anaa nyamesom mu gyidi ahorow betumi anya mmabun ntease ne hokwan a wɔwɔ sɛ wodi wɔn h",Mmabun betumi ako ama wɔn ho denam: Wɔbɛkyerɛkyerɛ wɔn ho wɔ hokwan ahorow a wɔwɔ ne mmara kwan so a
656,Aka_Gha,Nsɛmti ne nsusuwii hunu a wɔtaa ka wɔ nsɛm ho amanneɛbɔ mu a ɛma nkrasɛm a epira kɔ so no bi ne: Aho,"Abusua mu nkɔso, a awofo akwanhwɛ, awo ntoatoaso ntam ntawntawdi, ne mmarima ne mmea dwumadi ahorow "
657,Aka_Gha,Mmabun a wɔde wɔn ho hyɛ mmabun adwumayɛ nhyehyɛe ne adwumayɛ mu ntetee mu no betumi ahyia nsɛnnenne,Mmabun betumi asiesie wɔn ho ama nkonimdi wɔ mmabun adwumayɛ nhyehyɛe ne adwumayɛ mu ntetee mu denam
663,Aka_Gha,"Media nya atipɛnfo nkitahodi so nkɛntɛnso kɛse wɔ mmabun mu denam nkitahodi akwan, asetena mu gyinap","Mmusua, mpɔtam, ne amammerɛ ahyehyɛde ahorow di dwuma titiriw wɔ mmabun suban ne wɔn nneyɛe a wɔhyeh"
664,Aka_Gha,STI/HIV nhwehwɛmu ne ayaresa adwumayɛbea ahorow de kokoamsɛm ne kokoam nsɛm di kan de bɔ ankorankoro,Ahintasɛm ho hia ma mmabun a wɔrehwehwɛ nna ne awo akwahosan ho nhyehyɛe efisɛ: Ɛhyɛ ahotoso ho nkur
665,Aka_Gha,Mmabun betumi anya sikasɛm mu mmoa ama asetena mu nimdeɛ nkɔso ne adwumayɛ ho nhyehyɛe ahorow denam ,Mmabun betumi asua sɛnea wɔbɛtumi akasa na wɔakamfo sikasɛm mu nhyehyɛe ne tebea horow a ɛfata bere 
670,Aka_Gha,"Awofo, wɔn a wɔhwɛ wɔn, ne mpanyimfo afoforo betumi aboa mmabun wɔ ɔkwan bi sei: Nsɛm a ɛyɛ nokware ","Awofo, akyerɛkyerɛfo, ne wɔn a wɔhwɛ mmabun betumi aboa mmabun ma wɔayɛ nhwehwɛmu a ɛyɛ katee na wɔd"
673,Aka_Gha,Ɛsɛ sɛ mmabun hu abrabɔ pa ho nsusuwii bere a wɔde wɔn ho hyɛ nsɛm ho amanneɛbɔ mu nsɛm a ɛfa nna ne,Mmabun betumi ama wɔn nsɛm ho amanneɛbɔ ho nimdeɛ akɔ anim na wɔafa nsɛm ho amanneɛbɔ mu nsɛm a ɛyɛ 
675,Aka_Gha,Mmabun betumi afa akwahosan nhyehyɛe no mu akɔhwehwɛ nna ne awo akwahosan ho nhyehyɛe a ne bo nyɛ de,Ebia mmara anaa nhyehyeɛ bi wɔ hɔ a wɔde bɛhwɛ sɛ wɔbɛnya nna mu yareɛ nhwehwɛmu ne ayaresa a ne boɔ
678,Aka_Gha,Hokwan a nyinsɛn a woyi gu ho asɛm a wo ne nnamfo ne abusuafo bɛka ho asɛm no betumi ayɛ nea emu yɛ ,"Nkitahodi Ho Nimdeɛ: Sua sɛ wobɛda wo nsusuwii adi pefee na tie wo nnamfo, w’abusuafo, ne wɔn a wobe"
679,Aka_Gha,Aseten mu animtiaabu betumi ama ayɛ den sɛ wobenya nsɛm ne nnwuma: Nkitahodi a Wɔabue Mu: Kommyɛ ma ,Sɛ worekɔ nkɔmmɔbɔ a emu yɛ den anaa ntawatawa  wo ne w’atipɛnfo anaa ahokafo ntam wɔ nna mu akwaa a
690,Aka_Gha,Sɛ wopɛ sɛ wugyina nsusuwii a ntease wom ne w’ankasa gyinapɛn ahorow so ka wo gyinaesi ne wo hye (bo,"Nkitahodi a ɛda adi pefee na ɛyɛ nokware a wɔne awofoɔ di no boa mmabun ma wɔte wɔn gyinapɛn ahorow,"
691,Aka_Gha,"Awofo, ahwɛfo, ne mpanyimfo afoforo a wogye wɔn di betumi adi dwuma a ɛboa wɔ mmɔden a mmabun bɔ sɛ ","Awofo, wɔn a wɔhwɛ mmofra, akyerɛkyerɛfo, ne mpanyimfo afoforo a wogye wɔn di di dwuma titiriw wɔ mm"
692,Aka_Gha,Akuo anaa ahyehyɛdeɛ a asuafoɔ di anim bɛtumi adi dwuma titire wɔ adwenem apɔwmuden ho nimdeɛ a wɔbɛ,Nhwɛsoɔ a ɛfa nsɛm ho amanneɛbɔ ho nimdeɛ a atipɛnfoɔ di anim a ɛdi mu ne ɔsatuo a wɔn botaeɛ ne sɛ 
693,Aka_Gha,Sɛnea wobenya aduru a wɔnom na woanyinsɛn wɔ mmerɛ a ɛsɛ ntɛm mu: Nnurutɔnbea ahorow: Wobetumi anya ,"Wobetumi anya nyinsɛn ano aduru a egye ntɛmpɛ a wɔtɔn wɔ aduruyɛdan mu ne nea wɔkyerɛw ma wo, egyina"
696,Aka_Gha,Mmarima ne mmaa awoɛ nhyehyɛe no yɛ adwuma sɛ kuo de bɔ ɔkra foforo! Mmarima awoɔ nhyehyɛe no ma mma,"Ɛsɛ sɛ mmabun nya nna ne awo akwahosan ho nhyehyɛe ahorow, a nea ɛka ho ne: Nyinsɛn ano aduro (sɛ nh"
697,Aka_Gha,"Nsa, nnuro a ɛma nna (sedatives) ma woda, w'ani so tɔ wo, wowerɛ fi. Wuntumi nsi gyinaeɛ anaa wompen",Ahooden a wɔde di dwuma. Hunahuna. Wɔde wo di dwuma bere a w'ani so tɔ wo. Nhyɛsoɔ ne awerɛto  'Reve
698,Aka_Gha,"Mpene a wɔpene so kyerɛ kwan anaa pene a wɔde ma wɔ adeyɛ pɔtee bi ho, titiriw wɔ abusuabɔ ne nna mu","Tumi a ɛkɔ so, nhyɛso, nsakrae, ne nhyɛso betumi anya pene a wɔpene so so nsusuansoɔ kɛse denam tumi"
699,Aka_Gha,Ahokokwaw/tumi a wɔde nya adwuma/sika a wobenya. Mfiridwuma/soft/adwumayɛ ho nimdeɛ. Ɛma adwumayɛ gu,"Sikasɛm ho adwumayɛ kyerɛ nneɛma ne ano aduro ahorow a sikakorabea ahorow, boseabɔ akuo, ne sikasɛm "
701,Aka_Gha,Ɔbarima ne ɔbea nna ho nneyɛe a ahobammɔ wom te sɛ kɔndɔm a wɔde di dwuma ne nhwehwɛmu a wɔyɛ no daa,Mmara a ɛyɛ ahyɛde a ɛfa amanneɛbɔ ho di dwuma titiriw wɔ nna mu basabasayɛ ne wɔn a wɔde di dwuma ɔ
704,Aka_Gha,"Amammerɛ ne nyamesom akuw ahorow no nnye LGBTQ+ dwumadi ahorow ntom wɔ Ghana, nanso wɔn nkyerɛkyerɛ ","Mpɛn pii no, amammerɛ ne nyamesom mu nneɛma di dwuma titiriw wɔ ankorankoro gyinapɛn ne gyidie ahoro"
705,Aka_Gha,Ɛsɛ sɛ mmabun a wɔadi dɛm de wɔn ho hyɛ nna ne awo akwahosan ho nhyehyɛe ne nhyehyɛe ahorow a ɛhaw w,Mmabun betumi de wɔn ho ahyɛ  mpɔtam kuo  a wɔn botae ne sɛ wobedi nna ne awo akwahosan ho haw ahoro
707,Aka_Gha,Akwan a Wɔde Siw Nyinsɛn Ano Tu mpɔn: Ɛsono sɛnea akwan a wɔfa so siw nyinsɛn ano no tu mpɔn. Akwan ,"Amammerɛ ne  ɔsom mu gyinapɛn ahorow nya suban ne nneyɛe a ɛfa nna mu dwumadi, nyinsɛn a wosiw ano, "
710,Aka_Gha,Nneɛma a Wɔde Kɔma Wɔn: Ntrɛwmu a wɔde frɛ nkurɔfo ne telefon a wɔde boa wɔn betumi ama mmabun a wɔr,Mmabun betumi de wɔn ho ahyɛ  mpɔtam kuo  a wɔn botae ne sɛ wobedi nna ne awo akwahosan ho haw ahoro
711,Aka_Gha,"Awofo, wɔn a wɔhwɛ wɔn, ne mpanyimfo afoforo betumi aboa mmabun wɔ ɔkwan bi sei: Nsɛm a ɛyɛ nokware ","Akyerɛkyerɛfo, awofo, ne ahwɛfo betumi aboa mmabun ma wɔanya nsɛm ho amanneɛbɔ ho nimdeɛ wɔ akwan ah"
716,Aka_Gha,"Nneɛma ne mmoa dwumadie a ɛwɔ hɔ a ɛbɛboa mmabun ma wɔanya nsɛm, nhwehwɛmu, ayaresa, ne mmoa a wɔde ","Sɛ woyɛ nhwehwɛmu hu sɛ wowɔ STI anaa HIV a, ɛho bɛhia sɛ: Hwehwɛ ayaresa na wodi w’akwahosan ho ɔya"
718,Aka_Gha,"Yiw, mmoa ntam nkitahodi ne ahyehyɛde ahorow bi wɔ hɔ a wɔkyereɛ  akwannya ahorow a mmabun wɔ sɛ won","Yiw, ahyehyɛde ahorow ne mmoa nkitahodi ahorow wɔ hɔ a ɛbɛboa mmabun, a nea ɛka ho ne: Ayaresabea ah"
720,Aka_Gha,Mmabun a wɔadi dɛm betumi anya nna ne awo akwahosan ho nsɛm ne nnwuma a edi mu wɔ akwahosan ho nhyeh,Kwan a yɛfa so pere ma atentenenee: Ɔsatu a wɔde ma nkurɔfo hu: Mmabun betumi de abɛɛfo ntentan ne m
721,Aka_Gha,"Mmabun betumi akasa ama awo akwahosan ho nhyehyɛe a edi mu, a nyinsɛn a wotu gu ne nyinsɛn a woyi gu",Wɔwɔ hɔ ma mmabun a wɔhwɛ nyinsɛn a woyi gu akyi de di honam fam anaa atenka fam ahiade biara ho dwu
724,Aka_Gha,nea broni ka no 'Social media platform' ahorow de kokoam nhyehyɛe ahorow ma de hwɛ onii a obehu wo n,Mmabun betumi de nea broni ka no 'social media'  ne dijitaal akwan afoforo adi dwuma de ama wɔn nne 
728,Aka_Gha,Mmabun betumi aboa wɔn a wɔanya wɔn ti adidi mu wɔ nna mu ɔbrasɛe mu denam: Tema a Wɔde Ma: Atie a t,Wɔn a wɔanya wɔn ti adidi mu wɔ nna mu basabasayɛ mu no wɔ akwannya ne ahobammɔ a wɔde ma wɔn wɔ mma
729,Aka_Gha,Wobetumi: Wɔahyehyɛ asuafo akuw anaa aku de ama nkurɔfo ate ase na wɔakasa nna ho adesua a edi mũ ak,Wobetumi de nsɛm ho amanneɛbɔ ho adesua aka sukuu adesua nhyehyɛe ne mpɔtam hɔ nhyehyɛe ahorow ho de
730,Aka_Gha,Mmara kwan so nsusuwii ahorow a ɛfa dɛmdi ho no gu ahorow a egyina ɔman ne ɔmantam no so. Ɛho hia sɛ,Mpɔtam Nhyiamu/'Durbars': Kɔ mpɔtam hɔ nhyiamu na kasa fa hia a ɛho hia sɛ wɔsua mmabunbere ne nna m
731,Aka_Gha,"Aane, tebea horow bi betumi aba a mmabun hia awofo anaa ɔhwɛfo pene ma nna ne awo akwahosan ho nnwum","Wɔ mmeae pii no, mmabun betumi anya awo ho akwahosan ho nhyehyɛe a awofo mpene so anaasɛ wɔmfa wɔn h"
733,Aka_Gha,"Mmabun betumi anya asetena mu ahobanbɔ nhyehyɛe ahorow denam aban adwumayɛbea ahorow, mpɔtam ahyehyɛ",Mmabun betumi anya adwene a ɛne sɛ wobesua ade wɔ wɔn nkwa nna nyinaa mu na wɔakɔ so anya ahokokwaw 
734,Aka_Gha,Mmabun betumi ahu nna mu basabasayɛ ho sɛnkyerɛnne na wɔayɛ ho biribi denam nneɛma a wɔtaa de kyerɛ ,Mmabun betumi aboa atipɛnfo a ebia wɔrehyia nhyɛso anaa nhyɛso wɔ abusuabɔ mu denam atemmu a wɔde bɛ
736,Aka_Gha,Mmabun betumi akasa ama hokwan a wɔwɔ sɛ wɔpene so na wosi gyinae wɔ nna ne awo akwahosan ho nhyehyɛ,"Yiw, amammerɛ anaa nyamesom mu gyidi ahorow betumi anya adwene a nkurɔfo kura wɔ nna, nyinsɛn a wosi"
738,Aka_Gha,"Nkɔmmɔbɔ a Wobue Mu: Fi ase ne nnamfo bɔ nkɔmmɔ a ɛnyɛ aniberesɛm fa abusuabɔ pa, pene a wɔpene so, ",Di Nkitahodi: Wo ne afoforo nka wo nkate ne wo hye ho nkɔmmɔ pefee na fi nokwaredi mu. Obu: Bu afofo
739,Aka_Gha,Atipɛnfo atipɛnfo a wɔde wɔn ho hyɛ mu no fa mmabun a wɔboa wɔn ho wɔn ho na wɔkyerɛ wɔn ho wɔn ho k,Hu nnipa a wɔyɛ wɔn ho wɔn ho a ɛka bom: Ɛsɛ sɛ mmɔden a wɔbɔ sɛ wɔbɛkasa ama nhyehyɛe ahorow no hwɛ
740,Aka_Gha,Sukuu ahorow betumi adi animtiaabu a ɛfa adwenemyare ho no ho dwuma na wɔahyɛ nkɔmmɔbɔ a ɛda adi pef,"Nkitahodie a ɛda adi pefee na ɛyɛ nokware a ɛfa adwenemyare ho no ma wonya ntease, mmoa, ne gye a wo"
741,Aka_Gha,Wɔaka nnipa hokwan ahorow pii ama nnipa a wɔadi dɛm a ɛne asetena mu atɛntrenee akuo afoforo a ɔmanf,Mmara mu Ahobammɔ: Mmara bɔ ankorankoro a wɔadi dɛm ho ban fi nna mu ayayade ne ateetee ho. Mpɔtam b
744,Aka_Gha,"Wɔ nkate fam mmoa ne ɔhaw mu mmoa a wɔde wɔn ho hyɛ mu akyi no, ɔhaw ho mmoa telefon ahorow betumi d","Yiw, adwene mu apomoden dwummadie ho adwumayɛbea ahorow betumi adi nsɛm a ɛfa mmabun nna ne awoɔ apo"
746,Aka_Gha,"Mmabun wɔ mmara kwan so hokwan ne ahobammɔ a ɛfa awo akwahosan ho nhyehyɛe a wobenya ho, a ebia nea ",Mmara ne nhyehyeɛ a ɛfa ɔhokafoɔ amanneɛbɔ a ɛfa nna mu yarewa a yɛfrɛ no wɔ broɔfo kasa mu sɛ STI n
747,Aka_Gha,"Mmabun betumi ne mmara ho abenfo, nnipa hokwan ahyehyɛde ahorow, apomoden ho adwumayɛfo, akyerɛkyerɛ","Mmabun betumi ne nhyehyɛeyɛfo, mpɔtam hɔ akannifo, ne ahyehyɛde ahorow a wɔkamfo kyerɛ no ayɛ biako "
749,Aka_Gha,Hwehwɛ mpɔtam hɔ adwene mu apomoden kuo ahyehyɛdeɛ anaa mpɔtam hɔ mmeaeɛ a wɔde mmoa akuo anaa nhyia,"Atipɛnfo mmoa nkitahodi ahorow ma nkitahodi a ɛda adi pefee, osuahu ahorow a wɔkyɛ, ne wɔn ho wɔn ho"
751,Aka_Gha,Mmabun betumi ama wɔn nsɛm ho amanneɛbɔ ho nimdeɛ akɔ anim na wɔafa nsɛm ho amanneɛbɔ mu nsɛm a ɛyɛ ,"Mmabun betumi anya nneɛma ne nnwinnade ahorow a wɔde besua ankorankoro sikasɛm, sikakorabea akwan, n"
753,Aka_Gha,Amammerɛ mu gyinapɛn ne gyinapɛn ahorow gu ahorow wɔ mpɔtam ne aman ahorow mu esiane nneɛma te sɛ: A,"Mmabun betumi ahu na wɔakasa atia ɔmanfo gyinapɛn ahorow, suban ahorow, ne gyidi ahorow a ɛma nhyɛso"
754,Aka_Gha,"Yiw, asetra mu nneɛma bi betumi aka sɛnea akwan horow bi tu mpɔn: Nnuru a wɔde siw awo ano a ɛyera: ",Ahorow:Aduru a wɔde siw nyinsɛn ano putupuru (ECP): Ɛwɔ honam mu nkwammoa (hormones) a ɛsi nyinsɛn a
755,Aka_Gha,Ɛtaa ba sɛ wubenya ntawntawdi wɔ amammerɛ anaa nyamesom nkyerɛkyerɛ ne ankorankoro gyidi anaa osuahu,Pɛpɛɛpɛ! Wubetumi ne akwahosan ho ɔyaresafo akasa afa nyinsɛn ano aduru ho sɛ mpo wunnya nyɛɛ nna mu
763,Aka_Gha,"Yiw, asetra mu nneɛma bi betumi aka sɛnea akwan horow bi tu mpɔn: Nnuru a wɔde siw awo ano a ɛyera: ",Akwan a wɔfa so yɛ: Nnuru a wɔde siw nyinsɛn ano: Nnuru a wɔde siw nyinsɛn ano a wɔnom a nkwaadwom '
769,Aka_Gha,Sukuu ahorow di dwuma titiriw wɔ nna ne awo akwahosan ho nkyerɛkyerɛ ne nnwuma a wɔde ma mmabun mu d,Nna ho nkyerɛkyerɛ a ɛkɔ akyiri boa mmabun ma wɔsi gyinaeɛ a nimdeɛ wom wɔ wɔn nna mu apɔmuden ne su
771,Aka_Gha,Wɔde nnuru a wɔde siw nyinsɛn ano a wɔsan frɛ no awo ano aduru di dwuma de siw nyinsɛn ano. Nneɛma p,PrEP yɛ adwinnade biako pɛ wɔ ɔkwan a ɛkɔ akyiri a wɔfa so siw HIV ano mu. Kɔndɔm a wɔde di dwuma ne
777,Aka_Gha,"Atosɛm: Mmofra a w'adi dɛm ho yɛ na: Nokwasɛm: Mmofra a wɔadi dɛm abu so, na nnipa pii behyia dɛmdi ",Atorɔ adwene  anaa anansesɛm a wɔtaa nya wɔ mmara mu afã ahorow a ɛfa awo akwahosan ho nhyehyɛe a wɔ
781,Aka_Gha,"Adwene mu akwahosan ""mental health"" nya tumi a yɛtumi de yɛn ho hyɛ nna ne awo akwahosan ho nkyerɛky",Nna di dwuma titiriw wɔ adwennwen ano aduru ne adwene mu apɔwmuden nyinaa mu. Da a ɛnkɔ yie betumi a
784,Aka_Gha,Kwan a yɛfa so pere ma atentenenee: Ɔsatu a wɔde ma nkurɔfo hu: Mmabun betumi de abɛɛfo ntentan ne m,"Wobetumi de nkɔmmɔbɔ a ɛfa ahwɛfoɔ a wɔde wɔn ho hyɛ mu ho no ahyɛ nna ho nkyerɛkyerɛ a ɛkɔ akyiri, "
786,Aka_Gha,Nhomasua ne Nhumu: Nhomasua ne nhumu nhyehyɛe ahorow di dwuma titiri wɔ asiane ahorow a ɛwɔ aware a ,"Mmabun betumi akamfo nhyehyɛe ahorow a ɛfa nhyɛso""coercion"" ho, ahyɛ pene a wɔkyerɛkyerɛ ho nkuran, "
787,Aka_Gha,Amammerɛ mu gyinapɛn ahorow a ɛfa ɔbarima ne ɔbea dwumadi ne nna ho betumi aka SRH ho nsɛm ne nnwuma,Amammerɛ mu gyinapɛn ahorow nya suban ne nneyɛe a ɛfa nna ne awo akwahosan ho so nkɛntɛnso kɛse wɔ m
798,Aka_Gha,Mmabun betumi de nea broni ka no 'social media'  ne dijitaal akwan afoforo adi dwuma de ama wɔn nne ,Mmabun betumi de nsɛm ama anaasɛ wɔde wɔn suahu akyerɛ wɔ intanɛt so ɔhaw ahorow a wɔde wɔn ho hyɛ m
799,Aka_Gha,Nkɔmmɔbɔ di akwanside ahorow a mmabun akuo a wɔato wɔn sintidua hyia no ho dwuma denam nneɛma a wɔde,Mmabun betumi de wɔn ho ahyɛ nhyehyɛe a wɔkamfo kyerɛ mu denam sikasɛm mu pɛyɛ a enni hɔ ho nimdeɛ a
802,Aka_Gha,Nyinsɛn a wosiw ano ntɛm ara yɛ ɔkwan a wɔfa so siw nyinsɛn ano bere a wɔne wɔn ho da a wɔammɔ wɔn h,Hokwan a mmabun wɔ sɛ woyi nyinsɛn gu no kyerɛ sɛ wobetumi apaw nneɛma a ɛfata wɔ wɔn awo akwahosan 
803,Aka_Gha,"Mmabun betumi de ahye a ɛfata asi hɔ na wɔakura mu denam wɔn ankasa ahiade, nkate, ne anohyeto ahoro",Ahye yɛ akwan ahorow a wode si hɔ na ama woate nka sɛ wowɔ ahobammɔ na wobu wo. Eyinom betumi ayɛ ho
804,Aka_Gha,"Amammerɛ mu Nsunsuanso 'Cultural Impact': Bɔbeasu mu gyinapɛn ""Gender norms"": Amammerɛ mu gyinapɛn a",Sɛ wobɛhwɛ ɔbarima ne ɔbea nna so no kyerɛ sɛ wubehu akwan horow a ɔbarima ne ɔbea nna nya ankoranko
807,Aka_Gha,Ahyehyɛde ahorow a ɛwɔ mpɔtam hɔ de abɛɛfo mfiridwuma nea broni ka no 'technology'  ne 'sohyial medi,Nsɛnnennen anaa asiane ahorow bi a ɛtaa ba a ɛbata dijitaal akwan a wɔde di dwuma de nya nna ne awo 
808,Aka_Gha,"Yiw, mmabun betumi anya nna ne awo ho akwahosan ho nhyehyɛe a wonni insurance anaa sika. Ayaresabea ",Mmabun a wonni akwahosan ho a broni ka no 'insurance' no wɔ akwan pii a wɔbɛfa so anya nna ne awo ak
810,Aka_Gha,Mmabun betumi ne ankorankoro ne ɔmanfo ahyehyɛde ahorow adi nkitaho de akamfo wɔn sikasɛm mu hokwan ,Nkitahodi a wɔne ankorankoro adwumayɛkuo ne ɔmanfo ahyehyɛde ahorow bɛyɛ no betumi adi nsonsonoe a ɛ
815,Aka_Gha,Nkitahodi a Wɔabue Mu: Fi ase bɔ nkɔmmɔ a emu da hɔ na ɛkyerɛ obu fa abrabɔ pa ho nsɛmti te sɛ pene ,"Fa ""Me"" nsɛm di dwuma: Fa nsɛmfua te sɛ ""Mete nka sɛ m'ani nngye..."" anaa ""Memmpɛ sɛ meyɛ..."" Da wo "
816,Aka_Gha,Ɛyɛ ade a ɛfata sɛ wobɛte nka sɛ wo ho nyɛ wo dɛ anaasɛ woayɛ basaa bere a worebɔ nkɔmmɔ a ɛfa nsɛmt,"Ntawntawdi yɛ adebɔ mu ade wɔ abusuabɔ biara mu, nanso ɛho hia sɛ wosiesie adwene a enhyia wɔ ɔkwan "
821,Aka_Gha,Sɛnea wɔbɛhyɛ nna ne awoɔ apɔwmuden ho nhyehyɛe a ɛka obiara ho nkuran ni: Nneɛma a wobetumi anya: H,Mmabun a wɔadi dɛm betumi anya nna ne awo akwahosan ho nsɛm ne nnwuma a edi mu wɔ akwahosan ho nhyeh
823,Aka_Gha,Wowɔ hokwan sɛ wode kokoamsɛm sie bere a worebɔ bɔbea mu basabasayɔ (GBV) ho amanneɛ no. Hotlines ne,yɛ nhyehyɛe ma ɔsatu ahorow a wɔde ko tia bɔbea mu basabasayɔ (GBV) wɔ wo sukuu mu de kamfo nsakrae 
826,Aka_Gha,Mmara kwan so nkyerɛase ne nea ɛkyerɛ wɔ nna mu basabasayɛ ho no gu ahorow wɔ tumidi ahorow mu nanso,Mmara a ɛfa GBV ho no gu ahorow wɔ mmeae ahorow. Nea enti a ɛho hia ni: Hokwan ahorow a Wobɛhu: Mmar
827,Aka_Gha,Nyarewa a wonya fi nna mu (STI): Eyinom yɛ nyarewa a ɛnam nna mu nkitahodi so fi onipa biako so kɔ f,"STI, anaa nyarewa a wonya fi nna mu yɛ nyarewa a ɛnam nna mu nkitahodi so titiriw, a ɔbarima ne ɔbea"
835,Aka_Gha,Apɔmuden nhyehyɛeɛ betumi ahyɛ nkitahodiɛ a ɛda nna ne awoɔ mu apɔmuden dwumadie ne apɔmuden dwumadi,Mmabun betumi anya intanɛt so nea aborɔfo ka no 'crisis intervention' ho nnwuma a ɛfa nna ne awo akw
837,Aka_Gha,"Mmeranteɛ ne mmabaawa bɛtumi afa akwan ahodoɔ so atia amuo ne nyiyim wɔ wɔn mpɔtam, na wɔagyina ama ","Adwene a ɛnteɛ anaa anansesɛm a wɔtaa nya wɔ nna mu basabasayɛ ho no ma suban a epira, asodi a wɔde "
838,Aka_Gha,Wubetumi de nsɛm anaa nyansahyɛ ahorow ama wɔ akwahosan ho mmeae a ɛfata mmabun a wobɛma atu mpɔn wɔ,Wobetumi de nsɛm ama akwahosan ho adwumayɛbea bi de aboa wɔn ma wɔatu mpɔn wɔ wɔn nnwuma a ɛfata mma
839,Aka_Gha,"Sɛ wonya  ahokokwaw a wode bɛda w’ahiade, nea wopɛ, ne w’ahye adi wɔ ahotoso mu wɔ asetra mu tebea h",Nneyɛe pa a wɔde hwɛ sɛnea atipɛnfo mmoa nkitahodi ahorow no tu mpɔn ne nkɛntɛnso a ɛwɔ so no bi ne:
843,Aka_Gha,"Aban ahorow, NGO ahorow, ne mpɔtam ahyehyɛde ahorow di dwuma titiriw wɔ nhomasua ne adwumayɛ ho ntet",Mmabun betumi akamfo nna ne awo akwahosan ho nkyerɛkyerɛ ne nnwuma a ɛfa amammerɛ ho denam: Nhyehyɛe
844,Aka_Gha,Mmabun betumi anya ahokokwaw ahorow pii afi mmabun adwumayɛ nhyehyɛe ne adwumayɛ ho ntetee a wɔde wɔ,Mmabun betumi asiesie wɔn ho ama nkonimdi wɔ mmabun adwumayɛ nhyehyɛe ne adwumayɛ mu ntetee mu denam
847,Aka_Gha,Akwahosan ho adwumayɛfo di dwuma titiriw wɔ nnwuma a wɔaka abom a wɔde ma mmabun no mu. Wɔn asɛde ne,Akwahosan ho adwumayɛfo di dwuma titiriw wɔ hokwan a mmabun wɔ sɛ wɔpene so na wosi gyinae no mu den
848,Aka_Gha,Nkɔmmɔbɔ di akwanside ahorow a mmabun akuo a wɔato wɔn sintidua hyia no ho dwuma denam nneɛma a wɔde,"Amanaman ntam akwan a wɔfa so hwɛ nnipa hokwan ahorow so na wɔbɔ ho amanneɛ, te sɛ apam ahyehyɛde ah"
851,Aka_Gha,Nsɛm ho amanneɛbɔ ho nimdeɛ nea broni ka no 'media literacy' ma mmabun nya ahokokwaw a wɔde begye ns,Wobetumi de digyital akenkan ne akyerɛw ne nsɛm ho amanneɛbɔ (abɛɛfo ntentanfidie) ho nimdeɛ aka ASR
854,Aka_Gha,"Mpɛn pii no, akwahosan ho adwumayɛbea ahorow a ɛyɛ mmerante ne mmabaa de nnwuma ahorow a wɔayɛ ama m",Akwahosan ho adwumayɛfoɔ bɛtumi afa amammerɛ ahodoɔ mu de nna ne awo akwahosan (SRH) ho dwumadie a ɛ
856,Aka_Gha,"Yiw, aman pii wɔ mmara anaa nhyehyɛe ahorow a ɛbɔ hokwan a mmabun wɔ sɛ wɔpene so na wosi gyinae wɔ ","Yiw, mmara anaa nhyehyɛe ahorow bi wɔ hɔ a ɛbɔ akwannya a wowɔ sɛ wubenya nna ne awo akwaahosan ho n"
857,Aka_Gha,"Mmabun betumi de akwan te sɛ nea ɛda adi pefee, nea wɔhwɛ so, ne amanneɛbɔ adi dwuma de ama ankorank",Mmabun betumi akamfo sikasɛm nketewa dwumadie ne nhyehyɛeɛ mu nsakraeɛ a wɔbɛnya no yie denam: Nhumu
860,Aka_Gha,Nneɛma pii ka sɛnea mmabun hu na wɔte nka wɔ nsakraeɛ a ɛkɔ so wɔ wɔn nipadua ne afoforo nipadua mu ,"Nneyɛe a adwen da ho a wɔde tew nneɛma ne brɛ adwennwen ase na ɛma obi nya ahomegye, na ɛno betumi a"
861,Aka_Gha,"Yiw, mmoa ntam nkitahodi ne ahyehyɛde ahorow bi wɔ hɔ a wɔkyereɛ  akwannya ahorow a mmabun wɔ sɛ won","Yiw, ahyehyɛde ahorow ne mmoa nkitahodi ahorow wɔ hɔ a ɛbɛboa mmabun, a nea ɛka ho ne: Ayaresabea ah"
862,Aka_Gha,Ɛnyɛ nea wɔhwehwɛ sɛ akwahosan ho adwumayɛfo de nna mu nyarewa (STI) nhwehwɛmu ne ayaresa ho nnwuma ,"Yiw, akwahosan ho adwumayɛfo betumi agye amammerɛ anaa nyamesom mu nneyɛe pɔtee bi atom bere a wɔrey"
863,Aka_Gha,Atorɔ adwene anaa anansesɛm a wɔtaa nya fa bɔbea wo sesa no fi ɔbaa anaa ɔbarima kɔ ɔbarima anaa ɔba,"Woayɛ no yie, nsɛnnennen betumi aba: Bere a Wɔde Ma: Kari pɛ wɔ bɔbea mu basabasayɔ (GBV) dwumadi ah"
865,Aka_Gha,Dwumadie a εfa Nkɔmmɔbɔ Ho: Mpɔtam hɔ mmoa ntam nkitahodiɛ bɛtumi de ayɔnkofa nhyehyeε adi dwuma de ,Mmabun Ahyehyɛde kuo ahorow: Ahyehyɛde kuo ahorow te sɛ YMCA anaa Mmarimaa ne Mmabaa Kuw taa de mmer
867,Aka_Gha,Nnwumakuo ne nneɛma bi wɔ hɔ a ɛbɛboa mmabun ma wɔate wɔn hokwan ne ahobanbɔ ase sɛ wɔn a wɔde wɔn h,"Yiw, intanɛt so nneɛma bi wɔ hɔ a nea ɛka ho ne: Wɛbsaet ne blog ahorow a ɛde nsɛm, akwankyerɛ, ne w"
868,Aka_Gha,"Wɔyɛ ɔkasa ahorow fa kɔndɔm a wɔde di dwuma, sɛnea STI/HIV trɛw, ahobammɔ a wɔbɛtra, ne abusuabɔ a a",Wo ne w'abusua ne nnamfofoɔ kasa. ebetumi ayɛ den. Mmoa a ɛbɛtumi aboa wo no bi nie: Mmoa Akuo: Wo n
869,Aka_Gha,Mmabun betumi ahwehwɛ nkɔmmɔbɔ a ɛfa nna ne awo akwahosan ho wɔ nyamesom tebea horow mu denam nkɔmmɔ,Amammerɛ ne Nyamesom Nkɛntɛnso: Ebia amammerɛ anaa nyamesom mu gyidi pɔtee bi wɔ hɔ a ɛma nkorɔfɔ ku
871,Aka_Gha,W'ankasa nya fapem : Yɛ pintinn wɔ wo gyidi ne gyinapɛn ahorow a wobɛda no adi wɔ nkɔmmɔbɔ mu no mu.,Wubetumi de ahokeka a ɛfa asɛm a wɔka sie ho adi dwuma wɔ asetena mu tebea horow ankasa mu denam teb
873,Aka_Gha,Ebia mmara anaa nhyehyeɛ bi wɔ hɔ a wɔde bɛhwɛ sɛ wɔbɛnya nna mu yareɛ nhwehwɛmu ne ayaresa a ne boɔ,Mmeae pii wɔ hɔ a wobɛtumi ayɛ nhwehwɛmu wɔ STI ho wɔ Ghana: Ayaresabea: Aban ayaresabea ne ayaresab
875,Aka_Gha,Amammerɛ mu nneyɛe anaa atetesɛm a ebetumi aka mmabun nna ne awoɔ apomoden mu nsunsuanso no bi ne: A,"Mpɛn pii no, ɔhaw ne nhyɛso sɔre wɔ amammerɛ mu atetesɛm ne nnɛyi gyinapɛn ahorow a ɛfa nna ne awoɔ "
878,Aka_Gha,Mmabun a wɔnyem nya ɔhwɛ ahorow ahorow a wɔde hwɛ wɔn ansa na wɔawo a wɔn botae ne sɛ wɔbɛboa wɔn ap,Mmeae a ahobammɔ wom yɛ mmeae a nyiyimu anaa atemmu biara nni mu. Wɔho hia kɛse ma mmabun a wɔadi dɛ
883,Aka_Gha,"Akwanside ahorow a ɛtaa siw nkitahodi a etu mpɔn a ɛfa nna ne awo akwahosan ho no bi ne animtiaabu, ",Fa nsɛm a ɛkyerɛ sɛ woka wo ho so dua anaa nsɛmfua pa a wode ka wo ho di dwuma na ama wo ho a wobu n
884,Aka_Gha,"Sɛ wɔyɛ nhwehwɛmu hu sɛ ɔwɔ nna mu yareɛ a, ebetumi ayɛ hu na ama wate aniwu anaa wɔatew ne ho. Ɛho ",Ebia mmara anaa nhyehyeɛ bi wɔ hɔ a wɔde bɛhwɛ sɛ wɔbɛnya nna mu yareɛ nhwehwɛmu ne ayaresa a ne boɔ
885,Aka_Gha,Mmabun betumi akasa ama hokwan a wɔwɔ sɛ wɔpene so na wosi gyinae wɔ nna ne awo akwahosan ho nhyehyɛ,"Fa nkyerɛkyerɛ ma wɔ nna ne awo akwahosan hokwan ahorow ho, a nsɛm a ɛfa mmra, nhyehyɛe, ne amanaman"
887,Aka_Gha,"Nya Ahoɔden a Wobɛtumi Agyina Ano: Nya ahokokwaw a ɛbɛma woatumi agyina ano, te sɛ adwene a wɔde si ","Nneyɛe a adwen da ho a wɔde tew nneɛma ne brɛ adwennwen ase na ɛma obi nya ahomegye, na ɛno betumi a"
888,Aka_Gha,"Wo ""dabi"" no dɔɔso: Womfa nkyerɛkyerɛmu biara ka obiara. Fa ɛnne a emu yɛ den ne nipadua kasa di dwu","Wubetumi de me ahyɛ mu wɔ nsɛm a wubebisa, wo suahu ahorow a wobɛka, ne nsɛm a ɛhaw wo anaa dadwen b"
890,Aka_Gha,Mmabun betumi de wɔn ho ahyɛ amanaman  nna ne awo akwaahosan (ASRH) ntam nhyehyɛe ne nhyehyɛe ahorow,"Sukuu ahorow betumi ama asɛnka agua ama nhyehyɛe ahorow a atipɛnfo di anim denam baabi, nneɛma, ne m"
892,Aka_Gha,Nsɛm ho amanneɛbɔ akenkan ne akyerɛw nhyehyɛe a ɛwɔ sukuu ahorow mu no nam dwumadi ahorow so hyɛ asu,Adeɛ bi a wɔ frɛ no wɔ borɔfo kasa mu sɛ (digital citizenship) kyerɛ sɛ nipa bɛfa ɔkwan a ɛfata na ɛ
895,Aka_Gha,"Mɛpɛ sɛ w’ankasa wo ho nsɛm, a nna mu akwahosan ho nsɛm anaa osuahu ahorow ka ho, bɛka abusua no mu.",Wubetumi afi nkɔmmɔbɔ no ase denam bere ne beae a ɛfata a wobɛpaw a wobɛte nka sɛ wo ho tɔ wo na wow
896,Aka_Gha,"Amammerɛ mu gyinapɛn ahorow, gyinapɛn ahorow, ne gyidi ahorow boa ma nsonsonoe ba nna ne awo akwahos","Akwaahosan ho adwumayɛfoɔ di amammerɛ mu nsonsonoeɛ ho dwuma wɔ : Ɔkwan a ɛfa amammerɛ ho a wɔfa so,"
900,Aka_Gha,Intanɛt so ɔhaw ahorow a wɔde wɔn ho hyɛ mu ho adwumayɛbea ahorow taa boa kasa ahorow pii de hwɛ hu ,Mmabun betumi ahwɛ ahu sɛ wobenya nhomasua ne adwumayɛ ho ntetee hokwan ahorow a ɛyɛ pɛ a wɔn asetra
901,Aka_Gha,Nkitahodie di dwuma titiriw wɔ abusuabɔ a ahobammɔ ne apɔwmuden wom a wɔbɛkɔ so akura mu denam: Ahok,Ɛho hia sɛ mmabun nya nna ne awo akwahosan ho nsɛm a ɛyɛ nokware efisɛ: Ɛma wɔn tumi ma wosisi gyina
904,Aka_Gha,"Hwehwɛ mpɔtam hɔ adwenemyareɛ ahyehyɛdeɛ, mpɔtam hɔ mmeaeɛ, anaa ayaresabea a wɔde mmoa akuo anaa nh","Aane, mmoa akuw ne afotu adwumayɛbea ahorow wɔ hɔ a ɛbɛboa mmabun ma wɔagyina nkate ne adwene mu afã"
905,Aka_Gha,"Yiw, ɛyɛ ade a ɛfata koraa sɛ wobɛte nka sɛ w’adwene atu afra anaasɛ wo ne w’akasakasa wɔ wo nna mu ",Nsɛnkyerɛnne: Nsɛnkyerɛnne no betumi ayɛ soronko na ebi nso worenhu koraa. Hwehwɛ nsɛnkyerɛnne te sɛ
911,Aka_Gha,"Wo ne ɔpanin anaa ɔfotufo bi a wowɔ ne mu gyedie nka w'atenka ho asɛm. Sua nimdeɛ a ɛfa mmabunyɛ ho,",Mmarima ne mmea awo nhyehyɛe wɔ nhyehyɛe ne dwumadi ahorow: Mmarima Awoɔ Ho Akwaa: Ɛbi ne hwowa (tes
917,Aka_Gha,Wɔbɛkyerɛkyerɛ wɔn ho asetena mu nsɛm ho na wɔde digital akwan a wɔde bedi dwuma de ama nkurɔfo ate ,"Ma Nhumu: Trɛw nhumu mu wɔ intanɛt so ahobammɔ ho nsɛm mu wɔ atipɛnfo, akyerɛkyerɛfo, ne awofo mu. A"
920,Aka_Gha,"Confidentiality Rights: HIPAA Laws: Sɛ wokɔ United States a, mmara bi yɛfrɛ no Health Insurance Port",Sɛnea ɛbɛyɛ ɔhwɛ a wonya no nyinsɛnyigu akyi no bɛyɛ kokoamsɛm no: Fa Ɔhwɛfo a Wogye No Di: fa ɔyare
921,Aka_Gha,"Nneɛma a ɛwɔ hɔ ma mmabun ne: Intanɛt so nsɛmma nhoma ne wɛbsaet ahorow a ɛde nsɛm a ɛyɛ nokware, a ","Nneɛma a ɛwɔ hɔ ma mmabun a wɔanya nna mu basabasayɛ no bi ne afotu adwumayɛbea, ahomatrofo a wɔde f"
922,Aka_Gha,"Amammerɛ mu Nneyɛe: Mfitiase Aware: Wɔ amammerɛ ahorow bi mu no, aware ntɛm abu so, na ɛma mmabun ny","Mpɛn pii no, mpɔtam hɔfo nya nneɛma ne mmoa adwuma a ɛwɔ hɔ a ɛbɛboa mmabun ma wɔafa amammerɛ akwans"
923,Aka_Gha,Mmabun betumi de wɔn ho ahyɛ nhyehyɛe a wɔkamfo kyerɛ mu denam sikasɛm mu pɛyɛ a enni hɔ ho nimdeɛ a,Mmabun betumi afiri aseɛ anaa wɔade wɔn ho ahyɛ atipɛnfo afotu nhyehyɛeɛ ahorow a emu botaeɛ ne sika
926,Aka_Gha,"Yiw, mpɔtam hɔfo nea broni ka no 'community outreach' ne nhomasua adwumayɛbea ahorow pii ma mmabun a","Sɛ wote nka sɛ wo ho nyɛ wo dɛ anaasɛ w’ani nnye wo fotufo anaa wo ɔyaresafo ho a, ɛho hia sɛ wuda w"
927,Aka_Gha,"Mpɔtam hɔ amammerɛ ne gyinapɛn ahorow kyerɛ suban ne nneyɛe a ɛfa nna, abusuabɔ, ne awo akwahosan ho",Social media nkɛntɛnsofoɔ nya nkɛntɛnsoɔ kɛseɛ wɔ mmabun adwene ne wɔn nneyɛeɛ a ɛfa nna mu apɔwmude
930,Aka_Gha,Mmabun betumi de wɔn ho ahyɛ nkitahodi ne nsɛm a wɔka de gyina amammerɛ mu denam: Ahotoso ne abusuab,Mmabun betumi de wɔn ho ahyɛ awo ntoatoaso nkɔmmɔbɔ ne nnwuma a mpɔtam hɔfo di anim mu de ahyɛ nkɔmm
931,Aka_Gha,Amammerɛ mu nimdeɛ nya nkɛntɛnso nna ne awo akwahosan ho nsɛm a wɔhwehwɛ na wɔsa wɔ mmabun mu denam:,Sɛnea ɛbɛyɛ na wɔahwɛ sɛ nsɛm a wohyia wɔ dijitaal nsɛm ho amanneɛbɔ fibea ahorow a ɛfa nna ne awo a
933,Aka_Gha,"Ɔkwan a egyina hokwan ahorow so gye tom sɛ asetra, sikasɛm, ne nneɛma a atwa yɛn ho ahyia a ɛtrɛw, a","Asetena ne sikasɛm mu nneɛma te sɛ ohia, adwuma a wonnya nyɛ, ne nhomasua a wonnya betumi asiw mmabu"
935,Aka_Gha,"Obu ne ahotoso a wɔde ma wɔn ho wɔn ho yɛ nneɛma a ɛho hia wɔ abusuabɔ pa mu, na mmabun betumi anya ","Yiw, mmabun betumi anya nsɛm a ɛfa sɛnea wobesiw nna mu yareɛ (STI) ano ho bere a wɔrekɔ STI nhwehwɛ"
936,Aka_Gha,"Ebia ɛka bi wɔ hɔ a ɛbata STI nhwehwɛmu ne ayaresa ho, nanso apɔmuden ho adwumayɛfo ne ayaresabea ah","Yiw, nhyiam horow ne abɛɛfo ntentan ahorow pɔtee bi wɔ hɔ a wɔatu wɔn ho ama sɛ wɔde intanɛt so ahok"
940,Aka_Gha,"Nkitahodi yɛ ade titiriw wɔ abusuabɔ biara mu, titiriw bere a ɛfa nna ho no. Sɛ wo ne wo hokafo ka w","Nkitahodi a Wobue Mu: Ka w'atenka, w’ahiade, ne w’akɔnnɔ ahorow ho nsɛm pefee na ka nokware. Tie wo "
944,Aka_Gha,Nhwɛso ahorow bi ne: Ɔbarima ne ɔbea nna ne awoɔ apɔwmuden ho nkyerɛkyerɛ nhyehyɛe ahorow a ɛfa ɔbar,Nneyɛe pa a ɛwɔ nna ne awoɔ apɔwmuden ho dwumadie a ɛfa mmubuafoɔ ho a wɔde ma mmabun no bi ne apɔwm
945,Aka_Gha,Ɔkwan a wɔ fa so nyinsɛn (Fertilization) yɛ bere a mmadwoa nkwammoaa bi hyia na ɛne nkesua nkwammoaa,Hokwan a mmabun wɔ sɛ woyi nyinsɛn gu no kyerɛ sɛ wobetumi apaw nneɛma a ɛfata wɔ wɔn awo akwahosan 
949,Aka_Gha,"Ɛyɛ den sɛ wubegyina ano: Sɛ w’ankasa worepere sɛ wubedi adwennwen, dadwen, anaa nkate bɔne ho dwuma",Mpɛn dodow no ara a wobɛte nka sɛ obi ayɛ basaa anaa anidaso biara nni mu: Eyi betumi ayɛ adwenemhaw
951,Aka_Gha,Mmabun betumi de wɔn ho ahyɛ wim tebea ho adeyɛ nhyehyɛe ahorow a wɔn botae ne sɛ wɔbɛbɔ wɔn SRH hok,Atipɛnfoɔ mmoa nkitahodiɛ ne mpɔtam hɔ ahyehyɛdeɛ di dwuma titire wɔ amammerɛ mu nkateɛ ne nnipa nyi
956,Aka_Gha,"Nhyɛso nhyehyɛe ahorow a ɛtwam te sɛ mmusua mu nyiyim, ɔbarima ne ɔbea nna mu nyiyim, kuw mu nyiyim,","Animtiaabu ne ɔbarima ne ɔbea nna ho tan, mmarima a wɔne wɔn ho da ho tan, transphobia, ne mmusua mu"
960,Aka_Gha,"Bisa nsɛm ne fibea ahorow no yiye, susuw ahotoso, animhwɛ, ne ahotoso ho. Hwehwɛ adwene ahorow ne ns","Sɛ woresusuw nsɛmti a ɛyɛ mmerɛw a ɛfa nna anaa awo akwahosan ho ho asɛm a, ɛho hia sɛ wususuw amamm"
962,Aka_Gha,Mmabun a wohyia anaa wɔwɔ abusuabɔ bɔne mu no betumi anya nneɛma ahorow ne mmoa adwuma ahorow. Ebia ,Nneɛma a ɛwɔ hɔ ma mmabun a wɔadi dɛm a wohyia nna mu basabasayɛ anaa ayayade no bi ne telefon a wɔd
966,Aka_Gha,Mmabun betumi de wɔn ho ahyɛ  mpɔtam kuo  a wɔn botae ne sɛ wobedi nna ne awo akwahosan ho haw ahoro,Mfaso a ɛwɔ botae ahorow a emu da hɔ na ɛyɛ pɔtee a wɔde besisi wɔn ani so bere a wohyia atipɛnfo nh
978,Aka_Gha,Mmabun betumi de akwan horow pii adi dwuma de ne atipɛnfo adi nkitaho yiye afa nsɛm ho amanneɛbɔ nkɛ,"Nsɛm ho amanneɛbɔ ho nimdeɛ di dwuma titiriw wɔ nna a ahoɔden wom, nipadua ho mfoni pa, ne abusuabɔ "
981,Aka_Gha,Nsɛm ho amanneɛbɔ ho nimdeɛ betumi aboa mmabun ma wɔako atia nipadua mfonini nkrasɛm a enye na wɔany,"Mmabun betumi akasa atia nsusuwii ne gyidi bɔne a ɛfa wɔn nipadua ho wɔ wɔn ho a wɔde bedi dwuma, ns"
982,Aka_Gha,"Wobetumi de mfiridwuma nea broni ka no 'innovative technologies' ne akwan foforo, te sɛ akwahosan ay","Wobetumi de mfiridwuma adi dwuma de ama mmabun de wɔn ho ahyɛ ASRH nhyehyɛe ahorow no nhyehyɛe, ne d"
985,Aka_Gha,"Mmusua, mpɔtam, ne amammerɛ ahyehyɛde ahorow di dwuma titiriw wɔ mmabun suban ne wɔn nneyɛe a wɔhyeh","Amanaman ntam akwan a wɔfa so hwɛ nnipa hokwan ahorow so na wɔbɔ ho amanneɛ, te sɛ apam ahyehyɛde ah"
986,Aka_Gha,Mpene da so ara ho hia wɔ tebea horow a ɛfa nsa ne nnubɔne a wɔde di dwuma ho mu. Asabow mma hia a e,"Sɛ mmabun ne afoforo redi nkitaho wɔ Intanɛt so, titiriw wɔ nkɔmmɔbɔ a ɛfa nna mu akwahosan ho mu a,"
994,Aka_Gha,Mmabun wɔ akwannya pɔtee bi a ɛfa pene ne kokoamsɛm ho bere a wɔrehwehwɛ akwahosan ho nnwuma a ɛfa n,"Yiw, mpɛn pii no, nna anaa bere nhyehyɛe bi wɔ hɔ a ɛsɛ sɛ mmabun hu bere a wɔrebisa sika fam mmoa d"
999,Aka_Gha,"Amammerɛ ne nyamesom nkyi nsɛm taa kyerɛ sɛdeɛ yɛbu nna ne awoɔ ho apɔmuden, yɛn suban, ne yɛn nneyɛ","Mpɔtam akannifoɔ, ahyehyɛdeɛ, ne asoɛeɛ di dwuma titire wɔ sɛnea ɛbɛma mmabun nkitahodiɛ a nteaseɛ w"
1002,Aka_Gha,Mmabun betumi ahwɛ mfe a wɔn hokafo adi denam bisa a wɔbɛsrɛ sɛ wɔmma no krataa a ɛkyerɛ sɛ obi te s,Mmara ne nhyehyɛe ahorow wɔ hɔ a wɔde bedi ayayade ho dwuma wɔ sukuu ne mpɔtam hɔ. Saa mmara yi gu a
1003,Aka_Gha,Wobetumi ama akwahosan nhyehyɛe ahorow atu mpɔn na ama wɔadi mmabun nna ne awo akwahosan (SRH) ahiad,Mmabun betumi akamfo amammerɛ mu ɔhwɛ a ɛfata wɔ akwahosan ho nhyehyɛe ahorow mu denam hia a amammer
1005,Aka_Gha,Sukuu ne nwomasua asoɛeɛ di dwuma titiriw wɔ nna ne awoɔ akwahosan ho nkyerɛkyerɛ a ɛkɔ akyiri a wɔh,Mmabun betumi akamfo nhyehyɛe ne nneyɛe a ɛhyɛ abrabɔ pa wɔ intanɛt so nneyɛe ho nkuran na ɛbɔ hokwa
1006,Aka_Gha,Nneɛma bi a wɔde bɛyɛ intanɛt so nkyerɛkyerɛ anaa ɔyɛkyerɛ a ɛfa nnuru a wɔde siw nyinsɛn ano a wɔde,Nyinsɛn a wosiw ano ho nnuro hia na ama wɔasiw nyinsɛn a wɔanhyɛ da ano denam; ankorankoro a wɔbɛma 
1007,Aka_Gha,"Ɛho hia sɛ wokae sɛ bere a atipɛnfo a wɔwɔ adwempa betumi de nhumu a ɛsom bo ama wo, ɛsɛ sɛ w’ankasa","Hu sɛ wosom bo: Si w’ahoɔden, wo su ahorow, ne nea woatumi ayɛ so dua, na hyɛ wo ho mfonini pa ne wo"
1010,Aka_Gha,Hyɛ nkɔmmɔ a emu da Ho nkuran: Awofo betumi ama tebea bi a mmabun te nka sɛ wɔwɔ ahobammɔ bere a wɔr,"Afotubɔfoɔ betumi ayɛ nhwɛso pa ama mmabun denam nneyɛe pa, nkitahodi ho nimdeɛ, ne akwan a wɔfa so "
1013,Aka_Gha,"Awofo, ahwɛfo ne akyerɛkyerɛfo di dwuma titiriw wɔ atetesɛm mu mmarima ne mmea dwumadi ne akwanhwɛ a",Sukuu ne mpɔtam betumi: Wɔde nhyehyɛɛ a ɛma kwan a ɛyɛ pɛ ma mmarima ne mmea nyinaa ne akwan a wɔfa 
1015,Aka_Gha,Amammerɛ ne nyamesom mu gyinapɛn ahorow a ɛfa ɔbarima ne ɔbea dwumadi ne abusuabɔ ho betumi anya mma,Akyidi ne ɔhwɛ akyi no hwehwɛ sɛ wɔkɔ so de mmoa ne nea wɔde ma mmabun bere a wɔanya ɔhaw mu mmoa wɔ
1016,Aka_Gha,Akwan ahorow a wɔfa so siw nyinsɛn ano no wɔ nsunsuanso bɔne ne asiane ahorow a ebetumi afi mu aba. ,Akwan a Wɔde Siw Nyinsɛn Ano Tu mpɔn: Ɛsono sɛnea akwan a wɔfa so siw nyinsɛn ano no tu mpɔn. Akwan 
1017,Aka_Gha,Ntetee no betumi ayɛ: Ɔbarima ne ɔbea nna ne awo akwahosan ho nkyerɛkyerɛ a edi mu na ama wɔanya nim,"Sukuu ahorow betumi ama asɛnka agua ama nhyehyɛe ahorow a atipɛnfo di anim denam baabi, nneɛma, ne m"
1020,Aka_Gha,"Wɔnam akwan ahodoɔ so de adwenemyareɛ ho nneɛma ne mmoa dwumadie ma asuafoɔ, awofoɔ, ne adwumayɛfoɔ,","Awofo, akyerɛkyerɛfo, ne akwahosan ho adwumayɛfo di dwuma titiriw wɔ mmoa a wɔboa mmabun ma wɔte nna"
1022,Aka_Gha,Ɛsɛ sɛ mmabun a wɔadi dɛm de wɔn ho hyɛ nna ne awo akwahosan ho nhyehyɛe ne nhyehyɛe ahorow a ɛhaw w,Mmabun betumi akamfo nna ne awo akwahosan ho nkyerɛkyerɛ ne nnwuma a ɛfa amammerɛ ho denam: Nhyehyɛe
1023,Aka_Gha,Sukuu ahorow betumi adi animtiaabu a ɛfa adwenemyare ho no ho dwuma na wɔahyɛ nkɔmmɔbɔ a ɛda adi pef,"Akwan a wɔfa so di adwuma no bi ne: Wɔ ne mpɔtam akannifo, amammerɛ ho abenfo, ne ananmusifo a wofi "
1029,Aka_Gha,Amammerɛ mu nneyɛe anaa atetesɛm a ebetumi aka mmabun nna ne awoɔ apomoden mu nsunsuanso no bi ne: A,Fa nsɛmmisa a emu da hɔ dwuma susu ntease a mmabun wɔ wɔ nna ne awoɔ apɔwmuden ho. Hwɛ sɛnea mmabun 
1030,Aka_Gha,"Mpene a wɔpene so kyerɛ kwan anaa pene a wɔde ma wɔ adeyɛ pɔtee bi ho, titiriw wɔ abusuabɔ ne nna mu",Mpene a wɔpene so yɛ ade titiriw a ɛma obi nya nkitahodi pa. Ɛkyerɛ sɛ ahokafo baanu no nyinaa de fa
1032,Aka_Gha,"Mmabun betumi afa akwan horow so anya nnuru a wɔde si nyinsɛn ano, a nea ɛka ho ne: ɔyaresafo a wɔbɛ",Ahorow:Aduru a wɔde siw nyinsɛn ano putupuru (ECP): Ɛwɔ honam mu nkwammoa (hormones) a ɛsi nyinsɛn a
1034,Aka_Gha,Ɛnyɛ wo nko ara: Nnipa pii hyia nna mu basabasayɛ. Mmoa wɔ hɔ a wobetumi anya. Wo ne obi a wowɔ ne m,"Nnafofoɔ nhyesoɔ tumi yɛ den, nanso wei ne nneɛma bi: Hu baabi a wontumi ntoaso, broni bɛkasɛ 'limit"
1035,Aka_Gha,Ɛsɛ sɛ mmabun a wɔadi dɛm de wɔn ho hyɛ nna ne awo akwahosan ho nhyehyɛe ne nhyehyɛe ahorow a ɛhaw w,Akwahosan Ho Nnwuma a Wonya: Mmara ne nhyehyɛe ahorow betumi anya nna ne awo akwahosan ho nhyehyɛe a
1041,Aka_Gha,Nipadua ho mfonini a enye wɔ mmerantebere ne mmabaabere mu betumi anya obu a obi wɔ ma ne ho ne adwe,Atipɛnfo nhyɛso betumi anya nhyeso bi wɔ mmabun no ho nkɔso ne sɛnea wosusuw wɔn ho no so denam adwe
1042,Aka_Gha,Hu nnipa a wɔyɛ wɔn ho wɔn ho a ɛka bom: Ɛsɛ sɛ mmɔden a wɔbɔ sɛ wɔbɛkasa ama nhyehyɛe ahorow no hwɛ,"Ɔkwan a egyina hokwan ahorow so gye tom sɛ asetra, sikasɛm, ne nneɛma a atwa yɛn ho ahyia a ɛtrɛw, a"
1043,Aka_Gha,"Yiw, mmabun betumi anya nsɛm a ɛfa sɛnea wobesiw nna mu yareɛ (STI) ano ho bere a wɔrekɔ STI nhwehwɛ",STIs' nkeyrɛkyerɛ mu: nnam mu yareɛ a aborɔfoɔ ka no sɛ 'STIs' yɛ nyarewa a ɛfa nna so ba. Yetumi ny
1051,Aka_Gha,"Nsɛm ho amanneɛbɔfo taa de nna, abusuabɔ, ne ɔbarima ne ɔbea dwumadi ahorow ho mfonini a ɛyɛ teateaa","Nsakrae a Ɛma Nkwammoaa Mu 'Hormonal Changes': Wɔ mmerantebere ne mmabaabere mu no, nkwaadɔm 'hormon"
1052,Aka_Gha,Nsɛmti ne nsusuwii hunu a wɔtaa ka wɔ nsɛm ho amanneɛbɔ mu a ɛma nkrasɛm a epira kɔ so no bi ne: Aho,Wobetumi de abɛɛfo ntentanfidie ne dijitaal akwan adi dwuma sɛ adeɛ a wɔde hyɛ nipadua mu nneɛma pa 
1059,Aka_Gha,"Mpɛn pii no, mpɔtam hɔfo nya nneɛma ne mmoa adwuma a ɛwɔ hɔ a ɛbɛboa mmabun ma wɔafa amammerɛ akwans","Yiw, nea broni ka no 'mobile app' ahorow ne dijitaal nneɛma bi wɔ hɔ a wɔayɛ sɛ wɔde bɛma nsɛm ne mm"
1060,Aka_Gha,Adwene a ɛnteɛ a wɔtaa nya wɔ awo hokwan ne ahofadi a mmabun wɔ ho no bi ne gyidi ahorow a ɛne sɛ mm,Adwene a ɛnteɛ anaa anansesɛm a wɔtaa nya wɔ sika ne sikasɛm ho a mmaabun betumi ahyia no bi ne gyid
1062,Aka_Gha,"Amammerɛ ne ɔmanfo gyinapɛn ahorow a ɛfa nipadua mfoni ho gu ahorow wɔ mpɔtam ne mpɔtam ahorow mu, n","Mpɔtam hɔ amammerɛ ne gyinapɛn ahorow kyerɛ suban ne nneyɛe a ɛfa nna, abusuabɔ, ne awo akwahosan ho"
1064,Aka_Gha,Amanaman ntam sika a ɛwɔ hɔ no nya nkɛntɛnso kɛse wɔ ASRH nhyehyɛe ahorow a wɔde bedi dwuma ne nea ɛ,Wiase nyinaa nneɛma a ɛho hia te sɛ 'COVID-19' ɔyaredɔm anaa wim nsakrae a wɔbɛsakra no betumi aka a
1065,Aka_Gha,Nipadua mu nka bɔne fi mfifire a ɛne mmoawa a wɔwɔ wo honam ani di afrafra. Nkwamoa ahodoɔ deɛ pɔtɔɔ,"Sɛ mmabun hu sɛ obi foforo apira anaa basabasayɛ rekɔ so a, ɛho hia sɛ wɔde ahobammɔ di kan na wɔhwe"
1067,Aka_Gha,Mmabun betumi de wɔn ho ahyɛ akannifo dwumadi ne gyinaesi nhyehyɛe ahorow a ɛfa ASRH ho mu kɛse dena,"Sukuu ahorow, mmabun ahyehyɛde ahorow, akuw a egyina gyidi so, ne mpɔtam hɔ ahyehyɛde afoforo di dwu"
1068,Aka_Gha,Nipadua ho mfonini a enye wɔ mmerantebere ne mmabaabere mu betumi anya obu a obi wɔ ma ne ho ne adwe,"Wubetumi de me ahyɛ mu wɔ nsɛm a wubebisa, wo suahu ahorow a wobɛka, ne nsɛm a ɛhaw wo anaa dadwen b"
1069,Aka_Gha,Wobetumi ama akwahosan nhyehyɛe ahorow atu mpɔn na ama wɔadi mmabun nna ne awo akwahosan (SRH) ahiad,"Mmara ne nhyehyɛe ahorow a ɛkyerɛ sɛnea mmabun nya nna ne awo akwahosan ho nhyehyɛe, nyinsɛn a wosiw"
1070,Aka_Gha,Nneɛma atitiriw a ɛwom ne: nnipadua akwaa  ne dwuma adi. Awo ne nyinsɛn a wosiw ano. nna mu yareɛ (S,"Nneɛma atitiriw a ɛwɔ nkitahodi a ɛyɛ den mu no bi ne kasa a emu da hɔ na ɛyɛ tẽẽ a wode bedi dwuma,"
1071,Aka_Gha,Mmabun betumi ahwɛ sikasɛe so denam nneɛma a wɔtɔ ne ɛka a wɔbɔ ho kyerɛwtohɔ a wɔbɛyɛ so. Wobetumi ,"Mmabun betumi adi sikasɛm mu haw ho dwuma wɔ  sikakorabea a wɔbɛhyehyɛ de atua ɛka a wɔnhwɛ kwan, nh"
1074,Aka_Gha,Akwahosan ho adwumayɛfo di dwuma titiriw wɔ aduannuru ho mmoa a wɔde ma mmabun a wɔrehwehwɛ awo akwa,Akwahosan ho adwumayɛfo di dwuma titiriw wɔ hokwan a mmabun wɔ sɛ wɔpene so na wosi gyinae no mu den
1077,Aka_Gha,Mmabun betumi ahwɛ ahu sɛ wobenya nhomasua ne adwumayɛ ho ntetee hokwan ahorow a ɛyɛ pɛ a wɔn asetra,Mmabun wɔ hokwan ahorow a wɔde benya adwuma mu osuahu ne ahokokwaw a mfaso wɔ so denam adwumayɛ ho n
1082,Aka_Gha,"Nhyɛso nhyehyɛe ahorow a ɛtwam te sɛ mmusua mu nyiyim, ɔbarima ne ɔbea nna mu nyiyim, kuw mu nyiyim,","Animtiaabu ne ɔbarima ne ɔbea nna ho tan, mmarima a wɔne wɔn ho da ho tan, transphobia, ne mmusua mu"
1085,Aka_Gha,Mmabun betumi akura kokoamsɛm mu denam: Wɔn hokwan ahorow a wobehu: Mmara ne nhyehyɛe ahorow a ɛwɔ w,Mmabun betumi akasa ama hokwan a wɔwɔ sɛ wɔde kokoamsɛm  sie wɔ nna ne awoɔ apomoden ho nhyehyɛe mu 
1086,Aka_Gha,"Aban ahorow, NGO ahorow, ne mpɔtam ahyehyɛde ahorow di dwuma titiriw wɔ nhomasua ne adwumayɛ ho ntet",Mmabun betumi ahwɛ sɛ wɔbɛdi hokwan a wɔwɔ wɔ nhomasua ne adwumayɛ ho ntetee ho no so na wɔabu wɔn n
1090,Aka_Gha,"Mmabun betumi ahyia akwanside ahorow wɔ nna ne awo akwahosan ho nhyehyɛe a wobenya mu, a nea ɛka ho ","Ɛsɛ sɛ mmabun nya nna ne awo akwahosan ho nhyehyɛe ahorow, a nea ɛka ho ne: Nyinsɛn ano aduro (sɛ nh"
1095,Aka_Gha,"Yiw, amammerɛ anaa nyamesom mu gyidei ahorow bi betumi ama mmarima ne mmea pɛyɛ a enni hɔ akɔ so den",Mmarima ne mmea ntam pɛyɛ a enni hɔ betumi ahaw mmabun nna ne awo akwahosan hokwan ahorow denam nsɛm
1097,Aka_Gha,"Asomu a ɛfata te nka sɛ ahobammɔ , ahotɔ, na wɔpene so wɔ mu. Ebia nea ɛka ho ne atuu a efiri abusua","Akwan a wɔfa so nya obu ne ahotoso wɔ wɔn ho no bi ne: Ahoɔden a Wobehu: Ankorankoro ahoɔden, nimdeɛ"
1102,Aka_Gha,"Mmabun wɔ mmara kwan so hokwan ne ahobammɔ a ɛfa awo akwahosan ho nhyehyɛe a wobenya ho, a ebia nea ",Mmara a ɛbɔ LGBTQ+ ankorankoro ho ban fi nyiyim ho wɔ awo apɔwmuden ho nhyehyɛe a wobenya mu no betu
1103,Aka_Gha,"Mmeranteɛ ne mmabaawa bɛtumi afa akwan ahodoɔ so atia amuo ne nyiyim wɔ wɔn mpɔtam, na wɔagyina ama ","Mmabun betumi ne mpɔtam hɔ mpɔtam hɔfo, nnwumakuo ahorow, ne nhyehyɛeyɛfo ayɛ adwuma abom de ama nna"
1104,Aka_Gha,Sukuu ne nwomasua asoɛeɛ betumi adi dwuma titire wɔ nna ne awoɔ akwahosan ho nkyerɛkyerɛ a ɛfa mmubu,Sukuu ne nhomasua asoɛe ahorow betumi adi dwuma wɔ aduan a wonnya nni ne adan a entumi nnyina pintin
1105,Aka_Gha,Asetra a Ɛma Apɔwmuden: Di aduan a ɛfata na yɛ apɔwmuteɛteɛ. Da sɛnea ɛsɛ na di adwennwen ho dwuma. ,"Fa wo ho hyɛ apɔw-mu-teɛteɛ mu daa, te sɛ apɔw-mu-teɛteɛ anaa yoga, na ama adwennwen so atew na ama "
1108,Aka_Gha,Nneɛma bi a wɔde bɛyɛ intanɛt so nkyerɛkyerɛ anaa ɔyɛkyerɛ a ɛfa nnuru a wɔde siw nyinsɛn ano a wɔde,Ɛfata sɛ obiara nya nna mu apomoden ho nkyerɛkyerɛ ne nneɛma a wɔde bɛyɛ adwuma. Sɛ yɛbɛ kasa ama ob
1109,Aka_Gha,Mpɔtam hɔfo tae ma nea aborɔfo ka no sɛ 'resources' ahohorow ne nnwuma a wɔyɛ boa de adrɛse mmabun n,Mmara kwan so ahobammɔ a wɔde ma mmabun a wɔapirapira anaa basabasayɛ wɔ nyɔnkofa nkitahodi anaa nna
1110,Aka_Gha,Nneɛma bi wɔ hɔ a wɔde bɛboa awofoɔ nkumaa: Planned Parenthood Association of Ghana (PPAG): https://,Nneɛma bi wɔ hɔ a ɛbɛboa wo ma woatumi akɔfa mmofra a wɔfa wɔn sɛ wɔn mma: ka kuo a efa kuro hohwe s
1112,Aka_Gha,"Yiw, ahyehyɛde ahorow ne nnwumakuw bi wɔ hɔ a wɔde akwankyerɛ anaa afotu a ɛfa wɔn ankasa ho ma mmab",Mmara kwan so ahyehyɛde ahorow wɔ hɔ a wɔde mmoa ne akwankyerɛ bɛma mmabun a wɔrehwehwɛ mmara mu nsɛ
1113,Aka_Gha,Anamɔn a wɔfa so de siw nyinsɛn ano a egye ntɛmpɛ nea broni ka no 'emergency contraception'  di dwum,Ahyehyɛde ahorow a ɛwɔ mpɔtam hɔ de abɛɛfo mfiridwuma nea broni ka no 'technology'  ne 'sohyial medi
3252,Eng_Ken,"Yes, you are not cured. An undetectable viral load means the virus is so low in quantity that it can","It’s true – you can’t pass on HIV if you are undetectable! If you take your treatment properly, it c"
3253,Eng_Ken,"The signs and symptoms of an HIV infection can vary from person to person, and the timeline for when","The early symptoms of HIV (Human Immunodeficiency Virus) infection can vary from person to person, a"
3264,Eng_Ken,"A negative result means there are no viruses in your blood. If you have however been exposed, you sh","Signs and symptoms may varry from person to person. Even without notable signs and symptoms, it is s"
3270,Eng_Ken,"When it comes to choosing a type of condom, the best option depends on individual preferences, needs","If your partner doesn’t have HIV, or has HIV but is on regular treatment and their viral load is und"
3279,Eng_Ken,HIV/AIDS (Human Immunodeficiency Virus/Acquired Immunodeficiency Syndrome) is caused by the HIV viru,"HIV (Human Immunodeficiency Virus) is believed to have originated from non-human primates, specifica"
3292,Eng_Ken,"No, HIV (Human Immunodeficiency Virus) cannot be transmitted through sharing utensils or by casual c",No. HIV cannot be transmitted through sharing a positive person's clothes because the virus dies aft
3301,Eng_Ken,"Women aged 15 years and above that are newly infected with HIV in Kenya range from 13,000 to 31,000.","Adults aged 15 years and above that are newly infected with HIV are between 19,000 - 45,000."
3303,Eng_Ken,No. Mosquitos and other insects cannot transmit HIV because their bodies are not conducive for the v,Only humans can transmit HIV to other humans. Mosquitoes cannot transmit HIV.
3309,Eng_Ken,"Fear or anxiety about getting tested for HIV is a common concern, but it's essential to address thes","It is absolutely natural to be scared of getting tested. However, knowing whether you are HIV positi"
3337,Eng_Ken,The lifespan of a person living with HIV can vary widely depending on several factors. With advancem,The lifespan of an individual living with HIV/AIDS can vary widely depending on several factors. Wit
3339,Eng_Ken,"When it comes to choosing a type of condom, the best option depends on individual preferences, needs","The best type of condom for you depends on your personal preferences, needs, and any specific consid"
3344,Eng_Ken,Engaging in sexual activity with a person who is HIV-positive without using protection carries a ris,Engaging in sexual activity with a partner who is HIV-positive without contracting the virus is poss
3351,Eng_Ken,Condom social marketing seeks to increase the popularity of condoms using advertising and mass media,"Yes, the use of condoms is highly recommendable during sexual activity, especially for individuals w"
3355,Eng_Ken,HIV stands for Human Immunodeficiency Virus and can lead to acquired immunodeficiency syndrome (AIDS,"HIV (Human Immunodeficiency Virus) HIV is a virus that infects and attacks the immune system, specif"
3365,Eng_Ken,"HIV transmission can occur through activities that involve the exchange of specific bodily fluids, s","Sex toys come into contact with vaginal fluids, anal mucus and semen. This means it is possible for "
3381,Eng_Ken,"Through unprotected sex with an infected person, from mother to child during delivery, through breas","It's important to clarify that the term ""Kunyonga"" does not have a standard meaning in English, and "
3388,Eng_Ken,It helps those of us who test HIV positive to:Find out our HIV status in a safe place with someone w,There is only one way of knowing whether you are HIV positive or not. This is through a special bloo
3398,Eng_Ken,"This depends on the type of test conducted. If it was a RDT, you will receive the test results withi",The time it takes for the results to be ready depends on the type of test conducted. If it is a rapi
3403,Eng_Ken,"Yes. Once your baby is born, they will need to take HIV treatment to help prevent HIV infection. Aft","Yes. After birth, all babies born to mothers with HIV will need to take HIV treatment for 4–6 weeks."
3416,Eng_Ken,Yes! It’s possible to safely have an HIV-negative baby together. ,"Yes, it is possible for individuals living with HIV (Human Immunodeficiency Virus) to give birth to "
3417,Eng_Ken,Your healthcare worker will work with you to develop an ideal time for taking your treatment. If you,The latest guidelines recommend that you initiate Anti-retriviral treatment straight away. This will
3418,Eng_Ken,"No, you cannot acquire HIV (Human Immunodeficiency Virus) by sharing utensils, such as plates, forks",No. HIV cannot be transmitted through sharing a positive person's clothes because the virus dies aft
3435,Eng_Ken,Preventing sexually transmitted infections (STIs) involves adopting safe sexual practices and making,"To avoid sexually transmitted infections (STIs) and promote sexual health, it's important to take pr"
3452,Eng_Ken,"PEP, Post Exposure Prophylaxis is a form of treatment taken after a possible exposure to HIV to prev","PEP, or Post-Exposure Prophylaxis, is a preventive treatment for HIV (Human Immunodeficiency Virus) "
3461,Eng_Ken,"Yes, it is recommended that you test for HIV when you are pregnant, even if you tested for HIV befor","If you test HIV-positive, you can still give birth to HIV-negative babies! You can take HIV treatmen"
3469,Eng_Ken,HIV cannot be transmitted by:Shaking hands or huggingKissingTears or sweatSneezing or coughingUsing ,"HIV is transmitted through the exchange of certain body fluids. These fluids include semen, blood, b"
3474,Eng_Ken,HIV (Human Immunodeficiency Virus) cannot be transmitted from mother to child through pregnancy (for,"The only way to know if you have HIV is to get tested. Attend your antenatal appointments, as this i"
3480,Eng_Ken,HIV (Human Immunodeficiency Virus) can be transmitted through contact with the blood of an HIV-infec,There is no danger in donating blood because the instruments and needles are always sterilised befor
3486,Eng_Ken,"Test for HIV at least once every year if you are having sex. Even if you are using protection, it is",Everyone between the ages of 13 and 64 should get tested at least once for HIV.Some people may need 
3491,Eng_Ken,"For adults aged between 15 - 49, it ranges from 3.7% to 4.4%. Women living with HIV are between 4.8%",I don't have access to real-time data or the ability to provide current statistics beyond my last kn
3498,Eng_Ken,"Yes, many sexually transmitted infections (STIs), apart from HIV, have cures or can be effectively t","Not all sexually transmitted infections (STIs) are curable, but many can be effectively treated with"
3501,Eng_Ken,Properly wearing a condom is a good way to protect yourself against HIV. A condom prevents semen (cu,"Worldwide, the two most common ways that HIV is passed from one person to another are through having"
3513,Eng_Ken,If you suspect that you have been exposed to HIV or have engaged in behaviors that could put you at ,Your baby should get tested as soon as possible to know the next course of action. For istance at bi
3526,Eng_Ken,Coverage of pregnant women who receive ART for PMTCT is about 91%. Pregnant women who receive ART fo,"Adult and Child deaths from AIDS are approximately 16,000 - 35,000. Deaths due to AIDS among adults "
3536,Eng_Ken,The answer to this solely depends on you. You need to choose people who you completely trust and peo,"Whether or not to share your HIV status with your friends is a deeply personal decision, and there i"
3549,Eng_Ken,The HIV test is free and available in most if not all of the public health facilities.,"If you are HIV-positive and seeking psychosocial support in Embu, Kenya, there are several resources"
3560,Eng_Ken,"Yes, it is possible for a couple to have children when one partner is HIV positive (living with HIV)","Yes, it is possible for an HIV-negative individual to have a child with an HIV-positive partner with"
3561,Eng_Ken,Lots of women who test positive for HIV when they are pregnant don’t know they have it. They might h,"Yes, so that you know if you have HIV before having unprotected sex with your partner to conceive. I"
3565,Eng_Ken,"Adults and children newly infected with HIV are between 23,000 - 51,000. Adults aged 15 years and ab","Pregnant women who receive ART for PMTCT in Kenya are about 52,407."
3566,Eng_Ken,Controlling yourself from entering into a romantic relationship can be a personal choice and can dep,"Yes, it is possible to have a safe and healthy relationship with someone who is HIV-positive (living"
3577,Eng_Ken,"According to the World Health Organization (WHO), people with HIV who are undertaking Anti-Retrovira","Yes, you are not cured. An undetectable viral load means the virus is so low in quantity that it can"
3581,Eng_Ken,"No, testing positive for HIV does not mean you have AIDS. AIDS results from the HIV advancing and th",There is only one way of knowing whether you are HIV positive or not. This is through a special bloo
3585,Eng_Ken,"Yes, it is recommended that you test for HIV when you are pregnant, even if you tested for HIV befor","Yes, it is important to let your significant other know your HIV status. Using condoms prevents the "
3599,Eng_Ken,All condoms can prevent HIV if they are used properly. Make sure you put a condom on before any sexu,Condoms are often available free from sexual health clinics or healthcare professionals. They are al
3615,Eng_Ken,The perception that sex is becoming a more prominent aspect of contemporary lifestyles can be attrib,HIV (Human Immunodeficiency Virus) can affect a person's life expectancy if left untreated or poorly
3618,Eng_Ken,"Yes. It is important that you test for HIV when you are pregnant, to find out if you have HIV. If th",Yes. You can take HIV treatment which can lower the amount of HIV in your body to very low levels (u
3619,Eng_Ken,"When a condom bursts or breaks during sexual intercourse, there is a risk of HIV transmission if one","If a condom breaks during sexual intercourse, there is a potential risk of HIV transmission if one o"
3621,Eng_Ken,Supporting a friend or loved one who is HIV-positive is important for their well-being and emotional,"Supporting a HIV-positive friend or relative requires empathy, understanding, and a non-judgmental a"
3629,Eng_Ken,"Women aged 15 years and above living with HIV in Kenya are between 790, 000 and 1M.","Adults aged 15 years and above that are newly infected with HIV are between 19,000 - 45,000."
3633,Eng_Ken,"Yes, it is possible for someone who is HIV-negative to marry and have a long-term relationship with ","Yes, it is important to let your significant other know your HIV status. Using condoms prevents the "
6172,Swa_Ken,Iwapo umegunduliwa kuwa na virusi vya ukimwi (Virusi vya Upungufu wa Kinga Mwilini) au UKIMWI (Acqui,"Kunyonyesha wakati una virusi vya ukimwi ni suala tata ambalo linategemea mambo kadhaa, ikiwa ni pam"
6173,Swa_Ken,Maambukizi ya zinaa (STIs) yenyewe hayaleti moja kwa moja Ukimwi/UKIMWI (Virusi vya Upungufu wa King,"Hapana, maambukizi ya njia ya mkojo (UTI) hayaainishwi kama maambukizo ya zinaa (STI). UTI husababis"
6174,Swa_Ken,Kwa kawaida hupendekezwa kuwa wanawake walio na virusi vya ukimwi wajifungue kwa njia ya kawaida (ku,"Uamuzi wa kutoa mimba ni wa kibinafsi na mgumu sana, na unaathiriwa na mambo mbalimbali, ikiwa ni pa"
6179,Swa_Ken,"Ikiwa matokeo ya kipimo ni hasi, unaweza kupata taarifa kuhusu jinsi ya kukaa hivyo na ikiwa wewe ni",Inasaidia akina mama wajawazito wanaopima Virusi Vya Ukimwi ili kupunguza hatari ya kupitisha Virusi
6182,Swa_Ken,"Ndiyo, inawezekana kwa mtu kupata Ukimwi (Virusi vya Upungufu wa Kinga Mwilini) mara ya kwanza anapo",Virusi vya UKIMWI (Virusi vya Upungufu wa Kinga ya Mwanadamu) huambukizwa kupitia viowevu maalum vya
6183,Swa_Ken,Kumsaidia rafiki au mpendwa ambaye ana virusi vya ukimwi ni muhimu kwa ustawi wao na afya ya kihisia,Nasikitika sana kusikia kuhusu hali ngumu anayokumbana nayo kijana huyu. Ni muhimu kumpa usaidizi na
6186,Swa_Ken,"Ni jambo la kawaida kabisa kuhisi hofu au wasiwasi kuhusu kupima Ukimwi, lakini ni muhimu kushinda h","Hapana, huwezi kupata Ukimwi kwa kumgusa tu mtu ambaye ana Ukimwi. Virusi vya UKIMWI (Virusi vya Upu"
6187,Swa_Ken,"Ni jambo la kawaida kabisa kuhisi hofu au wasiwasi kuhusu kupima Ukimwi, lakini ni muhimu kushinda h",Ikiwa unatafuta habari kuhusu uzuiaji wa virusi vya ukimwi na unataka kuiweka siri kutoka kwa wazazi
6188,Swa_Ken,"Ukimwi/UKIMWI wenyewe unaweza kuwa na athari mbalimbali kwa afya na ustawi wa jumla wa mtu binafsi, ","Kuwa na Virusi Vya Ukimwi kunaweza kuwa chanzo cha mfadhaiko mkubwa, kunaweza kuleta changamoto kati"
6189,Swa_Ken,"Hata kwa kubadilishana mate, kumbusu kwa ujumla haizingatiwi njia muhimu ya maambukizi ya Ukimwi. Ha",Hapana. Mbu na wadudu wengine hawawezi kusambaza virusi vya ukimwi kwa sababu miili yao haifai kwa v
6192,Swa_Ken,Watu wengi wanaoishi na Ukimwi wanaweza kutarajia kuishi kwa muda mrefu kama wenzao ambao hawana Uki,Matarajio ya maisha ya mtu anayeishi na Ukimwi ambaye anatumia tiba ya kurefusha maisha (ART) yameon
6198,Swa_Ken,"Ili kuepuka magonjwa ya zinaa (STIs) na kukuza afya ya ngono, ni muhimu kuchukua hatua za kuzuia na,","Ndiyo, magonjwa mengi ya zinaa (STIs) yanatibika kwa uangalizi na matibabu yanayofaa. Matibabu mahus"
6199,Swa_Ken,Kuzuia maambukizi ya virusi vya ukimwi kutoka kwa mama kwenda kwa mtoto (PMTCT) ni sehemu muhimu ya ,"Ili kuzuia maambukizi ya Ukimwi, ni muhimu kuchukua hatua za kuzuia, kwani virusi vinaweza kuambukiz"
6205,Swa_Ken,Hatari ya kumwambukiza Ukimwi kutoka kwa mama kwenda kwa mtoto ambaye hajazaliwa (maambukizi ya wima,"""Mwanamke anayeishi na virusi vya ukimwi anaweza kumwambukiza mtoto wake virusi wakati wa ujauzito, "
6206,Swa_Ken,"Ikiwa mtu ana Ukimwi na ni mjamzito, inawezekana kupunguza hatari ya kueneza Ukimwi kwa mtoto mchang","Ndiyo, inawezekana kwa mtu asiye na Ukimwi kupata mtoto na mwenzi aliye na Ukimwi bila kupata Ukimwi"
6208,Swa_Ken,"Ndiyo, inawezekana kwa mtu asiye na Ukimwi kupata mtoto na mwenzi aliye na Ukimwi bila kupata Ukimwi",Ikiwa mtu hana Ukimwi (ikimaanisha kuwa amepima hana Ukimwi na hajajishughulisha na shughuli zozote 
6213,Swa_Ken,"Kuzuia mimba kunahusisha kutumia njia mbalimbali za uzazi wa mpango, pia zinazojulikana kama udhibit",Nasikitika sana kusikia kuhusu hali ngumu anayokumbana nayo kijana huyu. Ni muhimu kumpa usaidizi na
6214,Swa_Ken,Kumsaidia rafiki au mpendwa ambaye ana virusi vya ukimwi ni muhimu kwa ustawi wao na afya ya kihisia,"Kumsaidia rafiki au jamaa aliye na Ukimwi kunahitaji huruma, uelewa, na mtazamo usio wa kuhukumu. Ha"
6215,Swa_Ken,"Kuishi na virusi vya ukimwi (Virusi vya Upungufu wa Kinga ya Mwili) kunaweza kudhibitiwa, na watu wa",Matarajio ya maisha ya mtu anayeishi na Ukimwi/UKIMWI yanaweza kutofautiana kulingana na mambo mbali
6218,Swa_Ken,"Unapoishi na virusi vya ukimwi (Virusi vya Upungufu wa Kinga Mwilini), kuna hatua kadhaa muhimu unaz",Kuzuia virusi vya ukimwi (Virusi vya Upungufu wa Kinga ya Mwanadamu) kunahusisha kuchukua hatua madh
6219,Swa_Ken,"Ukimwi (Virusi vya Upungufu wa Kinga Mwilini) ni virusi ambavyo huathiri kimsingi mfumo wa kinga, na",Kuamua kama rafiki ana virusi vya ukimwi kunapaswa kuegemezwa kwenye mawasiliano ya wazi na ya uamin
6220,Swa_Ken,Kondomu ni njia nzuri sana ya kuzuia maambukizi ya virusi vya ukimwi (Virusi vya Upungufu wa Kinga M,Kuvaa vizuri kondomu ni njia nzuri ya kujilinda dhidi ya Virusi Vya Ukimwi. Kondomu huzuia shahawa (
6222,Swa_Ken,Bado hatujui ikiwa watu wanaoishi na virusi vya ukimwi na walioathiriwa na virusi vya Korona wanawez,Ikiwa unapaswa kuwaambia watu kuhusu hali yako ya virusi vya ukimwi au la ni juu yako kabisa. Baadhi
6223,Swa_Ken,Kila mtu kati ya umri wa miaka 13 na 64 anapaswa kupima Virusi Vya Ukimwi angalau mara moja. Baadhi ,Ni muhimu kuwapa wanafunzi wapya au vijana wanaoanza chuo kikuu au chuo kikuu taarifa kamili na elim
6225,Swa_Ken,"Ili kuzuia maambukizi ya Ukimwi, ni muhimu kuchukua hatua za kuzuia, kwani virusi vinaweza kuambukiz","Ikiwa unaamini kuwa unapambana na uraibu wa ngono na unataka kuushinda, ni muhimu kutambua kwamba ku"
6230,Swa_Ken,"Ikiwa wewe ni mjamzito na una Ukimwi, kuna mbinu zilizowekwa vizuri za kupunguza hatari ya kumwambuk",Kuzuia maambukizi ya Ukimwi kutoka kwa mama kwenda kwa mtoto (PMTCT) ni sehemu muhimu ya juhudi za k
6232,Swa_Ken,"Hapana, watu ambao wana virusi vya ukimwi hawastahiki kuchangia damu. Kizuizi hiki kimewekwa ili kuz",Ndiyo. Watu wenye virusi vya ukimwi pia wanaweza kuwa na maisha ya ngono yenye afya na ya kufurahish
6238,Swa_Ken,Kupima Ukimwi/UKIMWI ni muhimu ili kujua hali yako na kuchukua hatua zinazofaa ili kulinda afya yako,Kuzuia maambukizi ya Ukimwi/UKIMWI kunahusisha mchanganyiko wa mikakati zaidi ya matumizi ya kondomu
6245,Swa_Ken,"Ndiyo, kuna aina kadhaa za vidonge vinavyoweza kutumika kuzuia mimba. Vidonge vinavyojulikana zaidi ",Ufanisi wa tiba asilia au mitishamba inayotumiwa na waganga wa kienyeji kwa ajili ya kuzuia mimba (k
6249,Swa_Ken,Maziwa ya mama yana virusi vya ukimwi hivyo inaweza kupita ndani ya mwili wa mtoto ikiwa mama atanyo,Kuzuia maambukizi ya virusi vya ukimwi kutoka kwa mama kwenda kwa mtoto (PMTCT) ni sehemu muhimu ya 
6250,Swa_Ken,"Kushiriki ngono kabla ya ndoa peke yake, haimaanishi moja kwa moja kwamba utapata virusi vya ukimwi/","Kwa kuwa Virusi Vya Ukimwi hupitishwa kupitia damu, shahawa, ute wa uke au maziwa ya mama, kukumbati"
6252,Swa_Ken,Si kweli kwamba hakuna dawa ya virusi vya ukimwi (Virusi vya Upungufu wa Kinga Mwilini). Ingawa kwa ,"Mara Virusi Vya Ukimwi inapoingia mwilini, hakuna njia ya kuiondoa kabisa. Kuna dawa za kuzuia Virus"
6257,Swa_Ken,"Ndiyo, inawezekana kwa mtu kupata Ukimwi (Virusi vya Upungufu wa Kinga Mwilini) mara ya kwanza anapo","Mimi si mtaalamu wa matibabu, lakini ninaweza kutoa maelezo ya jumla kuhusu mada hii. Ni muhimu kuta"
6258,Swa_Ken,Kujiepusha na shughuli zinazoweza kusababisha maambukizi ya virusi vya ukimwi ni mojawapo ya njia bo,Kukomesha virusi vya ukimwi/UKIMWI (Virusi vya Upungufu wa Kinga Mwilini/Ugonjwa wa Upungufu wa King
6264,Swa_Ken,Hatua ifaayo ni kuzungumza na mtoa huduma wa afya aliyefunzwa ambaye atakuongoza katika mchakato wa ,"Kuishi na virusi vya ukimwi kunaweza kuwa uzoefu wa changamoto na wa kibinafsi, na uamuzi wa kufichu"
6269,Swa_Ken,"Kabla ya dawa za Virusi Vya Ukimwi kupatikana, Wanasayansi walikuwa wakifikiri kwamba karibu nusu ya","Muda unaochukua kwa virusi, kama vile Ukimwi (Virusi vya Upungufu wa Kinga Mwilini), kuenea ndani ya"
6272,Swa_Ken,Wanawake wenye umri wa miaka 15 na zaidi wanaopokea ART ni kati ya 74% - 94%.,Watoto kati ya miaka 0 hadi 14 wanaopokea ART nchini Kenya ni kati ya 47% - 74%.
6280,Swa_Ken,"Ikiwa kondomu itapasuka wakati wa kujamiiana, kuna uwezekano wa hatari ya kuambukizwa Ukimwi ikiwa m","Maumivu wakati wa kujamiiana, pia inajulikana kama dyspareunia, inaweza kuwa na sababu mbalimbali, n"
6281,Swa_Ken,Uwezekano wa kupata virusi vya ukimwi/UKIMWI kupitia busu la kina ni mdogo sana. Kubadilishana kwa m,"Hapana, kuingiliana tu na mtu aliye na virusi vya ukimwi (Virusi vya Upungufu wa Kinga ya Binadamu) "
6285,Swa_Ken,"Njia bora ya kuzuia virusi vya ukimwi/UKIMWI inategemea hali ya mtu binafsi, vihatarishi na mapendel",Iwapo umegunduliwa kuwa na virusi vya ukimwi (Virusi vya Upungufu wa Kinga Mwilini) au UKIMWI (Acqui
6288,Swa_Ken,"Hapana, huwezi kupata Ukimwi kwa kumgusa tu mtu ambaye ana Ukimwi. Virusi vya UKIMWI (Virusi vya Upu","Maambukizi ya Ukimwi yanaweza kutokea kupitia ngono, ikiwa ni pamoja na kujamiiana na watu wa jinsia"
6293,Swa_Ken,"Matokeo mabaya yanamaanisha kuwa hakuna virusi katika damu yako. Ikiwa hata hivyo umefichuliwa, unap",Matokeo chanya ya kipimo yanamaanisha kuwa kuna virusi vya ukimwi vinavyoweza kugunduliwa katika mko
6296,Swa_Ken,"Hapana, kuwa mwembamba au kuwa na aina fulani ya mwili hakuna uhusiano wa moja kwa moja na hali ya v",Dalili za maambukizi ya Virusi Vya Ukimwi haziwezi kuonekana kwa miezi au hata miaka baada ya mtu ku
6297,Swa_Ken,"Kulingana na Shirika la Afya Duniani (WHO), watu walio na Ukimwi ambao wanafanya Tiba ya Kupambana n","Kujizuia kufanya ngono ni chaguo la kibinafsi ambalo linategemea hali yako binafsi, maadili, na mape"
6304,Swa_Ken,"Ndiyo, Kenya ina aina mbalimbali za simu za usaidizi, kliniki, na mifumo ya rufaa ya Ukimwi na magon",Wanaume wenye umri wa miaka 15 na zaidi ambao wameambukizwa virusi vya ukimwi nchini Kenya ni kati y
6305,Swa_Ken,Kugundulika kuwa na virusi vya ukimwi/UKIMWI kunaweza kuwa jambo lenye changamoto na kubadilisha mai,"Ukimwi (Virusi vya Upungufu wa Kinga Mwilini) huendelea kwa hatua mbalimbali, na isipotibiwa, inawez"
6307,Swa_Ken,Inapendekezwa kupima virusi vya ukimwi:katika miadi yako ya kwanza ya ujauzitokatika trimester ya ta,Wanawake wengi wanaopima virusi vya ukimwi wakiwa wajawazito hawajui kuwa wana virusi vya ukimwi. Hu
6309,Swa_Ken,Hatua zinazochukuliwa kuzuia maambukizi ya Ukimwi kutoka kwa mama kwenda kwa mtoto (PMTCT) kimsingi ,Kuzuia maambukizi ya Ukimwi kutoka kwa mama kwenda kwa mtoto (PMTCT) ni sehemu muhimu ya juhudi za k
6312,Swa_Ken,Kuhusiana na watu ambao wameambukizwa magonjwa ya zinaa (STIs) bila kuwabagua ni muhimu kwa kukuza h,Kumwonya mtu kuhusu hatari ya kufanya ngono na watu walio na Ukimwi au magonjwa mengine ya zinaa (ST
6317,Swa_Ken,"Ndiyo. Inawezekana kabisa kwa watu wenye virusi vya ukimwi kuwa katika mahusiano ya kiutendaji, kufa",Ni muhimu kupima virusi vya ukimwi mwanzoni mwa uhusiano kwa sababu kwa njia hiyo utajua hali yako n
6320,Swa_Ken,Ugomvi wa Ukimwi ni wakati baadhi ya watu wamerudia kujamiiana bila kinga na wapenzi wao walioambuki,"Ndiyo, Ukimwi (Virusi vya Upungufu wa Kinga ya Binadamu) ni halisi. Ukimwi ni virusi vilivyoandikwa "
6323,Swa_Ken,Unapaswa kusoma maagizo kila wakati kabla ya kufanya kipimo. Fuata maagizo ya mtengenezaji wakati wa,"Hapana, kupima kuwa na virusi vya ukimwi haimaanishi kuwa una UKIMWI. UKIMWI unatokana na virusi vya"
6324,Swa_Ken,Kutiwa damu mishipani kunaweza kuwa njia tata na inayoweza kuokoa uhai kwa mtu aliye na UKIMWI au ha,"Hapana, watu walioambukizwa Ukimwi (Virusi vya Upungufu wa Kinga Mwilini) hawapaswi kuchangia damu. "
6325,Swa_Ken,"Maambukizi ya zinaa (STIs), pia yanajulikana kama magonjwa ya zinaa (STDs), ni magonjwa ambayo kawai","Ndiyo, magonjwa mengi ya zinaa (STIs), mbali na Ukimwi, yana tiba au yanaweza kutibiwa ipasavyo kwa "
6327,Swa_Ken,Ngono ya mkundu bila kinga ina uwezekano mkubwa wa kusambaza virusi vya ukimwi/UKIMWI kuliko aina ny,"UKIMWI (Acquired Immunodeficiency Syndrome) hauambukizwi yenyewe; badala yake, ni hatua ya mwisho ya"
6331,Swa_Ken,PrEP haipatikani kila mahali lakini inasambazwa katika nchi nyingi zaidi. Unapaswa kumuuliza mtoa hu,PEP haipatikani kila mahali. Unapaswa kuangalia mtandaoni au umuulize mtoa huduma wako wapi PEP inap
6333,Swa_Ken,"PEP inasimamia ""Post-Exposure Prophylaxis."" Ni matibabu ya kuzuia ambayo huchukuliwa baada ya kuambu","P2, pia inajulikana kama ""Plan B"" au ""kidonge cha asubuhi,"" ni aina ya uzazi wa mpango wa dharura un"
6337,Swa_Ken,"Jaribio la kuaminika zaidi la sampuli binafsi, OraQuick, limeidhinishwa na Mamlaka ya Chakula na Daw","Ndiyo, kuna vifaa vya kupimia Ukimwi vinavyobebeka vinavyopatikana kwa matumizi ya nyumbani au katik"
6339,Swa_Ken,"Kushiriki tendo la ndoa na wapenzi wengi, bila kujali jinsia, kunaweza kuongeza hatari ya kuambukizw","Vijana wanaoshiriki ngono na watu wazee zaidi wanaweza kukabiliwa na matokeo mbalimbali ya kisheria,"
6341,Swa_Ken,"Matumizi ya vidhibiti mimba, yanapotumiwa kwa usahihi na kama ilivyoagizwa na wataalamu wa afya, kwa","Ikiwa msichana au mwanamke anatumia uzazi wa mpango baada ya kushika mimba, ni muhimu kufafanua ni a"
6342,Swa_Ken,Kujiepusha na shughuli zinazoweza kusababisha maambukizi ya virusi vya ukimwi ni mojawapo ya njia bo,Kuzuia magonjwa ya zinaa (STIs) kunahusisha kufuata mazoea salama ya kujamiiana na kufanya maamuzi s
6347,Swa_Ken,Sina ufikiaji wa data ya wakati halisi au uwezo wa kutoa takwimu za sasa zaidi ya sasisho langu la m,"Vifo vinavyotokana na UKIMWI miongoni mwa watu wazima na watoto ni kati ya 16,000 - 35,000."
6353,Swa_Ken,Mtazamo kwamba ngono inakuwa kipengele maarufu zaidi cha mitindo ya maisha ya kisasa inaweza kuhusis,"Unapoishi na virusi vya ukimwi (Virusi vya Upungufu wa Kinga Mwilini), kuna hatua kadhaa muhimu unaz"
6354,Swa_Ken,Muda wa maisha wa mtu ambaye ameambukizwa virusi vya ukimwi unaweza kutofautiana kwa kiasi kikubwa k,Matarajio ya maisha ya mtu anayeishi na Ukimwi/UKIMWI yanaweza kutofautiana kulingana na mambo mbali
6356,Swa_Ken,"Vifo vinavyotokana na UKIMWI kwa wanawake wenye umri wa miaka 15 na kuendelea ni kati ya 14,000 - 31","Watoto wenye umri kati ya 0 - 14 wanaoishi na virusi vya ukimwi ni kati ya 66, 000 na 100, 000."
6357,Swa_Ken,PrEP ni salama. Hakuna madhara makubwa ya kiafya ambayo yameonekana kwa watu ambao hawana Ukimwi na ,Dawa ya Pre-Exposure Prophylaxis (PrEP) ina ufanisi katika kuzuia maambukizi ya virusi vya ukimwi (V
6362,Swa_Ken,Matumizi bora ya kondomu ni muhimu sana katika kuzuia Ukimwi na magonjwa mengine ya zinaa pamoja na ,"Ndiyo, matumizi ya kondomu yanapendekezwa sana wakati wa shughuli za ngono, hasa kwa watu ambao hawa"
6366,Swa_Ken,"Hapana, huwezi kupata Ukimwi kwa kumgusa tu mtu ambaye ana Ukimwi. Virusi vya UKIMWI (Virusi vya Upu",Ukimwi haviwezi kuambukizwa kupitia kugawana sahani au kula chakula pamoja na mtu aliyeambukizwa vir
6368,Swa_Ken,Kugundulika kuwa na virusi vya ukimwi (Virusi vya Upungufu wa Kinga Mwilini) ni hali mbaya ya kiafya,"Ndiyo, wingi wa virusi vya mtu anayeishi na Ukimwi una jukumu muhimu katika uwezo wao wa kusambaza v"
6370,Swa_Ken,t huwasaidia wale ambao tunapima Virusi Vya Ukimwi kuwa hawana:kuwa na ufahamu wazi wa mambo yetu ya,"Iwapo utapata utambuzi mzuri wa virusi vya ukimwi, ni muhimu kuchukua hatua kadhaa za haraka ili kuh"
6371,Swa_Ken,"Hapana, kuwa na Ukimwi haimaanishi kuwa ndio mwisho wa maisha yako. Ukimwi (Virusi vya Upungufu wa K",virusi vya ukimwi (Virusi vya Upungufu wa Kinga Mwilini) ni virusi vinavyoweza kumuathiri mtu maisha
6373,Swa_Ken,"Hata kwa kubadilishana mate, kumbusu kwa ujumla haizingatiwi njia muhimu ya maambukizi ya Ukimwi. Ha","Kubusu kwa Kina, kwa Mdomo Wazi: Mara chache sana, maambukizi yametokea ikiwa wenzi wote wawili wana"
6375,Swa_Ken,Kiwango cha hofu na wasiwasi kinachohusiana na Ukimwi na  virusi vya korona kinaweza kutofautiana kw,virusi vya ukimwi/UKIMWI umezungukwa na hadithi na imani potofu mbalimbali kwa miaka mingi. Hadithi 
6379,Swa_Ken,"Kuhisi shinikizo kutoka kwa marafiki kushiriki katika shughuli za ngono inaweza kuwa changamoto, lak",Ikiwa mtu hana Ukimwi (ikimaanisha kuwa amepima hana Ukimwi na hajajishughulisha na shughuli zozote 
6382,Swa_Ken,"Ndiyo, inawezekana kwa mtu aliyezaliwa na virusi vya ukimwi/UKIMWI kuolewa na kupata watoto ambao ha",Haiwezekani kujua kama una virusi vya ukimwi bila kupima virusi vya ukimwi. virusi vya ukimwi (Virus
6384,Swa_Ken,virusi vya ukimwi (Virusi vya Upungufu wa Kinga ya Mwanadamu) inaaminika kuwa asili ya nyani wasio b,virusi vya ukimwi/UKIMWI (Virusi vya Upungufu wa Kinga Mwilini/Acquired Immunodeficiency Syndrome) h
6387,Swa_Ken,"Ndiyo, inawezekana kwa mtu asiye na Ukimwi kupata mtoto na mwenzi aliye na Ukimwi bila kupata Ukimwi","Ndiyo, inawezekana kwa wazazi wawili walio na Ukimwi kuzaa mtoto asiye na Ukimwi, lakini inahitaji u"
6389,Swa_Ken,Hatari ya kuambukizwa Ukimwi au magonjwa mengine ya zinaa (STIs) kwa njia ya ngono ya mdomo kwa ujum,Kushiriki ngono ya mdomo kuna uwezekano mdogo wa kuambukizwa Ukimwi ikilinganishwa na aina nyingine 
6390,Swa_Ken,Hatua ya 3: Ugonjwa wa Upungufu wa Kinga Mwilini (UKIMWI)Hatua kali zaidi ya maambukizi ya Virusi Vy,virusi vya ukimwi/UKIMWI unadhibitiwa kupitia mchanganyiko wa mikakati na afua zinazolenga kuzuia ma
6397,Swa_Ken,Maambukizi ya zinaa (STIs) si ya kurithi kwa njia sawa na kwamba baadhi ya hali au sifa za kijeni hu,"Ndiyo, magonjwa mengi ya zinaa (STIs), mbali na Ukimwi, yana tiba au yanaweza kutibiwa ipasavyo kwa "
6401,Swa_Ken,Utafutaji wa tiba ya virusi vya ukimwi (Virusi vya Upungufu wa Kinga ya Binadamu) umekuwa ukiendelea,"Ndiyo, inashauriwa kupima virusi vya ukimwi ukiwa mjamzito, hata kama ulipima virusi vya ukimwi kabl"
6402,Swa_Ken,Ukimwi na magonjwa ya zinaa (STIs) yanaweza kudhibitiwa na kudhibitiwa kupitia mchanganyiko wa mikak,"Ndiyo, kuna dawa na mikakati ya kuzuia ambayo inaweza kusaidia kupunguza hatari ya kupata magonjwa y"
6404,Swa_Ken,"Hatujui ikiwa watu walio na virusi vya ukimwi wana uwezekano mkubwa wa kupata virusi vya Korona, kwa",Tiba ya kurefusha maisha (ART) ni tiba ya maisha yote ya virusi vya ukimwi (Virusi vya Upungufu wa K
6405,Swa_Ken,"Ndiyo, magonjwa ya zinaa (STIs) yanaweza kuambukizwa kupitia ngono kati ya watu wa jinsia moja, waki","Ndiyo, kushiriki kwa vinyago vya ngono kunaweza kusababisha kuenea kwa magonjwa ya zinaa (STIs) mion"
6409,Swa_Ken,"Ndiyo, inashauriwa kupima virusi vya ukimwi ukiwa mjamzito, hata kama ulipima virusi vya ukimwi kabl","Ndio, ili ujue kama una virusi vya ukimwi kabla ya kujamiiana bila kinga na mwenzi wako ili upate mi"
6411,Swa_Ken,Ni muhimu kuelewa kwamba hakuna njia ya kubainisha hali yako ya Ukimwi bila kupima Ukimwi. Ukimwi ni,Malengo ya kibinafsi na maadili yana jukumu kubwa katika kufanya uamuzi wa kupima Ukimwi au la. Kwa 
6412,Swa_Ken,Muda wa maisha wa mtu ambaye ameambukizwa virusi vya ukimwi unaweza kutofautiana kwa kiasi kikubwa k,Ikiwa unashuku kuwa umeambukizwa virusi vya ukimwi au umejihusisha na tabia ambazo zinaweza kukuweka
6413,Swa_Ken,"Hapana. Hali yako ya virusi vya ukimwi ni taarifa za kibinafsi, na hulazimiki kumwambia mtu yeyote.",Baadhi ya watu wanapendelea kushiriki hali zao na mtu wakati wengine hawashiriki. Kushiriki na mtu k
6415,Swa_Ken,"Ndiyo, inawezekana kwa mtu asiye na Ukimwi kupata mtoto na mwenzi aliye na Ukimwi bila kupata Ukimwi","Kushiriki katika ngono na mtu anayeishi na Ukimwi/UKIMWI kuna hatari ya kuambukizwa Ukimwi, lakini h"
6416,Swa_Ken,"Ikiwa kondomu itapasuka wakati wa kujamiiana, kuna uwezekano wa hatari ya kuambukizwa Ukimwi ikiwa m","Utumiaji wa kondomu (ambazo mara nyingi hujulikana kama ""CD"" au ""kondomu"") wakati wa shughuli za ngo"
6419,Swa_Ken,Pre-Exposure Prophylaxis (PrEP) ni mkakati wa dawa za kuzuia zinazotumiwa kupunguza hatari ya maambu,"Ikitumiwa kwa usahihi, PrEP ni nzuri sana na itapunguza hatari ya wewe kupata virusi vya ukimwi kwa "
6420,Swa_Ken,HAPANA. Watu wanaotumia dawa za ART kama walivyoelekezwa watapata kiwango cha virusi cha chini sana ,"Ndiyo, hujapona. Kiwango cha virusi kisichoweza kutambulika kinamaanisha kuwa virusi ni vya chini sa"
6421,Swa_Ken,Pre-exposure prophylaxis (PrEP) ni dawa inayotumiwa na watu wasio na Ukimwi ili kupunguza hatari yao,"Inapochukuliwa kama ilivyoagizwa na kutumiwa ipasavyo, PrEP (Pre-Exposure Prophylaxis) ina ufanisi m"
6423,Swa_Ken,Ukimwi/UKIMWI inachukuliwa kuwa hali ya kudumu na inayoweza kuhatarisha maisha kwa sababu inadhoofis,Kuchukua dawa za virusi vya ukimwi ni njia bora ya kuzuia kupata OI. Dawa ya virusi vya ukimwi inawe
6425,Swa_Ken,HAPANA. Imani huwasaidia watu wengi wenye virusi vya ukimwi kukabiliana na matatizo yanayoletwa na u,Utambuzi wa virusi vya ukimwi/UKIMWI unaweza kuwa na athari kubwa ya kihisia kwa watu binafsi na una
6427,Swa_Ken,Kujiepusha na shughuli zinazoweza kusababisha maambukizi ya virusi vya ukimwi ni mojawapo ya njia bo,Kuzuia maambukizi ya Ukimwi/UKIMWI kunahusisha mchanganyiko wa mikakati zaidi ya matumizi ya kondomu
6432,Swa_Ken,"Hapana, ngono sio njia pekee ya kuambukizwa Ukimwi (Virusi vya Upungufu wa Kinga ya Binadamu). Ukimw",Inawezekana kupata Ukimwi (Virusi vya Upungufu wa Kinga ya Binadamu) kwa kuambukizwa mara moja na vi
6433,Swa_Ken,Matarajio ya maisha ya mtu anayeishi na Ukimwi ambaye anatumia tiba ya kurefusha maisha (ART) yameon,Watu wengi wanaoishi na Ukimwi wanaweza kutarajia kuishi kwa muda mrefu kama wenzao ambao hawana Uki
6434,Swa_Ken,"Kushiriki tendo la ndoa na msichana mdogo au mtu mwingine yeyote, bila kujali umri, bila kutumia kin",Hapana. Virusi vya UKIMWI haviwezi kuambukizwa kwa kugawana nguo za mtu mwenye chanya kwa sababu vir
6435,Swa_Ken,"Tukio la erections(kustedi) kwa wanaume ni jambo la kawaida, na wakati mwingine hutokea bila udhibit","Si vibaya kuchumbiana au kuwa na uhusiano na mtu ambaye anaishi na magonjwa ya zinaa (STI), ikiwa ni"
6436,Swa_Ken,Kujiepusha na shughuli zinazoweza kusababisha maambukizi ya virusi vya ukimwi ni mojawapo ya njia bo,Hatua za kuzuia Ukimwi (Virusi vya Upungufu wa Kinga ya Binadamu) zinalenga kupunguza hatari ya maam
6439,Swa_Ken,Kondomu zilizoharibika zinaweza kuongeza hatari ya maambukizi ya virusi vya ukimwi na magonjwa mengi,Kondomu ni nzuri sana katika kupunguza hatari ya maambukizi ya Ukimwi inapotumiwa kwa usahihi na kwa
6443,Swa_Ken,Ukimwi (Virusi vya Upungufu wa Kinga Mwilini) vinaweza kuathiri umri wa kuishi wa mtu ikiwa havitati,Muda wa maisha wa mtu ambaye ameambukizwa virusi vya ukimwi unaweza kutofautiana kwa kiasi kikubwa k
6444,Swa_Ken,Dawa halisi zitatofautiana kulingana na miongozo katika nchi yako. Baadhi ya aina za matibabu ya vir,"Ndiyo. Baada ya kuzaliwa, watoto wote waliozaliwa na mama walio na virusi vya ukimwi watahitaji kutu"
6447,Swa_Ken,Vizuizi vya ushauri nasaha na upimaji wa Virusi Vya Ukimwi vinaweza kujumuisha:• sijisikii kuwa na u,Utafutaji wa tiba ya virusi vya ukimwi (Virusi vya Upungufu wa Kinga ya Binadamu) umekuwa ukiendelea
6449,Swa_Ken,"KondomuMtu yeyote anaweza kutumia kondomu, iwe una virusi vya ukimwi au huna. Na zinafaa sana! Ndio ",Kwa kawaida hupendekezwa kuwa wanawake walio na virusi vya ukimwi wajifungue kwa njia ya kawaida (ku
6450,Swa_Ken,Ikiwa unajali kuhusu faragha na unapendelea kupima Ukimwi katika kituo tofauti ambapo kuna uwezekano,Ni muhimu kuepuka kutoa taarifa nyingi kuhusu watu wanaoishi na virusi vya ukimwi/UKIMWI kulingana n
6454,Swa_Ken,"Hapana, kuwa na Ukimwi haimaanishi kuwa ndio mwisho wa maisha yako. Ukimwi (Virusi vya Upungufu wa K",Matarajio ya maisha ya mtu anayeishi na Ukimwi/UKIMWI yanaweza kutofautiana kulingana na mambo mbali
6455,Swa_Ken,Utafutaji wa tiba ya virusi vya ukimwi (Virusi vya Upungufu wa Kinga ya Binadamu) umekuwa ukiendelea,virusi vya ukimwi (Virusi vya Upungufu wa Kinga ya Mwanadamu) ni changamoto kuponya kwa sababu kadha
6456,Swa_Ken,Muda wa maisha wa mtu ambaye ameambukizwa virusi vya ukimwi unaweza kutofautiana kwa kiasi kikubwa k,"Ukimwi (Virusi vya Upungufu wa Kinga Mwilini) ni virusi ambavyo huathiri kimsingi mfumo wa kinga, na"
6457,Swa_Ken,Uwezekano wa kupata virusi vya ukimwi/UKIMWI kupitia busu la kina ni mdogo sana. Kubadilishana kwa m,Ukimwi (Virusi vya Upungufu wa Kinga ya Mwanadamu) huambukizwa kupitia viowevu maalum vya mwili amba
6458,Swa_Ken,"Mapema kipimo wakati wa ujauzito, bora zaidi. kipimo mara kwa mara ni wewe au mpenzi wako ni mjamzit","Hapana, kuwa mwembamba au kuwa na aina fulani ya mwili hakuna uhusiano wa moja kwa moja na hali ya v"
6462,Swa_Ken,Maambukizi ya Ukimwi (Virusi vya Upungufu wa Kinga ya Binadamu) hayana sifa maalum za nje ambazo zin,Haiwezekani kuamua kama mtu ameambukizwa Ukimwi kulingana na sura yake tu au kwa kutazama macho yake
6464,Swa_Ken,"Ili kupata maelezo sahihi kuhusu virusi vya ukimwi/UKIMWI nchini Kenya, unaweza kurejelea vyanzo vin","Uamuzi wa kutumia upangaji uzazi, unaojulikana pia kama kuzuia mimba, ni wa kibinafsi sana na unapas"
6465,Swa_Ken,Kuna njia moja tu ya kujua kama una Virusi Vya Ukimwi au la. Hii ni kupitia kipimo maalum cha damu a,Njia pekee ya kujua kama una Virusi Vya Ukimwi ni kupima. Kujua hali yako ya Virusi Vya Ukimwi hukus
6466,Swa_Ken,Kiwango cha hofu na wasiwasi kinachohusiana na Ukimwi na  virusi vya korona kinaweza kutofautiana kw,"Hatujui ikiwa watu walio na virusi vya ukimwi wana uwezekano mkubwa wa kupata virusi vya Korona, kwa"
6467,Swa_Ken,Virusi Vya Ukimwi (Virusi vya Upungufu wa Kinga ya Binadamu) ni virusi vinavyoshambulia mfumo wa kin,"Ndiyo, Ukimwi/UKIMWI (Virusi vya Upungufu wa Kinga Mwilini/Acquired Immunodeficiency Syndrome) inawe"
6476,Swa_Ken,"Kumsaidia rafiki au jamaa aliye na Ukimwi kunahitaji huruma, uelewa, na mtazamo usio wa kuhukumu. Ha",Malengo ya kibinafsi na maadili yana jukumu kubwa katika kufanya uamuzi wa kupima Ukimwi au la. Kwa 
6477,Swa_Ken,Kuamua kama mtu ana virusi vya ukimwi bila yeye kufichua hali yake au bila yeye kupima virusi vya uk,"Baadhi ya watu hupata matokeo mabaya, kama vile hali yao kuenea kote kwa watu ambao hawapaswi kujua "
6482,Swa_Ken,UKIMWI unasimama kwa ugonjwa wa upungufu wa kinga mwilini na ni hatua ya mwisho na kali zaidi ya maa,Ina maana kwamba matibabu ni kudhibiti virusi vya ukimwi katika mwili wako. Hii italinda mfumo wako 
6486,Swa_Ken,"""Mwanamke anayeishi na virusi vya ukimwi anaweza kumwambukiza mtoto wake virusi wakati wa ujauzito, ","Ndiyo, mwanamke mwenye virusi vya ukimwi/UKIMWI anaweza kuzaa mtoto kama mwanamke mwingine yeyote. H"
6492,Swa_Ken,Hii inarejelea wakati kutoka kwa mfiduo wa virusi hadi wakati kipimo kinaweza kugundua virusi kwenye,Inachukua muda kidogo kwa kipimo kuonyesha maambukizi ya virusi vya ukimwi. Awamu hii inaitwa hatua 
6493,Swa_Ken,Hatua za kuzuia jamii zinaonyesha ufanisi wa ajabu katika kuzuia maambukizi mapya ya Ukimwi. Mbinu k,"Ndiyo, dawa za kurefusha maisha zinatumika kudhibiti na kutibu Ukimwi. Zinasaidia kudhibiti uzazi wa"
6495,Swa_Ken,Kumsaidia rafiki ambaye ana Ukimwi/UKIMWI kunaweza kuleta mabadiliko makubwa katika ustawi wao na ub,Kusaidia mtu aliye na Ukimwi ambaye anakabiliwa na ubaguzi katika jamii ni muhimu ili kumsaidia kuka
6498,Swa_Ken,Kinga ya Baada ya Kufichua (PEP) ni matibabu ya muda ambayo hutumiwa kupunguza hatari ya kuambukizwa,Muda wa Post-Exposure Prophylaxis (PEP) kwa Ukimwi kwa kawaida huhusisha kutumia dawa za kurefusha m
6502,Swa_Ken,Matumizi ya mara kwa mara na sahihi ya kondomu ni mojawapo ya mbinu bora zaidi za kupunguza hatari y,"Kwa kuwa Virusi Vya Ukimwi hupitishwa kupitia damu, shahawa, ute wa uke au maziwa ya mama, kukumbati"
6503,Swa_Ken,"""Maambukizi ya virusi vya ukimwi (Virusi vya UKIMWI) mara nyingi huendelea kwa hatua, na dalili zina",Tiba ya kurefusha maisha ina uwezo wa kutibu virusi vya ukimwi hadi pale ambapo haionekani katika da
6505,Swa_Ken,"Ndiyo, mwanamke mwenye virusi vya ukimwi/UKIMWI anaweza kuzaa mtoto kama mwanamke mwingine yeyote. H",virusi vya ukimwi (Virusi vya Upungufu wa Kinga ya Mwanadamu) huambukizwa kupitia viowevu fulani vya
6506,Swa_Ken,virusi vya ukimwi (Virusi vya Upungufu wa Kinga Mwilini) na UKIMWI (Acquired Immunodeficiency Syndro,"virusi vya ukimwi (Virusi vya Upungufu wa Kinga ya Mwanadamu) huathiri kimsingi mfumo wa kinga, hasw"
6507,Swa_Ken,"Ndiyo, tiba ya kurefusha maisha (ART) inapunguza kiwango cha kuzidisha virusi vya ukimwi (kujirudia)",Ukimwi (Virusi vya Upungufu wa Kinga Mwilini) vinaweza kuathiri umri wa kuishi wa mtu ikiwa havitati
6508,Swa_Ken,"Hatujui ikiwa watu walio na virusi vya ukimwi wana uwezekano mkubwa wa kupata virusi vya Korona, kwa",Uwezekano wa kupata virusi vya ukimwi (Virusi vya Upungufu wa Kinga ya Mwanadamu) huongezeka kwa ida
6510,Swa_Ken,Uwezekano kwamba ndugu wa baba mwenye Ukimwi na mama asiye na Ukimwi pia watakuwa na Ukimwi unategem,Nasikitika sana kusikia kuhusu hali ngumu anayokumbana nayo kijana huyu. Ni muhimu kumpa usaidizi na
6511,Swa_Ken,Matumizi ya mara kwa mara na sahihi ya kondomu ni mojawapo ya mbinu bora zaidi za kupunguza hatari y,Kuna dawa unayoweza kutumia ili kuzuia kupata ukimwi baada ya kuambukizwa hivi majuzi. Zungumza na m
6513,Swa_Ken,"Sio magonjwa yote ya zinaa (STIs) yanatibika, lakini mengi yanaweza kutibiwa vyema kwa matibabu na d","Ndiyo, magonjwa mengi ya zinaa (STIs), mbali na Ukimwi, yana tiba au yanaweza kutibiwa ipasavyo kwa "
6515,Swa_Ken,"Ikiwa nyote wawili mna virusi, ni muhimu bado kutumia kondomu wakati wa ngono. Hii ni kwa sababu una",Kutumia kondomu iliyoisha muda wake haipendekezwi na kwa ujumla inachukuliwa kuwa si salama. Kondomu
6516,Swa_Ken,Inachukua muda kidogo kwa kipimo kuonyesha maambukizi ya virusi vya ukimwi. Awamu hii inaitwa hatua ,Hii inarejelea wakati kutoka kwa mfiduo wa virusi hadi wakati kipimo kinaweza kugundua virusi kwenye
6518,Swa_Ken,Uwezekano wa mtu kuambukizwa Ukimwi wakati wa kujamiiana mara moja unaweza kutofautiana kulingana na,"Ndani yenyewe, saratani sio ugonjwa wa zinaa. Hata hivyo kuna baadhi ya magonjwa ya zinaa ambayo huo"
6519,Swa_Ken,Ni muhimu kupima virusi vya ukimwi mwanzoni mwa uhusiano kwa sababu kwa njia hiyo utajua hali yako n,"Hiyo inategemea ulipo. Katika baadhi ya maeneo, unahitaji ruhusa kwa wazazi wako’ kabla ya kupata mt"
6522,Swa_Ken,"Ndiyo, inawezekana kwa mtu kupata Ukimwi (Virusi vya Upungufu wa Kinga Mwilini) mara ya kwanza anapo","Ndiyo, inawezekana kufurahia maisha ya ngono yenye kuridhisha na ya kuridhisha ukiwa na Ukimwi. Kuwa"
6524,Swa_Ken,Mtazamo kwamba ngono inakuwa kipengele maarufu zaidi cha mitindo ya maisha ya kisasa inaweza kuhusis,"Tatu, zinazohusisha shughuli za ngono au uhusiano na watu watatu, si jambo geni na zimekuwepo katika"
6528,Swa_Ken,"Upimaji wa Ukimwi kwa kawaida hufanywa kwa kutumia sampuli ya damu, lakini pia kuna njia nyingine za",Unapaswa kusoma maagizo kila wakati kabla ya kufanya kipimo. Fuata maagizo ya mtengenezaji wakati wa
6529,Swa_Ken,Hii inarejelea wakati kutoka kwa mfiduo wa virusi hadi wakati kipimo kinaweza kugundua virusi kwenye,"Muda unaochukua kwa virusi, kama vile Ukimwi (Virusi vya Upungufu wa Kinga Mwilini), kuenea ndani ya"
6533,Swa_Ken,Kinga ya baada ya Mfiduo (PEP) kwa Ukimwi kwa kawaida hupendekezwa kwa watu ambao wamekuwa na uwezek,PEP ni mchanganyiko wa vidonge vinavyopaswa kunywewa kila siku kwa muda wa wiki nne na kwa wakati mm
6537,Swa_Ken,Kujua kama una virusi vya ukimwi (Virusi vya Upungufu wa Kinga Mwilini) kabla ya wengine kujua kunaw,Kukabiliana na watu baada ya kugunduliwa kuwa na virusi vya ukimwi kunaweza kuwa uzoefu wa changamot
6542,Swa_Ken,Kushughulikia hali ambapo mwenzi wako hataki kupima Ukimwi au maambukizi yoyote ya zinaa (STI) inawe,"Kwa bahati mbaya, hapana. Hakuna tiba iliyogunduliwa kwa Ukimwi bado. Ukimwi ni virusi vinavyoshambu"
6545,Swa_Ken,Virusi Vya Ukimwi ni virusi vinavyohusika na UKIMWI. Watu huwa katika hofu ya kifo kila mara kwa sab,Kugundulika kuwa na virusi vya ukimwi (Virusi vya Upungufu wa Kinga Mwilini) ni hali mbaya ya kiafya
6546,Swa_Ken,"Kwa kuwa Ukimwi hupitishwa kupitia damu, shahawa, ute wa uke au maziwa ya mama, kumkumbatia au kumbu",Kushiriki ngono ya mdomo kuna uwezekano mdogo wa kuambukizwa Ukimwi ikilinganishwa na aina nyingine 
6548,Swa_Ken,"Hapana, huwezi kupata virusi vya ukimwi (Virusi vya Upungufu wa Kinga Mwilini) kwa kushiriki vyombo,","Mimi si mtaalamu wa sheria au matibabu, lakini ninaweza kutoa maelezo ya jumla kuhusu hatua unazowez"
6556,Swa_Ken,"Ndiyo, inawezekana kwa wanandoa kupata watoto wakati mwenzi mmoja ana Ukimwi (anayeishi na Ukimwi). ","Kushiriki katika ngono na mtu anayeishi na Ukimwi/UKIMWI kuna hatari ya kuambukizwa Ukimwi, lakini h"
6558,Swa_Ken,"Ndiyo, kuna dawa na mikakati ya kuzuia ambayo inaweza kusaidia kupunguza hatari ya kupata magonjwa y",Hakuna tiba ya virusi vya ukimwi (Virusi vya Upungufu wa Kinga Mwilini) au magonjwa mengi ya zinaa (
6559,Swa_Ken,"Kunusurika na kudhibiti Ukimwi/UKIMWI kunawezekana kabisa kwa utunzaji sahihi wa matibabu, matibabu ",Kukomesha virusi vya ukimwi/UKIMWI (Virusi vya Upungufu wa Kinga Mwilini/Ugonjwa wa Upungufu wa King
6562,Swa_Ken,virusi vya ukimwi (Virusi vya Upungufu wa Kinga Mwilini) na UKIMWI (Upungufu wa Kinga Mwilini) vinaw,"Ikiwa matokeo ya kipimo ni hasi, unaweza kupata taarifa kuhusu jinsi ya kukaa hivyo na ikiwa wewe ni"
6564,Swa_Ken,Kusaidia mtu aliye na Ukimwi ambaye anakabiliwa na ubaguzi katika jamii ni muhimu ili kumsaidia kuka,"Kuishi na virusi vya ukimwi kunaweza kuwa uzoefu wa changamoto na wa kibinafsi, na uamuzi wa kufichu"
6565,Swa_Ken,"Yeyote ambaye ameambukizwa virusi vya ukimwi ama kwa kujamiiana bila kinga, kutumia sindano au kuath",PrEP inaweza kuchukuliwa na mtu yeyote hasi lakini inapendekezwa kwa watu walio katika hatari ikiwa 
6569,Swa_Ken,Ni kweli kwamba watu wengi wanaoishi na virusi vya ukimwi wanaweza kuishi maisha marefu na yenye afy,Matarajio ya maisha ya mtu anayeishi na Ukimwi/UKIMWI yanaweza kutofautiana kulingana na mambo mbali
6571,Swa_Ken,virusi vya ukimwi katika damu ya mama inaweza kupita katika mwili wa mtoto wake wakati yeye ni mjamz,"Ukimwi vinaweza kuambukizwa kutoka kwa mama kwenda kwa mtoto wake wakati wa kuzaa, mchakato unaojuli"
6572,Swa_Ken,Matibabu ya kurefusha maisha pia hurejelewa kama tiba ya kupunguza makali ya virusi vya ukimwi. Inah,kipimo wa virusi vya ukimwi angalau mara moja kila mwaka ikiwa unafanya ngono. Hata kama unatumia ul
6573,Swa_Ken,Kujidhibiti usiingie katika uhusiano wa kimapenzi inaweza kuwa chaguo la kibinafsi na inaweza kutege,Maambukizi ya Ukimwi (Virusi vya Upungufu wa Kinga ya Binadamu) hayana sifa maalum za nje ambazo zin
6574,Swa_Ken,"virusi vya ukimwi (Virusi vya Upungufu wa Kinga ya Mwanadamu) hutambuliwa kama ugonjwa muhimu na, ma",Tiba ya kurefusha maisha ina uwezo wa kutibu virusi vya ukimwi hadi pale ambapo haionekani katika da
6576,Swa_Ken,"Hapana, haifai kufanya ngono bila kinga ukiwa kwenye Kinga ya Baada ya Kufichua (PEP). PEP ni tiba y",Ikiwa umefanya ngono bila kinga na mwenzi wako na unashuku kuwa anaweza kuwa na Ukimwi au ana maambu
6579,Swa_Ken,Hatua za kuzuia Ukimwi (Virusi vya Upungufu wa Kinga ya Binadamu) zinalenga kupunguza hatari ya maam,"Baada ya takriban miongo miwili ya utafiti kuhusu afua za kuzuia maambukizi ya Ukimwi, kuna data nyi"
6580,Swa_Ken,Kuchukua dawa za virusi vya ukimwi ni njia bora ya kuzuia kupata OI. Dawa ya virusi vya ukimwi inawe,"Kutoa msaada wa chakula, ikiwa ni pamoja na unga kwa ajili ya uji, kwa watu wanaoishi na Ukimwi/UKIM"
6581,Swa_Ken,Matokeo ya kipimo tendaji inamaanisha kuwa kipimo hakikuwa wazi ikiwa una virusi au la. Utahitaji ku,"Hapana, kuwa na Ukimwi haimaanishi kuwa ndio mwisho wa maisha yako. Ukimwi (Virusi vya Upungufu wa K"
6585,Swa_Ken,Kumsaidia rafiki ambaye ana Ukimwi/UKIMWI kunaweza kuleta mabadiliko makubwa katika ustawi wao na ub,Kusaidia mtu aliye na Ukimwi ambaye anakabiliwa na ubaguzi katika jamii ni muhimu ili kumsaidia kuka
6587,Swa_Ken,"Kabla ya dawa za Virusi Vya Ukimwi kupatikana, Wanasayansi walikuwa wakifikiri kwamba karibu nusu ya",PrEP (Pre-Exposure Prophylaxis) kwa kawaida huchukuliwa na watu ambao hawana Ukimwi lakini walio kat
6588,Swa_Ken,"Ndiyo, ni kweli kwamba kuna aina tofauti na aina ndogo za virusi vya ukimwi (Virusi vya Upungufu wa ",Tiba ya kuzuia vijidudu huondoa kabisa virusi vya ukimwi kutoka kwa mwili wako ikiwa ni pamoja na ku
6589,Swa_Ken,"Ndiyo, kabisa. Jambo bora la kufanya ni kila wakati mtoto wako ajaribiwe ili ujue cha kufanya. ","Ndiyo. Ni muhimu kupima virusi vya ukimwi unapokuwa mjamzito, ili kujua kama una virusi vya ukimwi.I"
6593,Swa_Ken,"PrEP, ambayo inawakilisha Pre-Exposure Prophylaxis, ni mbinu ya kuzuia kupunguza hatari ya kuambukiz","PEP (Post-Exposure Prophylaxis) na PrEP (Pre-Exposure Prophylaxis) zote ni mbinu za kuzuia Ukimwi, l"
6594,Swa_Ken,"Ikiwa umefanya ngono na mtu unayeshuku au unayemfahamu kuwa na Ukimwi, ni muhimu kuchukua hatua za h",Hatua ifaayo ni kuzungumza na mtoa huduma wa afya aliyefunzwa ambaye atakuongoza katika mchakato wa 
6597,Swa_Ken,"Wabebaji wa Ukimwi, ambao mara nyingi hujulikana kama ""watu wenye Ukimwi"" au ""watu wanaoishi na Ukim","Kushiriki katika ngono na mtu anayeishi na Ukimwi/UKIMWI kuna hatari ya kuambukizwa Ukimwi, lakini h"
6604,Swa_Ken,"Ndiyo, kuna njia mbalimbali za kudhibiti na kuzuia magonjwa ya zinaa (STDs) na magonjwa ya zinaa (ST",Kuwa na maambukizo ya zinaa (STI) kunaweza kuongeza hatari ya kupata au kusambaza Ukimwi (virusi vya
6606,Swa_Ken,"Ndiyo, matumizi ya kondomu yanapendekezwa sana wakati wa shughuli za ngono, hasa kwa watu ambao hawa",Bado unaweza kufanya ngono nzuri kwa kutumia kondomu: Eleza kwamba unaweza kufanya kondomu kuwa sehe
6615,Swa_Ken,Wanawake wengi wanaopima virusi vya ukimwi wakiwa wajawazito hawajui kuwa wana virusi vya ukimwi. Hu,"Ndiyo, wingi wa virusi vya mtu anayeishi na Ukimwi una jukumu muhimu katika uwezo wao wa kusambaza v"
6616,Swa_Ken,"Kujizuia kufanya ngono ni chaguo la kibinafsi ambalo linategemea hali yako binafsi, maadili, na mape","Kutambua kama mtu ameshiriki tendo la ngono ni jambo la kibinafsi na la kibinafsi, na inapaswa kuteg"
6623,Swa_Ken,"Kugusa: Kugusa kunahusisha kuweka mikono yako, sehemu nyingine za mwili, au vinyago vya ngono kwa mw","Ndiyo, kuna hatari kubwa ya kupata virusi vya ukimwi unapofanya ngono ya mkundu bila kinga. Hii ni k"
6624,Swa_Ken,"Upatikanaji wa dawa za bure za virusi vya ukimwi, mara nyingi hujulikana kama tiba ya kurefusha mais",HAPANA. Mimea na dawa mbadala haziwezi kuponya virusi vya ukimwi. Njia pekee ya kudhibiti virusi vya
6625,Swa_Ken,Bado unaweza kufanya ngono nzuri kwa kutumia kondomu: Eleza kwamba unaweza kufanya kondomu kuwa sehe,Kondomu ni nzuri sana katika kupunguza hatari ya maambukizi ya Ukimwi inapotumiwa kwa usahihi na kwa
6628,Swa_Ken,"Kuharibika kwa mimba ni kupoteza mimba kabla ya fetusi kuishi nje ya tumbo la uzazi, ambayo hutokea ","Mimba inaweza kuhusishwa na ishara na dalili mbalimbali, lakini ni muhimu kutambua kwamba hizi zinaw"
6631,Swa_Ken,Ndiyo! Inawezekana kupata mtoto asiye na virusi vya ukimwi kwa usalama pamoja.,"Ndiyo, inawezekana kwa wazazi wawili walio na Ukimwi kuzaa mtoto asiye na Ukimwi, lakini inahitaji u"
6632,Swa_Ken,"Utumiaji wa kondomu (ambazo mara nyingi hujulikana kama ""CD"" au ""kondomu"") wakati wa shughuli za ngo","Sio kila mtu yuko tayari kutumia kondomu, kwa hivyo usifikirie kuwa mwenzi wako atataka au kuwa na m"
6633,Swa_Ken,"Ikiwa umefanya ngono na mtu unayeshuku au unayemfahamu kuwa na Ukimwi, ni muhimu kuchukua hatua za h",Iwapo unaishi na virusi vya ukimwi na unapenda kuchumbiana au kuanzisha uhusiano wa kimapenzi na was
6634,Swa_Ken,"Baada ya takriban miongo miwili ya utafiti kuhusu afua za kuzuia maambukizi ya Ukimwi, kuna data nyi","Kumsaidia mtu aliye na Ukimwi kimatibabu kunahusisha kuhakikisha kuwa anapata huduma ya afya, matiba"
6635,Swa_Ken,"Vinyago vya ngono vinagusana na maji maji ya uke, kamasi ya mkundu na shahawa. Hii inamaanisha kuwa ",Kushiriki ngono ya mdomo kuna uwezekano mdogo wa kuambukizwa Ukimwi ikilinganishwa na aina nyingine 
6636,Swa_Ken,Matokeo ya upimaji wa Ukimwi kwa kawaida huchukuliwa kuwa ya siri na ya faragha. Watoa huduma za afy,"Mimi si mtaalamu wa sheria au matibabu, lakini ninaweza kutoa maelezo ya jumla kuhusu hatua unazowez"
6637,Swa_Ken,"Ndiyo, inawezekana kwa mtu kupata Ukimwi (Virusi vya Upungufu wa Kinga Mwilini) mara ya kwanza anapo","Ukimwi/UKIMWI vinaweza kuambukizwa kwa njia ya kujamiiana, ikijumuisha ngono ya uke, mkundu, na ya m"
6641,Swa_Ken,Watu wazima wenye umri wa miaka 15 na zaidi ambao wameambukizwa hivi karibuni na virusi vya ukimwi n,"Watoto wenye umri kati ya 0 - 14 wanaoishi na virusi vya ukimwi ni kati ya 66, 000 na 100, 000."
6643,Swa_Ken,Imani kwamba wanaume wako katika kiwango cha chini cha kuambukizwa Ukimwi/UKIMWI si sahihi kabisa. V,"Ndiyo, inawezekana kuwa na uhusiano salama na wenye afya na mtu aliye na virusi vya ukimwi (anayeish"
6644,Swa_Ken,Ndiyo. Watu wenye virusi vya ukimwi pia wanaweza kuwa na maisha ya ngono yenye afya na ya kufurahish,Unapomshauri mtu ambaye amegunduliwa kuwa na virusi vya ukimwi (Virusi vya Upungufu wa Kinga ya Mwan
6645,Swa_Ken,virusi vya ukimwi (Virusi vya Upungufu wa Kinga ya Mwanadamu) kwa ujumla haisambazwi kwa njia ya mat,Hakuna hatari katika kuchangia damu kwa sababu vyombo na sindano husafishwa kila wakati kabla ya mat
6646,Swa_Ken,"Ni muhimu kufafanua kuwa kuwa LGBTQ+ (Msagaji, Mashoga, Mwenye Jinsia Mbili, Mbadili jinsia, Queer/K","Kuepuka shughuli za ngono wakati wako kama mwanafunzi ni chaguo la kibinafsi, na ni muhimu kutanguli"
6649,Swa_Ken,"Kabla ya dawa za Virusi Vya Ukimwi kupatikana, Wanasayansi walikuwa wakifikiri kwamba karibu nusu ya",Inachukua muda kidogo kwa kipimo kuonyesha maambukizi ya virusi vya ukimwi. Awamu hii inaitwa hatua 
6650,Swa_Ken,Kujiepusha na shughuli zinazoweza kusababisha maambukizi ya virusi vya ukimwi ni mojawapo ya njia bo,Ni vigumu kuzuia TB kwa sababu inaweza kupitishwa kwa njia ya hewa. Ikiwa una virusi vya ukimwi na m
6652,Swa_Ken,Kuendelea kwa maambukizi ya virusi vya ukimwi (Virusi vya Upungufu wa Kinga Mwilini) hutofautiana ka,Muda unaochukua kwa mtu aliye na virusi vya ukimwi (Virusi vya Upungufu wa Kinga Mwilini) kupata UKI
6653,Swa_Ken,Kondomu ni nzuri sana katika kupunguza hatari ya maambukizi ya Ukimwi inapotumiwa kwa usahihi na kwa,"Tafiti zinaonyesha kuwa kondomu zikitumiwa ipasavyo hutoa kinga dhabiti dhidi ya Ukimwi, na pia kuwa"
6657,Swa_Ken,"Hapana, Ukimwi haiwezi kuponywa ndani ya saa 24 baada ya kujamiiana au kipindi chochote kifupi baada","Hakuna tiba inayojulikana ya Ukimwi/UKIMWI, na hakuna matibabu ambayo yanaweza kuondoa kabisa virusi"
6664,Swa_Ken,"Aina bora ya kondomu kwako inategemea mapendeleo yako ya kibinafsi, mahitaji, na mambo yoyote maalum",Kondomu mara nyingi zinapatikana bila malipo kutoka kwa kliniki za afya ya ngono au wataalamu wa afy
6665,Swa_Ken,Tiba ya kurefusha maisha (ART) ni sehemu muhimu ya kudhibiti maambukizi ya virusi vya ukimwi (Virusi,"Hapana, kuchukua dawa za kurefusha maisha (ART) kwa muda mrefu hakutibu Ukimwi (Virusi vya Upungufu "
6666,Swa_Ken,Kula kwa AfyaKula kwa afya ni nzuri kwa afya yako kwa ujumla. Kufuatia lishe yenye afya kuna faida k,"Ngono inaweza kuwa sehemu ya afya na ya kawaida ya maisha ya binadamu inapofanywa kwa maelewano, kwa"
6669,Swa_Ken,"Ikiwa umefanya ngono na mtu unayeshuku au unayemfahamu kuwa na Ukimwi, ni muhimu kuchukua hatua za h","Hapana, kuwa na Ukimwi haimaanishi kuwa ndio mwisho wa maisha yako. Ukimwi (Virusi vya Upungufu wa K"
6670,Swa_Ken,"Kwa watu wazima wenye umri kati ya miaka 15 - 49, ni kati ya 3.7% hadi 4.4%. Wanawake wanaoishi na v",Kiwango cha maambukizi ya virusi vya ukimwi kwa wanaume nchini Kenya ni kati ya 2.2% - 3.0%.
6674,Swa_Ken,"Ni kawaida tu kuwa na wasiwasi na wasiwasi kwa mtoto wako. Hata hivyo, virusi vya ukimwi inasimamiwa",Kumpima mtoto wako kwa virusi vya ukimwi ndiyo njia pekee ya uhakika ya kujua ikiwa mtoto wako ana v
6675,Swa_Ken,"Ndiyo, inawezekana kwa wazazi wawili walio na Ukimwi kuzaa mtoto asiye na Ukimwi, lakini inahitaji u","Ndiyo, inawezekana kwa mtu aliyezaliwa na virusi vya ukimwi/UKIMWI kuolewa na kupata watoto ambao ha"
6676,Swa_Ken,Kushiriki ngono ya mdomo kuna uwezekano mdogo wa kuambukizwa Ukimwi ikilinganishwa na aina nyingine ,Muda unaochukua kwa virusi vya ukimwi kuenea kutoka kwa mtu aliyeambukizwa hadi kwa mtu mwingine wak
6678,Swa_Ken,"Ndiyo, kondomu zikitumiwa kwa uthabiti na kwa usahihi, huwa na ufanisi mkubwa katika kupunguza hatar","Ndiyo, matumizi sahihi na ya mara kwa mara ya kondomu yanaweza kutoa kinga dhidi ya virusi vya ukimw"
6682,Swa_Ken,"Ikiwa umefanya ngono na mtu unayeshuku au unayemfahamu kuwa na Ukimwi, ni muhimu kuchukua hatua za h","Kudumisha mlo bora ni muhimu kwa kila mtu, ikiwa ni pamoja na watu wanaoishi na Ukimwi (Virusi vya U"
6684,Swa_Ken,Ni muhimu kuelewa kwamba hakuna njia ya kubainisha hali yako ya Ukimwi bila kupima Ukimwi. Ukimwi ni,Kuna njia moja tu ya kujua kama una Virusi Vya Ukimwi au la. Hii ni kupitia kipimo maalum cha damu a
