val_idx,subset,pred_stage4,pred_stage5
0,Aka_Gha,"Aban ahorow, NGO ahorow, ne mpɔtam ahyehyɛde ahorow di dwuma titiriw wɔ nhomasua ne adwumayɛ ho ntet","Nea ɛbɛyɛ na wɔadu mmabun a wɔato wɔn hintidua anaasɛ wonnya mmoa pii, a wɔn a wofi atubrafo, nnipa "
1,Aka_Gha,Mmara kwan so hokwan ahorow kyerɛ hokwan ahorow ne ahobammɔ a mmara de ma ankorankoro. Wɔ nna ne awo,"Ɛnanom akwahosan kyerɛ nnipa akwahosan wɔ nyinsɛn, awo, ne awo akyi bere. Ɛho hia sɛ mmabun te ase e"
2,Aka_Gha,"Mmabun betumi atu anammɔn pii de ahu sɛ wɔn nna ne awo akwahosan ho nsɛm bɛkɔ so ayɛ kokoamsɛm, a ne","Ɛtɔ mmere bi a, akwahosan ho nhyehyɛe no mu a wobɛfa so no betumi ayɛ den, nanso anammɔn pii wɔ hɔ a"
4,Aka_Gha,Ahyehyɛde ahorow a ɛwɔ mpɔtam hɔ de abɛɛfo mfiridwuma nea broni ka no 'technology'  ne 'sohyial medi,Mfiridwuma foforo a ɛwɔ hɔ a wɔde bɛboa mmabun nna ne awo akwahosan no bi ne: Mobile apps: Apps te s
8,Aka_Gha,Amammerɛ mu gyinapɛn ahorow a ɛwɔ atubrafo ne nnipa kakraa bi mu no nya adwene a nkurɔfo kura wɔ mme,"Fi ase  wɔ ɔpɛ a wowɔ sɛ wobɛka w’akwahosan ne wo yiyedi ho asɛm pefee na woadi nokware adi, na ma w"
9,Aka_Gha,Abrabɔ pa ho nsusuiɛ wɔ sikasɛm nhyehyɛeɛ a ɛfa mmarima ne mmaa ho a wɔbɛhyehyɛ na wɔde adi dwuma no,Nea ɛka abrabɔ pa ho nsusuwii a wɔde bedi dwuma wɔ ɔkwan a egyina hokwan ahorow so a wɔde bedi dwuma
13,Aka_Gha,Amammerɛ mu nteaseɛ 'cultural sensitivity'  de nkabom ne obu anaa nidi ba ma afoforow a wɔ dwene fa ,"Yiw, amammerɛ mu ahokokwaw ho nneɛma ne nneɛma bi wɔ hɔ a mmabun betumi ate wɔn hokwan ne akwan ahor"
15,Aka_Gha,"Ɛtaa ba sɛ nipadua no nsɛso sesa wɔ mmerantebere ne mmabaabere mu, na ebetumi agye bere kakra ansa n","Nyinsɛn biara de asiane ahorow bi ba, nanso mmabun betumi ahyia asiane a ɛkɔ soro kakra wɔ nsɛnnenne"
19,Aka_Gha,Nsɛnkyerɛnne bi a ɛkyerɛ sɛ ebia wubenya mfaso afi adwumayɛfo mmoa mu ni: Sɛ wote nka sɛ wo ho yeraw,Nsɛnkyerɛnne a ɛtaa ba a ɛkyerɛ sɛ abusuabɔ a ɛnyɛ papa anaasɛ ɛyɛ ayayade no bi ne: Ahyɛde: Ɔhokafo
20,Aka_Gha,Atipɛnfo nkyerɛkyerɛ nhyehyɛe ahorow ma mmabun nya kwan nya nsɛm a ɛyɛ nokware a atipɛnfo a wɔatete ,Nsɛm ho amanneɛbɔ ho nimdeɛ ma mmabun tumi susuw nkrasɛm a wɔde ma wɔ nsɛm ho amanneɛbɔ mu a ɛfa nna
21,Aka_Gha,Ma Nhumu: Yɛ nkyerɛkyerɛ nhyiam anaa nhyiam ahorow ho nhyehyɛe de ma nkurɔfo hu hia a nna ho nkyerɛk,Mmara anaa nhyehyeɛ betumi akyerɛ STI ano aduro ho nkyerɛkyerɛ ne nneɛma a wɔde bɛma wɔ sukuu anaa m
22,Aka_Gha,Yɛ tebea a wobɛte nka sɛ wo ho tɔ wo sɛ wobɛda wo haw ahorow adi anaasɛ wubebisa nsɛm a wunsuro sɛ w,Nneɛma ne nnwinnade ahorow wɔ hɔ a ɛbɛboa wo ma woanya nkɔso na ahyɛ wo nsusuii a ɛyɛ katee a ɛfa nn
23,Aka_Gha,Mmabun hyia akwansideɛ ne nsɛnnennen pii berɛ a wɔrebɔ mmɔden sɛ wɔde wɔn ho bɛhyɛ nkɔmmɔdie ne gyin,Mmabun hyia nsɛnnennen soronko wɔ nyinsɛn mu: Atinka mu Nkɔso: Woda so ara renya w’ankasa atinka mu 
24,Aka_Gha,Mmabun a wonni akwahosan ho a broni ka no 'insurance' no wɔ akwan pii a wɔbɛfa so anya nna ne awo ak,"Yiw, mmabun betumi anya nna ne awo ho akwahosan ho nhyehyɛe a wonni insurance anaa sika. Ayaresabea "
25,Aka_Gha,"Ɔkwan a egyina hokwan ahorow so gye tom sɛ asetra, sikasɛm, ne nneɛma a atwa yɛn ho ahyia a ɛtrɛw, a",Mmusua betumi akasa ama nhyehyɛe ahorow a ɛfa asetena mu nneɛma a ɛkyerɛ mmabun nna ne awoɔ apomoden
26,Aka_Gha,"Wo ho a wobɛkamfo akyerɛ wɔ afotu anaa ayaresa bere mu no hwehwɛ sɛ wobɛka w’ahiade, nea wopɛ, ne ah",Hu wo hye: Honam fam nsa a wode bɛka wo ho bɛn na wo ho tɔ wo? Dwumadi ahorow bɛn na wɔmfa anohyeto 
27,Aka_Gha,"Kyerɛw nsɛm a ɛfa ayayade ho, a nna, mmere, ne ankorankoro a wɔde wɔn ho hyɛɛ mu ka ho. Hwehwɛ mmoa ","Sɛ wuhyia nsɛm a ɛmfata anaa ɛda adi pefee a ɛfa nna ne awo akwahosan ho wɔ Intanɛt so a, to wɛbsaet"
28,Aka_Gha,Aban ne nhyehyeɛ a wɔyɛ no bɛtumi: Wɔde nna ho nkyerɛkyerɛ nhyehyɛeɛ a ɛkɔ akyiri adi dwuma wɔ sukuu,Akwahosan ho adwumayɛfo betumi ayɛ nneɛma pii de ama nna ne awo akwahosan ho nhyehyɛe ayɛ nea ne bo 
31,Aka_Gha,Nyinsɛn a woyi gu a ahobammɔ wom na mmara ma ho kwan yɛ nea akwahosan ho ɔyaresafo a ɔfata yɛ wɔ aya,Nsɛm a ɛyɛ kokoam bere a wɔne akwaahosan ho adwumayɛfo resusuw nna ne awo akwaahosan ho no betumi ay
32,Aka_Gha,"Wɔ afotu anaa ayaresa bere mu no, wo ne wo fotufo anaa ɔyaresafo behyia wɔ kokoam ne kokoam tebea mu",Mpɛn dodow ne bere tenten a wɔde ma afotu anaa ayaresa no betumi ayɛ soronko a egyina w’ahiade ne w’
34,Aka_Gha,Wo sukuu ɔyarehwɛfo anaa ɔfotufo betumi de kokoam mmoa ne nsɛm a ɛfa nna mu akwahosan ho ama. Ayareh,Nhwɛsoɔ a ɛfa amammerɛ mu nimdeɛ a ɛwɔ apomoden ho dwumadie mu ma mmabun ne: Kasa nkyerɛaseɛ dwumadi
35,Aka_Gha,"Nkɔmmɔbɔ ne adwumayɛ a ɛda aban ahorow, ɔmanfo nnwumakuo ahorow, nhomasua asoɛe ahorow, ne amanaman ",Ayɔnkofa a wɔne ankorankoro ne ɔmanfoɔ ahyehyɛdeɛ bɛyɛ no bɛtumi ama mmabun anya sikasɛm mu nnwuma t
38,Aka_Gha,"Nhwɛsoɔ pii wɔ hɔ a ɛfa nnwuma, ne nhyehyɛeɛ a ɛfa adwenemhaw ho a adi nkonim wɔ nna mu basabasayɛ d","Mmabun betumi anya ahokokwaw, ahotoso, ne ahoɔden a wɔde bɛkasa atia mmarima ne mmea ho adwene a ɛnt"
40,Aka_Gha,"Mmabun a wɔahyia nna mu basabasayɛ no wɔ akwan horow pii a wɔfa so bɔ amanneɛ, a nea ɛka ho ne amann","Wo Ho Hwɛ: Fa dwumadi ahorow a ɛma obi nya yiyedi nyinaa, te sɛ apɔ mu ateneatene, adidi pa, ne akwa"
42,Aka_Gha,"Sikasɛm nketewa kyerɛ sikasɛm mu nnwuma, te sɛ bosea nketewa, sikakorabea, insurance, ne sikatua ho ","Sikasɛm ho adwumayɛ kyerɛ nneɛma ne ano aduro ahorow a sikakorabea ahorow, boseabɔ akuo, ne sikasɛm "
50,Aka_Gha,"Akwan ahorow wɔ hɔ a wɔfa so yɛ nna mu nyarewa ""STI"" nhwehwɛmu, a egyina nna mu nyarewa ""STI"" ko a w",Sɛnea wobɛhwɛ sɛ woanya nna mu nyarewa a 'STI' nhwehwɛmu ne ayaresa mmoa: Hunu mpɔtam hɔ apɔmuden mm
51,Aka_Gha,"Animtiaabu, nyiyimu, ne nnipa a wɔde wɔn to nkyɛn no ka mmabun a wotu kɔtra mmeae foforo ne wɔn a wɔ","Nkitahodi mu nipasu, te sɛ abusuakuw, mmusuakuw, nyamesom, ɔbarima ne ɔbea nna, ne nna ho akɔnnɔ, ne"
52,Aka_Gha,Mmabun betumi adi ntawntawdi anaa adwene a enhyia wɔ nkitahodie bi mu ho dwuma wɔ ɔkwan a ɛma denhyɛ,Mfaso a ɛtra hɔ kyɛ a ɛwɔ ntawntawdi ano aduru ho nimdeɛ a emu yɛ den a wobenya ama mmabun so no bi 
53,Aka_Gha,Adwene a ɛnteɛ anaa anansesɛm a wɔtaa nya wɔ sika ne sikasɛm ho a mmaabun betumi ahyia no bi ne gyid,Adwene a ɛnteɛ a wɔtaa nya wɔ awo hokwan ne ahofadi a mmabun wɔ ho no bi ne gyidi ahorow a ɛne sɛ mm
54,Aka_Gha,"Atipɛnfo mmoa nkitahodi ahorow ma nkitahodi a ɛda adi pefee, osuahu ahorow a wɔkyɛ, ne wɔn ho wɔn ho","Nkitahodi ho nimdeɛ ho hia na ama wɔne atipɛnfo, ayɔnkofo, ne wɔn a wɔkamfo kyerɛ a wɔwɔ gyinapɛn ne"
59,Aka_Gha,Ankorankorɛ: Mmabun a wɔwɔ nimdeɛ. Mpɔtam: Nkabom ne ahoɔden. Apɔwmuden: Nkɔsoɔ ne pɛyɛ. Aban: Nniso,"Dwumadie a wɔde ma: Ahyehyɛdeɛ a ɛwɔ mpɔtam hɔ, nnipa mmoa adwumakuo, ne mpɔtam hɔ apɔmuden ho adwum"
62,Aka_Gha,"Aane, adwenem apɔwmuden ho mmoa bi wɔ hɔ a ɛwɔ Intanɛt so a wobetumi anya wɔ kasa ahorow pii mu anaa",Binom ne: Mmabun adwenem apɔwmuden ho animdefoɔ anaa adwene ho animdefoɔ a wɔn ho akokwaw wɔ mmabun 
63,Aka_Gha,"Nkɔmmɔbɔ ne nkitahodi a ɛda aban ahorow, apɔwmuden ho mpanyimfo, ne afoforo a wɔde wɔn ho hyɛ mu nta","Animtiaabu, nyiyimu, ne nnipa a wɔde wɔn to nkyɛn no ka mmabun a wotu kɔtra mmeae foforo ne wɔn a wɔ"
64,Aka_Gha,Mmabun betumi de wɔn suahu ahorow a wonya fi mmabun adwumayɛ nhyehyɛe ne adwumayɛ mu ntetee mu no ad,"Aban ahorow, NGO ahorow, ne mpɔtam ahyehyɛde ahorow di dwuma titiriw wɔ nhomasua ne adwumayɛ ho ntet"
65,Aka_Gha,"Aane, intanɛt beae beae wɔhɔ a wɔma mpɔtam ne nwomasua mmoa ma mmabun a wɔfa nna mu ne awoɔ apɔmmude",Aduruyɛ mu mmoa a wɔde ma mmabun a wɔwɔ ɔhaw tebea horow a ɛfa nna ne awo akwahosan ho no betumi ayɛ
66,Aka_Gha,Susuade pa a ɛbɛtumi aboa wo ma wo adwene mu atsea na wo ho atɔ wo bi ne: Adwene a Wɔde Si Adwene ne,Aduan pa di dwuma titiriw wɔ adwennwen ano aduru mu efisɛ nnuan bi betumi ama ahoɔden a ɛwɔ nipadua 
67,Aka_Gha,CSE nhyehyɛe ahorow boa mmabun ma wonya nimdeɛ a ɛbɛma wɔatumi adi nkitaho ne gyinaesi a etu mpɔn wɔ,Gye a wogye tom: Afotufo de tebea a ɛnyɛ atemmu ma a wɔde hwehwɛ nna ho akɔnnɔ ne ɔbarima ne ɔbea nn
68,Aka_Gha,Mmabun wɔ hokwan sɛ wɔnya kokoamunsɛm bere a ɛfa nna mu apɔmuden mmoa ho: Mmara hyɛ apɔmuden adwumay,Atipɛnfo nkyerɛkyerɛ ne mmoa di dwuma titiriw wɔ abusuabɔ a obu wom a wɔbɛma anya nkɔso ne basabasay
69,Aka_Gha,"Sɛ wote nka sɛ wɔabu m'apɔmuden hokwan so a, wubetumi afa akwan yi so: Kyerɛ wo haw kyerɛ w'apɔmuden",Fa hokwan a wowɔ sɛ wode kokoam nsɛm sie wɔ tebea horow a wote nka sɛ wɔrebu w’ahye so anaasɛ wɔreky
70,Aka_Gha,"W’amammerɛ mu nsɛm, nyamesom mu gyidi, anaa ɔmanfo gyinapɛn ahorow betumi akyerɛ wo adwene wɔ nna mu","Wo gyinapɛn ne wo gyidi ahorow na ɛkyerɛ wo nsusuwii wɔ ɔbarima ne ɔbea dwumadi, nipasu, ne nsɛm a w"
71,Aka_Gha,Wɔayɛ kokoam nsɛm ho mmara sɛ wɔde bɛbɔ mmabun kokoam hokwan ahorow ho ban bere a wɔrenya nna ne awo,Akwahosan ho adwumayɛfo di dwuma titiriw wɔ mmabun a wɔkyerɛkyerɛ wɔn wɔ mmara kwan so hokwan ahorow
73,Aka_Gha,"Sukuu, sukuupɔn, ne adwumayɛ ho ntetee asoɛe ahorow di dwuma titiriw wɔ sikasɛm nhyehyɛe a ɛfa mmari","Mmabun bɛtumi ahyɛ nneyɛeɛ a ɛkyerɛ tema, ntoboaseɛ, ne obu ho nkuran wɔ wɔn sukuu, mpɔtam, ne amans"
76,Aka_Gha,"Akwahosan nhyehyɛe ahorow betumi ahwɛ ahu sɛ mmabun benya nna ne awo ho akwahosan ho nsɛm a edi mu, ","Akwahosan ho adwumayɛfo, akyerɛkyerɛfo, ne mpɔtam hɔ akannifo betumi de amammerɛ ne nyamesom asoɛe a"
79,Aka_Gha,"Fa ""Me"" nsɛm di dwuma: Fa nsɛmfua te sɛ ""Mete nka sɛ m'ani nngye..."" anaa ""Memmpɛ sɛ meyɛ..."" Da wo ","Yiw, hokwan pii wɔ hɔ ma wo sɛ wobɛyɛ atipɛnfo nkɛntɛnso pa na woakasa ama nna mu akwahosan ho nkyer"
80,Aka_Gha,Mmara mu nsɛm a ɛfa bɔberɛ mu nteaseɛ (gender identity) ne ne ndaadi ho ma mmaayewa ne mmeranteɛ gu ,Transgender: Obi a ɔde ne ho to ɔbarima anaa ɔbea a ɛsono ɔbarima ne ɔbea nna a wɔde ama wɔn wɔ awo 
81,Aka_Gha,Bere tiaa ne bere tenten botae ahorow a ɛfa nna ne awo akwahosan ho nhwɛso ahorow bi ne: Bere tiaa m,Awofo ne ahwɛfo a wɔwɔ abusua nhyehyɛe ahorow mu betumi aboa mmabun ma wɔanya adwene pa wɔ wɔn nipad
82,Aka_Gha,"Wo hokafo no honam ne atenka yiyedi a wobɛboa no hwehwɛ sɛ wobɛda tema, ntease, ne ayamhyehye adi. T",Ɛho hia sɛ wote nka sɛ wowɔ ahobammɔ na wɔbu wo bere a wo ne obi reda. Sɛ wo hokafo pow sɛ ɔde kɔndɔ
83,Aka_Gha,Wobu mmaa ne mmaa da ne mmarima ne mmarima da 'LGBTQ+' sɛ mmara mma ho kwan wɔ Ghana,Mma ne mma da ne mmarima ne mmarima da 'LGBTQ+' yɛ mmara so bu wɔ ɔman no mu na anka wɔrenyɛ ho mfon
84,Aka_Gha,"Mfe a wɔhwehwɛ: Ɛsɛ sɛ mmabun du mfe a wɔadi a akwahosan ho insurance nhyehyɛe ahorow akyerɛ no ho, ","Ma nkurɔfo nhu: Mmabun betumi ayɛ akwahosan ho nkyerɛkyerɛ ɔsatu, adwumayɛbea, anaa nhyiam ahorow ho"
86,Aka_Gha,Mfiridwuma ne digyital akwahosan ho dwumadie betumi adi dwuma titiriw wɔ nna ne awoɔ akwahosan ho ns,Nsonsonoe ne akwansideɛ wɔ mmabun a wotu kɔtra mmeae foforo ne wɔn a wɔde wɔn ho kɔ baabi foforo no 
88,Aka_Gha,Sɛnea ɛbɛyɛ na woabɔ wo kokoam nsɛm ho ban bere a worenya nna mu akwahosan ho nsɛm wɔ Intanɛt so ana,"Ma Nhumu: Trɛw nhumu mu wɔ intanɛt so ahobammɔ ho nsɛm mu wɔ atipɛnfo, akyerɛkyerɛfo, ne awofo mu. A"
89,Aka_Gha,"Ɛkyerɛ sɛ worefa mpanyinyɛ kwan so nanso wohyia ɔhaw bi te sɛ 'stigma', nyiyimu ne mmeammea a wontum",Nneɛma pii wɔ hɔ a wobetumi de ama mmabun a wɔn ani gye ho sɛ wobesua pii afa awo ne abusua kyekye h
90,Aka_Gha,Mmabun betumi akamfo mmarima ne mmea pɛyɛ denam: Ɔsatu a wɔde bɛma nkurɔfo ate ase ne nhyiam ahorow ,Mmara a ɛfa GBV ho no gu ahorow wɔ mmeae ahorow. Nea enti a ɛho hia ni: Hokwan ahorow a Wobɛhu: Mmar
91,Aka_Gha,Social media nkɛntɛnsofoɔ nya nkɛntɛnsoɔ kɛseɛ wɔ mmabun adwene ne wɔn nneyɛeɛ a ɛfa nna mu apɔwmude,Nhyehyɛe mu Nsakrae ne Asoɛe mu Nsakrae a Wɔkamfo: Mmabun betumi de nsɛm ho amanneɛbɔ ho nimdeɛ adi 
92,Aka_Gha,"Animtiaabu kyerɛ gyidi, suban, ne nsusuii hunu a ɛnteɛ a ɛde nyiyim ne asetena mu nyiyim ba ankorank","Animtiaabu, nyiyimu, ne nnipa a wɔde wɔn to nkyɛn no ka mmabun a wotu kɔtra mmeae foforo ne wɔn a wɔ"
94,Aka_Gha,Animtiaabu betumi anya mmabun a wɔresusuw ho sɛ wobeyi nyinsɛn agu no so nsunsuanso bɔne kɛse. Ebetu,Nnwuma ahorow a ɛhwehwɛ sɛ awofo pene so ne nea mmabun betumi anya wɔ kokoam nso gu ahorow gyina mma
95,Aka_Gha,Fa ahye (boundaries) a emu da hɔ si hɔ: Kyerɛkyerɛ w’ankasa gyinapɛn ne ahye ahorow a ɛfa nna ne awo,Ka a wobɛka no pintinn ho hia wɔ atipɛnfo nhyɛso a wobɛfa so no mu efisɛ ɛma wutumi ka w’ahye ho asɛ
99,Aka_Gha,Asane ne anohyeto ahorow a ebetumi aba wɔ akwan horow a wɔfa so bɔ wɔn ho ban mu wɔ nna mu basabasay,Mmabun betumi aboa wɔn a wɔanya wɔn ti adidi mu wɔ nna mu basabasayɛ mu wɔ ɔkwan a ɛfa ɔbarima ne ɔb
101,Aka_Gha,Wiase nyinaa apɔwmuden ho nsɛm a egye ntɛmpɛ a atwam no ama yɛahu hia a ɛho hia sɛ yɛde mmabun nna n,Wɔde Wɔn Ho Bɛka Atipɛnfo Nhomasua Nhyehyɛe Ho: Mmabun betumi akamfo akyerɛ sɛ wɔmfa nsɛm ho amanneɛ
103,Aka_Gha,Amammerɛ anaa asetena mu nsunsuansoɔ a ɛwɔ awoɔ mu apɔmuden nsɛm nteaseɛ so no bi ne: animtiaabu ne ,"Akwahosan mu nsonsonoe kyerɛ nsonsonoe a ɛwɔ akwahosan mu nsunsuanso mu wɔ nnipa akuw ahorow ntam, a"
104,Aka_Gha,Amammerɛ mu Nsunsuanso: Ebia amammerɛ ahorow bi wɔ ahyɛde anaa gyidi ahorow a emu yɛ den wɔ nyinsɛn ,Amammerɛ ne nyamesom mu gyidi ahorow betumi anya suban ne nneyɛe a ɛfa nyinsɛn a wosiw ano ntɛm a wo
106,Aka_Gha,"Nsɛm a ɛnteɛ kyerɛ atoro anaa nsɛm a ɛnteɛ a wɔtrɛw mu, mpɛn pii no wɔanhyɛ da, na ɛde adwene a ɛnte",Adwenemhaw hwɛ ho nsɛm yɛ ɔkwan a wɔfa so hu sɛnea adwenemhaw abu so ne nsunsuanso a ɛwɔ ankorankoro
107,Aka_Gha,"Aane, atipɛnfo mmoa akuw ne nkitahodibea afoforo a ɛnyɛ ɔkwan pa so wɔ hɔ a mmabun betumi akɔ wɔn nk",Bere tenten a wɔde di akyi ne bere a wɔde hwɛ no akyi no gu ahorow gyina ɔbabun no ahiade pɔtee ne n
109,Aka_Gha,Nneɛma a wɔde bɛyɛ adwuma: Apomoden ho adwumayɛfo: Wo duruyɛfo anaa ayaresabea betumi de abusua nhye,"Yɛn nsrahwɛ a yɛkɔ daa no betumi aka nsɛmti ahorow a ɛfa wo nna ne awo akwaahosan ho, a nsɛm biara a"
110,Aka_Gha,Mmabun betumi akamfo awo akwahosan ho dwumadie a wɔbɛma atu mpɔn wɔ wɔn mpɔtam hɔ denam: Awoɔ akwaho,Mmabun betumi akamfo nhyehyɛe ne nhyehyɛe ahorow a ɛhyɛ asetra ne sikasɛm mu mmoa a wɔde ma wɔ nna n
112,Aka_Gha,"Fi ase  wɔ ɔpɛ a wowɔ sɛ wobɛka w’akwahosan ne wo yiyedi ho asɛm pefee na woadi nokware adi, na ma w",Sɛ woresusuw mmanfoɔ amanneɛbɔ anaa akontabuo a ɛfa nna mu akwahosan ho a wotumi de wo ho to so na ɛ
113,Aka_Gha,"Bere a ebia Ghana wɔ mmara kwan so anohyeto ahorow a ɛfa LGBTQ+ nsɛm ho no, sɛnea yebetumi akɔ apomu","Yiw, apomoden ho adwumayɛbea ahorow a ɛyɛ mmerante ne mmabaa adamfofa su taa de nneɛma ahorow ma de "
114,Aka_Gha,Nsɛm ho amanneɛbɔ ho nimdeɛ ma mmabun tumi susuw nkrasɛm a wɔde ma wɔ nsɛm ho amanneɛbɔ mu a ɛfa nna,Mmabun betumi anya nsɛm ho amanneɛbɔ ho nimdeɛ a wɔde bɛkasa atia nkrasɛm a epira na wɔde nsakrae pa
115,Aka_Gha,Wubetumi ahwehwɛ intanɛt so ahwehwɛ akuw a wɔhwɛ nnipadua ho sintɔ ahorow so wɔ Ghana. Wubetumi nso ,"Esiane akwansideɛ ahorow a ɛwɔ mmeae pɔtee bi a wobɛkɔ wɔ intanɛt so nti, sɛnea wobɛhwehwɛ nneɛma wɔ"
116,Aka_Gha,"Nhomasua  betumi: De mmoa ne nneɛma a wɔde asi wɔn ani so ama akuo a wɔato wɔn hintidua, te sɛ nnipa",Mmofra a wɔadi dɛm ne akwahosan tebea ahorow a enni sabea ne nna ne awo akwahosan mu nsonsonoe a ɛwɔ
117,Aka_Gha,Apɔwmuden mu nsonsonoe ne pɛyɛ a enni hɔ betumi asiw mmabun a wobetumi asi gyinae a ɛfata wɔ wɔn nna,Apɔwmuden nhyehyɛe a wɔbɛhyɛ mu den wɔ wiase nyinaa apɔwmuden ho tebea horow a egye ntɛmpɛ te sɛ ɔya
118,Aka_Gha,"Aane, sikasɛm mu mmoa nhyehyɛe pɔtee bi wɔ hɔ a wobetumi de ama mmabun a wofi mmusua a wonni ahobamm",Nnwinnade a ɛwɔ Internet so betumi ayɛ nea tumi wom wɔ nsɛm a wɔka de gyina nkurɔfo akyi. Sɛnea wode
119,Aka_Gha,Mmabun wɔ hokwan sɛ: Wonya nna ne awo akwahosan ho nsɛm a ɛyɛ nokware na ɛkɔ akyiri. Fa aduruyɛ ne a,"Aban ahorow, NGO ahorow, ne mpɔtam ahyehyɛde ahorow di dwuma titiriw wɔ nhomasua ne adwumayɛ ho ntet"
120,Aka_Gha,"Mmabun betumi ne nhyehyɛeyɛfo, mpɔtam hɔ akannifo, ne ahyehyɛde ahorow a wɔkamfo kyerɛ no ayɛ biako ","Mmeranteɛ ne mmabaawa bɛtumi afa akwan ahodoɔ so atia amuo ne nyiyim wɔ wɔn mpɔtam, na wɔagyina ama "
121,Aka_Gha,"Yiw, nnwumakuo ahorow a ɛwɔ mpɔtam hɔ ne mmoa akuw bi wɔ hɔ a wobetumi aboa mmabun ma wɔafa amammerɛ",Nneɛma bi wɔ hɔ a ɛbɛboa wo ma woagyina nkateɛ mu nsunsuansoɔ a STIs de ba no ano: Planned Parenthoo
122,Aka_Gha,Wɔde nnuru a wɔde siw nyinsɛn ano a wɔsan frɛ no awo ano aduru di dwuma de siw nyinsɛn ano. Nneɛma p,Nneɛma bi a wɔde bɛyɛ intanɛt so nkyerɛkyerɛ anaa ɔyɛkyerɛ a ɛfa nnuru a wɔde siw nyinsɛn ano a wɔde
125,Aka_Gha,"Ahomegye apɔw-mu-tentennee: Fa w’adwene si wo home so, home na gye ahome nkakrankakra. Nipadua mu nh","Yiw, nhyiam horow ne abɛɛfo ntentan ahorow pɔtee bi wɔ hɔ a wɔatu wɔn ho ama sɛ wɔde intanɛt so ahok"
126,Aka_Gha,CSE di dwuma titiriw wɔ mmarima ne mmea pɛyɛ a wɔhyɛ ho nkuran no mu denam mmarima ne mmea gyinapɛn ,Wobetumi ayɛ nhyehyɛe ahorow a wɔde besiw nna mu basabasayɛ ano na wɔahyɛ pene a wɔpene so ho nkuran
127,Aka_Gha,"Nyinsɛn a woyi gu a ɛfata wo no gyina nneɛma pii so, a nea ɛka ho ne: Mfe a woadi wɔ nyinsɛn mu (ber","Eyi yɛ obi ankasa gyinaesi, na nneɛma pii betumi anya so nkɛntɛnso (Influence). Nneɛma bi a ɛsɛ sɛ w"
128,Aka_Gha,Kasa kyerɛ wo dɔkota. Kɔ clinics a wɔbɛka w'asɛm kokoam. Fa adamfo ka wo ho. Bɔ kɔkɔ sɛ wɔyi wo asɛm,"Ɛkyerɛ sɛ worefa mpanyinyɛ kwan so nanso wohyia ɔhaw bi te sɛ 'stigma', nyiyimu ne mmeammea a wontum"
129,Aka_Gha,Nsɛnnennen a mmabun a wɔadi dɛm hyia wɔ nna mu akwahosan ho no bi betumi ayɛ: 1. Ɔbarima ne ɔbea nna,Mmabun a wɔtwentwɛn wɔn nan ase sɛ wɔbɛda wɔn suahu ahorow a ɛfa ɔhaw anaa basabasayɛ ho adi no betu
132,Aka_Gha,Nyinsɛn betumi de nkate ne adwene mu apɔwmuden ho nsɛnnennen aba esiane nkwaadɔm mu nsakrae nti: Adw,"Dadwen: Adwennwene betumi ama adwumayɛ ho dadwen aba, .ɛma ɛyɛ den sɛ wobɛgye w’ahome na woanya nna "
133,Aka_Gha,Ankorɛankorɛ asɛm a wɔka: Ka wo suahunu a ɛfa mmaninyɛ ne mmaa-yɛ akwahosan ne ho kwan ho asɛm kyerɛ,"Mmabun betumi akamfo nna ne awo akwahosan ho nsɛmti ho mfonini a ɛyɛ pɛpɛɛpɛ, a ɛka obiara ho, na ɛy"
134,Aka_Gha,Adwene a ɛnteɛ a wɔtaa nya wɔ awo hokwan ne ahofadi a mmabun wɔ ho no bi ne gyidi ahorow a ɛne sɛ mm,"Anansesɛm no bi ne sɛ, ɛyɛ nhyɛ sɛ wodi nna mu agorɛ wɔ mpenatweɛ mu. Wei ɛɔnnyɛ nokware. Wo ne wo h"
135,Aka_Gha,"Sua adeɛ fa nna mu apɔmuden, ne akwan a yɛfa so si nyinsɛn kwan ho. Wo ne ahokafo nni nkitaho pefee,",Nkitahodi a Wɔabue Mu: Fi ase bɔ nkɔmmɔ a emu da hɔ na ɛkyerɛ obu fa abrabɔ pa ho nsɛmti te sɛ pene 
136,Aka_Gha,Mmara kwan so hokwan ho adesua boa ma wɔko tia nyiyim ne animtiaabu a mmabun a wɔrehwehwɛ nna ne awo,Mmara ne nhyehyeɛ a ɛfa ɔhokafoɔ amanneɛbɔ a ɛfa nna mu yarewa a yɛfrɛ no wɔ broɔfo kasa mu sɛ STI n
137,Aka_Gha,Mmara kwan so ahobammɔ a wɔde ma LGBTQ+ ankorankoro no gu ahorow wɔ ɔman anaa ɔmantam biara mu. Wɔ m,Bɔbeasu dwumadi ne akwanhwɛ a ɛyɛ katee betumi anya nea efi mu ba a ɛho hia ama ankorankoro a wɔne a
139,Aka_Gha,"Sɛ wokɔ so yɛ nnam a, ebetumi ayɛ anigye bere a wunya dwumadi ahorow a w’ani gye ho: Akuw Agumadi: B",Akwan a wɔfa so fi ase ne atipɛnfo anaa ahokafo bɔ nkɔmmɔ a ɛfa nna mu akwahosan ho nsɛmti ho wɔ obu
140,Aka_Gha,Ofie Basabasayɛ: Mmabun a wɔadi dɛm a wɔanya wɔn ti adidi mu wɔ ofie basabasayɛ mu no wɔ mmara kwan ,Ahintasɛm: Ahintasɛm kyerɛ sɛ nea wo ne wo fotufo susuw ho no da so ara yɛ kokoam. Wɔmfa nsɛm a wɔky
141,Aka_Gha,"Tumi a wɔde ma: Nna ho nkyerɛkyerɛ a edi mũ ma mmabun nya nimdeɛ wɔ wɔn hokwan ahorow ho, a hokwan a",Nhomasua nhyehyeɛ bɛtumi ahyɛ nnipa hokwan ne asetena mu atɛntrenee ho nkuran wɔ ASRH denam nna ho n
142,Aka_Gha,Ɔbarima ne ɔbea nna ne awo apɔwmuden ho nkyerɛkyerɛ nhyehyɛe ahorow a wɔde ma wɔ sukuu ahorow anaa m,Nneɛma a ɛwɔ hɔ a ɛbɛboa mmabun ma wɔate hokwan a wɔwɔ sɛ wɔpene so na wosi gyinae wɔ nna ne awo akw
143,Aka_Gha,"Wubetumi akamfo sɛ mmabun nya nnuru a wɔde siw nyinsɛn ano ""contraceptive"" a ɛkɔ soro denam: Nhumu a","Nhumu a wɔbɛma: Kyerɛkyerɛ atipɛnfo, akyerɛkyerɛfo, ne mpɔtam hɔ akannifo hia a aduannuru mmoa ho hi"
144,Aka_Gha,Nna mu akwahosan ho nkyerɛkyerɛ ho hia na ama wɔahwɛ ahu sɛ wɔde nsɛm a wohia na ama mmabun anya nna,"Basabasayɛ a egyina ɔbarima ne ɔbaa nna so (GBV) yɛ basabasayɛ a wɔde kyerɛ obi esiane ne bɔbeasu, a"
145,Aka_Gha,"Nea ɛka ahye a wode besi hɔ ho ne sɛ wubehu w’anohyeto ""limits"" ahorow, w’ahiade ahorow, ne w’akɔnnɔ","Mmabun betumi de ahye a ɛfata asi hɔ na wɔakura mu denam wɔn ankasa ahiade, nkate, ne anohyeto ahoro"
146,Aka_Gha,"Nkurɔfo nya wɔn bɔbeasu ""gender identity"" ho osuahu na wɔda no adi wɔ akwan horow so. Ebia ebinom bɛ","Amammerɛ mu gyinapɛn ahorow, gyinapɛn ahorow, ne akwanhwɛ ahorow nya mmabun paw ne hokwan ahorow a ɛ"
147,Aka_Gha,Nsɛm ho amanneɛbɔfo gyinabea ahorow a ɛfa ɔbarima ne ɔbea nna ho di dwuma titiriw wɔ ɔmanfo adwene n,Mmusuo ne Animtiaabu: Amammerɛ ahorow ne musu anaa animtiaabu a ɛfa nna ho no betumi ama wɔaka nna m
150,Aka_Gha,Digitals nsɛm a wɔbɔ no nea broni ka no 'digital content creation' ho hia kɛse ma mmabun efisɛ ɛma n,"Hwehwɛ nsɛm a wotumi de ho to so fi ahyehyɛde ahorow a agye din anaa beaeɛ a yɛtumi de yɛn ho to so,"
151,Aka_Gha,"Nkitahodi yɛ ade titiriw wɔ abusuabɔ biara mu, titiriw bere a ɛfa nna ho no. Sɛ wo ne wo hokafo ka w",Afotu bi ni: Paw mmere a wo ne wo awofoɔ nyinaa ho dwo mo na mobɛtumi anya kokoam nkɔmmɔbɔ. Pae wo m
152,Aka_Gha,Akwahosan ho adwumayɛfoɔ bɛtumi afa amammerɛ ahodoɔ mu de nna ne awo akwahosan (SRH) ho dwumadie a ɛ,"Apomoden ho adwumayɛfo betumi akura nna ne awoɔ hokwan ahorow a mmabun wɔ mu denam: Mmabun ahofadi, "
154,Aka_Gha,Mmara Mmoa Ahyehyɛde: Aman pii wɔ mmara kwan so mmoa ahyehyɛde ahorow a wɔde mmara mu afotu ne mmoa ,Nneɛma ne nnwinnade ahorow wɔ hɔ a ɛbɛboa wo ma woanya nkɔso na ahyɛ wo nsusuii a ɛyɛ katee a ɛfa nn
155,Aka_Gha,Mmabun betumi ahwɛ ahu sɛ wɔwɔ hokwan a wɔwɔ sɛ wɔpene so a wɔde nimdeɛ bɛma ne kokoamsɛm denam hokw,Mmabun betumi ahwɛ ahu sɛ wɔwɔ hokwan sɛ wɔpene so sɛ  wɔde nimdeɛ bɛma ne kokoamsɛm denam nsɛmmisa 
156,Aka_Gha,"Nya Ahoɔden a Wobɛtumi Agyina Ano: Nya ahokokwaw a ɛbɛma woatumi agyina ano, te sɛ adwene a wɔde si ",Nnamfo anaa atipɛnfo a wɔregye wɔn bɔbeasu anaa nna ho akɔnnɔ ho kyim a wɔbɛboa wɔn no hwehwɛ sɛ wob
160,Aka_Gha,Kyɛ Nsɛm a Wotumi De Ho To So: Fa nsɛm fi nnipa a wɔwɔ din pa hɔ to gua. Nkrasɛm Pa: Fa w’adwene si ,"Mmabun betumi de sohyial media, nkitahodi, ne mpɔtam hɔ nhyehyɛe adi dwuma de: Akyɛ nsɛm ne akontaab"
161,Aka_Gha,Mmabun betumi asusuw ahotoso ne ahotoso a ɛwɔ intanɛt so nsɛm ho denam: Ɔkyerɛwfo no ahwehwɛde ne ne,Kokoam Nsɛm Ho Nhyehyɛe: Hwɛ kokoam nsɛm nhyehyɛeɛ a ɛwɔ abɛɛfo ntentanfidie so no mu daa na yɛ nsak
162,Aka_Gha,Anansesɛm anaa adwene a ɛnteɛ a wɔtaa ka wɔ nnuru a wɔde siw nyinsɛn ano ho no bi ne: Atosɛm: Nnuru ,"Atosɛm ne adwene a ɛnteɛ pii wɔ hɔ a ɛfa nnuru a wɔde di dwuma ne adwenem ahokwasan  ho, a nea ɛka h"
163,Aka_Gha,Nhyiamu anaa Nhyiamu: Yɛ nhyiamu anaa nhyiamu ho nhyehyɛeɛ wɔ sukuu anaa mpɔtam hɔ mmeaeɛ a wɔde bɛk,Nsɛm ho amanneɛbɔ akenkan ne akyerɛw nhyehyɛe a ɛwɔ sukuu ahorow mu no nam dwumadi ahorow so hyɛ asu
164,Aka_Gha,"Ɛsɛ sɛ mmabun nya nna ne awo akwahosan ho nhyehyɛe ahorow, a nea ɛka ho ne: Nyinsɛn ano aduro (sɛ nh","Yiw, mmara ne nhyehyɛe ahorow bɔ hokwan ahorow a mmabun wɔ sɛ wonya nna ne awo ho akwahosan ho nhyeh"
167,Aka_Gha,Mmabun betumi akamfo denam: Wɔnam nhomasua ne mmɔdenbɔ a wɔde bɛkɔ akɔma nkurɔfo so ama nkurɔfo ate ,Nyinsɛn a woyi gu ho mmara ne nhyehyɛe ahorow betumi anya nna ne awo ho akwahosan ho nhyehyɛe a edi 
168,Aka_Gha,Nyinsɛn betumi aka abusuabɔ a ɛda wo ne nnamfo ne abusuafo ntam: Nsakrae a ɛba wɔ Asetena mu: Ebia w,Wo ne w'abusua ne nnamfofoɔ kasa. ebetumi ayɛ den. Mmoa a ɛbɛtumi aboa wo no bi nie: Mmoa Akuo: Wo n
169,Aka_Gha,Mmabun wɔ hokwan sɛ wɔnya kokoamunsɛm bere a ɛfa nna mu apɔmuden mmoa ho: Mmara hyɛ apɔmuden adwumay,Nhyehyɛeɛfoɔ hyehyɛ akwan a mmabun betumi afa so ama adwene anaa wɔakyerɛ dadwen wɔ suban pa a ɛwɔ n
171,Aka_Gha,Akwahosan nhyehyɛe betumi ahwɛ ahu sɛ mmabun akuw a wɔato wɔn hintidua anya nna ne awo akwahosan ho ,Nneɛma a Wɔde Wɔn Ho Hyehyɛ Mu a Wɔapaw a aborɔfo ka no 'Tailored Intervention': Nhyehyɛe ahorow a w
172,Aka_Gha,Amammerɛ ne nyamesom mu gyidi ahorow a wɔtaa nya wɔ nna ne awo akwahosan ho no bi ne: Adwene a nkurɔ,"Amammerɛ, nyamesom, ne asetena mu gyinapɛn ahorow nya abrabɔ pa ahye ne gyinapɛn ahorow a wɔde di dw"
173,Aka_Gha,"Aane, mmara ne nhyehyɛeɛ pɔtee wɔ hɔ a ɛbɔ mmabun hokwan a wɔwɔ sɛ wɔnya awoɔ mu apɔmuden ho mmoa ho","Wɔ mpɔtam bi no, ebia akwantu ho nhyehyɛe ahorow bi wɔ hɔ a wɔayɛ no pɔtee sɛnea ɛbɛyɛ a wobedi mmab"
174,Aka_Gha,"Atipɛnfo nhyɛso betumi ada adi wɔ akwan horow so, te sɛ nhyɛso a wobɛte nka sɛ wo ne afoforo nneyɛe,",Dwumadi ahorow a wode di dwuma anaa sɛ wode sua ade betumi ama wo nkitahodi ho nimdeɛ ne ahotoso a w
175,Aka_Gha,"Nsɛm ne Mmoa: Sɛ woresusuw ho sɛ wobɛfa wo ayɛ wo ba anaasɛ wobɛtete wo a, hwehwɛ nsɛm ne mmoa fi mm","Eyi yɛ obi ankasa gyinaesi, na nneɛma pii betumi anya so nkɛntɛnso (Influence). Nneɛma bi a ɛsɛ sɛ w"
176,Aka_Gha,Nkitahodi a nokwaredi wom a wo ne wo hokafo benya no yɛ ade titiri a ɛbɛma woanya abusuabɔ pa. Afotu,"Ankorankoro gyinapɛn ahorow, gyidi ahorow, ne nneɛma a ɛho hia di dwuma titiri wɔ ahyeɛ wobɛto  ama "
179,Aka_Gha,Wubetumi akamfo afotu adwuma ama mmabun a wɔwɔ wo mpɔtam anaa wo mantam mu no denam: Wobɛma nkurɔfo ,Mmabun betumi ahwɛ sɛ wɔbɛdi hokwan a wɔwɔ wɔ nhomasua ne adwumayɛ ho ntetee ho no so na wɔabu wɔn n
180,Aka_Gha,"Nna ho nsɛm a wɔde di dwuma wɔ amanneɛbɔ mu no betumi anya mmabun ankasa ho mfonini, nipadua mu ahot",Mmabun betumi akasa atia ɔbarima ne ɔbea nna ho gyinapɛn ne nsusuwii hunu a epira wɔ wɔn atipɛnfo ak
182,Aka_Gha,Nsɛm ho amanneɛbɔfo nkrasɛm a ɛfa nna ne awoɔ apomoden ho a wogye tum na wɔde hyɛ wɔn mu a wɔankasa ,"Anansesɛm no bi ne sɛ, ɛyɛ nhyɛ sɛ wodi nna mu agorɛ wɔ mpenatweɛ mu. Wei ɛɔnnyɛ nokware. Wo ne wo h"
184,Aka_Gha,"Mfaso a ɛwɔ so no bi ne: Nimdeɛ, ahokokwaw, ne ahotoso a ɛkɔ soro wɔ nna ne awo akwahosan ho nhyehyɛ",Nhomasua a Ɛkɔ Akyiri: Dwumadi ahorow betumi ama nsɛm a ɛyɛ nokware wɔ nna ne awo akahosan (ASRH) ns
185,Aka_Gha,Mmara kwan so akwan ahorow a mmabun wɔ wɔ wɔn nna ne awo akwahosan ho no betumi ayɛ: kwan a wɔwɔ sɛ ,"Yiw, mpɛn pii no, mmra bi wɔ hɔ a wɔayi afi awofo pene anaa amanneɛbɔ ho mmara mu wɔ tebea horow a ɛ"
188,Aka_Gha,Atesɛm a wɔtaa ka no bi ne: CSE hyɛ nna mu dwumadi a wɔyɛ ntɛm ho nkuran (wɔdi ho dwuma denam twe a ,Nkɔmmɔbɔ ahorow a ɛfa nna ho wɔ nsɛm ho amanneɛbɔ mu no ne mmabun nna ne awo apɔwmuden ho nneɛma afo
189,Aka_Gha,"Mmara ne nhyehyeɛ akwansideɛ bɛtumi asiw mmabun kwan a wɔbɛfa so anya awoɔ apomoden ho dwumadie ano,","Yiw, mpɔtam hɔ nneɛma ne ahyehyɛde ahorow bi wɔ hɔ a wobetumi aboa mmabun ma wɔadi asasesin mu akwan"
190,Aka_Gha,"Ɔkwan a egyina hokwan ahorow so gye tom sɛ asetra, sikasɛm, ne nneɛma a atwa yɛn ho ahyia a ɛtrɛw, a","Amammerɛ mu gyinapɛn ahorow, gyinapɛn ahorow, ne akwanhwɛ ahorow nya mmabun paw ne hokwan ahorow a ɛ"
192,Aka_Gha,Tie: Fi ase denam adwene ahorow a wubetie a wunni atɛn so. Bisa Nsɛm: Sɛ wopɛ sɛ wuhu anaa wonte ase,Sɛnea wobɛkasa atia nneɛma bɔne a ɛfa nna ne awo ho ni: Hyɛ Nhomasua ho nkuran: Kamfo nneɛma a wotum
195,Aka_Gha,"Aban ahorow: Aban ahorow no asɛde ne sɛ wɔhyehyɛ nhyehyɛe, mmara, ne nhyehyɛe ahorow a ɛfa asetena m",Abɛɛfo akenkan ne akyerɛw ho nimdeɛ ho hia ma mmabun sɛ wobenya nsɛm a ɛyɛ nokware a ɛfa nna mu akwa
197,Aka_Gha,Mmabun betumi akasa ama nna ho nkyerɛkyerɛ a edi mu wɔ wɔn sukuu ne mpɔtam hɔ denam: Akuo a sukuufo ,Apɔmuden nhyehyɛeɛ betumi ahyɛ nkitahodiɛ a ɛda nna ne awoɔ mu apɔmuden dwumadie ne apɔmuden dwumadi
198,Aka_Gha,Sukuu ne mpɔtam betumi: Wɔde nhyehyɛɛ a ɛma kwan a ɛyɛ pɛ ma mmarima ne mmea nyinaa ne akwan a wɔfa ,Nkɔmmɔbɔ ne Biakoyɛ a Wɔbɛhyɛ: Nsɛm ho amanneɛbɔ ho nimdeɛ ho nhyehyɛe ahorow betumi ama mmabun a wo
199,Aka_Gha,Mmabun betumi adi ntawntawdi anaa adwene a enhyia wɔ nkitahodie bi mu ho dwuma wɔ ɔkwan a ɛma denhyɛ,Mmabun betumi adi ntawantawadi anaa adwene a enhyia ho dwuma wɔ akwan a ɛfata so denam: Nkitahodi a 
200,Aka_Gha,Bɛrima ne ho nkwammoa ne ɔbaa ne nkosua di nhyia wɔ awodeɛ ne mu. Wei ma kosua dane bɛyɛ Zygote. Zyg,"Mmoawa (bacteria) na ɛde 'bacterial STIs' ba, na mmoawa nketenkete (viruses) nso na ɛde 'viral STIs'"
201,Aka_Gha,"Ahotoso ne nokwaredi a wobenya no hwehwɛ sɛ wodi nkitaho daa, wotumi de ho to so, na wɔyɛ nneɛma a ɛ",Mmabun betumi ne nhyehyɛeyɛfo ne mpɔtam hɔ akannifo adi nkitaho denam ɔsatu ahorow a wɔde kamfo nkur
202,Aka_Gha,"Bom hwehwɛ nhoma, nsɛm, anaa intanɛt so nneɛma a ɛfata mfe a woadi a ɛka nsɛmti a ɛho hia a wopɛ sɛ ","Hu sɛ ɛyɛ ade a ɛfata sɛ wobɛte aniwu anaa wo ho yeraw wowɔ wɔ nsɛmti a ɛho hia ho nkɔmmɔbɔ mu, nans"
208,Aka_Gha,Nea wosusuw ho wɔ abrabɔ pa ho ne: Obu a mmabun wɔ ahofadi ne hokwan a wɔwɔ sɛ wosi gyinae a ɛfata w,Mmara ne abrabɔ pa ho nsusuwii a ɛfa kokoamsɛm ne kokoamsɛm ho wɔ mmabun nna ne awo akwahosan ho adw
209,Aka_Gha,"Aane, ɔkwantuo kwan pɔtee bi bɛtumi aba hɔ a mmabun bɛtumi afa so akɔ ayaresabea ahorow, a ebi ne: S",Wubetumi afi nkɔmmɔbɔ no ase denam bere ne beae a ɛfata a wobɛpaw a wobɛte nka sɛ wo ho tɔ wo na wow
210,Aka_Gha,Nhwɛsoɔ a ɛdi mu a ɛfa amanaman ntam sika a wɔde ma ASRH ho no si hia a ɛho hia sɛ wɔde sika bɛto mu,Akwan a ɛdi mu a wɔfa so siw STI/HIV ano a wɔde adi dwuma wɔ wiase nyinaa no bi ne: Nna mu akwahosan
212,Aka_Gha,"Aane, intanɛt beae beae wɔhɔ a wɔma mpɔtam ne nwomasua mmoa ma mmabun a wɔfa nna mu ne awoɔ apɔmmude",Sukuu ahodoɔ betumi: Ne mpɔtam kuo ne ayaresabea ayɛ nkabom. Wɔbɛto ato nsa afrɛ 'experts' (nimdefoɔ
213,Aka_Gha,"Dawurubɔ, aguadi, ne nneɛma a wɔde si hɔ di dwuma titiriw wɔ adwene a ɛfa ɔbarima ne ɔbea dwumadi, a",Mpene a Wɔde Amanneɛ Ma: Hwɛ a wɔbɛhwɛ sɛ ankorankoro wɔ nsɛm a ɛyɛ nokware ansa na wɔasi gyinae wɔ 
214,Aka_Gha,Obu a wɔde ma kokoam nsɛm ne mpeneso: Hwɛ sɛ nsɛm ho amanneɛbɔfo nkrasɛm bu ankorankoro kokoam nsɛm ,Ɔbarima ne ɔbea nna ho akɔnnɔ kyerɛ onipa a w’ani gye ne ho wɔ ɔdɔ ne/anaasɛ honam fam. Nsɛmfua bi a
215,Aka_Gha,Ɔbarima ne ɔbea nna ne awo akwahosan ho nkyerɛkyerɛ a ɛka nnipa nyinaa boa ma wɔbɔ mmɔden kɛse sɛ wɔ,"Nsɛm ho amanneɛbɔ a ɛkyerɛ pɛ a wɔpene so, ahyeɛ, ne nnamfofa pa betumi aka mmabun nteaseɛ a wɔwɔ wɔ"
216,Aka_Gha,Mmabun betumi ahu nsonsonoe a ɛda nsɛm a ɛyɛ nokware ne nsɛm a ɛyɛ animhwɛ anaa ɛdaadaa nnipa ntam w,"Yiw, abɛɛfo kwantenpɔn so nneɛma ne mmeae pii wɔ hɔ a mmabun betumi anya nna ne awo akwaahosan ho ns"
220,Aka_Gha,"Akwahosan a Wɔhwɛ So: Adwumayɛfo betumi aboa ama wɔahwɛ nipadua ne atenka mu nsakrae, na wɔahwɛ ahu ",Apɔw-mu-teɛteɛ a wɔyɛ no daa wɔ mmerantebere ne mmabaabere mu no de mfaso pii ba: Nipadua mu Akwahos
222,Aka_Gha,Susuade pa a ɛbɛtumi aboa wo ma wo adwene mu atsea na wo ho atɔ wo bi ne: Adwene a Wɔde Si Adwene ne,"Nneyɛe a adwen da ho a wɔde tew nneɛma ne brɛ adwennwen ase na ɛma obi nya ahomegye, na ɛno betumi a"
223,Aka_Gha,Mmabun a wonni akwahosan ho a broni ka no 'insurance' no wɔ akwan pii a wɔbɛfa so anya nna ne awo ak,Mmara a ɛbɔ LGBTQ+ ankorankoro ho ban fi nyiyim ho wɔ awo apɔwmuden ho nhyehyɛe a wobenya mu no betu
224,Aka_Gha,Sɛnea wobɛhunu na woadi akwansideɛ anaa nteaseɛ kɔntɔnkyɛ a ɛba berɛ a morebɔ nkɔmmɔ fa nsɛm a emu y,Abɛɛfo akenkan ne akyerɛw ho nimdeɛ ho hia ma mmabun sɛ wobenya nsɛm a ɛyɛ nokware a ɛfa nna mu akwa
225,Aka_Gha,"Mmabun betumi afa akwan horow so anya akwahosan ho nhyehyɛe a ɛyɛ kokoam, a nea ɛka ho ne: Mmabun ak",Akwahosan ho nhyehyɛe a ɛfata mmabun yɛ akwahosan ho adwumayɛbea anaa ayaresabea ahorow a wɔayɛ no p
226,Aka_Gha,Mmabun betumi aka ama  wɔde wim nsakrae bɛka nna mu ne awoɔ ho apɔmuden (SRH)  nhyehyɛeɛ ho  wɔ  ber,"Nsɛm ho amanneɛbɔ ho adesua ma mmabun tumi sɛ: Wohu na wɔkasa tia nsusuwii hunu, nsɛm a ɛnteɛ, ne nn"
227,Aka_Gha,Mmabun betumi akamfo denam: Wɔnam nhomasua ne mmɔdenbɔ a wɔde bɛkɔ akɔma nkurɔfo so ama nkurɔfo ate ,"Fa nkyerɛkyerɛ ma wɔ nna ne awo akwahosan hokwan ahorow ho, a nsɛm a ɛfa mmra, nhyehyɛe, ne amanaman"
229,Aka_Gha,Akwan a wɔfa so gyina nkate mu adwennwen a STI de ba no ano ni: Wo ne obi a wowɔ ne mu ahotoso nkasa,Mmabun betumi adi ntawntawdi anaa adwene a enhyia wɔ nkitahodie bi mu ho dwuma wɔ ɔkwan a ɛma denhyɛ
230,Aka_Gha,Nsɛm ne mmoa a wɔde bɛma ahintasɛm ni: Planned Parenthood Association of Ghana (PPAG Helpline): Frɛ ,"Ɛwom sɛ LGBTQ+ nhyia wɔ Ghana deɛ, nanso afotufoɔ ne nneɛma a ɛnyɛ den sɛ wɔbɛnya bi wɔ hɔ a wɔde bɛ"
231,Aka_Gha,"Mmara ne nhyehyeɛ akwansideɛ bɛtumi asiw mmabun kwan a wɔbɛfa so anya awoɔ apomoden ho dwumadie ano,","Yiw, mpɔtam hɔ nneɛma ne ahyehyɛde ahorow bi wɔ hɔ a wobetumi aboa mmabun ma wɔadi asasesin mu akwan"
236,Aka_Gha,"Obu a wɔde ma afoforɔ hyeɛ anaa deɛ wɔmpɛ ho hia pa ara na ama wɔasi nna ho nhyɛsoɔ ne ntia kwan, na","Nsɛm ho amanneɛbɔ a wɔde di dwuma wɔ Intanɛt so no ma mmabun hyia asiane ne nsɛnnennen ahorow, a nea"
238,Aka_Gha,Mmabun a wɔde wɔn ho hyɛ mmabun adwumayɛ nhyehyɛe ne adwumayɛ mu ntetee mu no betumi anya mmoa nnwum,Mmabun a wɔde wɔn ho hyɛ mmabun adwumayɛ nhyehyɛe ne adwumayɛ mu ntetee mu no betumi ahyia nsɛnnenne
241,Aka_Gha,"Awofoɔ, wɔn a wɔhwɛ wɔn, ne wɔn a wɔhwɛ mmabun bɛtumi aboa mmabun a wɔadi dɛm wɔ nna ne awoɔ akwahos",Ɛsɛ sɛ mmabun a wɔadi dɛm de wɔn ho hyɛ nna ne awo akwahosan ho nhyehyɛe ne nhyehyɛe ahorow a ɛhaw w
243,Aka_Gha,Mmara ne nhyehyɛe mu akwanside ahorow betumi asiw mmabun kwan a wɔbɛfa so anya nna ne awoɔ apomoden ,"Yiw, apomoden ho adwumayɛbea ahorow a ɛyɛ mmerante ne mmabaa adamfofa su taa de nneɛma ahorow ma de "
246,Aka_Gha,Akwan ahorow a wɔfa so siw nyinsɛn ano no wɔ nsunsuanso bɔne ne asiane ahorow a ebetumi afi mu aba. ,Nyinsɛn betumi aka wo nipadua mu nkɔso wɔ akwan kakraa bi so: Onyin: Ebia wo nipadua no de n’adwene 
247,Aka_Gha,Mmabun betumi akamfo denam: Wɔnam nhomasua ne mmɔdenbɔ a wɔde bɛkɔ akɔma nkurɔfo so ama nkurɔfo ate ,Mmabun betumi ahwɛ ahu sɛ wɔn akwahosan ho adwumayɛfo nim nea wɔpɛ wɔ awofo a wɔde wɔn ho bɛhyɛ mu h
248,Aka_Gha,"Mmabun betumi de wɔn ho ahyɛ mpɔtamfo a wɔde wɔn ho bɛhyɛ mu denneennen denam: Mmabun afotu akuw, at",Ɛsɛ sɛ mmabun a wɔadi dɛm de wɔn ho hyɛ nna ne awo akwahosan ho nhyehyɛe ne nhyehyɛe ahorow a ɛhaw w
250,Aka_Gha,Hu sɛ wubetumi aba me nkyɛn bere nyinaa de nsɛmmisa anaa nsɛm a ɛhaw wo wɔ kokoam nsɛm ho a wunsuro ,Yebetumi de ahye a emu da hɔ ne kokoam apam ahorow asi hɔ de ahwɛ ahu sɛ wo ho tɔ wo sɛ wobɛka w’adw
253,Aka_Gha,W’akwaa a wobɛma ho atew no ho hia ma w’akwahosan ne w’awerɛkyekye. Adeyɛ a ɛnyɛ den ni: Guare anaa ,Ankorankoro Ahye: Ka w’ahye ho asɛm pefee na bu afoforo ahye. Mpene: Hwehwɛ na bu pene bere nyinaa w
254,Aka_Gha,Mmabun wɔ hokwan sɛ: Wonya nna ne awo akwahosan ho nsɛm a ɛyɛ nokware na ɛkɔ akyiri. Fa aduruyɛ ne a,Mmabun betumi ahwɛ ahu sɛ wɔbɛte wɔn nne na wɔabu wɔn wɔ nkɔmmɔbɔ a ɛfa nna ne awo akwahosan ho nsɛm
256,Aka_Gha,"Dadwen, adwenemhaw, ne obu a wonni yɛ kɛse. Ɔhaw a ɛkɔ so daa a ɛko tia akitahodie pa ne ankorankoro",Aban nhyehyɛe anaa nnwuma pii botae ne sɛ wɔbɛma ɔmanfo nyinaa sikasɛm mu mmoa a mmabun ka ho ma wɔa
259,Aka_Gha,Nipadua mu Ahosiesie 'Physical Readiness': Susuw ho sɛ ebia woasiesie wo ho wɔ nipadua mu ama nna mu,"Sua nna mu apɔwmuden , nyinsɛn ano aduru, abusuabɔ, ne nkitahodi ho ade, fi wɛbsaet ahorow a wogye d"
261,Aka_Gha,"Atipɛnfo mmoa nkitahodi ahorow ma obi te nka sɛ ɔyɛ ne de ne ntease, na ɛtew nkate a ɛne sɛ wɔatew n",Sɛ worekɔ nkɔmmɔbɔ a emu yɛ den anaa ntawatawa  wo ne w’atipɛnfo anaa ahokafo ntam wɔ nna mu akwaa a
262,Aka_Gha,Apomoden ho adwumayɛfoɔ ne akyerɛkyerɛfoɔ bɛtumi de amammerɛ mu nimdeɛ ne nkateɛ ahyɛ nna ne awoɔ ap,"Yiw, ahyehyɛde ahorow pii de amammerɛ mu nimdeɛ ho ntetee nhyehyɛe ahorow a wɔayɛ sɛ ɛbɛma apɔwmuden"
263,Aka_Gha,"Animtiaabu, nyiyimu, ne nnipa a wɔde wɔn to nkyɛn no ka mmabun a wotu kɔtra mmeae foforo ne wɔn a wɔ",Mmusua betumi akasa ama nhyehyɛe ahorow a ɛfa asetena mu nneɛma a ɛkyerɛ mmabun nna ne awoɔ apomoden
264,Aka_Gha,"Nhumu Ɔsatuo: Nhomasua nhyiamu, ɔsatuo, ne mmɔdenbɔ a wɔde bɛbɔ nkurɔfoɔ ho ban ho nhyehyɛeɛ de ama ",Sukuu ahorow ne mpɔtam hɔ ahyehyɛde ahorow di dwuma titiriw wɔ mmabun a wɔkyerɛkyerɛ wɔn hokwan ne a
265,Aka_Gha,"Atipɛnfoɔ nkyerɛkyerɛ, nnwuma a mmabun di anim, ne ahyehyɛdeɛ a ɛgyina mpɔtam hɔ so di dwuma titire ","Mmabun betumi ne mpɔtam hɔ mpɔtam hɔfo, nnwumakuo ahorow, ne nhyehyɛeyɛfo ayɛ adwuma abom de ama nna"
266,Aka_Gha,Mmabun betumi de wɔn ho ahyɛ amanaman  nna ne awo akwaahosan (ASRH) ntam nhyehyɛe ne nhyehyɛe ahorow,Mmabun a wonni akwahosan ho a broni ka no 'insurance' no wɔ akwan pii a wɔbɛfa so anya nna ne awo ak
268,Aka_Gha,Ahobammɔ abien kyerɛ sɛ wɔde akwan soronko abien a wɔfa so siw nyinsɛn ano bedi dwuma bere koro mu. ,"Yiw, akwan abien a wɔfa so siw nyinsɛn ano (ɔkwan abien) a wɔde bedi dwuma no betumi ayɛ adwuma yiye"
270,Aka_Gha,"Yiw, ahyehyɛde ahorow ne mmoa nkitahodi ahorow wɔ hɔ a ɛbɛboa mmabun, a nea ɛka ho ne: Ayaresabea ah","Yiw, ebia nhyiam ahorow anaa ntetee nhyehyɛe ahorow wɔ hɔ a ɛbɛboa mmabun ma wɔate wɔn akwahosan ho "
272,Aka_Gha,"Intanɛt so nimdeɛ boa wo ma wohwɛ sɛnea wogye wɛbsaet, nsɛm, ne akwahosan ho nsɛm di dwuma. Na hwɛ s",Abɛɛfo akenkan ne akyerɛw ho nimdeɛ ho hia ma mmabun sɛ wobenya nsɛm a ɛyɛ nokware a ɛfa nna mu akwa
276,Aka_Gha,Nkitahodi a Ɛda Hɔ pefee: Hwehwɛ nsɛnkyerɛnne a wɔde ano ka ne deɛ ɛnyɛ ano kasem a ɛkyerɛ sɛ wowɔ ɔ,Apɔwmuden ho adwumayɛfo anaa akuo ahorow bi rentumi mmue mma nnipa binom esiane nneɛma ahorow nti. Ɛ
278,Aka_Gha,"Sɛ yɛbɛtumi adi amammere ne kasa mu akwansideɛ a ɛwɔ nna ne awoɔ ho nkitahodiɛ mu no so nkunim a, yɛ","STI, anaa nyarewa a wonya fi nna mu yɛ nyarewa a ɛnam nna mu nkitahodi so titiriw, a ɔbarima ne ɔbea"
279,Aka_Gha,"Mmabun betumi de wɔn ho ahyɛ mpɔtamfo a wɔde wɔn ho bɛhyɛ mu denneennen denam: Mmabun afotu akuw, at",Mmara kwan so akwannya ahorow ho nkyerɛkyerɛ ma mmabun tumi ma wosi gyinae a ɛfata wɔ wɔn nna ne awo
281,Aka_Gha,"Mmara, nhyehyɛe, ne amanaman apam anaa nhyehyeɛ ahorow di dwuma titiriw wɔ mmabun nna ne awo hokwan ",Mmabun betumi ako ama wɔn hokwan ne yiyedi sɛ wɔn a wɔde wɔn ho ahyɛ nhwehwɛmu mu wɔ nhwehwɛmu ahoro
282,Aka_Gha,"Fa wo ho hyɛ apɔw-mu-teɛteɛ mu daa, te sɛ apɔw-mu-teɛteɛ anaa yoga, na ama adwennwen so atew na ama ","Akwan a ɛfata a wɔfa so gyina adwennwen, dadwen, ne nkate mu nsakrae ano ni: Akwan a wɔfa so gye wɔn"
284,Aka_Gha,Nneɛma pii wɔ hɔ a ɛbɛboa wo ma woate wo mmara kwan so hokwan ahorow ase na woakyerɛ wɔ tebea horow ,Akwanside anaa ɔhaw a ɛtaa ba wɔ nna mu ɔbrasɛe ho nkyerɛkyerɛ mu no bi ne: Animtiaabu ne Aniwu: Ani
285,Aka_Gha,Atipɛnfoɔ mmoa nkitahodiɛ ne mmabun ahyehyɛdeɛ bɛtumi akasa ama hokwan ne ahobanbɔ a mmabun adwumayɛ,"Nhomasua, ntetee, ne afotu betumi ama mmabun tumi denam: Ahokokwaw ne nimdeɛ a wɔhia a wɔde bɛma wɔn"
286,Aka_Gha,"Awofo betumi aboa wɔn mma denam: Nhomasua a Ɛfata Mfe a Wɔde Ma: Wɔbɛka nna mu nkɔso, abusuabɔ pa, n","Mmabun betumi de wɔn ho ahyɛ mpɔtamfo a wɔde wɔn ho bɛhyɛ mu denneennen denam: Mmabun afotu akuw, at"
290,Aka_Gha,Mmara anaa nhyehyɛe ahorow betumi adi akwannya ahorow a mmabun a wɔyem wɔ sɛ wonya nna ho nkyerɛkyer,"Yiw, mmara ne nhyehyɛe ahorow bi wɔ hɔ a ɛbɔ hokwan a wowɔ sɛ wunya nna ne awo akwahosan ho nkyerɛky"
291,Aka_Gha,"amanneɛbɔ ho bɔfo a wɔbɔ, wɔn a wɔyɛ, ne nhyiam ase wɔ abrabɔ pa ho asɛyɛde bere a wɔreyɛ nna ne awo","Nsɛm ho amanneɛbɔfo, wɔn a wɔyɛ nneɛma, ne aguade ho dawurubɔfo wɔ abrabɔ pa ho asɛyɛde ahorow wɔ pe"
292,Aka_Gha,"Mpɔtam hɔ amammerɛ ne gyinapɛn ahorow kyerɛ suban ne nneyɛe a ɛfa nna, abusuabɔ, ne awo akwahosan ho","Yɛn abusua bu nokwaredi, obu, nkitahodiɛ, ne yɛn ho yɛn ho pene wɔ abusuabɔ mu sɛ ɛsom bo. Yɛgye di "
293,Aka_Gha,Mmabun betumi akamfo denam: Wɔnam nhomasua ne mmɔdenbɔ a wɔde bɛkɔ akɔma nkurɔfo so ama nkurɔfo ate ,Mmabun betumi ahwɛ ahu sɛ awo akwahosan ho nhyehyɛe a wonya no yɛ nea obu wom na ɛnyɛ atɛn denam: Ak
294,Aka_Gha,Mmabun betumi akamfo nna ne awo akwahosan ho nkyerɛkyerɛ ne nnwuma a ɛfa amammerɛ ho denam: Nhyehyɛe,Mmabun betumi akamfo mmarima ne mmea pɛyɛ denam: Ɔsatu a wɔde bɛma nkurɔfo ate ase ne nhyiam ahorow 
295,Aka_Gha,Kɔndɔm nkutoo na ɛbɔ ho ban yiye fi nyinsɛn ne STI nyinaa ho. Sɛ wopɛ sɛ wobɔ wo ho ban wɔ STI ho ko,"Akwan a wɔfa so siw awo ano dodow no ara, te sɛ aduru, ""IUD"", anaa ade a wɔde hyɛ nipadua mu no, mmɔ"
297,Aka_Gha,Mpɛn dodow ne bere tenten a wɔde ma afotu anaa ayaresa no betumi ayɛ soronko a egyina w’ahiade ne w’,Brayɛ kyinhyia ne ɔsram biara adeyɛ a wo nipadua fa mu de siesie ne ho ma nyinsɛn. Ɛtaa di nnafua 28
298,Aka_Gha,Nsɛnkyerɛnne bi a ɛkyerɛ sɛ ebia wubenya mfaso afi adwumayɛfo mmoa mu ni: Sɛ wote nka sɛ wo ho yeraw,"Nsɛnkyerɛnne a ɛkyerɛ sɛ nkitahodie a ɛnyɛ papa anaasɛ ɛyɛ ayayade bi ne: Suban a wɔbɛhyɛ so, te sɛ "
300,Aka_Gha,"Yiw, mpɔtam hɔ nkɔmmɔbɔ nhyehyɛe ahorow betumi de wɔn ani asi nnipa dodow pɔtee bi anaa nnipa dodow ",Nneɛma bi wɔ hɔ a ɛbɛboa nkurɔfo ma wɔatumi agyina STI a wɔahu no ano: Mmoa Akuw: Sɛ wɔne afoforo a 
301,Aka_Gha,Akwankyerɛ a wɔde hyɛ kasa ne ntease a ɛwɔ aman horow ntam ho nkuran de hyɛ adwene ne osuahu ahorow ,Akwan bi a wobɛfa so ama akwahosan ho nhyehyɛe ahorow ayɛ nea ɛfa mmabun a wɔadi dɛm ho kɛse ni: Sɛn
302,Aka_Gha,Akwankyerɛ a wɔde bɛma: Fa akwankyerɛ ne hwɛ ma bere a mmabun de wɔn ho hyɛ nsɛm ho amanneɛbɔ mu nsɛ,"Abusua gyidie ne amammerɛ ka sɛdeɛ mmabun hu nna, nkitahodie ne awoɔ apɔmden mu nsɛm ho.Sɛ nneɛma a "
304,Aka_Gha,Amammerɛ anaa ɔmanfoɔ adwene a wɔwɔ wɔ afotuo ne adwenemyareɛ ho no bɛtumi anya afotuo dwumadie a mm,"Mmabun betumi ahyia dadwen, adwene a ɛyɛ basaa, aniwu, anaa animtiaabu a ɛfa nna ne awoɔ apomoden ho"
306,Aka_Gha,Mmabun betumi adi ɔhaw a ɛwɔ wɔn awo hokwan ne fahodi ho no so denam: - a wɔbɛkyerɛkyerɛ wɔn ho wɔ w,Mmabun betumi asua sɛnea wɔbɛtumi akasa na wɔakamfo sikasɛm mu nhyehyɛe ne tebea horow a ɛfata bere 
307,Aka_Gha,Nsɛm ho amanneɛbɔ ho nimdeɛ ma mmabun tumi susuw nkrasɛm a wɔde ma wɔ nsɛm ho amanneɛbɔ mu a ɛfa nna,"Mmabun betumi ahwehwɛ nsɛm ho amanneɛbɔ mu nkrasɛm a ɛfa ɔbarima ne ɔbea nna, abusuabɔ, ne awo akwah"
308,Aka_Gha,"Akwahosan mu nsonsonoe kyerɛ nsonsonoe a ɛwɔ akwahosan mu nsunsuanso mu wɔ nnipa akuw ahorow ntam, a","Amammerɛ, asetra, ne sikasɛm mu nneɛma nya dawurubɔ ne aguadi ho nkrasɛm a ɛfa nna mu akwahosan ho a"
309,Aka_Gha,Mmabun betumi akɔ abɛɛfo ntetan so mmeae dwoodwoo denam: Ahwɛyiye a wɔbɛyɛ wɔ wɔn ankasa nsɛm a wɔbɛ,"Yiw, nhyiam horow ne abɛɛfo ntentan ahorow pɔtee bi wɔ hɔ a wɔatu wɔn ho ama sɛ wɔde intanɛt so ahok"
310,Aka_Gha,"Nea ɛka atie a wɔde nsiyɛ yɛ ho ne sɛ wode w’adwene besi nea ɔfoforo no reka so koraa, ate wɔn nkras",Wobetumi de social media ne digital platforms adi dwuma de ako atia animtiaabu na abɔ STI ne HIV ho 
311,Aka_Gha,"Mmabun betumi akasa ma wɔn nna ne awo hokwan ahorow denam: Wɔnam atipɛnfo nkyerɛkyerɛ, mpɔtam hɔfo a",Mmabun betumi akamfo mmarima ne mmea pɛyɛ denam: Ɔsatu a wɔde bɛma nkurɔfo ate ase ne nhyiam ahorow 
313,Aka_Gha,Amammerɛ mu gyinapɛn ahorow nya suban ne nneyɛe a ɛfa nna ne awo akwahosan ho so nkɛntɛnso kɛse wɔ m,Wiase nyinaa nneyɛe ne kankabi a ɛkɔ so wɔ nyamesom akuo mu no betumi anya suban ne nhyehyɛe ahorow 
314,Aka_Gha,"Ɛboa ma mmabun tumi si gyinaeɛ pa, wɔhunu wɔn ho so hwɛ yie, na wɔnya ahoɔden pa. Ɛhyɛ ayɔnkofa mu d",Mfaso a ebetumi afi ɔkwan a egyina hokwan ahorow so a wɔbɛfa so anya so no bi ne: Mmabun a wɔbɛma wɔ
315,Aka_Gha,Mmabun betumi asusuw ahotoso ne ahotoso a ɛwɔ intanɛt so nsɛm ho denam: Ɔkyerɛwfo no ahwehwɛde ne ne,"Wɔbetumi ayɛ yie wɔ berɛ a: Wɔde wɔn ho bɛ dɔm mmabun akuo ahodoɔ, nhyiam ahodoɔ ne ɔyɛkyerɛ. Wɔbetu"
316,Aka_Gha,"Mpɛn dodow a wɔyɛ STI nhwehwɛmu ma mmabun no gyina nneɛma ahorow so, a wɔn nna mu dwumadi, nna mu ah",Ɛsɛ sɛ mmeae a ahobammɔ wɔ no di nsɛnnennen soronko a mmabun a wɔadi dɛm a wofi mbusuakuo ahorow mu 
317,Aka_Gha,"Mmabun betumi anya nsano dwoma nimdeɛ te sɛ nkitahodi, ɔhaw ahorow ano aduru, ne kuo adwumayɛ denam ","Asetra mu nimdeɛ ho nkyerɛkyerɛ nhyehyɛe ahorow no de module ahorow a ɛfa sikasɛm ho nimdeɛ, adwuma "
319,Aka_Gha,Pɛpɛɛpɛ! Ɛyɛ ɔkwan pa a wobɛfa so akyerɛ obu na woakyerɛ sɛ wodwen sɛ wobɛkasa akyerɛ obi yie. Sɛnea,Sɛ wuhu sɛ obi rekyekyɛ adagyaw mfoni anaasɛ ɔresɛe obi foforo ho nsɛm wɔ Intanɛt so a: Hyɛ onipa a 
322,Aka_Gha,"Nhwɛsoɔ a ɛfa nnwuma a ɛwɔ fam, ɔsatuo, ne nnwuma a mmabun di anim de ko tia nsɛm ho amanneɛbɔ nkras",Akwankyerɛ a wɔde bɛma: Fa akwankyerɛ ne hwɛ ma bere a mmabun de wɔn ho hyɛ nsɛm ho amanneɛbɔ mu nsɛ
324,Aka_Gha,"Mmabun betumi afa akwan horow so anya apɔwmuden ho nhyehyɛe wɔ tetefon so, te sɛ: Wɔn apɔwmuden ho ɔ",Bere tenten a wɔde di akyi ne bere a wɔde hwɛ no akyi no gu ahorow gyina ɔbabun no ahiade pɔtee ne n
327,Aka_Gha,Nneɛma titiriw a ɛma wɔpene so wɔ abɛɛfo kwantenpɔn so nkitahodi mu no te sɛ nea ɛwɔ anim ne anim nk,Abɛɛfo akenkan ne akyerɛw ho nimdeɛ ho hia ma mmabun sɛ wobenya nsɛm a ɛyɛ nokware a ɛfa nna mu akwa
328,Aka_Gha,Wobetumi de mfiridwuma ne akwahosan wɔ telehealth so adi dwuma de ama nna ne awo akwahosan ho nsɛm n,Abɛɛfo nnwinnade ne mfiridwuma ma mmabun tumi ma wosi gyinae a ɛfata wɔ wɔn nna ne awo akwahosan ho 
329,Aka_Gha,Amammerɛ ne ɔmanfo nsusuiɛ di dwuma titiriw wɔ awo ne abusua kyekye ho gyinaesi ahorow a wɔhyehyɛ ma,Ankasa-ho-nteaseɛ ne adwene a ɛmu dɔ (critical thinking) a wobɛnya no bɛtumi aboa wo na woasusu nea 
333,Aka_Gha,Self talk; ɛne wo ho nni nkɔmmɔ. Ka nsɛmpa kyerɛ wo ho. Hyɛ wo mbrɛwyɛ ne w'ahoɔden nso. Ma w'ani ng,Set Limits: Fa mmere pɔtee a wode bedi dwuma wɔ mfidie no so na di so. Yɛ Mmeae a Tech-Free: Kyerɛ m
335,Aka_Gha,Mfe a mmabun betumi anya nyinsɛn a woyi gu ho nhyehyɛe wɔ mmara kwan so a awofo mpene so no gu ahoro,Mfe a wɔadi anohyeto ne awofo pene a wɔbɛhwehwɛ ma mmabun a wɔrehwehwɛ nyinsɛn a woyi gu no gu ahoro
338,Aka_Gha,Mmabun betumi ako ama wɔn ho denam: Wɔbɛkyerɛkyerɛ wɔn ho wɔ hokwan ahorow a wɔwɔ ne mmara kwan so a,"Ɛdenam dwumadi ahorow te sɛ wɔn ho a wosusuw ne botae a wɔde besisi wɔn ani so no, mmabun sua sɛnea "
341,Aka_Gha,"Sɛ wunnim sɛ ebia obi apene so a, gyae dwumadi no na wo ne wo hokafo no nni nkitaho pefee. Bisa ma e",Nna mu dwumadi a wode wo ho bɛhyɛ mu no de mfaso ne ɔhaw ahorow ba na ɛsɛ sɛ wusiesie wo ho yiye na 
343,Aka_Gha,Mpɔtam hɔfo a wɔde wɔn ho bɛhyɛ mu ne nea wɔde siw ano nhyehyɛe ahorow a edi mu a adi nna mu basabas,Wobetumi ayɛ nhyehyɛe ahorow a wɔde besiw nna mu basabasayɛ ano na wɔahyɛ pene a wɔpene so ho nkuran
347,Aka_Gha,Mfe a wɔadi anohyeto ne awofo pene a wɔbɛhwehwɛ ma mmabun a wɔrehwehwɛ nyinsɛn a woyi gu no gu ahoro,Mmara ne nhyehyɛe pɔtee a ɛfa awo apomoden ho nhyehyɛe a wɔde ma mmabun no gu ahorow wɔ ɔman anaa ɔm
348,Aka_Gha,Wɔwɔ hɔ ma mmabun a wɔhwɛ nyinsɛn a woyi gu akyi de di honam fam anaa atenka fam ahiade biara ho dwu,Sɛ wuhu sɛ obi rekyekyɛ adagyaw mfoni anaasɛ ɔresɛe obi foforo ho nsɛm wɔ Intanɛt so a: Hyɛ onipa a 
352,Aka_Gha,Mmabun betumi ako wɔ ɔkwab bi te sɛ: Wɔn ho a wɔbɛkyerɛkyerɛ wɔn hokwan ahorow ne akwan a wobetumi a,Nhomasua a ɛka obiara ho wɔ ASRH mu kyerɛ sɛ wɔbɛma mmabun nyinaa anya nna ne awoɔ apomoden (SRH) ho
353,Aka_Gha,Nkabom a wɔde nna mu apɔwmuden mmoa bɔ apɔwmuden nhyehyɛeɛ nyinaa ho no de mmoa pii ba mmaayewa ne m,"Mpɛn pii no, nna ne awo akwahosan ho nhyehyɛe a edi mũ a wɔde ma mmabun no, nea ɛka ho ne nnwuma aho"
355,Aka_Gha,Nhumu ɔsatuo: Mmabun betumi de abɛ akwan adɛɛfo ntentan dwuma de ama nkurɔfo ate nna ne awo hokwan a,Ɔbarima ne ɔbea nna ne awo akwahosan ho nkyerɛkyerɛ a ɛka nnipa nyinaa boa ma wɔbɔ mmɔden kɛse sɛ wɔ
359,Aka_Gha,Nsɛnkyerɛnne: Nsɛnkyerɛnne no betumi ayɛ soronko na ebi nso worenhu koraa. Hwehwɛ nsɛnkyerɛnne te sɛ,"Sɛ woyɛ nhwehwɛmu hu sɛ wowɔ STI anaa HIV a, ɛho bɛhia sɛ: Hwehwɛ ayaresa na wodi w’akwahosan ho ɔya"
360,Aka_Gha,Mmara kwan so nsusuwii ahorow a ɛfa dɛmdi ho no gu ahorow a egyina ɔman ne ɔmantam no so. Ɛho hia sɛ,Sɛnea wɔbɛhyɛ nna ne awoɔ apɔwmuden ho nhyehyɛe a ɛka obiara ho nkuran ni: Nneɛma a wobetumi anya: H
361,Aka_Gha,CSE nhyehyɛe ahorow boa mmabun ma wonya nimdeɛ a ɛbɛma wɔatumi adi nkitaho ne gyinaesi a etu mpɔn wɔ,"Akwan a wɔbɛfa so ne awofo adi nkitaho wɔ ɔkwan a ɛda adi pefee so, bere mpo a wɔresusuw nsɛmti a em"
364,Aka_Gha,Mmabun betumi akamfo nhyehyɛe ne nhyehyɛe ahorow a ɛhyɛ asetra ne sikasɛm mu mmoa a wɔde ma wɔ nna n,Mmabun a wɔn ani gye ho sɛ wɔbɛboa nna ne awo akwahosan ho nhyehyɛe ahorow denam mpɔtam hɔfo a wɔde 
365,Aka_Gha,"Ayaresa mu amammere mu nimdeɛ ne sɛ, ayaresabea adwumayɛfoɔ bɛtumi ate wɔn ayaresafoɔ amammere, kasa",Mmabun betumi asua mpanin mu kɔ ne awoɔ mu apɔmuden ho ade wɔ kwan a ɛyɛ dwoodwoo so denam nkyerɛkye
366,Aka_Gha,"Mpɛn dodow a wɔyɛ nna mu yareɛ nhwehwɛmu no gyina ankorankoro asiane ahorow, nna mu nneyɛe, ne akwah",Nhwehwɛmu a wɔyɛ no daa di dwuma titiriw wɔ 'STI ne HIV' a wosiw ano mu efisɛ ɛma ankorankoro hu wɔn
367,Aka_Gha,Nsɛm ne mmoa a wɔde bɛma ahintasɛm ni: Planned Parenthood Association of Ghana (PPAG Helpline): Frɛ ,"Mmabun betumi afa telefon so, nsɛm a wɔde kyerɛw nsɛm, intanɛt so nkɔmmɔbɔ (YMK app wɔ Google Play S"
368,Aka_Gha,"Mmabun betumi afa akwan horow so anya adwenemyare ho nnwuma wɔ wɔn mpɔtam hɔ, a nea ɛka ho ne: Nnuru",Wobetumi asiw saa kwan ɛhaw yi ano ne sɛ wɔbɛbɔ ho dahuruw akyerɛ: Kyerɛkyerɛ wo nnamfo de yi atoro 
369,Aka_Gha,"Awiei koraa no, sɛnea obi hu ne nea wɔte nka sɛ wɔtwetwe wɔn ho wɔ ɔdɔ anaa nna mu na ɛkyerɛkyerɛ nn",Nsɛm ho amanneɛbɔfo gyinabea ahorow a ɛfa ɔbarima ne ɔbea ntam nkitahodie ne nna ho akɔnnɔ ahorow ho
370,Aka_Gha,Nkitahodi a Ɛda Hɔ pefee: Hwehwɛ nsɛnkyerɛnne a wɔde ano ka ne deɛ ɛnyɛ ano kasem a ɛkyerɛ sɛ wowɔ ɔ,"Bɔbeasu pɛyɛ kyerɛ nnyinasosɛm a ɛfa atɛntrenee ne atɛntrenee ho wɔ sɛnea wɔne ankorankoro di mu, a "
372,Aka_Gha,"Wɔ mmere a adwennwen anaa dadwen a emu yɛ den mu no, mmabun betumi de wɔn ho ahyɛ akwan horow a wɔfa","Aane, nneɛma bi wɔ hɔ a wobetumi de ama mmabun a wɔrehyia abusuabɔ mu ayayade anaa basabasayɛ, a nea"
373,Aka_Gha,Ɔdemafo a Ɔboa Wo a Wobɛhwehwɛ: Din a Wogye: Bisa akwankyerɛ pa ahorow fi mmeae a wogye di te sɛ nna,"Nnwuma a Wobɛnya: Akwahosan ho adwumayɛfoɔ: Kɔ akwahosan ho adwumayɛfoɔ te sɛ oduruyɛfoɔ, ɔyarehwɛfo"
374,Aka_Gha,"Nhwehwɛmu akwan a ɛfa su pa ho, te sɛ nsɛmbisa, kuw a wɔde wɔn adwene si so nkɔmmɔbɔ, ne akwan a wɔf",Mmabun betumi de wɔn ho ahyɛ akannifo dwumadi ne gyinaesi nhyehyɛe ahorow a ɛfa ASRH ho mu kɛse dena
376,Aka_Gha,Asetra mu nimdeɛ yɛ tumi ne nneyɛe a ɛma ankorankoro tumi di da biara da asetra mu ahwehwɛde ne ɔhaw,"Mpene a wɔde nimdeɛ ma ne kwan a wɔfa so de nsɛm a ɛfata ma ankorankoro, a mmabun ka ho, a ɛfa aduro"
377,Aka_Gha,"Awoɔfo, ahwɛfo, anaa mpanyimfo afoforo a wogye wɔn di betumi aboa mmabun ma wɔanya ayaresa mmoa ne w","Awofo, ahwɛfo, ne mpanyimfo afoforo a wogye wɔn di betumi adi dwuma a ɛboa wɔ mmɔden a mmabun bɔ sɛ "
378,Aka_Gha,Wobetumi de mmara kwan so hokwan ho adesua aka nna ne awo akwahosan ho nkyerɛkyerɛ nhyehyɛe a ɛwɔ hɔ,"Dwuma ne asɛdeɛ a awofoɔ, sukuu, mpɔtam, ne aban nnwumakuo di wɔ nna ne awoɔ akwahosan ho nkyerɛkyer"
379,Aka_Gha,Nnuro a wɔde siw nyinsɛn ano yɛ akwan anaa mfiri a wɔfa so siw nyinsɛn ano denam mmadwoa a wɔde siw ,Ɔbarima ne ɔbea nna ho nkyerɛkyerɛ a edi mu yɛ soronko wɔ nhyehyɛe ahorow a ɛfa twe a wɔtwe wɔn ho f
382,Aka_Gha,"Akyerɛkyerɛfo, awofo, ne ahwɛfo betumi aboa mmabun ma wɔanya nsɛm ho amanneɛbɔ ho nimdeɛ wɔ akwan ah","Awofoɔ, akyerɛkyerɛ, ne mpanyinfo afoforo betumi aboa mmabun wɔ 'media literacy skills' mputuo wɔ nk"
383,Aka_Gha,"Mpɔtam akannifoɔ, ahyehyɛdeɛ, ne asoɛeɛ di dwuma titire wɔ sɛnea ɛbɛma mmabun nkitahodiɛ a nteaseɛ w",Mmabun a wɔn ani gye ho sɛ wɔbɛboa nna ne awo akwahosan ho nhyehyɛe ahorow denam mpɔtam hɔfo a wɔde 
384,Aka_Gha,"Mfiridwuma a wɔde di dwuma wɔ ASRH nhyehyɛe mu no ma kwan pa ho nsusuwii ne nsɛnnennen sɔre, a nea ɛ",Mmabun betumi de wɔn digyital akenkan ne akyerɛw ho nimdeɛ adi dwuma de wɔn ho ahyɛ ɔmanfo a wɔde wɔ
385,Aka_Gha,Nneɛma pii wɔ hɔ a ɛbɛboa mmabun ma wɔafa ɔkwan a wɔfa so hwehwɛ sikasɛm mu mmoa de hwehwɛ nhomasua ,Mmabun betumi aboa ma sikasɛm mu mmoa nhyehyɛe ahorow a wɔde ma nhomasua ne ntetee no akɔ so atra hɔ
386,Aka_Gha,Mmabun betumi ako ama wɔn hokwan ne yiyedi sɛ wɔn a wɔde wɔn ho ahyɛ nhwehwɛmu mu wɔ nhwehwɛmu ahoro,Nhwehwɛmufoɔ hwɛ sɛ wɔn nhwehwɛmu akwan no yɛ amammerɛ mu nkateɛ na ɛkyerɛ obuo ma mmabun gyinapɛn n
387,Aka_Gha,"Nsɛm ne Mmoa: Sɛ woresusuw ho sɛ wobɛfa wo ayɛ wo ba anaasɛ wobɛtete wo a, hwehwɛ nsɛm ne mmoa fi mm",Wubetumi anya mmea ho ayaresa bere a woyɛ ɔbabun denam: Apomodenho ɔyaresafo a ne ho akokwaw wɔ mmab
388,Aka_Gha,Adwenemhaw ne Dadwen: nna mu dwumadi a wɔatwa no tiaa sɛ LGBTQ+  mmabun wɔ asiane kɛse mu sɛ wobenya,Kan no na mmoa ahorow bi wɔ hɔ ma nna mu dwumadi a wɔatwa no tiaa sɛ LGBTQ+ akuw nanso bere a wɔapen
391,Aka_Gha,Sukuu ne nwomasua asoɛeɛ bɛtumi de ɔkwan a egyina hokwan so ahyɛ nna ne awoɔ akwahosan ho nkyerɛkyer,Sukuu ne nkyerɛkyerɛ nhyehyɛe betumi aboa mmabun denam: Ɔbarima ne ɔbea nna ho nkyerɛkyerɛ a ɛma apɔ
393,Aka_Gha,Mmara titiriw a wɔde besi hɔ de asusuw nsɛmti a ɛho hia ho no betumi aboa ma wɔanya tebea a ahobammɔ,Fa nhyehyɛe bi si hɔ a yɛde bɛkɔ akɔhwɛ yɛn ho yɛn ho de ahwɛ ahu sɛ yɛn baanu nyinaa ho bɛtɔ yɛn wɔ
394,Aka_Gha,Nsɛm ho amanneɛbɔ akenkan ne akyerɛw nhyehyɛe a ɛwɔ sukuu ahorow mu no nam dwumadi ahorow so hyɛ asu,Mmra ne nhyehyeɛ a ɛfa nna ho nkyerɛkyerɛ ɛkɔ akyiri (CSE) ho wɔ sukuu ahodoɔ mu no taa fa: Adesua N
395,Aka_Gha,"Mmabun a wɔadi dɛm no hyia nsɛnnennen ne akwanside ahorow, a nea ɛka ho ne: 1. Animtiaabu anaa nyiyi","Akwanside ahorow a wɔtaa hyia no ne animtiaabu, sika a wonni, kaa a wonnya, amammerɛ mu akwanside ah"
397,Aka_Gha,Nsɛnkyerɛnne: Nsɛnkyerɛnne no betumi ayɛ soronko na ebi nso worenhu koraa. Hwehwɛ nsɛnkyerɛnne te sɛ,"Mpɛn dodow a wɔyɛ nna mu yareɛ nhwehwɛmu no gyina ankorankoro asiane ahorow, nna mu nneyɛe, ne akwah"
400,Aka_Gha,"Abusua gyidie ne amammerɛ ka sɛdeɛ mmabun hu nna, nkitahodie ne awoɔ apɔmden mu nsɛm ho.Sɛ nneɛma a ",Ɛma nimdeɛ a ɛyɛ nokware a ɛfa nna ne awoɔ apɔmden ho a ɛnam nkyerɛkyerɛ dwumadie mapa so. Ɛnam nkɔm
402,Aka_Gha,Mpene da so ara ho hia wɔ tebea horow a ɛfa nsa ne nnubɔne a wɔde di dwuma ho mu. Asabow mma hia a e,Mpene a wɔpene so yɛ ade titiriw a ɛma obi nya nkitahodi pa. Ɛkyerɛ sɛ ahokafo baanu no nyinaa de fa
403,Aka_Gha,Ntawntawdi ano aduru: Sua sɛnea wo ne nnamfo anaa abusua mufo siesie ntawntawdi wɔ asomdwoe mu na wɔ,"Yiw, wɔtaa yɛ asetra mu nimdeɛ ho nkyerɛkyerɛ ma ɛne mmabun nkɔso ahiade hyia na wobetumi de ama wɔ "
404,Aka_Gha,"Wɔ afotuo a ɛfa STI/HIV ano aduro ho mu no, wobɛtumi ahwɛ kwan sɛ: Ahintasɛm: Wɔbɛdi wo kokoam nsɛm ","Wɔ mpɔtam bi no, ebia akwantu ho nhyehyɛe ahorow bi wɔ hɔ a wɔayɛ no pɔtee sɛnea ɛbɛyɛ a wobedi mmab"
406,Aka_Gha,Mmara ne nhyehyɛeɛ a ɛhwɛ kɔkoamunsɛm ne kokoam banbɔ so ma mmabun a wɔrehwehwɛ ahokyere mmoa ama nn,"Ahintasɛm: Ntrɛwmu a wɔde frɛ nkurɔfo ne ahomatrofo a wɔde boa nkurɔfo de kokoam nsɛm di kan, na mma"
408,Aka_Gha,Anamɔn a Ɛsɛ sɛ Wotu: Kɔ Akwahosan Ho Ɔhwɛfo nkyɛn: Munsusuw sɛnkyerɛnne anaa nneɛma a ɛhaw adwene h,"Wɔ nyinsɛn a woyi gu akyi hwɛ bere mu no, mmabun betumi ahwɛ kwan sɛ: Aduruyɛ mu nhwehwɛmu a wɔde bɛ"
409,Aka_Gha,Nhwehwɛmufo betumi ahwɛ ahu sɛ mfaso a ɛwɔ wɔn nhwehwɛmu no so no boro asiane anaa adesoa biara a eb,Nhyehyɛe mu Nsakrae ne Asoɛe mu Nsakrae a Wɔkamfo: Mmabun betumi de nsɛm ho amanneɛbɔ ho nimdeɛ adi 
411,Aka_Gha,"Akwan a wɔfa so di adwuma no bi ne: Wɔ ne mpɔtam akannifo, amammerɛ ho abenfo, ne ananmusifo a wofi ",Wobetumi ayɛ nkyerɛkyerɛ a ɛfa awo nhyehyɛe akwahosan ho no ma ɛne mmabun ahiade ne osuahunu ahorow 
412,Aka_Gha,Akwahosan dwumadie a egyina mpɔtam hɔ so di dwuma titire wɔ nea   wotwa no tia ka sɛ SRH ho nsɛm ne ,Fa nsɛm a ɛkyerɛ sɛ woka wo ho so dua anaa nsɛmfua pa a wode ka wo ho di dwuma na ama wo ho a wobu n
414,Aka_Gha,Mmusua a wɔboa no di dwuma titiriw wɔ mmabun a wɔadi dɛm asetra mu: Ahobammɔ Beae: Ma tebea a ahobam,Wo ne wo hokafo a wobɛkasa pefee no yɛ ade titiriw a ɛbɛma woanya abusuabɔ pa. Ɔkwan a wobɛfa so ayɛ
419,Aka_Gha,Amammerɛ anaa asetena mu nsunsuansoɔ a ɛwɔ awoɔ mu apɔmuden nsɛm nteaseɛ so no bi ne: animtiaabu ne ,Mmabun betumi aka ama  wɔde wim nsakrae bɛka nna mu ne awoɔ ho apɔmuden (SRH)  nhyehyɛeɛ ho  wɔ  ber
420,Aka_Gha,"Sɛ anohyeto ahorow mpo wɔ hɔ a, Ghana mmabun a wɔadi dɛm betumi de nsɛm ho amanneɛbɔ akwan adi dwuma",Nsɛm ho amanneɛbɔ ho nimdeɛ ma mmabun tumi susuw nkrasɛm a wɔde ma wɔ nsɛm ho amanneɛbɔ mu a ɛfa nna
422,Aka_Gha,"Akwahosan ho dwumadiefoɔ bɛtumi ahwɛ sɛ wɔn nna ne awoɔ akwahosan ""SRH"" ho nkyerɛkyerɛ nneɛma ne nne","Atipɛnfoɔ mmoa akuo yɛ ankorankoro a wɔboaboa wɔn ho ano a wɔwɔ osuahu, nsɛnnennen, anaa dadwen a ɛt"
423,Aka_Gha,Nna ne awo ho akwahosan ho nhyehyɛe a wɔde ma mmabun a wɔwɔ mmeae a ɔhaw wɔ hɔ no ma abrabɔ pa ho ns,Mmara ne abrabɔ pa ho nsusuwii a ɛfa kokoamsɛm ne kokoamsɛm ho wɔ mmabun nna ne awo akwahosan ho adw
424,Aka_Gha,"Abawo kyerɛ tumi a obi tumi nyinsɛn na ɔwo mma. Ɛyɛ awo akwahosan fã titiriw efisɛ ɛfa honam fam, ad",Hokwan a wɔwɔ sɛ wonya asetra ne sikasɛm mu mmoa wɔ mmabun nna ne awo akwahosan mu no kyerɛ sɛ wɔbɛh
425,Aka_Gha,"Mpɔtam hɔfo a wɔde wɔn ho hyɛ mu ne nea wɔde siw ano nhyehyɛe ahorow no hyɛ nhumu, nkyerɛkyerɛ, ne n",Mmabun betumi de akwan horow pii adi dwuma de adi ntawntawdi a ɛda wɔn amammerɛ mu gyinapɛn ahorow n
426,Aka_Gha,Social media nkɛntɛnsofoɔ nya nkɛntɛnsoɔ kɛseɛ wɔ mmabun adwene ne wɔn nneyɛeɛ a ɛfa nna mu apɔwmude,Akwan a wɔfa so hu na wɔko tia nkrasɛm a epira wɔ nsɛm ho amanneɛbɔ mu no bi ne: Nsusuwii a ɛyɛ kate
427,Aka_Gha,Nkɔmmɔbɔ a obiara kyerɛ n'adwene: Nkɔmmɔbɔ a ɛda adi pefee a wɔhyɛ wɔ nsɛmti a ɛfa mmerantebere ne m,Mmabun betumi ahwehwɛ nkɔmmɔbɔ a ɛfa nna ne awo akwahosan ho wɔ nyamesom tebea horow mu denam nkɔmmɔ
429,Aka_Gha,Nneɛma ne mmoa a wɔde ma mmabun de kyekye wɔn nsɛm a wɔka de gyina akyi ne nimdeɛ a ɛfa nna ne awo h,Mmoa ne nhyehyɛe ahorow wɔ hɔ a ɛbɛboa wo ma wo nkitahodie ho nimdeɛ ne ahotosoɔ a wowɔ wɔ nna mu ak
431,Aka_Gha,Nkɔmmɔbɔ a wɔne ankorankoro ne ɔmanfo ahyehyɛde ahorow yɛ no hyɛ asetrade a ɛtra hɔ daa ne dwumadi a,"Awofoɔ, akyerɛkyerɛfoɔ, akwahosan ho adwumayɛfoɔ, ne afotufoɔ bɛtumi ahyɛ mmabun nkuran na wɔaboa wɔ"
432,Aka_Gha,"Yiw, wubetumi anya nsɛm a ɛfa STIs, HIV, ne nna ho nneyɛe a ahobammɔ wom ho wɔ intanɛt so afi mmeae ","Ɛho hia sɛ wogyina nsɛm a egyina adanse so a efi mmeae a wotumi de ho to so, te sɛ akwahosan ho adwu"
433,Aka_Gha,Eyi bi ne: Awoɔ mu apɔmuden nkyerɛkyerɛ a ɛkɔ akyiri a wɔbɛma wɔ sukuu ne mpɔtam. Awoɔ mu apɔmuden m,Ayaresabea adwumayɛfoɔ ne akyerɛkyerɛfoɔ bɛtumi ahwɛ ama amammerɛ mu nidie ahodoɔ a ɛwɔ hɔ no akɔ so
434,Aka_Gha,Wubetumi anya nyinsɛn ano a wosiw yi aduru wɔ kokoamu na wunnim atɛn denam: - Apomoden ho ɔyaresafo ,"Atosɛm ne adwene a ɛnteɛ pii wɔ hɔ a ɛfa nnuru a wɔde di dwuma ne adwenem ahokwasan  ho, a nea ɛka h"
435,Aka_Gha,"Wɔ tebea horow a wontumi nni w’adwene mu akwahosan ho ahiade ahorow ho dwuma anaasɛ wɔnte ase mu no,","Ma Nhumu: Trɛw nhumu mu wɔ intanɛt so ahobammɔ ho nsɛm mu wɔ atipɛnfo, akyerɛkyerɛfo, ne awofo mu. A"
436,Aka_Gha,Ɛsɛ sɛ mmeae a ahobammɔ wɔ no nya akwankyerɛ a emu da hɔ a ɛfa kokoamsɛm ho: Nsɛm a Wɔda no Adi: Ɛsɛ,"Bere a ebia nneɛma a wɔde di dwuma wɔ ankorankoro mu no sua wɔ Ghana de, nanso nneɛma bi a wobetumi "
438,Aka_Gha,"Dadwen: Adwennwene betumi ama adwumayɛ ho dadwen aba, .ɛma ɛyɛ den sɛ wobɛgye w’ahome na woanya nna ",Akwahosan ho adwumayɛfo a wɔbɛtete wɔn ma wɔne mmabun adi nkitaho yie na wɔabu wɔn ahofadi ne hokwan
439,Aka_Gha,Mmabun betumi anya adwenemhaw hwɛ ho sɛ ɛnyɛ wɔn dɛ sɛ wɔbɛka wɔn suahu ahorow ho asɛm pefee mpo den,Nneɛma a Wobetumi Apaw 'Limitations': Ebia mmabun nna mu akwahosan ho abenfo a wɔn ho akokwaw wɔ dɛm
440,Aka_Gha,Ma Nhumu: Yɛ nkyerɛkyerɛ nhyiam anaa nhyiam ahorow ho nhyehyɛe de ma nkurɔfo hu hia a nna ho nkyerɛk,Mmabun betumi akamfo nkitahodie ho nkyerɛkyerɛ a ɛfa obu ne nteaseɛ ho na ɛka obiara bom wɔ wɔn suku
441,Aka_Gha,"Asetra mu abusuabɔ ma obi te nka sɛ ɔyɛ ne de, gye tom, na ɔboa, a ɛho hia ma adwenemyare ne yiedi n",Nkitahodie pa betumi aboa ma wɔadi adwennwen ne dadwen so denam atenka horow a wɔbɛda no adi ne mmoa
443,Aka_Gha,Nea broni ka no 'intersections'  a ɛda nna mu pene ne nna ne awo akwahosan ho nneɛma afoforo ntam no,nea broni ka no 'Social media platform' ahorow de kokoam nhyehyɛe ahorow ma de hwɛ onii a obehu wo n
444,Aka_Gha,"Mmabun betumi anya nyinsɛn mu nhwehwɛmu a ɛyɛ nokware wɔ kokoam afi apɔwmuden ho adwumayɛfo, abusua ",Wo nsɛmmisa a ɛfa awo akwahosan ho nhyehyɛe a wobenya ho mmuae ni: 11. Akwan bɛn na ɛwɔ hɔ a wobetum
446,Aka_Gha,"Fa ""Me"" nsɛm di dwuma: Fa nsɛmfua te sɛ ""Mete nka sɛ m'ani nngye..."" anaa ""Memmpɛ sɛ meyɛ..."" Da wo ","Wo nna ho akɔnnɔ a wo ne wo nnamfo, abusuafo, ne apomoden ho adwumayɛfo bɛbɔ ho nkɔmmɔ no betumi ayɛ"
447,Aka_Gha,Mpene a wɔpene so yɛ ade titiriw a ɛma obi nya nkitahodi pa. Ɛkyerɛ sɛ ahokafo baanu no nyinaa de fa,Ma ahotoso ne nea wobue w’ani mu tebea nhyɛ mu den wɔ beae a ahobammɔ wɔ a wobɛbɔ a wobɛte nka sɛ wo
451,Aka_Gha,"Yiw, nneɛma pii wɔ hɔ a wobetumi anya, a nhoma ahorow, wɛbsaet ahorow, ne nhomasua nhyehyɛe ahorow k","Yiw, abɛɛfo kwantenpɔn so nneɛma ne mmeae pii wɔ hɔ a mmabun betumi anya nna ne awo akwaahosan ho ns"
452,Aka_Gha,"Awofo, wɔn a wɔhwɛ wɔn, ne mpanyimfo afoforo betumi aboa mmabun wɔ ɔkwan bi sei: Nsɛm a ɛyɛ nokware ","Awofoɔ, wɔn a wɔhwɛ wɔn, ne wɔn a wɔhwɛ mmabun bɛtumi aboa mmabun a wɔadi dɛm wɔ nna ne awoɔ akwahos"
456,Aka_Gha,"Mpɔtam hɔfoɔ a wɔde wɔn ho bɛhyɛ mu no fa mpɔtam hɔfoɔ a wɔde wɔn ho bɛhyɛ gyinaesie nhyehyɛeɛ, nhye","Nneyɛ pa ho nsusuii a ɛwɔ nsɛm ho media nsɛm a ɛfa nna ne awoɔ apɔmuden ho no bi ne pɛpɛɛpɛyɛ, hia t"
461,Aka_Gha,"Wɔ afotu bere mu no, wubetumi ahwɛ kwan sɛ: Tebea a ɛma kwan na ɛnyɛ atɛn a wubetumi asusuw wo haw a",Wubetumi asusuw w’ankasa asiane ahorow a ɛwɔ hɔ ma nna mu yareɛ denam nneɛma te sɛ: - Nna mu ahokafo
462,Aka_Gha,"Mmabun a wonya GBV no wɔ asiane kɛse mu sɛ: Adwenemhaw ne Dadwen: Awerɛhow a wɔte, anidaso a wonni, ","Awosu, abɔde a nkwa wom, nneɛma a atwa yɛn ho ahyia, ne asetra mu osuahu ahorow nyinaa di dwuma titi"
463,Aka_Gha,Nkabom a wɔde nna mu apɔwmuden mmoa bɔ apɔwmuden nhyehyɛeɛ nyinaa ho no de mmoa pii ba mmaayewa ne m,"Yiw, mmara ne nhyehyɛe ahorow bɔ hokwan ahorow a mmabun wɔ sɛ wonya nna ne awo ho akwahosan ho nhyeh"
464,Aka_Gha,"Sɛ mmabun de wɔn ho hyɛ nsɛm ho amanneɛbɔ mu nsɛm a ɛfa nsɛmti a ɛho hia te sɛ nyinsɛn a wosiw ano, ","Ɛsɛ sɛ mmabun susuw abrabɔ pa nnyinasosɛm ahorow te sɛ pene, kokoam nsɛm, obuo, ne tema ho berɛ a wɔ"
467,Aka_Gha,"Wɔnam akwan ahodoɔ so de adwenemyareɛ ho nneɛma ne mmoa dwumadie ma asuafoɔ, awofoɔ, ne adwumayɛfoɔ,",Mmabun ne apɔmuden adwumayɛfoɔ betumi de nneɛma ahodoɔ adi dwuma de ate sɛnea wiem nsakraeɛ ka nna n
468,Aka_Gha,Set Limits: Fa mmere pɔtee a wode bedi dwuma wɔ mfidie no so na di so. Yɛ Mmeae a Tech-Free: Kyerɛ m,Hokwan ahorow: Wowɔ hokwan sɛ wusi gyinae wɔ wo nipadua ne nyinsɛn ho. Wowɔ hokwan sɛ wobenya ayares
469,Aka_Gha,"Aane, titiri sɛ ɛyɛ kokoam anaa bammɔ asɛm. Nanso, sɛ awofoɔ ba mu bi ayɛ woberɛ ne nkwa da esane mu","Hu hokwan ahorow a wowɔ na hwehwɛ mmara kwan so mmoa sɛ wohyia nyiyim anaa ɔhaw a. Fa nnamfo, abusua"
470,Aka_Gha,"Wɔnam akwan ahodoɔ so de adwenemyareɛ ho nneɛma ne mmoa dwumadie ma asuafoɔ, awofoɔ, ne adwumayɛfoɔ,",Mmabun bɛtumi advocate (ɔkasamafoɔ) adwenemyareɛ ho dwumadie a ɛkɔ anim wɔ wɔn mpɔtam hɔ denam: Wɔna
473,Aka_Gha,"Awofoɔ, akyerɛkyerɛ, ne mpanyinfo afoforo betumi aboa mmabun wɔ 'media literacy skills' mputuo wɔ nk",Amanaman ntam sika a wɔde bɛhyɛ ɔman ASRH nhyehyɛeɛ ne akwankyerɛ mu hyɛ apɔmuden nhyehyɛeɛ den na ɛ
476,Aka_Gha,"Amammerɛ, ɔmanfo, ne ɔbarima ne ɔbea nna mu gyinapɛn ahorow nya adwene a wɔwɔ  nna mu basabasayɛ ho ",Mmabun betumi ne atipɛnfo ayɛ biako de ayɛ na wɔakyɛ nsɛm ho amanneɛbɔ mu nsɛm pa a ɛhyɛ atipɛnfo ny
477,Aka_Gha,"Sukuu ahorow, sukuu pɔn ahorow, adwumayɛbea ahorow, ne ahyehyɛde afoforo wɔ asɛyɛde ahorow wɔ nna mu","Mmabun betumi akamfo sika a wɔbɛma akɔ soro, wɔn a wɔbɛtumi anya, ne nhumu a ɛfa ahokyere mmoa ahoma"
481,Aka_Gha,Nnamfo anaa atipɛnfo a wɔregye wɔn bɔbeasu anaa nna ho akɔnnɔ ho kyim a wɔbɛboa wɔn no hwehwɛ sɛ wob,Ma wo ho bere hwehwɛ woatenka mu. Ɔbarima ne ɔbea nna ho akɔnnɔ kyerɛ onii a w’ani gye ne ho (te sɛ 
483,Aka_Gha,Sɛ wopɛ sɛ wosua mmra ne nhyehyɛe ahorow a ɛfa mfe a obi adi sɛ ɔpene nna mu dwumadi so wɔ wo mpɔtam,"Mpene a wɔpene so, sɛnea mmara kyerɛkyerɛ mu no, kyerɛ apam a wofi wɔn pɛ mu, wɔde nimdeɛ, na wɔde a"
484,Aka_Gha,Nyinsɛn Ho Nneɛma a Wɔde Yɛ Adwuma: Saa mmeae yi de afotu ne nsɛm a ɛfa nyinsɛn ho akwan horow a wob,Nneɛma ne nnwinnade ahorow wɔ hɔ a ɛbɛboa wo ma woanya nkɔso na ahyɛ wo nsusuii a ɛyɛ katee a ɛfa nn
485,Aka_Gha,Nsesaeɛ a ɛba obi suban ne ne nkaeɛ mu wɔ mmeranteberɛ ne mmabaaberɛ mu no bi ne; sesaeɛ a ɛba n’ani,"Ɛsɛ sɛ mmabun nya nna ne awo akwahosan ho nhyehyɛe ahorow, a nea ɛka ho ne: Nyinsɛn ano aduro (sɛ nh"
486,Aka_Gha,"Mmabun a wɔadi dɛm no hyia nsɛnnennen ne akwanside ahorow, a nea ɛka ho ne: 1. Animtiaabu anaa nyiyi","Mmabaa a wɔrebɛn mpanyin afe so betumi ahyia akwanside ahorow, a nea ɛka ho ne: Asetena ne amammerɛ "
487,Aka_Gha,"Yiw, wubetumi anya nsɛm a ɛfa STIs, HIV, ne nna ho nneyɛe a ahobammɔ wom ho wɔ intanɛt so afi mmeae ","Ɛho hia sɛ wogyina nsɛm a egyina adanse so a efi mmeae a wotumi de ho to so, te sɛ akwahosan ho adwu"
488,Aka_Gha,"Mmabun betumi: Wɔayɛ atipɛnfo nkitahodi a ɛboa a ankorankoro betumi akyɛ osuahu ahorow, de nntinka f",Mmabun betumi akamfo mmarima ne mmea pɛyɛ denam: Ɔsatu a wɔde bɛma nkurɔfo ate ase ne nhyiam ahorow 
490,Aka_Gha,Sukuu Nhyehyɛe: Sukuu pii de nna ho nkyerɛkyerɛ nhyehyɛe ma. Wɛbsaet ne Apps: Wɛbsaet te sɛ nea bron,Nneɛma ne nkyerɛkyerɛ nneɛma a ɛwɔ hɔ a ɛbɛboa mmabun ma wɔasua pii afa pene a wɔpene so wɔ intanɛt 
491,Aka_Gha,"Nsɛm ho amanneɛbɔ ho nimdeɛ kyerɛ tumi a obi tumi nya, hwehwɛ mu, hwehwɛ mu, na ɔyɛ nsɛm ho amanneɛb",Asetra mu nimdeɛ yɛ tumi ne nneyɛe a ɛma ankorankoro tumi di da biara da asetra mu ahwehwɛde ne ɔhaw
492,Aka_Gha,"Fa wo ho hyɛ apɔw-mu-teɛteɛ mu daa, te sɛ apɔw-mu-teɛteɛ anaa yoga, na ama adwennwen so atew na ama ","Akwaahosan ho adwumayɛfoɔ di amammerɛ mu nsonsonoeɛ ho dwuma wɔ : Ɔkwan a ɛfa amammerɛ ho a wɔfa so,"
495,Aka_Gha,"Wo ne Wo Demafo no Nkasa: Sɛ biribi te nka sɛ ɛyɛ wo yaw anaasɛ ɛhaw wo a, ntwentwɛn wo nan ase sɛ w",Ɛsɛ sɛ mmabun: kyerɛ hokwan a wɔwɔ sɛ wɔwɔ nipadua mu ahofadi na wɔpow adeyɛ no sɛ wɔmpene so a Hweh
497,Aka_Gha,Nnwumakuo ne nneɛma bi wɔ hɔ a ɛbɛboa mmabun ma wɔate wɔn hokwan ne ahobanbɔ ase sɛ wɔn a wɔde wɔn h,"Nhwehwɛmu, ne mmɔdenbɔ a wɔbɔ sɛ wɔbɛboaboa nsɛm ano no ho hia na ama wɔatumi ahwɛ sɛnea asetra mu a"
498,Aka_Gha,"Akwahosan ho adwumayɛfoɔ bɛtumi ne mpɔtam hɔ akannifoɔ, amammerɛ ahyehyɛdeɛ, ne akuo a egyina gyidie",Sukuu ahorow betumi adi animtiaabu a ɛfa adwenemyare ho no ho dwuma na wɔahyɛ nkɔmmɔbɔ a ɛda adi pef
499,Aka_Gha,Nhwɛso ahorow bi ne: Ayaresabea ahorow a ɛyɛ mmerante ne mmabaa adamfofa su nea broni ka no 'Youth-f,Kuw ahorow a mmabun di anim a wɔkasa fa nna ho nkyerɛkyerɛ a edi mu kyerɛ wɔ sukuu ne mpɔtam hɔ. Nkɔ
501,Aka_Gha,Nkyerɛkyerɛ a ɛfa nsusuwii hunu ne nyiyim ho no betumi ama wɔanya tema ne ntease: Mmofra a Wɔadi  dɛ,"Ɔkwan a ɛkɔ akyiri: Fa nkyerɛkyerɛ a ɛfa nsusuwii hunu, mmubuafo hokwan ahorow, ne nna mu hokwan aho"
504,Aka_Gha,Amammerɛ mu afahyɛ ne amanne ahorow a wɔde twa kwan no taa ma wonya hokwan ahorow a ɛsom bo ma nhoma,"Yiw, aman pii wɔ mmara ne nhyehyɛe ahorow a ɛma mmabun wɔ hokwan sɛ wonya nyinsɛn ne awo hwɛ a edi m"
505,Aka_Gha,"Sɛ ɔbabun no, ɛyɛ awosu sɛ wobɛte nhyɛso nka afi ɔmanfo hɔ wɔ wo nna ho. Kae sɛ ɛnyɛ wo nkutoo na wo","Wubetumi anya nsɛm a ɛyɛ nokware a ɛfa wo mmara kwan so hokwan ""rights"" ahorow ne akwan a wubetumi a"
506,Aka_Gha,"Mmabun betumi akasa afa nhyehyɛe mu nsakrae, sika a wɔbɛma akɔ soro, ne nnwuma a wɔbɛma atu mpɔn a w",Mmabun betumi akamfo wɔn ahiade ahorow denam wɔn akwahosan ho adwumayɛfo anaa afotufo a wɔne wɔn di 
508,Aka_Gha,Wiase nyinaa fekubɔ ne adwumayɛkuo betumi akamfo ASRH a wɔde bɛka apɔwmuden ne nkɔsoɔ nhyehyɛeɛ a ɛt,"Amanaman ntam ASRH nhyehyeɛ ne nhyehyeɛ boa ma wɔnya wiase nyinaa apɔwmuden ne nkɔsoɔ botaeɛ a ɛtrɛ,"
510,Aka_Gha,Wubetumi de abɛɛfo ntentanfidie adi dwuma wɔ ɔkwan pa so de ama w’adwene mu akwahosan ayɛ kɛse na wo,Mmabun yɛ tumi a tumi wom a ɛma nsakrae ba nyinsɛn a woyi gu kuw a wɔhwehwɛ hokwan ahorow no mu! Akw
511,Aka_Gha,"Sɛnea wususuw wo ho, obuo a wubu wo ho, ne ahotoso a wowɔ wɔ wo ho no di dwuma titiriw wɔ sɛnea woyɛ","Nkitahodi a ɛda adi pefee na ɛyɛ nokware a wɔne awofoɔ di no boa mmabun ma wɔte wɔn gyinapɛn ahorow,"
513,Aka_Gha,"Mmabun betumi anya ahokokwaw ne ahotoso a wɔde bɛhyɛ mu yiye sɛ ahwɛfo denam nhomasua, ntetee nhyehy",Mmabun betumi akasa ama hokwan a wɔwɔ sɛ wɔpene so na wosi gyinae wɔ nna ne awo akwahosan ho nhyehyɛ
514,Aka_Gha,Mmabun betumi adi akwanside ahorow a ɛmma wontumi nnya STI/HIV nhwehwɛmu ne ayaresa nnwuma so denam:,"Mmabun betumi ahyia akwanside ahorow te sɛ ɛka, animtiaabu, anaasɛ nea wonnya bere a wɔrebɔ mmɔden s"
515,Aka_Gha,"Nkitahodi a Wobue Mu: Ka w'atenka, w’ahiade, ne w’akɔnnɔ ahorow ho nsɛm pefee na ka nokware. Tie wo ","Bere a mpɛn pii no afotu anaa ayaresa yɛ nea asiane biara nni ho na mfaso wɔ so no, asiane anaa nsun"
516,Aka_Gha,"Yiw, mpɔtam hɔ nneɛma ne ahyehyɛde ahorow bi wɔ hɔ a wobetumi aboa mmabun ma wɔadi asasesin mu akwan","Yiw, nnwumakuo ahorow a ɛwɔ mpɔtam hɔ ne mmoa akuw bi wɔ hɔ a wobetumi aboa mmabun ma wɔafa amammerɛ"
517,Aka_Gha,Nnwumakuo ne nneɛma bi wɔ hɔ a ɛbɛboa mmabun ma wɔate wɔn hokwan ne ahobanbɔ ase sɛ wɔn a wɔde wɔn h,Intanɛt so adesua ne nhyiamu: Nya nkyerɛkyerɛ nhyiamu a ɛde adesua a ɛfa nsɛm ho amanneɛbɔ ho nimdeɛ
520,Aka_Gha,Ahye yɛ limit (ahyeɛ nhyehyeɛ) ahorow a wode si hɔ de bɔ wo ho ban wɔ nkate ne honam fam. Ahye a wob,"Mɛpɛ sɛ w’ankasa wo ho nsɛm, a nna mu akwahosan ho nsɛm anaa osuahu ahorow ka ho, bɛka abusua no mu."
524,Aka_Gha,Sukuu ahorow di dwuma titiriw wɔ nna ne awo akwahosan ho nkyerɛkyerɛ ne nnwuma a wɔde ma mmabun mu d,Fa tema tie wɔn a wonyaa wɔn ti didii mu no a wonni atɛn. Fa wo mmoa ma na gye wɔn suahu ahorow di. 
526,Aka_Gha,"Sukuu, sukuupɔn, ne adwumayɛ ho ntetee asoɛe ahorow di dwuma titiriw wɔ sikasɛm nhyehyɛe a ɛfa mmari",Atipɛnfo afotu nhyehyɛe ahorow boa mmabun ma wonya nimdeɛ a ɛho hia a wɔde bɛhyɛn adwumayɛ mu anaasɛ
527,Aka_Gha,"Nipadua Kasa: Nsɛnkyerɛnne pa: Nipa bɛsere, na ɔnnyɛ kuntann, ɔbɛ dwo, na w'atwe abɛn wo. Na moani k",Nipadua mu kasa ne nkitahodi a ɛnyɛ kasa di dwuma titiri wɔ ahotoso ne asɛm a wɔka no denneennen a w
529,Aka_Gha,Mmabun betumi akyekye ahoɔden a wɔde gyina ano na wɔagyina nkɛntɛnso a ɔhaw anaa basabasayɛ de ba wɔ,"Nya pɛ ma nkɔmmɔbɔ a obuo ne nnidie wom, nkankan nea agyin nna mu akɔnnɔ, gender ne nkorɔfoɔ su ho '"
530,Aka_Gha,"Anamɔn a Wobɛyɛ Ntɛm ara: ɛbɛtumi a, firi saa tebea no mu kɔ baabi a ahobammɔ wom. Hwehwɛ mmoa firi ","Sɛ wogye di sɛ wɔabu wo hokwan ahorow so wɔ nna anaa awo akwahosan ho nsɛm mu a, wubetumi afa akwan "
533,Aka_Gha,"Amammerɛ mu gyidi, gyinapɛn, ne nneyɛe nya adwene a nkurɔfo kura wɔ pene a wɔpene so, nna mu ahofadi","Gye w’awofo amammerɛ ne nyamesom mu gyidi ahorow tom na bu wɔn, bere a woda w’ankasa hia a wuhia sɛ "
534,Aka_Gha,"Ɛho hia sɛ wokae sɛ bere a atipɛnfo a wɔwɔ adwempa betumi de nhumu a ɛsom bo ama wo, ɛsɛ sɛ w’ankasa","1. Kyerɛkyerɛ wo ho: Sua hokwan ahorow a mmubuafo wɔ, nneyɛe a ɛka obiara ho, ne gyinapɛn ahorow a ɛ"
535,Aka_Gha,Akwan a Wɔde Siw Nyinsɛn Ano Tu mpɔn: Ɛsono sɛnea akwan a wɔfa so siw nyinsɛn ano no tu mpɔn. Akwan ,"Yiw, akwan abien a wɔfa so siw nyinsɛn ano (ɔkwan abien) a wɔde bedi dwuma no betumi ayɛ adwuma yiye"
538,Aka_Gha,Atipɛnfo mmoa akuw a ɛfa mmabun nna ne awo akwahosan ho no betumi adi nsɛm ne ɔhaw ahorow pii ho dwu,Atipɛnfo Mmoa: Atipɛnfo mmoa nkitahodi nhyehyɛe ma mmabun ne afoforo a wɔwɔ osuahu ne nsɛm a ɛhaw wɔ
541,Aka_Gha,"Nsɛm ho amanneɛbɔfo a wɔyɛ, aguade ho dawurubɔfo, ne wɔn a wɔyɛ nneɛma no wɔ abrabɔ pa ho asɛyɛde be",Mmabun betumi ahu na wɔakasa atia abrabɔ pa ho nsɛm wɔ nsɛm ho amanneɛbɔfo mfonini ahorow a ɛfa nna 
542,Aka_Gha,Adwene a ɛnteɛ bi a ɛfa nna mu nneyɛe a ahobammɔ wom ho ne; gyidi ahorow sɛ nna mu dwumadi ahorow bi,Nkitahodi a ɛda adi pefee yɛ ade titiriw! Afotu bi ni: Kyerɛkyerɛ nea enti a wote saa mu: Ka ɔpɛ a w
545,Aka_Gha,"Wɔn a wɔanya wɔn ti adidi mu wɔ nsɛmmɔnedi ho atɛntrenee nhyehyɛe mu no wɔ akwan ahorow, a nea ɛka h",Mmabun betumi aboa wɔn a wɔanya wɔn ti adidi mu wɔ nna mu ɔbrasɛe mu denam: Tema a Wɔde Ma: Atie a t
546,Aka_Gha,Akwahosan ho adwumayɛfoɔ ne akyerɛkyerɛfoɔ bɛtumi ne nyamesom akuo adi nkitaho wɔ akwan a ɛfa amamme,"Awofoɔ, wɔn a wɔhwɛ wɔn, ne wɔn a wɔhwɛ mmabun bɛtumi aboa mmabun a wɔadi dɛm wɔ nna ne awoɔ akwahos"
547,Aka_Gha,"Akwan anaa nneɛma a etu mpɔn a afotufo betumi de aboa mmabun ma wɔanya nsusuwii a emu dɔ, ahotoso wɔ",Mpɔtam hɔ ahyehyɛde ahorow ne akuw a wɔnyɛ adwuma a wɔde hwehwɛ mfaso betumi aboa mmabun ma wɔanya a
548,Aka_Gha,"Sɛ mmabun hyia akwanside anaa nyiyim bere a wɔrehwehwɛ mmara kwan so mmoa a, wobetumi: Wɔakyerɛw nyi",Hokwan a mmabun wɔ sɛ woyi nyinsɛn gu no kyerɛ sɛ wobetumi apaw nneɛma a ɛfata wɔ wɔn awo akwahosan 
549,Aka_Gha,Hu sɛ wobɛtumi aba me nkyɛn a worensuro atemmuo anaa nteaseɛ a ɛntene. Mewɔ ha sɛ mɛtie na maboa wo.,Wubetumi ne ɔpanyin anaa adwenem ahokwasan ho ɔbenfo a wogye no di akasa afa wo intanɛt so adwenemya
550,Aka_Gha,"Te sɛ nnuru biara no, PrEP betumi de ɔhaw ahorow aba nnipa binom so. Ebia nneɛma bɔne a ɛtaa ba ne a",Nkitahodi: Ahye ho hia na ama wɔakura adwene mu akwahosan mu na wɔama nkitahodi a ɛfata anya nkɔso. 
551,Aka_Gha,"Sɛ worefa adwene a enhyia anaa ntawntawdi a ɛfa ɔbarima ne ɔbea ntam abusuabɔ ne nna ho akɔnnɔ ho a,",Afotufoɔ betumi ama nkitahodi a ɛda adi pefee na ɛyɛ nokwaredi ne mmabun afa nsɛmti a ɛyɛ nkate te s
552,Aka_Gha,"Mmabun betumi akamfo nna ne abusuabɔ ho mfoni ahorow a ɛka obiara ho, obu ma, na ɛnyɛ nea wɔde di dw",Ɛsɛ sɛ mmabun hu abrabɔ pa ho nsusuwii bere a wɔde wɔn ho hyɛ nsɛm ho amanneɛbɔ mu nsɛm a ɛfa nna ne
553,Aka_Gha,"Sɛ anohyeto ahorow mpo wɔ hɔ a, Ghana mmabun a wɔadi dɛm betumi de nsɛm ho amanneɛbɔ akwan adi dwuma",Mmabun betumi ahu na wɔakasa atia abrabɔ pa ho nsɛm wɔ nsɛm ho amanneɛbɔfo mfonini ahorow a ɛfa nna 
554,Aka_Gha,"Yiw, mpɛn pii no, nnwuma anaa nhyehyeɛ titiriw bi wɔ hɔ a ɛfa nna ne awo akwahosan ho nhyehyɛe a edi","Yiw, ebia mmoa akuw anaa nhyehyɛe ahorow bi wɔ hɔ ma mmabun a wɔyem anaa wɔyɛ awofo wɔ Ghana. Sɛnea "
556,Aka_Gha,"Atipɛnfo nhyɛso betumi ada adi wɔ akwan horow so, te sɛ nhyɛso a wobɛte nka sɛ wo ne afoforo nneyɛe,","Ɛho hia sɛ wokae sɛ bere a atipɛnfo a wɔwɔ adwempa betumi de nhumu a ɛsom bo ama wo, ɛsɛ sɛ w’ankasa"
558,Aka_Gha,Wobetumi de nsusuwii a ɛyɛ katee adi dwuma de asusuw nkɛntɛnso a nsɛm ho amanneɛbɔfo nkrasɛm anaa ag,"Dawurubɔ: Mpɛn pii no, wɔde nna ho mfonini di dwuma de hyɛ nneɛma ho nkuran, na wɔde bata nsusuwii a"
560,Aka_Gha,Ma Nhumu: Yɛ nkyerɛkyerɛ nhyiam anaa nhyiam ahorow ho nhyehyɛe de ma nkurɔfo hu hia a nna ho nkyerɛk,"Ne w’akwahosan ho dwumayɛni anaa sukuu sickbay ɔyarehwɛfo nni nkitaho, wobetumi aboa ma woanya nnwum"
562,Aka_Gha,"Akwahosan a Wɔhwɛ So: Adwumayɛfo betumi aboa ama wɔahwɛ nipadua ne atenka mu nsakrae, na wɔahwɛ ahu ","Mmabunbere Ho Nhomasua: Sukuu ahorow taa de mmabunbere ho adesua ma, na wɔkyerɛkyerɛ nipadua ne aten"
563,Aka_Gha,Nneɛma ne nkyerɛkyerɛ nneɛma a ɛwɔ hɔ a ɛbɛboa mmabun ma wɔasua pii afa pene a wɔpene so wɔ intanɛt ,Nneɛma a ɛwɔ hɔ a ɛbɛboa mmabun ma wɔate hokwan a wɔwɔ sɛ wɔpene so na wosi gyinae wɔ nna ne awo akw
564,Aka_Gha,Akwankyerɛ a wɔde hyɛ kasa ne ntease a ɛwɔ aman horow ntam ho nkuran de hyɛ adwene ne osuahu ahorow ,"Mmabun a sebi wɔadi dɛm taa hyia animtiaabu, nyiyim, ne pow esiane amammerɛ anaa nyamesom mu gyidi a"
565,Aka_Gha,Paw bere pa a nnipa baanu no nyinaa dwo na wɔwɔ  adagyew. Ka wo nsusuwii ne wo nkate ho asɛm nokware,"Digitals media ho nimdeɛ fa tumi a obi tumi nya, hwehwɛ, hwehwɛ mu, na ɔyɛ media mu nsɛm wɔ dijitaal"
566,Aka_Gha,"Ɔkwan a egyina hokwan ahorow so gye tom sɛ mmabun fi wɔn asetra mu, wɔn nipasu, ne osuahu ahorow a w","Atipɛnfo mmoa nkitahodi ahorow ma obi te nka sɛ ɔyɛ ne de ne ntease, na ɛtew nkate a ɛne sɛ wɔatew n"
567,Aka_Gha,Akuo anaa ahyehyɛdeɛ a asuafoɔ di anim bɛtumi adi dwuma titire wɔ adwenem apɔwmuden ho nimdeɛ a wɔbɛ,"Nimdeɛ ne ahokokwaw a wohia a wɔde bɛma wɔn de ahwehwɛ nsɛm ho amanneɛbɔ nkrasɛm, gyinabea ahorow, n"
569,Aka_Gha,Nipadua ho mfonini a enye wɔ mmerantebere ne mmabaabere mu betumi anya obu a obi wɔ ma ne ho ne adwe,"Nna ho nsɛm a wɔde di dwuma wɔ amanneɛbɔ mu no betumi anya mmabun ankasa ho mfonini, nipadua mu ahot"
571,Aka_Gha,Nneɛma a ɛwɔ hɔ a ɛbɛboa mmabun ma wɔate hokwan a wɔwɔ sɛ wɔpene so na wosi gyinae wɔ nna ne awo akw,Mmabun betumi akasa ama hokwan a wɔwɔ sɛ wɔpene so na wosi gyinae wɔ nna ne awo akwahosan ho nhyehyɛ
572,Aka_Gha,Hu nnipa a wɔyɛ wɔn ho wɔn ho a ɛka bom: Ɛsɛ sɛ mmɔden a wɔbɔ sɛ wɔbɛkasa ama nhyehyɛe ahorow no hwɛ,Nneɛma titiriw a ɛwɔ sikasɛm nhyehyɛe a ɛfa mmarima ne mmea ho no bi ne nneɛma a wɔbɛyɛ de ahyɛ nhom
573,Aka_Gha,"Atenka mu Nsɛnnennen: Ɛyɛ ade a ɛfata sɛ wobenya nkate ahorow bi bere a woatu nyinsɛn agu akyi, te s",Nkate mu nhyehyɛe kyerɛ tumi a obi tumi di nkate horow ho dwuma na ɔyɛ ho biribi wɔ ɔkwan a ɛfata na
574,Aka_Gha,Mmabun betumi akura wɔn yiyedi ne wɔn ho atɔ wɔn mu wɔ wɔn ho a wɔbɛhwɛ wɔn ho dwumadi ahorow te sɛ ,Mmabun betumi anya adwene a ɛne sɛ wobesua ade wɔ wɔn nkwa nna nyinaa mu na wɔakɔ so anya ahokokwaw 
575,Aka_Gha,"Yiw, mpɔtam hɔ nneɛma ne ahyehyɛde ahorow bi wɔ hɔ a wobetumi aboa mmabun ma wɔadi asasesin mu akwan","Yiw, nnwumakuo ahorow a ɛwɔ mpɔtam hɔ ne mmoa akuw bi wɔ hɔ a wobetumi aboa mmabun ma wɔafa amammerɛ"
576,Aka_Gha,Gye wo bere na te nka sɛ wo ho tɔ wo bere a woasiesie wo ho no. Paw bere ne beae a ɛfata: Hwehwɛ kok,"Yiw, ɛyɛ ade a ɛfata koraa sɛ wobɛte nka sɛ w’adwene atu afra anaasɛ wo ne w’akasakasa wɔ wo nna mu "
579,Aka_Gha,Amammerɛ anaa asetena mu nsunsuansoɔ a ɛwɔ awoɔ mu apɔmuden nsɛm nteaseɛ so no bi ne: animtiaabu ne ,Wubetumi de ahokeka a ɛfa asɛm a wɔka sie ho adi dwuma wɔ asetena mu tebea horow ankasa mu denam teb
580,Aka_Gha,Sɛnea wobɛpere ama nkyerɛkyerɛ ne mmeaeɛ a wɔhwɛ mmaayewa ne mmeranteɛ (adolescents) apɔwmuden so ad,"HIV banbɔ ne ayaresa nhyehyɛeɛ a ɛfata mmabun no bi ne nhyehyɛeɛ a wɔn tipɛnfoɔ di anim, apɔmuden mm"
581,Aka_Gha,Animtiaabu: Amammerɛ anaa ɔmanfo mu animtiaabu a ɛfa nna mu apomoden ho nsɛm ho no betumi ama obi an,Nneɛma titiriw a ɛma wɔpene so wɔ abɛɛfo kwantenpɔn so nkitahodi mu no te sɛ nea ɛwɔ anim ne anim nk
582,Aka_Gha,Nnamfo anaa atipɛnfo a wɔahu sɛ wɔwɔ nna mu yarev a wɔbɛboa wɔn no fa: - atinka fam mmoa ne awerɛhye,Wɔbetumi anya: Mpanyimfoɔ ne kuo a wɔwɔ ayamye a wɔbɛbɛn wɔn. Wɔde wɔn ho bɛhyɛ dwumadie a ɛgye obia
584,Aka_Gha,Wubetumi akamfo afotu adwuma ama mmabun a wɔwɔ wo mpɔtam anaa wo mantam mu no denam: Wobɛma nkurɔfo ,Adwene mu Akwahosan yɛ asɛm a ɛho hia na wobɛtumi ayɛ akuo wɔ wo sukuu mu ne mpɔtam hɔ nso de ama nk
585,Aka_Gha,"Sɛ yɛ ma nipadua mu nsakraeɛ nyɛ yɛn ade foforɔ, wɔ pɔtɔɔ kasa mu no ɛyɛ 'normal': Hu sɛ nipadua mu ",Mmabun betumi anya adwene a ɛne sɛ wobesua ade wɔ wɔn nkwa nna nyinaa mu na wɔakɔ so anya ahokokwaw 
587,Aka_Gha,Akwan pii wɔ hɔ a wobɛfa so ama ntease ne tema anya nkɔso ama nnipa a wɔresusuw ho sɛ wobeyi nyinsɛn,Nneɛma bi wɔ hɔ a ɛbɛboa wo ma woagyina nkateɛ mu nsunsuansoɔ a STIs de ba no ano: Planned Parenthoo
588,Aka_Gha,"Mpɛn pii no, awofo mpeneso yɛ nea ɛyɛ  nanso sɛ wunnii mfe 18 a, ɛnyɛ ahyɛde. Wɔ Ghana no, mmara kwa","Yiw, mmara ne nhyehyɛe ahorow bi wɔ hɔ a ɛbɔ hokwan a wowɔ sɛ wunya nna ne awo akwahosan ho nkyerɛky"
591,Aka_Gha,Mfasoɔ a ɛwɔ STI/HIV ano aduru ne nwomasua a wɔde bɛka akwahosan ho dwumadie foforɔ ho ama mmabun no,Atumfoɔ bebree wɔ mmara anaa nhyehyɛeɛ a ɛgye hokwan a mmabun wɔ wɔ akwahosan ho dwumadie a ɛyɛ koko
594,Aka_Gha,"Nneɛma, mmoa ahomatrofo, ne nnwumakuo ahorow a wɔde mmoa ma wɔn a wɔanya wɔn ti adidi mu wɔ nna mu ɔ",Nneɛma titiriw a ɛwɔ nhyehyɛe a etu mpɔn a wɔde siw ano no mu bi ne: Nkyerɛkyerɛ a ɛkɔ akyiri a ɛfa 
596,Aka_Gha,"Wo nna ho akɔnnɔ a wo ne wo nnamfo, abusuafo, ne apomoden ho adwumayɛfo bɛbɔ ho nkɔmmɔ no betumi ayɛ",Nyinsɛn betumi aka abusuabɔ a ɛda wo ne nnamfo ne abusuafo ntam: Nsakrae a ɛba wɔ Asetena mu: Ebia w
597,Aka_Gha,Bɔbeasu ne nna ho akɔnnɔ yɛ nneɛma a ɛfa ho nanso ɛda nsow wɔ nipasu biara ho. Bɔbeasu kyerɛ sɛnea w,Nkɔmmɔbɔ ahorow a ɛfa nna ho wɔ nsɛm ho amanneɛbɔ mu no ne mmabun nna ne awo apɔwmuden ho nneɛma afo
598,Aka_Gha,Ɛnyɛ wo nko ara: Nnipa pii hyia nna mu basabasayɛ. Mmoa wɔ hɔ a wobetumi anya. Wo ne obi a wowɔ ne m,"Sɛ wote nka sɛ wɔabu m'apɔmuden hokwan so a, wubetumi afa akwan yi so: Kyerɛ wo haw kyerɛ w'apɔmuden"
599,Aka_Gha,Tailoring no bi ne: Wɔbɛhwɛ sɛ amammerɛ mu nkateɛ ne nnipa nyinaa bɛka adesua nhyehyɛeɛ nkɔsoɔ ho. N,Mmabun adwumayɛ nhyehyɛe ne adwumayɛ ho ntetee di ahiade pɔtee anaa nsɛnnennen a mmabun a wɔato wɔn 
601,Aka_Gha,"Yiw, aman pii wɔ mmara anaa nhyehyɛe ahorow a ɛma mmabun wɔ hokwan sɛ wonya nna ne awo ho akwahosan ","Yiw, mmoa ntam nkitahodi ne ahyehyɛde ahorow bi wɔ hɔ a wɔkyereɛ  akwannya ahorow a mmabun wɔ sɛ won"
602,Aka_Gha,Nna mu Nkɔmmɔbɔ: Ɔbarima ne ɔbea nna mu haw kyerɛ nsɛnnennen a ɛba wɔ nna mu mmuae kyinhyia no fã bi,Mmusua a wɔboa no di dwuma titiriw wɔ mmabun a wɔadi dɛm asetra mu: Ahobammɔ Beae: Ma tebea a ahobam
607,Aka_Gha,Adwenemhaw ne Dadwen: nna mu dwumadi a wɔatwa no tiaa sɛ LGBTQ+  mmabun wɔ asiane kɛse mu sɛ wobenya,Kan no na mmoa ahorow bi wɔ hɔ ma nna mu dwumadi a wɔatwa no tiaa sɛ LGBTQ+ akuw nanso bere a wɔapen
609,Aka_Gha,Ɛsɛ sɛ nnuan a ahoɔden wom ne nnuan a wodi wɔ mmerantebere ne mmabaabere mu no ma aduannuru a ɛkari ,Apɔw-mu-teɛteɛ a wɔyɛ no daa wɔ mmerantebere ne mmabaabere mu no de mfaso pii ba: Nipadua mu Akwahos
615,Aka_Gha,Mmabun betumi abɔ wɔn kokoamsɛm ho ban bere a wɔrenya nna ne awo apɔwmuden ho nsɛm wɔ Intanɛt so den,Ɛsɛ sɛ mmabun ma wɔn adwene si abrabɔ pa ho nsusuwii ahorow so bere a wɔreyɛ nneɛma na wɔkyekyɛ wɔ I
616,Aka_Gha,Mmabun betumi ako ama wɔn hokwan ne yiyedi sɛ wɔn a wɔde wɔn ho ahyɛ nhwehwɛmu mu wɔ nhwehwɛmu ahoro,"Mmabun betumi akamfo nna ne awo akwahosan ho nsɛmti ho mfonini a ɛyɛ pɛpɛɛpɛ, a ɛka obiara ho, na ɛy"
617,Aka_Gha,"Yiw, ebia wɔbɛhwehwɛ sɛ akwahosan ho adwumayɛfo bu kokoam nsɛm so wɔ tebea horow bi mu, a nea ɛka ho","Yiw, ebia nneɛma bi wɔ hɔ a ɛsono hokwan a obi wɔ sɛ ɔde kokoamsɛm sie wɔ nna ne awo apɔwmuden ho nh"
620,Aka_Gha,"Yiw, mmara ne nhyehyɛe ahorow bɔ hokwan ahorow a mmabun wɔ sɛ wonya nna ne awo ho akwahosan ho nhyeh",Mmabun betumi akamfo nhyehyeɛ anaa nsakraeɛ a ɛfa nna ne awoɔ akwahosan ho dwumadie a ne boɔ yɛ den 
623,Aka_Gha,Adwene mu yiyedi ne ahoɔden a wɔbɛhyɛ ho nkuran wɔ mmabun mu no ho hia na wɔasiw adwenemyare a efi a,Asetra a Ɛma Apɔwmuden: Di aduan a ɛfata na yɛ apɔwmuteɛteɛ. Da sɛnea ɛsɛ na di adwennwen ho dwuma. 
625,Aka_Gha,"Amammerɛ mu Nneyɛe: Mfitiase Aware: Wɔ amammerɛ ahorow bi mu no, aware ntɛm abu so, na ɛma mmabun ny",Akwahosan ho adwumayɛfoɔ bɛtumi afa amammerɛ ahodoɔ mu de nna ne awo akwahosan (SRH) ho dwumadie a ɛ
627,Aka_Gha,Nsɛnnennen ne Hokwan a ɛwɔ Nhomasua mu: Nsɛm ho amanneɛbɔ ho nimdeɛ ne asetena mu atɛntrenee a wɔde ,Asetena mu Atɛntrenee Nnyinasosɛm a Wɔde Bɛka Abom: Nsɛm ho amanneɛbɔ ho adesua nhyehyɛe ahorow de a
629,Aka_Gha,Nkitahodi a Wɔabue Mu: Fi ase bɔ nkɔmmɔ a emu da hɔ na ɛkyerɛ obu fa abrabɔ pa ho nsɛmti te sɛ pene ,Nhyehyɛe ne nhyehyɛe ahorow a ɛfa atutra a ɛfa ahye so ho no betumi aka mmabun a wobenya nna ne awo 
630,Aka_Gha,Kɔkɔbɔ nsɛnkyerɛnne a ɛkyerɛ sɛ ebia obi wɔ asiane mu sɛ wɔbɛtow ahyɛ obi so wɔ nsa anaa nnubɔne a w,Nneyɛeɛ aa ɛkyerɛ sɛ obi mmu wohyeɛ bi ne: Sɛ wɔntie wo nea borɔfo fre no 'verbal' anaa 'non-verbal 
631,Aka_Gha,Mmara kwan so ahobammɔ a wɔde ma mmabun a wɔapirapira anaa basabasayɛ wɔ nyɔnkofa nkitahodi anaa nna,Mmara kwan so akwannya ahorow ho nkyerɛkyerɛ ma mmabun tumi ma wosi gyinae a ɛfata wɔ wɔn nna ne awo
634,Aka_Gha,"Mpɛn dodow a wɔyɛ nna mu yareɛ nhwehwɛmu no gyina ankorankoro asiane ahorow, nna mu nneyɛe, ne akwah","Mpɛn dodow a wɔyɛ STI nhwehwɛmu ma mmabun no gyina nneɛma ahorow so, a wɔn nna mu dwumadi, nna mu ah"
635,Aka_Gha,"Suban a wubedi so: Wo hokafo bɔ mmɔden sɛ ɔbɛkyerɛ nea wobɛhyɛ, onipa ko a wuhu, anaa nea woyɛ. Ahoɔ","Ebia worehyia asisifo sɛ wote nka bere nyinaa sɛ wo hyɛ wo ho, wohunahuna wo, anaasɛ wobrɛ wo ase a."
636,Aka_Gha,"Ɔmanfo adwene ne nsusuwii hunu a ɛfa nna, ɔbarima ne ɔbea nna, ne awo akwahosan ho no boa kɛse ma wɔ","Nsɛm ho amanneɛbɔfo taa ma nsusuwii hunu ne animtiaabu a ɛfa nna ho akɔnnɔ, ɔbarima ne ɔbea nna ho n"
637,Aka_Gha,"Mpene a wɔde nimdeɛ ma ne kwan a wɔfa so de nsɛm a ɛfata ma ankorankoro, a mmabun ka ho, a ɛfa aduro",Ntease a ɛfa animhwehwɛ ho: Mmabun sua sɛ wobehu na wɔasusu animhwɛ a ɛwɔ media nyikyerɛ ahorow a ɛf
641,Aka_Gha,"Hwehwɛ mmeae a ahoɔden wom ""seek healthy outlets"": Fa adwennwen anaa dadwen kɔ dwumadi pa te sɛ apɔw","Amammerɛ mu gyinapɛn ahorow, ɔmanfo adwene, ne animtiaabu betumi aka tumi a mmabun wɔ sɛ wɔde wɔn mm"
642,Aka_Gha,"Mmara ne nhyehyeɛ akwansideɛ bɛtumi asiw mmabun kwan a wɔbɛfa so anya awoɔ apomoden ho dwumadie ano,",Mfe a mmabun betumi anya nyinsɛn a woyi gu ho nhyehyɛe wɔ mmara kwan so a awofo mpene so no gu ahoro
643,Aka_Gha,"Akwahosan ho dwumadiefoɔ bɛtumi ahwɛ sɛ wɔn nna ne awoɔ akwahosan ""SRH"" ho nkyerɛkyerɛ nneɛma ne nne","Amammerɛ, nyamesom, ne asetena mu gyinapɛn ahorow nya abrabɔ pa ahye ne gyinapɛn ahorow a wɔde di dw"
644,Aka_Gha,Adwene a ɛnteɛ a wɔtaa nya wɔ awo hokwan ne ahofadi a mmabun wɔ ho no bi ne gyidi ahorow a ɛne sɛ mm,"Nsɛm ho amanneɛbɔ hyehyɛ adwene ne adwene a wɔwɔ wɔ mmabun nna ne awoɔ apomoden ho denam nneyɛe, gyi"
645,Aka_Gha,Akwahosan ho dwumadiefoɔ ne akyerɛkyerɛfoɔ bɛtumi ne mpɔtam hɔ akannifoɔ ne mpaninfoɔ ayɛ adwuma abo,"Awofoɔ, akyerɛkyerɛfoɔ, ne akwahosan ho adwumayɛfoɔ bɛtumi aboa mmabun wɔ nsɛm ho amanneɛbɔ ho nimde"
646,Aka_Gha,"Yiw, ebia nneɛma bi wɔ hɔ a ɛsono hokwan a obi wɔ sɛ ɔde kokoamsɛm sie wɔ nna ne awo apɔwmuden ho nh",Nneɛma a ɛwɔ hɔ a ɛbɛboa mmabun ma wɔate hokwan a wɔwɔ sɛ wɔpene so na wosi gyinae wɔ nna ne awo akw
648,Aka_Gha,Nhyehyɛe ahorow a wɔde siw ano no di nhyɛso ahorow  ho dwuma denam akwan horow a tumi ne hokwan nhye,"Animtiaabu ne ɔbarima ne ɔbea nna ho tan, mmarima a wɔne wɔn ho da ho tan, transphobia, ne mmusua mu"
649,Aka_Gha,Wobetumi de mfiridwuma ne digital akwan adi dwuma de asiw nsonsonoe a ɛwɔ nna ne awo akwahosan ho ns,Wobetumi de mfiridwuma ne akwahosan wɔ telehealth so adi dwuma de ama nna ne awo akwahosan ho nsɛm n
650,Aka_Gha,Mmabun betumi ahyɛ nkitahodie pa ho nkuran wɔ wɔn mpɔtam hɔ na wɔakamfo nhyehyɛe ne nhyehyɛe ahorow ,"Awofoɔ, akyerɛkyerɛfoɔ, ne ahwɛfoɔ bɛtumi ahyɛ ɔbarima ne ɔbaa ntam atenka ho nkuran wɔ wɔne mmabun "
651,Aka_Gha,Websites (nimdeɛ pa). Apps (de hwehwɛ nneɛma). SMS (nkɔmmɔbɔ mfidie). Telemedicine (intanɛt so ayare,Ahyehyɛde ahorow a ɛwɔ mpɔtam hɔ de abɛɛfo mfiridwuma nea broni ka no 'technology'  ne 'sohyial medi
652,Aka_Gha,Mmabun betumi adi ɔhaw a ɛwɔ wɔn awo hokwan ne fahodi ho no so denam: - a wɔbɛkyerɛkyerɛ wɔn ho wɔ w,"Yiw, amammerɛ anaa nyamesom mu gyidi ahorow betumi anya mmabun ntease ne hokwan a wɔwɔ sɛ wodi wɔn h"
653,Aka_Gha,Ɔman mmara ne nhyehyɛe nhyehyɛe ahorow gu ahorow wɔ sɛnea wogye mmabun nna ne awo akwahosan hokwan a,Mmabun betumi akasa ama hokwan a wɔwɔ sɛ wɔde kokoamsɛm  sie wɔ nna ne awoɔ apomoden ho nhyehyɛe mu 
657,Aka_Gha,Mmabun betumi akamfo awo akwahosan ho dwumadie a wɔbɛma atu mpɔn wɔ wɔn mpɔtam hɔ denam: Awoɔ akwaho,Mmabun a wɔde wɔn ho hyɛ mmabun adwumayɛ nhyehyɛe ne adwumayɛ mu ntetee mu no betumi ahyia nsɛnnenne
659,Aka_Gha,"Ɛka a ɛboro so: Bosea a obi bɛbɔ bosea a ɛboro nea obetumi atua, na ɛde sikasɛm mu ahokyere, ɛka afi",Asetena mu ahobammɔ nhyehyɛe ahorow yɛ adwuma sɛ nea ɛma obi ho dwiriw no wɔ ɔhaw ahorow mu denam mm
663,Aka_Gha,Adwene mu yiyedi a ɛfata ma wunya ɔkwan pa ne apɔwmuden a wobɛfa so anya nna mu nkɔso. W’adwene mu a,"Media nya atipɛnfo nkitahodi so nkɛntɛnso kɛse wɔ mmabun mu denam nkitahodi akwan, asetena mu gyinap"
664,Aka_Gha,Ahintasɛm: Ahintasɛm kyerɛ sɛ nea wo ne wo fotufo susuw ho no da so ara yɛ kokoam. Wɔmfa nsɛm a wɔky,STI/HIV nhwehwɛmu ne ayaresa adwumayɛbea ahorow de kokoamsɛm ne kokoam nsɛm di kan de bɔ ankorankoro
665,Aka_Gha,Wobetumi asiesie mfiridwuma foforo ma adi mmabun ahiade ahorow ne nea wɔpɛ ho dwuma denam: Wɔne wɔn ,Mmabun betumi anya sikasɛm mu mmoa ama asetena mu nimdeɛ nkɔso ne adwumayɛ ho nhyehyɛe ahorow denam 
667,Aka_Gha,"Eyi yɛ obi ankasa gyinaesi, na nneɛma pii betumi anya so nkɛntɛnso (Influence). Nneɛma bi a ɛsɛ sɛ w",Nsɛm a egyina adanse so yɛ fapem a wɔde si gyinae a ɛfata wɔ nna mu akwahosan ho. Ɛma wonya nimdeɛ a
668,Aka_Gha,Mmabun betumi akyerɛ wɔn sikasɛm botae ahorow na wɔayɛ sikakorabea nhyehyɛe denam: Botae ahorow a wo,Nneɛma Titiriw ne Ankorankoro: Nneɛma atitiriw a ɛwɔ ahobammɔ nhyehyɛe mu no betumi ayɛ nea ɛka nneɛ
669,Aka_Gha,Akwahosan ho ɔbenfo a wo ne no bɛkasa no ho hia na ama woanya nsɛm a edi mu afa akwan horow a wɔfa s,"Nyinsɛn a woyi gu hokwan ahorow a wɔ ko ma sɛ ɛbɛdi dwuma,ne ɔko a wɔko de hwɛ hu sɛ obiara a ohia n"
670,Aka_Gha,"Awofo, akyerɛkyerɛfo, ne wɔn a wɔhwɛ mmabun betumi aboa mmabun ma wɔayɛ nhwehwɛmu a ɛyɛ katee na wɔd","Awofo, wɔn a wɔhwɛ wɔn, ne mpanyimfo afoforo betumi aboa mmabun wɔ ɔkwan bi sei: Nsɛm a ɛyɛ nokware "
671,Aka_Gha,Mmofra ho animdefo: Dɔkotani a wɔn ho akokwaw wɔ mmofra ne mmabun akwahosan ho. Abusua Nnuruyɛfo: Nn,Nneɛma ne mmoa nhyehyɛe ahorow a ɛwɔ hɔ ma mmabun a wɔrehwehwɛ mmoa a wɔde befi nkɔmmɔbɔ ase ne wɔn 
673,Aka_Gha,"Sukuu akwahosan akuo, dwumadi ahorow a ɛnyɛ adesua, ne mpɔtam hɔ ahyehyɛde ahorow a wɔde wɔn adwene ",Ɛsɛ sɛ mmabun hu abrabɔ pa ho nsusuwii bere a wɔde wɔn ho hyɛ nsɛm ho amanneɛbɔ mu nsɛm a ɛfa nna ne
674,Aka_Gha,Akwannya ahorow a ɛbɛma aman no ayɛ biako na wɔasesa nimdeɛ wɔ hɔ de ama nna ne awo akwaahosan (ASRH,Akwan a wɔbɛfa so ahwɛ sɛ nna ne awo akwahosan (ASRH) dwumadie a egyina mfiridwuma so no gyina adans
675,Aka_Gha,"Yiw, ayaresabea ahorow a wɔde fa nnipa ne nhyehyɛe ahorow a wɔde kɔ nkurɔfo nkyɛn wɔ hɔ, a wɔde nnwu",Mmabun betumi afa akwahosan nhyehyɛe no mu akɔhwehwɛ nna ne awo akwahosan ho nhyehyɛe a ne bo nyɛ de
676,Aka_Gha,Amammerɛ mu nimdeɛ a ɛwɔ nhwehwɛmu mu no hyɛ nhwehwɛmu a wɔahu no nkyerɛaseɛ mu kɔ nneyɛeɛ ne nhyehy,Mmabun betumi akamfo amammerɛ mu ɔhwɛ a ɛfata wɔ akwahosan ho nhyehyɛe ahorow mu denam hia a amammer
678,Aka_Gha,"Nkitahodi Ho Nimdeɛ: Sua sɛ wobɛda wo nsusuwii adi pefee na tie wo nnamfo, w’abusuafo, ne wɔn a wobe",Hokwan a nyinsɛn a woyi gu ho asɛm a wo ne nnamfo ne abusuafo bɛka ho asɛm no betumi ayɛ nea emu yɛ 
680,Aka_Gha,"Ebia ɛka bi wɔ hɔ a ɛbata afotu anaa ayaresa ho, a egyina nneɛma te sɛ ɔyarehwɛfo ko, wo insurance a","Yiw, adwenem ahokwasan ""mental health"" ho nhyehyɛe pɔtee bi wɔ hɔ a wɔayɛ ama mmabun ahiade. Ebia ey"
683,Aka_Gha,Ma Nhumu: Yɛ nkyerɛkyerɛ nhyiam anaa nhyiam ahorow ho nhyehyɛe de ma nkurɔfo hu hia a nna ho nkyerɛk,Mmoa a wɔhwehwɛ wɔ adwenemyare ho a wɔbɛma ayɛ nea ɛfata wɔ nna ne awo akwahosan ho nkyerɛkyerɛ nhye
684,Aka_Gha,Akwan bi a wobɛfa so ama akwahosan ho nhyehyɛe ahorow ayɛ nea ɛfa mmabun a wɔadi dɛm ho kɛse ni: Sɛn,Mmabun betumi ahwehwɛ nkɔmmɔbɔ a ɛfa nna ne awo akwahosan ho wɔ nyamesom tebea horow mu denam nkɔmmɔ
685,Aka_Gha,"Sɛnea ɛbɛyɛ a wɔbɛhyɛ nnipa nyinaa a wɔbɛka wɔn ho ne wɔn ahorow ahorow ho nkuran no, mpɔtam hɔfo a ",Nnipa nyinaa a wɔbɛka wɔn ho ne ahodoɔ a wɔbɛhyɛ ho nkuran wɔ apomoden ho mmeaeɛ a ɛfata mmabun no f
687,Aka_Gha,"Obu Fapem: Obu yɛ nyɔnkofa papa fapem, baabi a ahokafo baanu no nyinaa bu wɔn ho wɔn ho. Tie na Gye ",Nkitahodi a Wobɛbue Mu: Wo ne wo hokafoɔ nkasa pefee ne nokwaredi mu fa wo hyeɛ ne nea wopɛ wɔ nna a
688,Aka_Gha,"Mmabun betumi ahyia akwanside ahorow wɔ aduan a ahoɔden wom ne adan a ɛfata a wobenya mu, a nea ɛka ",Sukuu ne nkyerɛkyerɛ nhyehyɛe betumi aboa mmabun denam: Ɔbarima ne ɔbea nna ho nkyerɛkyerɛ a ɛma apɔ
689,Aka_Gha,"Nsonsonoeɛ a wɔbɛgye atom, ahunu deɛ ɛkyerɛ ankorankoro suahunu ne nneɛma a wɔbɛnya. Akuw a wɔato wɔ",Nnamfo ne abusuafoɔ betumi de mmoa ama obi a ɔrepere wɔ adwenemyare bi ho denam tie a wobetie a wɔre
690,Aka_Gha,Sɛ worekɔ nkɔmmɔbɔ a emu yɛ den anaa ntawatawa  wo ne w’atipɛnfo anaa ahokafo ntam wɔ nna mu akwaa a,Sɛ wopɛ sɛ wugyina nsusuwii a ntease wom ne w’ankasa gyinapɛn ahorow so ka wo gyinaesi ne wo hye (bo
691,Aka_Gha,"Awofo, wɔn a wɔhwɛ mmofra, akyerɛkyerɛfo, ne mpanyimfo afoforo a wogye wɔn di di dwuma titiriw wɔ mm","Awofo, ahwɛfo, ne mpanyimfo afoforo a wogye wɔn di betumi adi dwuma a ɛboa wɔ mmɔden a mmabun bɔ sɛ "
695,Aka_Gha,Mmara kwan so ahobanbɔ ne nhyehyɛe ahorow wɔ hɔ a wɔde bedi nyiyim ne basabasayɛ a egyina mmarima ne,"Nnwuma ne nhyehyeɛ ahodoɔ bi wɔ hɔ a wɔde asi wɔn ani so sɛ wɔbɛma mmabun, tumi ma wɔadi mmarima ne "
696,Aka_Gha,"Nyinsɛn a Wosiw Ano Ho Ntease: Sɛ wuhu sɛnea akwan horow no yɛ adwuma a, ɛboa ma wopaw nea ɛfata. As",Mmarima ne mmaa awoɛ nhyehyɛe no yɛ adwuma sɛ kuo de bɔ ɔkra foforo! Mmarima awoɔ nhyehyɛe no ma mma
697,Aka_Gha,Nna mu basabasayɛ yɛ nsɛmmɔnedi. Nea ɛsɛ sɛ wuhu ni: Mpɔtam Hɔ Mmara: Mmara a ɛfa nna mu basabasayɛ ,"Nsa, nnuro a ɛma nna (sedatives) ma woda, w'ani so tɔ wo, wowerɛ fi. Wuntumi nsi gyinaeɛ anaa wompen"
698,Aka_Gha,Nneɛma titiriw a ɛma wɔpene so wɔ abɛɛfo kwantenpɔn so nkitahodi mu no te sɛ nea ɛwɔ anim ne anim nk,"Mpene a wɔpene so kyerɛ kwan anaa pene a wɔde ma wɔ adeyɛ pɔtee bi ho, titiriw wɔ abusuabɔ ne nna mu"
701,Aka_Gha,STI a wosiw ano no hwehwɛ sɛ: Kɔndɔm a Wɔde Di Dwuma Bere Nyinaa: Fa kɔndɔm di dwuma yiye wɔ berɛ bi,Ɔbarima ne ɔbea nna ho nneyɛe a ahobammɔ wom te sɛ kɔndɔm a wɔde di dwuma ne nhwehwɛmu a wɔyɛ no daa
702,Aka_Gha,"Social media fo yɛ asɛdeɛ a ɛne sɛ wɔbɛyɛ nhwɛso ma mmabun no mu denam: Suban pa, ne gyinapɛn ahorow","Ɔmanfo akwanhwɛ ahorow a ɛfa ɔbarima ne ɔbea nna ho betumi anya ntease a mmabun wɔ wɔ wɔn nipasu, ab"
704,Aka_Gha,"Mpɛn pii no, amammerɛ ne nyamesom mu nneɛma di dwuma titiriw wɔ ankorankoro gyinapɛn ne gyidie ahoro","Amammerɛ ne nyamesom akuw ahorow no nnye LGBTQ+ dwumadi ahorow ntom wɔ Ghana, nanso wɔn nkyerɛkyerɛ "
705,Aka_Gha,Mmabun a wɔn ani gye ho sɛ wɔbɛboa nna ne awo akwahosan ho nhyehyɛe ahorow denam mpɔtam hɔfo a wɔde ,Ɛsɛ sɛ mmabun a wɔadi dɛm de wɔn ho hyɛ nna ne awo akwahosan ho nhyehyɛe ne nhyehyɛe ahorow a ɛhaw w
710,Aka_Gha,Mmabun betumi de wɔn ho ahyɛ akannifo dwumadi ne gyinaesi nhyehyɛe ahorow a ɛfa ASRH ho mu kɛse dena,Nneɛma a Wɔde Kɔma Wɔn: Ntrɛwmu a wɔde frɛ nkurɔfo ne telefon a wɔde boa wɔn betumi ama mmabun a wɔr
711,Aka_Gha,"Awofo, wɔn a wɔhwɛ mmofra, akyerɛkyerɛfo, ne mpanyimfo afoforo a wogye wɔn di di dwuma titiriw wɔ mm","Awofo, wɔn a wɔhwɛ wɔn, ne mpanyimfo afoforo betumi aboa mmabun wɔ ɔkwan bi sei: Nsɛm a ɛyɛ nokware "
715,Aka_Gha,Bere a mpɛn pii no nyinsɛn a woyi gu yɛ adeyɛ a ahobammɔ wom bere a akwahosan ho adwumayɛfo a wɔatet,"Ebia nsunsuanso bɔne a ebetumi afi nyinsɛn ano a wosiw ano ntɛm so aba ne akisikuru, ɔfe, ɔbrɛ, tiyɛ"
716,Aka_Gha,"Mmabun wɔ ho kwan sɛ wɔyɛ HIV nhwehwɛmu ne ayaresa wɔ kokoam, a ɛkyerɛ sɛ ɛsɛ sɛ wɔdi wɔn kokoam nsɛ","Nneɛma ne mmoa dwumadie a ɛwɔ hɔ a ɛbɛboa mmabun ma wɔanya nsɛm, nhwehwɛmu, ayaresa, ne mmoa a wɔde "
718,Aka_Gha,"Yiw, ahyehyɛde ahorow ne mmoa nkitahodi ahorow wɔ hɔ a ɛbɛboa mmabun, a nea ɛka ho ne: Ayaresabea ah","Yiw, mmoa ntam nkitahodi ne ahyehyɛde ahorow bi wɔ hɔ a wɔkyereɛ  akwannya ahorow a mmabun wɔ sɛ won"
719,Aka_Gha,Anamɔn betumi ayɛ: Nhwehwɛmu foforo a wɔbɛyɛ de ate nea ɛde sintɔ ahorow no ba. Nsiesiei akwan te sɛ,"Amammerɛ mu nkate ho hia efisɛ egye gyidi, gyinapɛn, ne nneyɛe ahorow a ɛwɔ mmabun a wofi amammerɛ a"
720,Aka_Gha,Kwan a yɛfa so pere ma atentenenee: Ɔsatu a wɔde ma nkurɔfo hu: Mmabun betumi de abɛɛfo ntentan ne m,Mmabun a wɔadi dɛm betumi anya nna ne awo akwahosan ho nsɛm ne nnwuma a edi mu wɔ akwahosan ho nhyeh
721,Aka_Gha,"Nyinsɛn a woyi gu hokwan ahorow a wɔ ko ma sɛ ɛbɛdi dwuma,ne ɔko a wɔko de hwɛ hu sɛ obiara a ohia n","Mmabun betumi akasa ama awo akwahosan ho nhyehyɛe a edi mu, a nyinsɛn a wotu gu ne nyinsɛn a woyi gu"
723,Aka_Gha,Wɔwɔ hɔ ma mmabun a wɔhwɛ nyinsɛn a woyi gu akyi de di honam fam anaa atenka fam ahiade biara ho dwu,"Anamɔn a wɔfa so fi adwuma bi ase no bi ne: adwuma ho adwene anaa hokwan bi a wobehu, gua so nhwehwɛ"
724,Aka_Gha,Kyɛ Nsɛm a Wotumi De Ho To So: Fa nsɛm fi nnipa a wɔwɔ din pa hɔ to gua. Nkrasɛm Pa: Fa w’adwene si ,nea broni ka no 'Social media platform' ahorow de kokoam nhyehyɛe ahorow ma de hwɛ onii a obehu wo n
725,Aka_Gha,"Intanɛt so ɔhaw ahorow a wɔde wɔn ho hyɛ mu ho adwumayɛbea pii yɛ nea wontua hwee mma mmabun. Nanso,","Fa wo ho hyɛ apɔw-mu-teɛteɛ mu daa, te sɛ apɔw-mu-teɛteɛ anaa yoga, na ama adwennwen so atew na ama "
727,Aka_Gha,"Awofoɔ anaa abusuafoɔ bɛtumi akyerɛkyerɛ wɔn ho denam nsɛm a wɔtumi de ho to so a wɔbɛnya, nhyiamu a","Awofo anaa abusuafo betumi aboa wo yiye denam tema a wobetie, wo nkate a wobegye atom, ne ɔdɔ ne mmo"
728,Aka_Gha,Wɔn a nna ho mmonnaatoɔ ato wɔn na wɔpɛ sɛ wɔhwehwɛ mmara mu kwan a wɔbɛfa so no bɛtumi anya mmoa mb,Mmabun betumi aboa wɔn a wɔanya wɔn ti adidi mu wɔ nna mu ɔbrasɛe mu denam: Tema a Wɔde Ma: Atie a t
729,Aka_Gha,"Yiw, mmara ne nhyehyɛe ahorow bi wɔ hɔ a ɛbɔ hokwan a wowɔ sɛ wunya nna ne awo akwahosan ho nkyerɛky",Wobetumi: Wɔahyehyɛ asuafo akuw anaa aku de ama nkurɔfo ate ase na wɔakasa nna ho adesua a edi mũ ak
731,Aka_Gha,"Yiw, ebia wɔbɛhwehwɛ sɛ akwahosan ho adwumayɛfo bu kokoam nsɛm so wɔ tebea horow bi mu, a nea ɛka ho","Aane, tebea horow bi betumi aba a mmabun hia awofo anaa ɔhwɛfo pene ma nna ne awo akwahosan ho nnwum"
732,Aka_Gha,Ɛsɛ sɛ mmabun hu sɛ ɔhwɛ a wɔde ma ansa na wɔawo no befiri akwahosan ho adwumayɛfo daa wɔ nyinsɛn no,"Nea ɛka nyinsɛn ne awo ho hwɛ a edi mũ a wɔde ma mmabun ho ne ɔhwɛ a wɔde hwɛ mmabun ansa na wɔawo, "
733,Aka_Gha,Nkitahodiɛ ho nteaseɛ: Nhwehwɛmu a ɛfa nnwuma ahodoɔ ho ho hia na ama yɛate nkitahodiɛ a ɛyɛ den a ɛ,"Mmabun betumi anya asetena mu ahobanbɔ nhyehyɛe ahorow denam aban adwumayɛbea ahorow, mpɔtam ahyehyɛ"
734,Aka_Gha,Mmabun betumi aboa atipɛnfo a ebia wɔrehyia nhyɛso anaa nhyɛso wɔ abusuabɔ mu denam atemmu a wɔde bɛ,Mmabun betumi ahu nna mu basabasayɛ ho sɛnkyerɛnne na wɔayɛ ho biribi denam nneɛma a wɔtaa de kyerɛ 
736,Aka_Gha,"Yiw, amammerɛ anaa nyamesom mu gyidi ahorow betumi anya adwene a nkurɔfo kura wɔ nna, nyinsɛn a wosi",Mmabun betumi akasa ama hokwan a wɔwɔ sɛ wɔpene so na wosi gyinae wɔ nna ne awo akwahosan ho nhyehyɛ
737,Aka_Gha,"Nneɛma a ɛyɛ so bi ne nhoma te sɛ ""Wo Hwɛ ne Wo Sie: Nipadua Nhoma a Wɔde Ma Mmabaa nkumaa"" ne ""Wo H","Aane, atipɛnfo nkyerɛkyerɛ nhyehyɛe ne mmoa akuw bi wɔ hɔ a mmabun betumi asua nna mu akwahosan ho a"
738,Aka_Gha,Nkitahodi ho nimdeɛ: Kyerɛkyerɛ nkitahodi ne ntawatawadi ano aduru ho nimdeɛ a etu mpɔn. Munsusu Ahy,"Nkɔmmɔbɔ a Wobue Mu: Fi ase ne nnamfo bɔ nkɔmmɔ a ɛnyɛ aniberesɛm fa abusuabɔ pa, pene a wɔpene so, "
739,Aka_Gha,"Tema ne nteaseɛ: Atipɛnfoɔ afotufoɔ pa da tema ne nteaseɛ adi wɔ wɔn atipɛnfoɔ suahunu, nsɛnnennen, ",Atipɛnfo atipɛnfo a wɔde wɔn ho hyɛ mu no fa mmabun a wɔboa wɔn ho wɔn ho na wɔkyerɛ wɔn ho wɔn ho k
741,Aka_Gha,"Nnipa a wɔadi dɛm akamfo hokwan ahorow ne gye a wogye wɔn tom bere tenten wɔ abakɔsɛm nyinaa mu, na ",Wɔaka nnipa hokwan ahorow pii ama nnipa a wɔadi dɛm a ɛne asetena mu atɛntrenee akuo afoforo a ɔmanf
743,Aka_Gha,"Asetra mu Mmoa a Wobɛhwehwɛ: Twe wo nnamfo, abusuamufo, anaa mpanyimfo a wogye wɔn di a wɔboa wɔn no","Wɔ mmere a adwennwen anaa dadwen a emu yɛ den mu no, mmabun betumi de wɔn ho ahyɛ akwan horow a wɔfa"
744,Aka_Gha,"Yiw, abusua nhyehyɛe adwumayɛbea ahorow taa de akwan horow a wɔfa so siw nyinsɛn ano ntɛm ka ho. Akw","Wɔ nkate fam mmoa ne ɔhaw mu mmoa a wɔde wɔn ho hyɛ mu akyi no, ɔhaw ho mmoa telefon ahorow betumi d"
745,Aka_Gha,Sɛ wobɛhwɛ ɔbarima ne ɔbea nna so no kyerɛ sɛ wubehu akwan horow a ɔbarima ne ɔbea nna nya ankoranko,"Adwennwen yɛ sɛnea nipadua no si gye ɔhaw anaa nneɛma a ɛhwehwɛ, na ɛkanyan nipadua ne adwene mu nne"
747,Aka_Gha,Ahyehyɛdeɛ ne nkitahodiɛ a mmabun di wɔn anim ne wɔn ho wɔn ho ne mpaninfoɔ ayɔnkofoɔ yɛ adwuma bom ,"Mmabun betumi ne mmara ho abenfo, nnipa hokwan ahyehyɛde ahorow, apomoden ho adwumayɛfo, akyerɛkyerɛ"
748,Aka_Gha,"Mmabun betumi ayɛ nhyehyɛe akɔhwɛ akwahosan ho adwumayɛfo, te sɛ nnuroyɛfoɔ, ayarehwɛfoɔ, anaa mpɔta",Ɛnyɛ nea wɔhwehwɛ sɛ akwahosan ho adwumayɛfo de nna mu nyarewa (STI) nhwehwɛmu ne ayaresa ho nnwuma 
749,Aka_Gha,"Bere a ebia Ghana wɔ mmara kwan so anohyeto ahorow a ɛfa LGBTQ+ nsɛm ho no, sɛnea yebetumi akɔ apomu",Hwehwɛ mpɔtam hɔ adwene mu apomoden kuo ahyehyɛdeɛ anaa mpɔtam hɔ mmeaeɛ a wɔde mmoa akuo anaa nhyia
750,Aka_Gha,"Mmabun betumi akasa ma mmea ne mmea da ne mmarima ne mmarima da, 'LGBTQ+' nhyehyeɛ ne nneyɛeɛ a ɛka ",Akwahosan ho adwumayɛbea ahorow betumi ahwɛ ahu sɛ mmabun te nka sɛ wɔama wɔn tumi denam: Hokwan a m
754,Aka_Gha,Ahorow:Aduru a wɔde siw nyinsɛn ano putupuru (ECP): Ɛwɔ honam mu nkwammoa (hormones) a ɛsi nyinsɛn a,"Yiw, asetra mu nneɛma bi betumi aka sɛnea akwan horow bi tu mpɔn: Nnuru a wɔde siw awo ano a ɛyera: "
755,Aka_Gha,"Meserɛw, mintumi nkyɛ m’ankasa osuahu ahorow, nanso metumi de nhwɛso ahorow a ɛyɛ nsusuwii hunu anaa",Ɛtaa ba sɛ wubenya ntawntawdi wɔ amammerɛ anaa nyamesom nkyerɛkyerɛ ne ankorankoro gyidi anaa osuahu
759,Aka_Gha,"Gyinaesi a Wɔde Nimdeɛ Yɛ: Nhyehyɛe ahorow si akwannya a mmabun wɔ sɛ wonya nsɛm a edi mu, kokoam ns","Sɛ wobɛkɔ so agyina wo gyinaesi ahorow ano na woanya ahotoso, bere mpo a ɛsono w’atipɛnfo de no, hwe"
761,Aka_Gha,Atosɛm: Atosɛm: Nnuro a wɔde siw nyinsɛn ano ma obi mu duru yɛ kɛse bere nyinaa. Nokwasɛm: Ɛnyɛ nnur,Atosɛm ahorow bi a wɔtaa ka fa nyinsɛn ano a ɛsɛ sɛ wohwɛ yiye ni: Atosɛm: Nnuru a wɔde siw awo ano 
762,Aka_Gha,"Yiw, ntentanfidie nneɛma pii wɔ hɔ a wobetumi de adi dwuma ama mmabun a wɔrehwehwɛ adwenemyare ho mm",Nneɛma a ɛwɔ hɔ a ɛbɛboa mmabun ma wɔate hokwan a wɔwɔ sɛ wɔpene so na wosi gyinae wɔ nna ne awo akw
765,Aka_Gha,"Mmabunbere de nipadua mu nsakrae ba, na ɛyɛ ade a ɛfata sɛ ɛtɔ mmere bi a wobɛte nka sɛ wo hwɛ wo ho","Yiw, ɛyɛ ade a ɛfata koraa sɛ wobɛte nka sɛ w’adwene atu afra anaasɛ wo ne w’akasakasa wɔ wo nna mu "
767,Aka_Gha,Wo nsɛmmisa a ɛfa awo akwahosan ho nhyehyɛe a wobenya ho mmuae ni: 11. Akwan bɛn na ɛwɔ hɔ a wobetum,"Akwan a wobɛfa so: Nyinsɛn a woyi gu: Sɛ wonyɛɛ krado sɛ wobɛyɛ ɔwofo a, nyinsɛn a woyi gu yɛ mmara "
768,Aka_Gha,Nkitahodi di dwuma titiriw wɔ abusuabɔ pa a wɔbɛkɔ so akura mu denam: Ahiade ne Ahye a Wɔda no adi: ,"Nkitahodi ho nimdeɛ ho hia na ama wɔne atipɛnfo, ayɔnkofo, ne wɔn a wɔkamfo kyerɛ a wɔwɔ gyinapɛn ne"
769,Aka_Gha,Nneɛma a wɔde hyɛ awo mu atɛntrenee ho nkyerɛkyerɛ ne nhumu ho nkuran wɔ mmabun mu no bi ne nhyehyɛe,Sukuu ahorow di dwuma titiriw wɔ nna ne awo akwahosan ho nkyerɛkyerɛ ne nnwuma a wɔde ma mmabun mu d
770,Aka_Gha,Nhyehyɛe ahorow a wɔde siw ano no di nhyɛso ahorow  ho dwuma denam akwan horow a tumi ne hokwan nhye,"Animtiaabu ne ɔbarima ne ɔbea nna ho tan, mmarima a wɔne wɔn ho da ho tan, transphobia, ne mmusua mu"
772,Aka_Gha,"Sɛ yɛbɛtumi adi amammere ne kasa mu akwansideɛ a ɛwɔ nna ne awoɔ ho nkitahodiɛ mu no so nkunim a, yɛ",Mmabun nnwuma a ɛfa nna ne awoɔ ho apɔwmuden ho a ɛyɛɛ yie bi ne: Baabi a mmabun a wɔatetee wɔn kyer
773,Aka_Gha,"Mmabun a wɔyem wɔ hokwan sɛ wosi gyinae wɔ wɔn ankasa akwahosan ne wɔn ba akwahosan ho, a nea ɛka ho",Sukuu ahorow ne mpɔtam hɔ ahyehyɛde ahorow di dwuma titiriw wɔ mmabun a wɔkyerɛkyerɛ wɔn hokwan ne a
774,Aka_Gha,Sɛnea wubetumi ayɛ nsakrae nne ni: Nkitahodi a Wobue: wo ne wo nnamfo ne w’abusuafo di nkitaho pefee,Ɔmanfo su ne animtiaabu a ɛfa adwenemyare ho no betumi de akwanside ahorow aba wɔ mmoa anaa mmoa a w
775,Aka_Gha,"Fi ase ne nsɛm a ɛnyɛ den: Fa nnamfofa pa, nkitahodiɛ, anaa sɛnea nipadua teɛ ho nkɔmmɔbɔ hyɛ nna ho",Sɛnea wobɛhwɛ sɛ woanya nna mu nyarewa a 'STI' nhwehwɛmu ne ayaresa mmoa: Hunu mpɔtam hɔ apɔmuden mm
776,Aka_Gha,Nna mu akwahosan ho akwankyerɛ a wobɛkɔ so ahu no ho hia. Ɔkwan a wɔfa so yɛ no ni: Di Fibea a Wogye,Nsɛm a wobɛkɔ so anya: Aban abɛɛfo ntentan ahorow: Kɔ aban akwahosan dwumadibea abɛɛfo ntentan ahoro
778,Aka_Gha,Abofra gyeɛ a aborɔfo frɛ no 'adoption' yɛ mmara kwan a yɛfa so gye abofra yɛ yɛn ba. Ɛkɔ so sɛn: mm,Akwan a wɔfa so fi ase ne atipɛnfo anaa ahokafo bɔ nkɔmmɔ a ɛfa nna mu akwahosan ho nsɛmti ho wɔ obu
779,Aka_Gha,"Ebia nsunsuansoɔ bere tiaa bi no bi ne: Nsakrae a ɛba ntɛm ara wɔ adwene, ne nneyɛe mu. Atɛn ne gyin",Nipadua ho mfonini pa ne obu kɛse a obi nya wɔ ne ho wɔ mmerantebere ne mmabaabere mu no betumi ama 
781,Aka_Gha,Nsesaeɛ a ɛba obi suban ne ne nkaeɛ mu wɔ mmeranteberɛ ne mmabaaberɛ mu no bi ne; sesaeɛ a ɛba n’ani,"Adwene mu akwahosan ""mental health"" nya tumi a yɛtumi de yɛn ho hyɛ nna ne awo akwahosan ho nkyerɛky"
784,Aka_Gha,"Wobetumi de nkɔmmɔbɔ a ɛfa nna mu ɔbrasɛe ho no ahyɛ nna ho nkyerɛkyerɛ a ɛkɔ akyiri, adwenemyareɛ h",Kwan a yɛfa so pere ma atentenenee: Ɔsatu a wɔde ma nkurɔfo hu: Mmabun betumi de abɛɛfo ntentan ne m
785,Aka_Gha,Amammerɛ mu nkate ho hia bere a wɔresusuw nsɛmti a ɛfa mmabun nna ne awo apɔwmuden ho ho asɛm efisɛ:,"Sɛ wɔde nna mu ne awoɔ mu apɔwmuden nnwuma bɛka apɔwmuden nyinaa nnwuma ho a, ɛkyerɛ sɛ wɔde apɔwmud"
786,Aka_Gha,Wɔn a wɔanya wɔn ti adidi mu wɔ nna mu basabasayɛ mu no wɔ akwannya ne ahobammɔ a wɔde ma wɔn wɔ mma,Nhomasua ne Nhumu: Nhomasua ne nhumu nhyehyɛe ahorow di dwuma titiri wɔ asiane ahorow a ɛwɔ aware a 
787,Aka_Gha,Amammerɛ mu gyinapɛn ahorow nya suban ne nneyɛe a ɛfa nna ne awo akwahosan ho so nkɛntɛnso kɛse wɔ m,Amammerɛ mu gyinapɛn ahorow a ɛfa ɔbarima ne ɔbea dwumadi ne nna ho betumi aka SRH ho nsɛm ne nnwuma
791,Aka_Gha,Mmabun betumi aka ama  wɔde wim nsakrae bɛka nna mu ne awoɔ ho apɔmuden (SRH)  nhyehyɛeɛ ho  wɔ  ber,Ɛnyɛ nea wɔhwehwɛ sɛ akwahosan ho adwumayɛfo de nna mu nyarewa (STI) nhwehwɛmu ne ayaresa ho nnwuma 
792,Aka_Gha,Bɔbeasu ho gyinapɛn ne nsusuwii hunu betumi anya sɛnea mmabun hu nna ne awo akwahosan ho nsɛm ne nnw,Abɛɛfo tumidi nhyehyeɛ bɛtumi adi nsonsonoeɛ a ɛwɔ nna ne awoɔ akwahosan ho nsɛm ne dwumadie a ɛwɔ m
793,Aka_Gha,Ntetee no betumi ayɛ: Ɔbarima ne ɔbea nna ne awo akwahosan ho nkyerɛkyerɛ a edi mu na ama wɔanya nim,"Nhomasua nneɛma te sɛ nkratawa, nokwasɛm nkrataa, ne nhomawa a ahyehyɛde ahorow a agye din te sɛ GHS"
794,Aka_Gha,"Wɔ bere a wɔahyɛ sɛ wɔbɛhwɛ no ansa na wɔawo no, akwaahosan ho adwumayɛfo taa: Hwɛ ɔbabun a onyinsɛn",Nkɛntɛnso: Abusua ne mpɔtam hɔ mpanyimfo taa nya nkɛntɛnso kɛse wɔ amammerɛ mu gyidi ne gyinapɛn aho
795,Aka_Gha,"Sɛnea wususuw wo ho, obuo a wubu wo ho, ne ahotoso a wowɔ wɔ wo ho no di dwuma titiriw wɔ sɛnea woyɛ",Nipadua ho mfonini a enye wɔ mmerantebere ne mmabaabere mu betumi anya obu a obi wɔ ma ne ho ne adwe
796,Aka_Gha,"Yiw, ntetee nhyehyɛe ne nhyehyɛe ahorow bi wɔ hɔ a wɔde wɔn adwene si amammerɛ mu nimdeɛ ne ɔhwɛ a ɛ","Yiw, telehealth so akwahosan ho dwumadie pɔtee bi wɔ hɔ a wɔayɛ ama mmabun nna ne awoɔ akwahosan ahi"
798,Aka_Gha,Mmabun betumi de wɔn ho ahyɛ abvvfo ntetan abasɛm ne nsɛm a wɔka de gyina akyi ɔsatu ahorow mu de am,Mmabun betumi de nea broni ka no 'social media'  ne dijitaal akwan afoforo adi dwuma de ama wɔn nne 
799,Aka_Gha,Mmabun betumi akamfo nhyehyeɛ anaa nsakraeɛ a ɛfa nna ne awoɔ akwahosan ho dwumadie a ne boɔ yɛ den ,Nkɔmmɔbɔ di akwanside ahorow a mmabun akuo a wɔato wɔn sintidua hyia no ho dwuma denam nneɛma a wɔde
802,Aka_Gha,Ɔkwan a wɔ fa so nyinsɛn (Fertilization) yɛ bere a mmadwoa nkwammoaa bi hyia na ɛne nkesua nkwammoaa,Nyinsɛn a wosiw ano ntɛm ara yɛ ɔkwan a wɔfa so siw nyinsɛn ano bere a wɔne wɔn ho da a wɔammɔ wɔn h
805,Aka_Gha,"Nsunsuanso: Amammerɛ mu gyinapɛn ahorow betumi akyerɛ adwene a ɛfa ɔbarima ne ɔbea dwumadi, nkitahod",Animtiaabu: Amammerɛ anaa ɔmanfo mu animtiaabu a ɛfa nna mu apomoden ho nsɛm ho no betumi ama obi an
806,Aka_Gha,Mmabun betumi akamfo nna ne awo akwahosan ho nkyerɛkyerɛ ne nnwuma a ɛfa amammerɛ ho denam: Nhyehyɛe,"Mmabun betumi ahyɛ amammerɛ a ɛfa pene, obu, ne abusuabɔ pa ho nkuran wɔ wɔn atipɛnfo akuw, sukuu, i"
807,Aka_Gha,Mmabun betumi de nea broni ka no 'social media'  ne dijitaal akwan afoforo adi dwuma de ama wɔn nne ,Ahyehyɛde ahorow a ɛwɔ mpɔtam hɔ de abɛɛfo mfiridwuma nea broni ka no 'technology'  ne 'sohyial medi
808,Aka_Gha,Mmabun a wonni akwahosan ho a broni ka no 'insurance' no wɔ akwan pii a wɔbɛfa so anya nna ne awo ak,"Yiw, mmabun betumi anya nna ne awo ho akwahosan ho nhyehyɛe a wonni insurance anaa sika. Ayaresabea "
809,Aka_Gha,Mpɔtam Hɔ: Kɔ mpɔtam asoeɛ anaa sɛ mmubun beaɛ kɔ hwehwɛ nhyehyeɛ a ɛfa dwumadie ahodoɔ a worebedi a,"Sɛ ɔbabun no, ɛyɛ awosu sɛ wobɛte nhyɛso nka afi ɔmanfo hɔ wɔ wo nna ho. Kae sɛ ɛnyɛ wo nkutoo na wo"
811,Aka_Gha,"Mmabun bɛtumi abɔ wɔn ho ban afi sikasɛm mu nsisi, ne nnaadaa nneyɛe ho denam nsɛm a wɔbɛkɔ so ahu n","Mpanyimfo a Wogye Wɔn Di Dwuma: Mpanyimfo a wogye wɔn di, te sɛ awoɔfo, akyerɛkyerɛfo, sukuu afotufo"
815,Aka_Gha,"W’ahye a wo ne w’atipɛnfo bɛka ho asɛm yiye no hwehwɛ sɛ wobɛma emu ada hɔ, woayɛ tẽẽ, na woanya aho",Nkitahodi a Wɔabue Mu: Fi ase bɔ nkɔmmɔ a emu da hɔ na ɛkyerɛ obu fa abrabɔ pa ho nsɛmti te sɛ pene 
816,Aka_Gha,"Mpɛn pii no, ɛsɛ sɛ aduan a ɛkare pɛ ma wonya aduannuru a ɛho hia wɔ mmerantebere ne mmabaabere mu. ",Ɛyɛ ade a ɛfata sɛ wobɛte nka sɛ wo ho nyɛ wo dɛ anaasɛ woayɛ basaa bere a worebɔ nkɔmmɔ a ɛfa nsɛmt
818,Aka_Gha,Sɛ wobenya pintinnn nkitahodie ho nimdeɛ na wode ako atia atipɛnfo nhyɛso a ennye a worentwe wo ho m,"Fa bere susu wo nneyɛɛ ho a wubenya no hia wo bere a wuhyia atipɛnfo nhyɛso a ɛfa abusuabɔ, nna, ne "
819,Aka_Gha,"Fa nkyerɛkyerɛ ma wɔ nna ne awo akwahosan hokwan ahorow ho, a nsɛm a ɛfa mmra, nhyehyɛe, ne amanaman",Sukuu ahorow ne mpɔtam hɔ ahyehyɛde ahorow di dwuma titiriw wɔ mmabun a wɔkyerɛkyerɛ wɔn hokwan ne a
821,Aka_Gha,Mmabun a wɔadi dɛm betumi anya nna ne awo akwahosan ho nsɛm ne nnwuma a edi mu wɔ akwahosan ho nhyeh,Sɛnea wɔbɛhyɛ nna ne awoɔ apɔwmuden ho nhyehyɛe a ɛka obiara ho nkuran ni: Nneɛma a wobetumi anya: H
824,Aka_Gha,Wo ba no fa nkɔso a ɛyɛ nwonwa mu wɔ nyinsɛn no nyinaa mu. Eyi ne ɔkwa  a wɔpaapae mu: ɔsram abiɛsa ,Mmabun betumi akasa ama hokwan a wɔwɔ sɛ wɔpene so na wosi gyinae wɔ nna ne awo akwahosan ho nhyehyɛ
827,Aka_Gha,"Paw tebea a ahotɔ ne bere a wode befi nkɔmmɔbɔ no ase, na hwɛ hu sɛ nneɛma kakraa bi na ɛtwetwe adwe",Nyarewa a wonya fi nna mu (STI): Eyinom yɛ nyarewa a ɛnam nna mu nkitahodi so fi onipa biako so kɔ f
829,Aka_Gha,Dwumadi ahorow a wode di dwuma anaa sɛ wode sua ade betumi ama wo nkitahodi ho nimdeɛ ne ahotoso a w,Sɛ worekɔ nkɔmmɔbɔ a emu yɛ den anaa ntawatawa  wo ne w’atipɛnfo anaa ahokafo ntam wɔ nna mu akwaa a
830,Aka_Gha,:Ɛho hia sɛ wɔkyerɛkyerɛ mmabun sɛnea nna mu ɔbrasɛe abu so ne nkɛntɛnso a ɛwɔ so efisɛ:Nhumu: Nna m,Hokwan a wɔwɔ sɛ wɔpene so na wosi gyinae wɔ nna ne awo akwahosan mu no kyerɛ sɛ ankorankoro wɔ ahof
832,Aka_Gha,"Aane, mmabun apɔwmuden ho mmeae pii de nneɛma foforo ne mmoa ma mmabun, a nea ɛka ho ne: Wɔde wɔn kɔ",Hwehwɛ mpɔtam hɔ adwene mu apomoden kuo ahyehyɛdeɛ anaa mpɔtam hɔ mmeaeɛ a wɔde mmoa akuo anaa nhyia
833,Aka_Gha,"Mpɛn pii no, adwene a ɛsakra wɔ mmerantebere ne mmabaabere mu no fi nsesae a ɛba wɔ honam mu nkwammo","Nipadua mu nsakrae a ɛtaa ba wɔ mmerantebere ne mmabaabere mu no bi ne onyin a ɛba ntɛmntɛm, nna mu "
835,Aka_Gha,"Mmabun betumi afa akwan horow so anya nsɛm ne mmoa, a nea ɛka ho ne: Nna ho nkyerɛkyerɛ nhyehyɛe a e",Apɔmuden nhyehyɛeɛ betumi ahyɛ nkitahodiɛ a ɛda nna ne awoɔ mu apɔmuden dwumadie ne apɔmuden dwumadi
836,Aka_Gha,"Nhomasua ne Nhumu: Adwene ne akwahosan ho nkyerɛkyerɛ a wɔde bɛma, nkɔmmɔbɔ a wɔde bu animtiaa, ne n",Mmabun betumi anya adwene a ɛne sɛ wobesua ade wɔ wɔn nkwa nna nyinaa mu na wɔakɔ so anya ahokokwaw 
837,Aka_Gha,"Anansesɛm anaa adwene a ɛnteɛ a wɔtaa nya wɔ nipadua mfonini ho no bi ne: Atrosɛm: ""Nipadua a ɛyɛ tr","Mmeranteɛ ne mmabaawa bɛtumi afa akwan ahodoɔ so atia amuo ne nyiyim wɔ wɔn mpɔtam, na wɔagyina ama "
838,Aka_Gha,"Aane, ɔkwantuo kwan pɔtee bi bɛtumi aba hɔ a mmabun bɛtumi afa so akɔ ayaresabea ahorow, a ebi ne: S",Wubetumi de nsɛm anaa nyansahyɛ ahorow ama wɔ akwahosan ho mmeae a ɛfata mmabun a wobɛma atu mpɔn wɔ
839,Aka_Gha,Nea ebetumi afi bere tiaa ne bere tenten mu aba wɔbɛhwehwɛ ahoɔden pa afi atipɛnfo hɔ wɔ nna ho gyin,"Sɛ wonya  ahokokwaw a wode bɛda w’ahiade, nea wopɛ, ne w’ahye adi wɔ ahotoso mu wɔ asetra mu tebea h"
841,Aka_Gha,Hyɛ nkitahodi a ɛda adi pefee nam nkuranhyɛ a wobɛhyɛ obiara nkuran ma waka ne nsusuwii ne ne nkate ,Ebia wo gyinapɛn ne wo gyidi ahorow ne ɔmanfo gyinapɛn ahorow bi anaa atipɛnfo akwanhwɛ ahorow bi a 
843,Aka_Gha,Sukuu ahorow ne mpɔtam hɔ ahyehyɛde ahorow di dwuma titiriw wɔ mmabun a wɔkyerɛkyerɛ wɔn hokwan ne a,"Aban ahorow, NGO ahorow, ne mpɔtam ahyehyɛde ahorow di dwuma titiriw wɔ nhomasua ne adwumayɛ ho ntet"
844,Aka_Gha,Mmabun a wɔde wɔn ho hyɛ mmabun adwumayɛ nhyehyɛe ne adwumayɛ mu ntetee mu no betumi anya mmoa nnwum,Mmabun betumi anya ahokokwaw ahorow pii afi mmabun adwumayɛ nhyehyɛe ne adwumayɛ ho ntetee a wɔde wɔ
845,Aka_Gha,"Afotu anaa ayaresa yɛ adeyɛ a wo ne oduruyɛfo a wɔatete no kasa fa wo nsusuwii, atenka, ne osuahu ah",Atrosɛm ne adwene a ɛnteɛ pii wɔ hɔ a ɛfa aduan pa ne nsɛm a ɛnnyɛ nokware a enya wɔ mmabun awoɔ apo
848,Aka_Gha,"Amanaman ntam akwan a wɔfa so hwɛ nnipa hokwan ahorow so na wɔbɔ ho amanneɛ, te sɛ apam ahyehyɛde ah",Nkɔmmɔbɔ di akwanside ahorow a mmabun akuo a wɔato wɔn sintidua hyia no ho dwuma denam nneɛma a wɔde
849,Aka_Gha,Wubetumi de abɛɛfo ntentanfidie adi dwuma wɔ ɔkwan pa so de ama w’adwene mu akwahosan ayɛ kɛse na wo,"Te sɛ nnuru biara no, PrEP betumi de ɔhaw ahorow aba nnipa binom so. Ebia nneɛma bɔne a ɛtaa ba ne a"
850,Aka_Gha,"Mmabun betumi ako ama akwan horow a wɔfa so tew animtiaabu so nka ho denam: Wɔn a wɔne nhyehyɛeyɛfo,",Eyi bi ne: Awoɔ mu apɔmuden nkyerɛkyerɛ a ɛkɔ akyiri a wɔbɛma wɔ sukuu ne mpɔtam. Awoɔ mu apɔmuden m
851,Aka_Gha,"Nsɛm ho amanneɛbɔ ho adesua ma mmabun tumi sɛ: Wohu na wɔkasa tia nsusuwii hunu, nsɛm a ɛnteɛ, ne nn",Nsɛm ho amanneɛbɔ ho nimdeɛ nea broni ka no 'media literacy' ma mmabun nya ahokokwaw a wɔde begye ns
854,Aka_Gha,Akwahosan ho adwumayɛfoɔ bɛtumi afa amammerɛ ahodoɔ mu de nna ne awo akwahosan (SRH) ho dwumadie a ɛ,"Mpɛn pii no, akwahosan ho adwumayɛbea ahorow a ɛyɛ mmerante ne mmabaa de nnwuma ahorow a wɔayɛ ama m"
856,Aka_Gha,"Yiw, mmara ne nhyehyɛe ahorow bɔ hokwan ahorow a mmabun wɔ sɛ wonya nna ne awo ho akwahosan ho nhyeh","Yiw, aman pii wɔ mmara anaa nhyehyɛe ahorow a ɛbɔ hokwan a mmabun wɔ sɛ wɔpene so na wosi gyinae wɔ "
858,Aka_Gha,Acne yɛ ade a ɛtaa ba wɔ mmerantebere ne mmabaabere mu esiane nsakrae a ɛba nipadua mu nkwaadɔm mu n,"Hormone ahorow na ɛma nsakrae pii a worehyia wɔ wo mmabunyɛ berɛ mu no ba. Wɔn nti na woreyɛ tenten,"
861,Aka_Gha,"Yiw, ahyehyɛde ahorow ne mmoa nkitahodi ahorow wɔ hɔ a ɛbɛboa mmabun, a nea ɛka ho ne: Ayaresabea ah","Yiw, mmoa ntam nkitahodi ne ahyehyɛde ahorow bi wɔ hɔ a wɔkyereɛ  akwannya ahorow a mmabun wɔ sɛ won"
862,Aka_Gha,"Yiw, akwahosan ho adwumayɛfo betumi agye amammerɛ anaa nyamesom mu nneyɛe pɔtee bi atom bere a wɔrey",Ɛnyɛ nea wɔhwehwɛ sɛ akwahosan ho adwumayɛfo de nna mu nyarewa (STI) nhwehwɛmu ne ayaresa ho nnwuma 
863,Aka_Gha,"Mmabun betumi anya nkitahodi ho nimdeɛ a etu mpɔn wɔ tie pa a wɔde bedi dwuma, ada wɔn adwene adi wɔ",Atorɔ adwene anaa anansesɛm a wɔtaa nya fa bɔbea wo sesa no fi ɔbaa anaa ɔbarima kɔ ɔbarima anaa ɔba
864,Aka_Gha,Sɛ 'LGBTQ+' ankorankoro nya nyiyim anaa hokwan ahorow a wobu so a egyina wɔn nna ho bɔbea anaa wɔn b,Nnamfo anaa atipɛnfo a wɔregye wɔn bɔbeasu anaa nna ho akɔnnɔ ho kyim a wɔbɛboa wɔn no hwehwɛ sɛ wob
868,Aka_Gha,Nneɛma ahorow ne mmoa nkitahodi ahorow wɔ hɔ a ɛbɛboa wo ma wo ne atipɛnfo akuw a wɔyɛ papa adi nkit,"Wɔyɛ ɔkasa ahorow fa kɔndɔm a wɔde di dwuma, sɛnea STI/HIV trɛw, ahobammɔ a wɔbɛtra, ne abusuabɔ a a"
869,Aka_Gha,Amammerɛ mu Nsunsuanso: Ebia amammerɛ ahorow bi wɔ ahyɛde anaa gyidi ahorow a emu yɛ den wɔ nyinsɛn ,Mmabun betumi ahwehwɛ nkɔmmɔbɔ a ɛfa nna ne awo akwahosan ho wɔ nyamesom tebea horow mu denam nkɔmmɔ
870,Aka_Gha,"Animtiaabu ne nyiyimu betumi anya nkɛntɛnso bɔne kɛse wɔ ankorankoro a wɔwɔ STI ne HIV so, a aniwu, ",Sɛ wobenya pintinnn nkitahodie ho nimdeɛ na wode ako atia atipɛnfo nhyɛso a ennye a worentwe wo ho m
871,Aka_Gha,Nkitahodi a nokwaredi wom a wo ne wo hokafo benya no yɛ ade titiri a ɛbɛma woanya abusuabɔ pa. Afotu,W'ankasa nya fapem : Yɛ pintinn wɔ wo gyidi ne gyinapɛn ahorow a wobɛda no adi wɔ nkɔmmɔbɔ mu no mu.
872,Aka_Gha,"Metumi de m'abusa a ka me aduane apomuden ho sɛ, me Kasa mehiade. Ebi te sɛ, mekyerɛ ɔmɔ sɛ ɛkɔm de ","Abusuabɔ pa a wɔbɛkyekye no yɛ ade titiri: Ɔhokafo: Nkitahodi a ɛmu da hɔ, asɛde ahorow a wɔbɛkyɛ, n"
873,Aka_Gha,"Mpɛn dodow a wɔyɛ nna mu yareɛ nhwehwɛmu no gyina ankorankoro asiane ahorow, nna mu nneyɛe, ne akwah",Ebia mmara anaa nhyehyeɛ bi wɔ hɔ a wɔde bɛhwɛ sɛ wɔbɛnya nna mu yareɛ nhwehwɛmu ne ayaresa a ne boɔ
874,Aka_Gha,Nneɛma a ɛtaa ma nipadua mfonini ho nsɛm ba mmabun mu ne ɔmanfo nhyɛso a ɛne sɛ wɔnyɛ ahoɔfɛ gyinapɛ,Nsɛnnennen anaa asiane ahorow bi a ɛtaa ba a ɛbata dijitaal akwan a wɔde di dwuma de nya nna ne awo 
875,Aka_Gha,Nneɛma a ɛbɛdi nkonim no bi ne: atipɛnfoɔ nkyerɛkyerɛ nhyehyɛeɛ a mmabun di anim na ɛma mmabun a wɔf,Amammerɛ mu nneyɛe anaa atetesɛm a ebetumi aka mmabun nna ne awoɔ apomoden mu nsunsuanso no bi ne: A
879,Aka_Gha,Amammerɛ ne nyamesom mu gyidi ahorow bɛtumi anya tumi wɔ adwene a wɔwɔ wɔ STI nhwehwɛmu ne ayaresa n,"Sɛ woresusuw nsɛmti a ɛyɛ mmerɛw a ɛfa nna anaa awo akwahosan ho ho asɛm a, ɛho hia sɛ wususuw amamm"
881,Aka_Gha,Mmabun betumi akasa atia ɔbarima ne ɔbea nna ho gyinapɛn ne nsusuwii hunu a epira wɔ wɔn atipɛnfo ak,"Nsɛm ho amanneɛbɔfo a wɔde kyerɛ ɔbarima ne ɔbea nna, nna, ne nkitahodie betumi anya mmabun adwene, "
882,Aka_Gha,Mmara kwan so akwan ahorow a mmabun wɔ wɔ wɔn nna ne awo akwahosan ho no betumi ayɛ: kwan a wɔwɔ sɛ ,"Awofo ne wɔn a wɔhwɛ wɔn betumi: Wɔama nkitahodi a ɛda adi pefee aba, na wɔayɛ tebea a ɛboa ma wɔasu"
884,Aka_Gha,"Mmabun betumi ayɛ nhyehyɛe akɔhwɛ akwahosan ho adwumayɛfo, te sɛ nnuroyɛfoɔ, ayarehwɛfoɔ, anaa mpɔta","Sɛ wɔyɛ nhwehwɛmu hu sɛ ɔwɔ nna mu yareɛ a, ebetumi ayɛ hu na ama wate aniwu anaa wɔatew ne ho. Ɛho "
885,Aka_Gha,"Fa nkyerɛkyerɛ ma wɔ nna ne awo akwahosan hokwan ahorow ho, a nsɛm a ɛfa mmra, nhyehyɛe, ne amanaman",Mmabun betumi akasa ama hokwan a wɔwɔ sɛ wɔpene so na wosi gyinae wɔ nna ne awo akwahosan ho nhyehyɛ
887,Aka_Gha,"Akwan a ɛfata a wɔfa so gyina adwennwen, dadwen, ne nkate mu nsakrae ano ni: Akwan a wɔfa so gye wɔn","Nya Ahoɔden a Wobɛtumi Agyina Ano: Nya ahokokwaw a ɛbɛma woatumi agyina ano, te sɛ adwene a wɔde si "
890,Aka_Gha,"Sukuu ahorow betumi ama asɛnka agua ama nhyehyɛe ahorow a atipɛnfo di anim denam baabi, nneɛma, ne m",Mmabun betumi de wɔn ho ahyɛ amanaman  nna ne awo akwaahosan (ASRH) ntam nhyehyɛe ne nhyehyɛe ahorow
893,Aka_Gha,"Nneɛma ahorow a wɔde si gyinae, adwumayɛbea ahorow, ne mmoa akuw ahorow wɔ hɔ a ɛwɔ mpɔtam ne sukuu ",Ɛsɛ sɛ mmabun hu abrabɔ pa ho nsusuwii bere a wɔde wɔn ho hyɛ nsɛm ho amanneɛbɔ mu nsɛm a ɛfa nna ne
894,Aka_Gha,"Sɛ mmabun hyia akwanside anaa nyiyim bere a wɔrehwehwɛ mmara kwan so mmoa a, wobetumi: Wɔakyerɛw nyi",Mmabun betumi ako ama wɔn ho denam: Wɔbɛkyerɛkyerɛ wɔn ho wɔ hokwan ahorow a wɔwɔ ne mmara kwan so a
895,Aka_Gha,"Sɛ wo ne w’awofo anaa wɔn a wɔhwɛ wo bɛkasa afa w’ankasa ahotew ho a, ebetumi ate nka sɛ ɛyɛ hu, nan","Mɛpɛ sɛ w’ankasa wo ho nsɛm, a nna mu akwahosan ho nsɛm anaa osuahu ahorow ka ho, bɛka abusua no mu."
896,Aka_Gha,"Mmabun bɛtumi ahyɛ nneyɛeɛ a ɛkyerɛ tema, ntoboaseɛ, ne obu ho nkuran wɔ wɔn sukuu, mpɔtam, ne amans","Amammerɛ mu gyinapɛn ahorow, gyinapɛn ahorow, ne gyidi ahorow boa ma nsonsonoe ba nna ne awo akwahos"
898,Aka_Gha,"CSE nhyehyɛe ahorow taa di nsɛm te sɛ nyinsɛn ne STI ano sie, ne nyinsɛn a wobetumi apaw ho dwuma de",Atosɛm ahorow bi a wɔtaa ka fa nyinsɛn ano a ɛsɛ sɛ wohwɛ yiye ni: Atosɛm: Nnuru a wɔde siw awo ano 
902,Aka_Gha,"Mmabun betumi ahyia akwanside ahorow te sɛ nsɛm ne nneɛma a wonnya, animtiaabu ne nyiyim, tumi a ɛnk",Mmabun hyia akwansideɛ ne nsɛnnennen pii berɛ a wɔrebɔ mmɔden sɛ wɔde wɔn ho bɛhyɛ nkɔmmɔdie ne gyin
904,Aka_Gha,"Atipɛnfoɔ mmoa nkitahodiɛ, akuo a wɔkamfo wɔn a wɔanya wɔn ti adidi mu, ne ayɔnkofa nhyehyɛeɛ di dwu","Hwehwɛ mpɔtam hɔ adwenemyareɛ ahyehyɛdeɛ, mpɔtam hɔ mmeaeɛ, anaa ayaresabea a wɔde mmoa akuo anaa nh"
905,Aka_Gha,Te ase sɛ ntawntawdi a ɛda wo kokoam nsɛm ho ahiade ne abusua mmara anaa akwanhwɛ ahorow ntam no abu,"Yiw, ɛyɛ ade a ɛfata koraa sɛ wobɛte nka sɛ w’adwene atu afra anaasɛ wo ne w’akasakasa wɔ wo nna mu "
906,Aka_Gha,"Nneɛma bi a wɔde bɛyɛ intanɛt so mpɔtam, mmoa akuo, anaa telefon a wɔde frɛ nkurɔfoɔ a ɛtwe adwene s","Yiw, ebia mmoa akuw anaa nhyehyɛe ahorow bi wɔ hɔ ma mmabun a wɔyem anaa wɔyɛ awofo wɔ Ghana. Sɛnea "
907,Aka_Gha,Wɔtaa frɛ Nyarewa a wonya fi nna mu sɛ Nyarewa a wonya fi nna mu. Wɔyɛ nyarewa a ɛnam nna mu nkitaho,"STI, anaa nyarewa a wonya fi nna mu yɛ nyarewa a ɛnam nna mu nkitahodi so titiriw, a ɔbarima ne ɔbea"
908,Aka_Gha,"1. Nneɛma a Wɔde Kɔ ne Dabere: Hwɛ sɛ wobetumi akɔ hɔ wɔ honam fam ne mfididwuma mu, na ma dabere a ",Wo ne akyerɛkyerɛfo ne awofo nkasa: Hyɛ wɔn nkuran ma wɔmmoa nna ho nkyerɛkyerɛ a edi mu. Kyɛ nneɛma
909,Aka_Gha,"Mmara kwan so Hokwan ahorow: Ɛsono mmara ne nhyehyɛe ahorow, nanso aman pii wɔ mmara a ɛbɔ ankoranko","Nneɛma a wɔyɛ a ɛfa nna ho nsɛm ho wɔ nsɛm ho amanneɛbɔ mu no boa ma wɔhyɛ nipadua mu nneɛma pa, pen"
910,Aka_Gha,Sukuu Afotufo: Sukuu afotufo betumi de kokoam afotu ne mmoa ama. Wɔatete wɔn ma wɔadi nsɛm ahorow ho,"Kyerɛ mpanyimfo anaa afotufo a wogye wɔn di a wobetumi de akwankyerɛ, mmoa, ne adwene ama wɔ nna ne "
915,Aka_Gha,"Akwan ahorow wɔ hɔ a wɔfa so yɛ nna mu nyarewa ""STI"" nhwehwɛmu, a egyina nna mu nyarewa ""STI"" ko a w",Ɛnyɛ nea wɔhwehwɛ sɛ akwahosan ho adwumayɛfo de nna mu nyarewa (STI) nhwehwɛmu ne ayaresa ho nnwuma 
917,Aka_Gha,"Wobetumi de mfiridwuma ne digital akwan horow adi dwuma denam apps, website ahorow, ne intanɛt so nh",Wɔbɛkyerɛkyerɛ wɔn ho asetena mu nsɛm ho na wɔde digital akwan a wɔde bedi dwuma de ama nkurɔfo ate 
920,Aka_Gha,Wubetumi ahwɛ ahu sɛ wo mmea hwɛ yɛ kokoamsɛm wɔ: Akwahosan ho adwumayɛfo a wobɛpaw wɔn a wɔde ayare,"Confidentiality Rights: HIPAA Laws: Sɛ wokɔ United States a, mmara bi yɛfrɛ no Health Insurance Port"
921,Aka_Gha,"Abɛɛfo ntenten anaa Intanɛt so aboafo nneɛma: Wɛbsaet ahorow te sɛ CDC’s Division of STD Prevention,","Nneɛma a ɛwɔ hɔ ma mmabun ne: Intanɛt so nsɛmma nhoma ne wɛbsaet ahorow a ɛde nsɛm a ɛyɛ nokware, a "
922,Aka_Gha,"Nneɛma pii na ɛma wɔbɔ ka kɛse wɔ apɔmuden ho nnwuma a wɔyɛ ma mmabun ho, titiriw nea ɛfa nna ne awo","Amammerɛ mu Nneyɛe: Mfitiase Aware: Wɔ amammerɛ ahorow bi mu no, aware ntɛm abu so, na ɛma mmabun ny"
923,Aka_Gha,"Sɛ mmabun de wɔn ho gye mu sɛ wɔn a wɔrehwɛ no a, ɛsɛ sɛ wosusuw abrabɔ pa ho nkyerɛkyerɛmu ne mmara",Mmabun betumi de wɔn ho ahyɛ nhyehyɛe a wɔkamfo kyerɛ mu denam sikasɛm mu pɛyɛ a enni hɔ ho nimdeɛ a
924,Aka_Gha,"Awofoɔ bɛtumi aka wɔn ho abɔ mu de akyerɛkyerɛ nnipa nnwoma adesua wɔ skuul mu, amanfoɔ mu, ne mmabu",Akwanside ahorow a ɛmma ankorankora ntumi mfa wɔn ho nnye mu sɛ ahwɛfo wɔ tebea horow a ɛfa nna mu b
925,Aka_Gha,Amammerɛ anaa asetena mu nsunsuansoɔ a ɛwɔ awoɔ mu apɔmuden nsɛm nteaseɛ so no bi ne: animtiaabu ne ,Amanaman ntam sika a ɛwɔ hɔ no nya nkɛntɛnso kɛse wɔ ASRH nhyehyɛe ahorow a wɔde bedi dwuma ne nea ɛ
926,Aka_Gha,Sɛ ɔbabun bi te nka sɛ ne ho nyɛ no dɛ sɛ ɔne akwahosan ho ɔyaresafo bi bɛbɔ nna mu akwahosan ho nkɔ,"Yiw, mpɔtam hɔfo nea broni ka no 'community outreach' ne nhomasua adwumayɛbea ahorow pii ma mmabun a"
927,Aka_Gha,"Nna ho nsɛm a wɔda no adi wɔ nsɛm ho amanneɛbɔ mu no betumi anya mmabun adwene wɔ abusuabɔ, pene a w","Mpɔtam hɔ amammerɛ ne gyinapɛn ahorow kyerɛ suban ne nneyɛe a ɛfa nna, abusuabɔ, ne awo akwahosan ho"
929,Aka_Gha,"Akwahosan Ho Nnurumafo: Nnuruyɛfo, mmea ho animdefo, ne ntini ho animdefo betumi de aduruyɛ mu nhweh","Nneɛma a ɛwɔ hɔ ma mmabun ne: Intanɛt so nsɛmma nhoma ne wɛbsaet ahorow a ɛde nsɛm a ɛyɛ nokware, a "
930,Aka_Gha,Ahyehyɛdeɛ ne nkitahodiɛ a mmabun di wɔn anim ne wɔn ho wɔn ho ne mpaninfoɔ ayɔnkofoɔ yɛ adwuma bom ,Mmabun betumi de wɔn ho ahyɛ nkitahodi ne nsɛm a wɔka de gyina amammerɛ mu denam: Ahotoso ne abusuab
931,Aka_Gha,Nneɛma ne ntetee hokwan ahorow a ɛwɔ hɔ ma nhwehwɛmufo sɛ wɔbɛma wɔn amammerɛ mu ahoɔden ho nimdeɛ a,Amammerɛ mu nimdeɛ nya nkɛntɛnso nna ne awo akwahosan ho nsɛm a wɔhwehwɛ na wɔsa wɔ mmabun mu denam:
933,Aka_Gha,Asetena mu nimdeɛ a wɔbɛma anya nkɔso boa ma wodi asetra ne sikasɛm mu nsɛnnennen a ɛtrɛw ho dwuma: ,"Ɔkwan a egyina hokwan ahorow so gye tom sɛ asetra, sikasɛm, ne nneɛma a atwa yɛn ho ahyia a ɛtrɛw, a"
934,Aka_Gha,"Wo ho a wobɛkamfo akyerɛ wɔ afotu anaa ayaresa bere mu no hwehwɛ sɛ wobɛka w’ahiade, nea wopɛ, ne ah","W’ahye a wo ne w’atipɛnfo bɛka ho asɛm yiye no hwehwɛ sɛ wobɛma emu ada hɔ, woayɛ tẽẽ, na woanya aho"
935,Aka_Gha,Akwahosan ho dwumadiefoɔ di dwuma titire wɔ akwahosan mu nsonsonoeɛ ne pɛyɛ a ɛnni mmabun nna ne awo,"Obu ne ahotoso a wɔde ma wɔn ho wɔn ho yɛ nneɛma a ɛho hia wɔ abusuabɔ pa mu, na mmabun betumi anya "
938,Aka_Gha,Mpene a wɔpene so yɛ kwan anaa apam a wɔde ma kwa sɛ wɔbɛyɛ biribi anaasɛ biribi asi. Wɔde pene ma k,Obu a obi wɔ ma ne yɔnko yɛ fapem wɔ abusuabɔ a ahoɔden wom mu. Ɛkyerɛ sɛ wɔbɛbu wɔn ho wɔn ho adwen
939,Aka_Gha,Sɛ wobɛhwɛ sɛ wo suahunu ne wo nsɛm a wobɛka no boa ma nkɔsoɔ a ɛkɔ so wɔ akwahosan ho dwumadie a ɛf,Sɛ wopɛ sɛ wohu nsonsonoe a ɛda nsɛm a wotumi de ho to so ne nsɛm a ɛnteɛ ntam bere a worehwehwɛ akw
940,Aka_Gha,Kasa a Wo Werɛ Hyɛ Mu: Fa nokorɛyɛ ne ahofama na ɛnkɔ nkɔmɔdie no mu.Hwɛ Bea a Ɛfata: Hwehwɛ beaeɛ a,"Nkitahodi yɛ ade titiriw wɔ abusuabɔ biara mu, titiriw bere a ɛfa nna ho no. Sɛ wo ne wo hokafo ka w"
942,Aka_Gha,Kɔ so kura afu no: Wei kyerɛ sɛ wubue akwan mma nyinsɛn no nyin kosi sɛ wobɛwo. Ɛhwehwɛ sɛ wonya aya,Nyinsɛn a wosiw ano ntɛm ara yɛ ɔkwan a wɔfa so siw nyinsɛn ano bere a wɔne wɔn ho da a wɔammɔ wɔn h
943,Aka_Gha,Nneɛma a wɔde boa ne mmoa dwumadie bi ne: Akwahosan adwumayɛbea a mmabun ne Awoɔ akwahosan ayaresabe,"Yiw, mmabun betumi anya nsɛm a ɛfa sɛnea wobesiw nna mu yareɛ (STI) ano ho bere a wɔrekɔ STI nhwehwɛ"
946,Aka_Gha,"Animtiaabu ne nyiyim tumi ha ɔpɛ a mmabun wɔ sɛ wɔbɛhwehwɛ nna ne awo akwahosan ho nsɛm, nnwuma, ne ",Atipɛnfo nhyɛso betumi anya nhyeso bi wɔ mmabun no ho nkɔso ne sɛnea wosusuw wɔn ho no so denam adwe
948,Aka_Gha,Amammerɛ mu nkate ho hia bere a wɔresusuw nsɛmti a ɛfa mmabun nna ne awo apɔwmuden ho ho asɛm efisɛ:,Wobetumi de mmara kwan so ahobammɔ a wɔde ma mmabun nna ne awo apɔwmuden no aka mmɔden a ɛtrɛw a wɔb
949,Aka_Gha,Mpɛn dodow no ara a wobɛte nka sɛ obi ayɛ basaa anaa anidaso biara nni mu: Eyi betumi ayɛ adwenemhaw,"Ɛyɛ den sɛ wubegyina ano: Sɛ w’ankasa worepere sɛ wubedi adwennwen, dadwen, anaa nkate bɔne ho dwuma"
952,Aka_Gha,Anansesɛm ne nokwasɛm bi ni: Atosɛm: Nnipa a wɔadi dɛm no ntumi nyɛ hwee. Nokwasɛm: Nnipa a wɔadi dɛ,Atosɛm: Mpanyimfo a wɔn mfe akɔ anim nkutoo na awo so tew. Nokwasɛm: Bere a awo so tew bere a obi ny
959,Aka_Gha,"Hokwan a mmabun akannifoɔ de wɔn ho bɛhyɛ dwumadiɛ a ɛma wɔn tumi yɛ adwuma, afotuo nhyehyɛeɛ, ne at","Mmoa akuw ne atipɛnfo nkitahodi ahorow de nneɛma a ɛsom bo ma mmabun a, wɔahyia ɔhaw anaa basabasayɛ"
960,Aka_Gha,Mmabunbere ne nna ho akɔnnɔ betumi ama  adwennwen. Afotu bi a wode bedi saa atenka ahorow no ho dwum,"Bisa nsɛm ne fibea ahorow no yiye, susuw ahotoso, animhwɛ, ne ahotoso ho. Hwehwɛ adwene ahorow ne ns"
961,Aka_Gha,Nkitahodi: Bɔbeasu: Asetra mu gyinapɛn ahorow betumi asiw nsɛm a mmeawa anaa mmarima ne mmea kakraa ,"Ɔkwan a egyina hokwan ahorow so gye tom sɛ asetra, sikasɛm, ne nneɛma a atwa yɛn ho ahyia a ɛtrɛw, a"
962,Aka_Gha,Nneɛma ahorow ne mmoa adwuma ahorow wɔ hɔ a wobetumi de ama mmabun a wɔrepere wɔ nipadua mfonini ho ,Mmabun a wohyia anaa wɔwɔ abusuabɔ bɔne mu no betumi anya nneɛma ahorow ne mmoa adwuma ahorow. Ebia 
966,Aka_Gha,Mfaso a ɛwɔ botae ahorow a emu da hɔ na ɛyɛ pɔtee a wɔde besisi wɔn ani so bere a wohyia atipɛnfo nh,Mmabun betumi de wɔn ho ahyɛ  mpɔtam kuo  a wɔn botae ne sɛ wobedi nna ne awo akwahosan ho haw ahoro
967,Aka_Gha,Kɔ so tie nsɛm foforɔ: ɛma wohu mmara ne nhyehyɛe ahorow a ɛfa nna ho dwumadi ho wɔ wo man anaa wo m,"Ahye a ɛfata wɔ ɔdɔ kwanso anaa nna mu abusuabɔ mu bi ne sɛ obiara bu wɔn ho wɔn ho, wɔne wɔn ho wɔn"
970,Aka_Gha,Nneɛma Titiriw ne Ankorankoro: Nneɛma atitiriw a ɛwɔ ahobammɔ nhyehyɛe mu no betumi ayɛ nea ɛka nneɛ,Amammerɛ anaa asetena mu nsunsuansoɔ a ɛwɔ awoɔ mu apɔmuden nsɛm nteaseɛ so no bi ne: animtiaabu ne 
973,Aka_Gha,"Apomoden ho adwumayɛfo betumi akura nna ne awoɔ hokwan ahorow a mmabun wɔ mu denam: Mmabun ahofadi, ",Akwahosan ho adwumayɛfo di dwuma titiriw wɔ hokwan a mmabun wɔ sɛ wɔpene so na wosi gyinae no mu den
975,Aka_Gha,"Anamɔn a Wobɛyɛ Ntɛm ara: ɛbɛtumi a, firi saa tebea no mu kɔ baabi a ahobammɔ wom. Hwehwɛ mmoa firi ",Ɛsɛ sɛ mmabun a wɔrehyia animtiaabu anaa nyiyim no hwehwɛ mmoa fi nnipa a wogye wɔn di te sɛ abusua 
976,Aka_Gha,"Mmabun betumi de wɔn ho ahyɛ mu nam adwene a wɔde bɛma wɔ ahiade nhwehwɛmu mu, nhyehyɛe a wɔbɛyɛ de ",Nhwɛsoɔ a ɛfa nnwuma ne nhyehyɛeɛ a ɛdi mu a ɛde nna ne awoɔ apɔwmuden ho nkyerɛkyerɛ nneyɛeɛ a ɛka 
978,Aka_Gha,Wɔn a wɔkasa  kyerɛ sɛ wɔmfa wɔn ho nhyɛ Sukuu Adesua Nhyehyɛe mu: Mmabun betumi akasa ama akyerɛ sɛ,Mmabun betumi de akwan horow pii adi dwuma de ne atipɛnfo adi nkitaho yiye afa nsɛm ho amanneɛbɔ nkɛ
980,Aka_Gha,Mmara kwan so nsusuwii betumi anya awo akwahosan ho nhyehyɛe anya nsusuasoɔ kɛse wanya nsusuasoɔ kes,Akwahosan ho nhyehyɛe a wobenya: Wim tebea a ɛma wotu kɔtra mmeae foforo ne atutra betumi asɛe mmabu
981,Aka_Gha,"Mmabun betumi akasa atia nsusuwii ne gyidi bɔne a ɛfa wɔn nipadua ho wɔ wɔn ho a wɔde bedi dwuma, ns",Nsɛm ho amanneɛbɔ ho nimdeɛ betumi aboa mmabun ma wɔako atia nipadua mfonini nkrasɛm a enye na wɔany
982,Aka_Gha,"Mfiridwuma ho abenfoɔ, ɔmanfoɔ apɔwmuden ho abenfoɔ, ne mmabun mpɔtam ntam nkitahodiɛ ma nnwuma fofo","Wobetumi de mfiridwuma nea broni ka no 'innovative technologies' ne akwan foforo, te sɛ akwahosan ay"
983,Aka_Gha,Nkate mu nhyehyɛe kyerɛ tumi a obi tumi di nkate horow ho dwuma na ɔyɛ ho biribi wɔ ɔkwan a ɛfata na,"Adwene mu akwahosan ""mental health"" nya tumi a yɛtumi de yɛn ho hyɛ nna ne awo akwahosan ho nkyerɛky"
985,Aka_Gha,Sukuu ne mmabun ahyehyɛdeɛ di dwuma titire wɔ akwantuo ho mmoa a wɔde ma mmabun ma akwahosan ho nhye,"Mmusua, mpɔtam, ne amammerɛ ahyehyɛde ahorow di dwuma titiriw wɔ mmabun suban ne wɔn nneyɛe a wɔhyeh"
986,Aka_Gha,"Ɛsɛ sɛ mmabun hwehwɛ nsɛm a efi mmeae pii mu nokwasɛm, fa nsɛm a wotumi gye di, na wɔka nsɛm a wonya",Mpene da so ara ho hia wɔ tebea horow a ɛfa nsa ne nnubɔne a wɔde di dwuma ho mu. Asabow mma hia a e
989,Aka_Gha,Amanaman ntam sika a ɛwɔ hɔ no nya nkɛntɛnso kɛse wɔ ASRH nhyehyɛe ahorow a wɔde bedi dwuma ne nea ɛ,Apomoden adwumayɛbea ahorow betumi de akwan horow pii adi dwuma de ahwɛ ahu sɛ wɔn adwumayɛfo no da 
990,Aka_Gha,Mmabun betumi anya mmara kwan so mmoa ne nsɛm ho amanneɛbɔ adwuma denam: Nhwehwɛmu a wɔbɛyɛ wɔ nneɛm,Osi akwan a ɛwɔ mmara mu mmoa ne nsɛm a wɔka de gyina nkurɔfoɔ ho dwumadie mu no bi betumi ayɛ: Nnwu
992,Aka_Gha,"Amanaman ntam nhyehyɛe ahorow pii di mmabun akwahosan ho dwuma, a ASRR ahorow ka ho. Nneɛma atitiriw",Amanaman ntam nhyehyɛe ahorow taa si saa ASRR ahorow yi so dua: Hokwan a wowɔ sɛ wunya nsɛm: Wowɔ ho
993,Aka_Gha,Akwahosan ho adwumayɛfoɔ bɛtumi afa amammerɛ ahodoɔ mu de nna ne awo akwahosan (SRH) ho dwumadie a ɛ,Akwahosan ho adwumayɛfo betumi ayɛ tebea a ɛma akwaaba na ɛka obiara ho denam: Ɔhwɛ a ɛfata wɔ amamm
994,Aka_Gha,Mmara ne nhyehyeɛ a ɛfa ɔhokafoɔ amanneɛbɔ a ɛfa nna mu yarewa a yɛfrɛ no wɔ broɔfo kasa mu sɛ STI n,Mmabun wɔ akwannya pɔtee bi a ɛfa pene ne kokoamsɛm ho bere a wɔrehwehwɛ akwahosan ho nnwuma a ɛfa n
995,Aka_Gha,Nsɛnnennen ne Hokwan a ɛwɔ Nhomasua mu: Nsɛm ho amanneɛbɔ ho nimdeɛ ne asetena mu atɛntrenee a wɔde ,"Amammerɛ mu afahyɛ ahorow, afahyɛ ahorow, ne nsɛm a esisi wɔ mpɔtam hɔ no ma wonya hokwan ahorow a ɛ"
996,Aka_Gha,"Awofo, wɔn a wɔhwɛ wɔn, akyerɛkyerɛfo, ne mpɔtam hɔ akannifo betumi aboa mmaabun ma wɔafa nsɛm ho am",Amanaman ntam sika a wɔkyekyɛ no de ASRH nsɛm pɔtee bi di kan a egyina wiase nyinaa akwahosan ho nne
997,Aka_Gha,Mmabun betumi ahu kɔkɔbɔ nsɛnkyerɛnne anaa frankaa kɔkɔɔ a ɛkyerɛ sɛ obi betumi akɔ asiane mu sɛ obe,Nna mu dwumadi a wode wo ho bɛhyɛ mu no de mfaso ne ɔhaw ahorow ba na ɛsɛ sɛ wusiesie wo ho yiye na 
999,Aka_Gha,Mpɔtam hɔ ahyehyɛdeɛ anaa mmabun asoɛeɛ taa di dwuma titire wɔ nna ne awoɔ apomoden ho dwumadie a ɛk,"Amammerɛ ne nyamesom nkyi nsɛm taa kyerɛ sɛdeɛ yɛbu nna ne awoɔ ho apɔmuden, yɛn suban, ne yɛn nneyɛ"
1000,Aka_Gha,"Mpɛn pii no, atipɛnfo nhyɛso a enye no fa nhyɛso, nsakrae, anaa nhyɛso a ɛne sɛ wode wo ho bɛhyɛ nne","Atipɛnfo nkɛntɛnso pa betumi ahyɛ nneyɛe pa ho nkuran, te sɛ adesua mu nkannyan, dwumadi ahorow a ɛk"
1002,Aka_Gha,Sɛ wopɛ sɛ wosua mmra ne nhyehyɛe ahorow a ɛfa mfe a obi adi sɛ ɔpene nna mu dwumadi so wɔ wo mpɔtam,Mmabun betumi ahwɛ mfe a wɔn hokafo adi denam bisa a wɔbɛsrɛ sɛ wɔmma no krataa a ɛkyerɛ sɛ obi te s
1003,Aka_Gha,Mmabun betumi akamfo amammerɛ mu ɔhwɛ a ɛfata wɔ akwahosan ho nhyehyɛe ahorow mu denam hia a amammer,Wobetumi ama akwahosan nhyehyɛe ahorow atu mpɔn na ama wɔadi mmabun nna ne awo akwahosan (SRH) ahiad
1004,Aka_Gha,"Nsɛm ho amanneɛbɔ a wɔde di dwuma wɔ Intanɛt so no ma mmabun hyia asiane ne nsɛnnennen ahorow, a nea",Mmabun betumi anya nneɛma ne mmoa nkitahodibea ahorow de agyina nkɛntɛnso bɔne a nsɛm ho amanneɛbɔ n
1005,Aka_Gha,Sukuu ne mpɔtam betumi de nhyehyɛe ne nnwuma a wɔde siw ano a ɛfa nsa ne nnubɔne a wɔde di dwuma ne ,Sukuu ne nwomasua asoɛeɛ di dwuma titiriw wɔ nna ne awoɔ akwahosan ho nkyerɛkyerɛ a ɛkɔ akyiri a wɔh
1006,Aka_Gha,Ɛka a wɔbɔ wɔ nnuru a wɔde siw nyinsɛn ano a egye ntɛmpɛ ho no betumi ayɛ soronko a egyina nneɛma te,Nneɛma bi a wɔde bɛyɛ intanɛt so nkyerɛkyerɛ anaa ɔyɛkyerɛ a ɛfa nnuru a wɔde siw nyinsɛn ano a wɔde
1007,Aka_Gha,"Atipɛnfo nhyɛso betumi ada adi wɔ akwan horow so, te sɛ nhyɛso a wobɛte nka sɛ wo ne afoforo nneyɛe,","Ɛho hia sɛ wokae sɛ bere a atipɛnfo a wɔwɔ adwempa betumi de nhumu a ɛsom bo ama wo, ɛsɛ sɛ w’ankasa"
1008,Aka_Gha,Akwan a Wɔde Siw Nyinsɛn Ano Tu mpɔn: Ɛsono sɛnea akwan a wɔfa so siw nyinsɛn ano no tu mpɔn. Akwan ,"Yiw, akwan abien a wɔfa so siw nyinsɛn ano (ɔkwan abien) a wɔde bedi dwuma no betumi ayɛ adwuma yiye"
1010,Aka_Gha,"Ɔkwan a egyina hokwan ahorow so di animtiaabu, nyiyimu, ne nnipa a wɔde wɔn to nkyɛn ho dwuma denam ",Hyɛ nkɔmmɔ a emu da Ho nkuran: Awofo betumi ama tebea bi a mmabun te nka sɛ wɔwɔ ahobammɔ bere a wɔr
1011,Aka_Gha,"Sukuu pii de akwahosan ho nnwuma a ɛyɛ kokoam ma, a STI nhwehwɛmu ne ayaresa ka ho, denam akwahosan ",Ahintasɛm: Wɔhwehwɛ sɛ ɔyaresafo anaa akwaahosan ho ɔyaresafo ma wo nkɔmmɔbɔ no yɛ kokoamsɛm gye nne
1012,Aka_Gha,"Honam mu nkwammoa ahorow, titiriw nea yɛ frɛ nu wɔ broɔfo kasa mu sɛ estrogen (mmeawa) ne testostero","Sɛ wote nka sɛ wɔabu m'apɔmuden hokwan so a, wubetumi afa akwan yi so: Kyerɛ wo haw kyerɛ w'apɔmuden"
1013,Aka_Gha,"Bɔbeasu pɛyɛ kyerɛ nnyinasosɛm a ɛfa atɛntrenee ne atɛntrenee ho wɔ sɛnea wɔne ankorankoro di mu, a ","Awofo, ahwɛfo ne akyerɛkyerɛfo di dwuma titiriw wɔ atetesɛm mu mmarima ne mmea dwumadi ne akwanhwɛ a"
1015,Aka_Gha,Nhwehwɛmufo a wɔanni abrabɔ pa ho akwankyerɛ so wɔ nhwehwɛmu a wɔyɛ wɔ mmabun nna ne awo akwahosan h,Amammerɛ ne nyamesom mu gyinapɛn ahorow a ɛfa ɔbarima ne ɔbea dwumadi ne abusuabɔ ho betumi anya mma
1016,Aka_Gha,Akwan a Wɔde Siw Nyinsɛn Ano Tu mpɔn: Ɛsono sɛnea akwan a wɔfa so siw nyinsɛn ano no tu mpɔn. Akwan ,Akwan ahorow a wɔfa so siw nyinsɛn ano no wɔ nsunsuanso bɔne ne asiane ahorow a ebetumi afi mu aba. 
1018,Aka_Gha,Hwehwɛ nsɛm a wotumi de ho to so ho sɛnkyerɛnne ahorow yi: Akuo ahorow a wɔwɔ din pa: Nsɛmma nhoma a,Sɛnea ɛbɛyɛ na wɔahwɛ sɛ nsɛm a wohyia wɔ dijitaal nsɛm ho amanneɛbɔ fibea ahorow a ɛfa nna ne awo a
1019,Aka_Gha,Bɔbeasu dwumadi ne akwanhwɛ a ɛyɛ katee betumi anya nea efi mu ba a ɛho hia ama ankorankoro a wɔne a,"Yiw, mpɛn pii no, nnwuma anaa nhyehyeɛ titiriw bi wɔ hɔ a ɛfa nna ne awo akwahosan ho nhyehyɛe a edi"
1020,Aka_Gha,"Akwahosan ho adwumayɛfo, akyerɛkyerɛfo, ne mpɔtam hɔ akannifo betumi de amammerɛ ne nyamesom asoɛe a","Wɔnam akwan ahodoɔ so de adwenemyareɛ ho nneɛma ne mmoa dwumadie ma asuafoɔ, awofoɔ, ne adwumayɛfoɔ,"
1022,Aka_Gha,Mmabun betumi akamfo nna ne awo akwahosan ho nkyerɛkyerɛ ne nnwuma a ɛfa amammerɛ ho denam: Nhyehyɛe,Ɛsɛ sɛ mmabun a wɔadi dɛm de wɔn ho hyɛ nna ne awo akwahosan ho nhyehyɛe ne nhyehyɛe ahorow a ɛhaw w
1023,Aka_Gha,Amammerɛ Mmeae: Mpɔtam pii wɔ amammerɛ mmeae anaa ahyehyɛde ahorow a wɔde nneɛma ne nhyiam ahorow ma,Sukuu ahorow betumi adi animtiaabu a ɛfa adwenemyare ho no ho dwuma na wɔahyɛ nkɔmmɔbɔ a ɛda adi pef
1024,Aka_Gha,Awofoɔ boa ma ammaneɛbɔ adesua no kɔ so wɔ ɔkwan bi te sɛ: Wɔhwehwɛ ammaneɛbɔ nsɛm mu ansa na woagye,Nkɔmmɔbɔ a obiara kyerɛ n'adwene: Nkɔmmɔbɔ a ɛda adi pefee a wɔhyɛ wɔ nsɛmti a ɛfa mmerantebere ne m
1025,Aka_Gha,"Mmabun wɔ mmara kwan so hokwan ne ahobammɔ a ɛfa awo akwahosan ho nhyehyɛe a wobenya ho, a ebia nea ","Yiw, amammerɛ mu ahokokwaw ho nneɛma ne nneɛma bi wɔ hɔ a mmabun betumi ate wɔn hokwan ne akwan ahor"
1027,Aka_Gha,"Nim wo ho: Te w’ankasa w’ahiade, gyinapɛn ahorow, ne nneɛma a wode di kan no ase. Nkitahodi a Wobue:",Ahye yɛ limit (ahyeɛ nhyehyeɛ) ahorow a wode si hɔ de bɔ wo ho ban wɔ nkate ne honam fam. Ahye a wob
1028,Aka_Gha,"Tumi a ɛkɔ so, nhyɛso, nsakrae, ne nhyɛso betumi anya pene a wɔpene so so nsusuansoɔ kɛse denam tumi","Ɔkwan a egyina hokwan ahorow so gye tom sɛ asetra, sikasɛm, ne nneɛma a atwa yɛn ho ahyia a ɛtrɛw, a"
1029,Aka_Gha,Fa nsɛmmisa a emu da hɔ dwuma susu ntease a mmabun wɔ wɔ nna ne awoɔ apɔwmuden ho. Hwɛ sɛnea mmabun ,Amammerɛ mu nneyɛe anaa atetesɛm a ebetumi aka mmabun nna ne awoɔ apomoden mu nsunsuanso no bi ne: A
1030,Aka_Gha,"Mpene a wɔpene so yɛ ""yiw"" a emu da hɔ na ɛyɛ anigye wɔ nna mu dwumadi ho. Wɔde ma kwa, a nhyɛso ana","Mpene a wɔpene so kyerɛ kwan anaa pene a wɔde ma wɔ adeyɛ pɔtee bi ho, titiriw wɔ abusuabɔ ne nna mu"
1031,Aka_Gha,Honam mu nkwammoa ahorow boa ma ɔbea nna su ahorow nya nkɔso na ɛkɔ so tra hɔ na edi dwuma titiriw w,Mmarima ne mmaa awoɛ nhyehyɛe no yɛ adwuma sɛ kuo de bɔ ɔkra foforo! Mmarima awoɔ nhyehyɛe no ma mma
1034,Aka_Gha,Fa tema tie wɔn a wonyaa wɔn ti didii mu no a wonni atɛn. Fa wo mmoa ma na gye wɔn suahu ahorow di. ,Ɛnyɛ wo nko ara: Nnipa pii hyia nna mu basabasayɛ. Mmoa wɔ hɔ a wobetumi anya. Wo ne obi a wowɔ ne m
1035,Aka_Gha,Akwan bi a wobɛfa so ama akwahosan ho nhyehyɛe ahorow ayɛ nea ɛfa mmabun a wɔadi dɛm ho kɛse ni: Sɛn,Ɛsɛ sɛ mmabun a wɔadi dɛm de wɔn ho hyɛ nna ne awo akwahosan ho nhyehyɛe ne nhyehyɛe ahorow a ɛhaw w
1038,Aka_Gha,Apɔwmuden mu nsonsonoe ne pɛyɛ a enni hɔ betumi asiw mmabun a wobetumi asi gyinae a ɛfata wɔ wɔn nna,Ayaresa mu tebea horow bi betumi aka nnuru ahorow a wɔde siw nyinsɛn ano a asiane biara nni ho ma wo
1041,Aka_Gha,"Ma obi nya ne ho anidie ne nteaseɛ a ɛyɛ den, na ama ɔtumi agyina amanneɛ anaa mfɛfoɔ nhyɛsoɔ ano. Ɛ",Nipadua ho mfonini a enye wɔ mmerantebere ne mmabaabere mu betumi anya obu a obi wɔ ma ne ho ne adwe
1042,Aka_Gha,"Nhyɛso nhyehyɛe ahorow a ɛtwam te sɛ mmusua mu nyiyim, ɔbarima ne ɔbea nna mu nyiyim, kuw mu nyiyim,",Hu nnipa a wɔyɛ wɔn ho wɔn ho a ɛka bom: Ɛsɛ sɛ mmɔden a wɔbɔ sɛ wɔbɛkasa ama nhyehyɛe ahorow no hwɛ
1043,Aka_Gha,Ɔkwan a ɔfa so siw nna mu yareɛ (STI) ano ne sɛ wode kɔndɔm bedi dwuma bere nyinaa na woayɛ no yiye ,"Yiw, mmabun betumi anya nsɛm a ɛfa sɛnea wobesiw nna mu yareɛ (STI) ano ho bere a wɔrekɔ STI nhwehwɛ"
1044,Aka_Gha,"Nsɛm a ɛnteɛ kyerɛ atoro anaa nsɛm a ɛnteɛ a wɔtrɛw mu, mpɛn pii no wɔanhyɛ da, na ɛde adwene a ɛnte","Nkitahodi a ɛda adi pefee na ɛyɛ nokware a wɔne awofoɔ di no boa mmabun ma wɔte wɔn gyinapɛn ahorow,"
1045,Aka_Gha,Wo nsɛmmisa a ɛfa awo akwahosan ho nhyehyɛe a wobenya ho mmuae ni: 11. Akwan bɛn na ɛwɔ hɔ a wobetum,Nyinsɛn a woyi gu: Nyinsɛn a woyi gu yɛ aduruyɛ mu kwan a wɔfa so ma nyinsɛn ba awiei. Wobetumi de n
1046,Aka_Gha,"Atipɛnfo mmoa akuw ma mmabun nya baabi a ahobammɔ wɔ sɛ wɔbɛda wɔn atenka adi, akyɛ osuahu ahorow, n",Nyinsɛn betumi aka wo nipadua mu nkɔso wɔ akwan kakraa bi so: Onyin: Ebia wo nipadua no de n’adwene 
1047,Aka_Gha,STI ahorow pii betumi akɔ so bere tenten a obiara nhu a ɛremfa nsɛnkyerɛnne biara mma. Ɛno nti na ɛh,"Yɛkyerɛ obu ma w’ankorankoro gyidi ne gyinapɛn ahorow. Ɛmfa ho sɛnea wo gyinaesi a etwa to no, ɛho h"
1048,Aka_Gha,"Akwan horow bi a wobetumi afa so agyina wo gyinabea so pintinn de abua mfɛfoɔ nhyɛsoɔ, ato ahyeɛ na ",Hwehwɛ afotu ne mmoa: Dan kɔ atipɛnfo a wɔwɔ adwempa nkyɛn kɔhwehwɛ afotu ne mmoa bere a worehyia te
1049,Aka_Gha,"Yiw, STI nhwehwɛmu a wɔyɛ wɔ Ghana no yɛ kokoamsɛm. Wei kyerɛ sɛ wɔde w’ankasa wo ho nsɛm ne sɔhwɛ m","Mpɛn pii no, akwahosan ho adwumayɛfo ntumi nka nna mu yareɛ (STI) nhwehwɛmu mu aba nkyerɛ awofo anaa"
1050,Aka_Gha,"Wɔ nyinsɛn a woyi gu akyi bere no mu no, ɛho hia sɛ wode wo ho a wobɛhwɛ ne nkate mu yiyedi di kan: ","Botae a wɔde besisi hɔ boa ma adwene mu da hɔ, hu akwanside ahorow a ebetumi aba, na wɔyɛ nhyehyɛe a"
1051,Aka_Gha,Mmarima ne mmaa awoɛ nhyehyɛe no yɛ adwuma sɛ kuo de bɔ ɔkra foforo! Mmarima awoɔ nhyehyɛe no ma mma,"Nsɛm ho amanneɛbɔfo taa de nna, abusuabɔ, ne ɔbarima ne ɔbea dwumadi ahorow ho mfonini a ɛyɛ teateaa"
1052,Aka_Gha,Amammerɛ anaa ɔmanfoɔ mu nneɛma a ɛbɛtumi anya abusuabɔ ho adwene so nkɛntɛnsoɔ na aboa ama nkɔsoɔ a,Nsɛmti ne nsusuwii hunu a wɔtaa ka wɔ nsɛm ho amanneɛbɔ mu a ɛma nkrasɛm a epira kɔ so no bi ne: Aho
1054,Aka_Gha,Akwahosan ho nimdeɛ a ɛba fam betumi ama wɔanya nna ne awo akwahosan ho ntease a ɛnim anaasɛ nsɛm a ,Mmara kwan so akwannya ahorow ho nkyerɛkyerɛ ma mmabun tumi ma wosi gyinae a ɛfata wɔ wɔn nna ne awo
1055,Aka_Gha,"Brayɛ Ho Anansesɛm: Amammerɛ ahorow bi ma anansesɛm a ɛfa brayɛ ho fĩ anaa aniwu ho no kɔ so tra hɔ,",Atosɛm a Wɔtaa Ka: Atosɛm: Wubetumi ahu sɛ obi wɔ STI denam hwɛ a wobɛhwɛ so. Nteɛso: STI ahorow pii
1057,Aka_Gha,"Ɛtaa ba sɛ nipadua no nsɛso sesa wɔ mmerantebere ne mmabaabere mu, na ebetumi agye bere kakra ansa n","Nhumu Ɔsatu: Nkyerɛkyerɛ nhyiam ahorow, ɔsɔretia, ne sohyial media ɔsatu ahorow a wɔyɛ de ma nkurɔfo"
1059,Aka_Gha,"Yiw, nea broni ka no 'mobile app' ahorow ne dijitaal nneɛma bi wɔ hɔ a wɔayɛ sɛ wɔde bɛma nsɛm ne mm","Mpɛn pii no, mpɔtam hɔfo nya nneɛma ne mmoa adwuma a ɛwɔ hɔ a ɛbɛboa mmabun ma wɔafa amammerɛ akwans"
1062,Aka_Gha,Amammerɛ mu gyinapɛn ne gyinapɛn ahorow gu ahorow wɔ mpɔtam ne aman ahorow mu esiane nneɛma te sɛ: A,"Amammerɛ ne ɔmanfo gyinapɛn ahorow a ɛfa nipadua mfoni ho gu ahorow wɔ mpɔtam ne mpɔtam ahorow mu, n"
1063,Aka_Gha,Mpɔtam hɔfoɔ bɛtumi abom ayɛ adwuma de ahwɛ sɛ mmabun nyinaa bɛnya nna ne awoɔ akwahosan ho dwumadie,Sukuu ne nkyerɛkyerɛ nhyehyɛe betumi ama mmabun tumi ma wɔasi gyinae a ɛfata wɔ wɔn nna ne awo akwah
1064,Aka_Gha,Wiase nyinaa nneɛma a ɛho hia te sɛ 'COVID-19' ɔyaredɔm anaa wim nsakrae a wɔbɛsakra no betumi aka a,Amanaman ntam sika a ɛwɔ hɔ no nya nkɛntɛnso kɛse wɔ ASRH nhyehyɛe ahorow a wɔde bedi dwuma ne nea ɛ
1065,Aka_Gha,Mmeae a ahobammɔ wom yɛ mmeae a nyiyimu anaa atemmu biara nni mu. Wɔho hia kɛse ma mmabun a wɔadi dɛ,Nipadua mu nka bɔne fi mfifire a ɛne mmoawa a wɔwɔ wo honam ani di afrafra. Nkwamoa ahodoɔ deɛ pɔtɔɔ
1067,Aka_Gha,Mmabun Ahyehyɛde kuo ahorow: Ahyehyɛde kuo ahorow te sɛ YMCA anaa Mmarimaa ne Mmabaa Kuw taa de mmer,Mmabun betumi de wɔn ho ahyɛ akannifo dwumadi ne gyinaesi nhyehyɛe ahorow a ɛfa ASRH ho mu kɛse dena
1068,Aka_Gha,Di Nkitahodi: Wo ne afoforo nka wo nkate ne wo hye ho nkɔmmɔ pefee na fi nokwaredi mu. Obu: Bu afofo,Nipadua ho mfonini a enye wɔ mmerantebere ne mmabaabere mu betumi anya obu a obi wɔ ma ne ho ne adwe
1072,Aka_Gha,Sɛ wopɛ sɛ wosua mmra ne nhyehyɛe ahorow a ɛfa mfe a obi adi sɛ ɔpene nna mu dwumadi so wɔ wo mpɔtam,Nneɛma a ɛhyɛ bɔ a efi aman afoforo so no bi ne sɛ wɔbɛhyehyɛ nna ne awoɔ akwahosan ho ayaresabea ah
1073,Aka_Gha,Atosɛm: Obiara reda. Nteɛso: Mmabun pii paw sɛ wɔbɛtwɛn anaasɛ wɔbɛtwe wɔn ho afi nna ho. Kyerɛkyerɛ,Kokoam Nsɛm Ho Nhyehyɛe: Hwɛ kokoam nsɛm nhyehyɛeɛ a ɛwɔ abɛɛfo ntentanfidie so no mu daa na yɛ nsak
1074,Aka_Gha,Akwahosan ho adwumayɛfo di dwuma titiriw wɔ nnwuma a wɔaka abom a wɔde ma mmabun no mu. Wɔn asɛde ne,Akwahosan ho adwumayɛfo di dwuma titiriw wɔ aduannuru ho mmoa a wɔde ma mmabun a wɔrehwehwɛ awo akwa
1075,Aka_Gha,"Nsɛm ho amanneɛbɔ ho adesua ma mmabun nya tema, ntease, ne obu ma nna ho akɔnnɔ ahorow, ɔbarima ne ɔ",Mmabun betumi ahwehwɛ nsɛm ho amanneɛbɔfo gyinabea ahorow a ɛfa ɔbarima ne ɔbea nna ho mu yiye denam
1077,Aka_Gha,Mmabun wɔ hokwan ahorow a wɔde benya adwuma mu osuahu ne ahokokwaw a mfaso wɔ so denam adwumayɛ ho n,Mmabun betumi ahwɛ ahu sɛ wobenya nhomasua ne adwumayɛ ho ntetee hokwan ahorow a ɛyɛ pɛ a wɔn asetra
1080,Aka_Gha,W'ankasa nya fapem : Yɛ pintinn wɔ wo gyidi ne gyinapɛn ahorow a wobɛda no adi wɔ nkɔmmɔbɔ mu no mu.,"Amammerɛ ne nyamesom mu gyidi betumi akyerɛ suban, gyinapɛn, ne nneyɛe a ɛfa nna ne awo akwahosan ho"
1081,Aka_Gha,Ankorɛankorɛ asɛm a wɔka: Ka wo suahunu a ɛfa mmaninyɛ ne mmaa-yɛ akwahosan ne ho kwan ho asɛm kyerɛ,Mmabun betumi de akwan ahorow adi dwuma de ahu na wɔakasa atia nsɛm a epira anaa nnaadaa a ɛfa nna m
1082,Aka_Gha,Nhyehyɛe ahorow a wɔde siw ano no di nhyɛso ahorow  ho dwuma denam akwan horow a tumi ne hokwan nhye,"Nhyɛso nhyehyɛe ahorow a ɛtwam te sɛ mmusua mu nyiyim, ɔbarima ne ɔbea nna mu nyiyim, kuw mu nyiyim,"
1084,Aka_Gha,:Ɛho hia sɛ wɔkyerɛkyerɛ mmabun sɛnea nna mu ɔbrasɛe abu so ne nkɛntɛnso a ɛwɔ so efisɛ:Nhumu: Nna m,Nyamesom mu gyidi ne nkyerɛkyerɛ nya suban ne nneyɛeɛ a ɛfa nna ne awoɔ ho akwahosan ho so tumi wɔ m
1086,Aka_Gha,Mmabun betumi de wɔn ho ahyɛ nhyehyɛe a wɔkamfo kyerɛ mu denam sikasɛm mu pɛyɛ a enni hɔ ho nimdeɛ a,"Aban ahorow, NGO ahorow, ne mpɔtam ahyehyɛde ahorow di dwuma titiriw wɔ nhomasua ne adwumayɛ ho ntet"
1088,Aka_Gha,"Nkitahodi Ho Nimdeɛ: Sua sɛ wobɛda wo nsusuwii adi pefee na tie wo nnamfo, w’abusuafo, ne wɔn a wobe","Mmabun betumi de ahye a ɛfata asi hɔ na wɔakura mu denam wɔn ankasa ahiade, nkate, ne anohyeto ahoro"
1089,Aka_Gha,"Mpɔtam hɔfoɔ a wɔde wɔn ho bɛhyɛ mu no fa mpɔtam hɔfoɔ a wɔde wɔn ho bɛhyɛ gyinaesie nhyehyɛeɛ, nhye",Amammerɛ mu nimdeɛ nya nkɛntɛnso nna ne awo akwahosan ho nsɛm a wɔhwehwɛ na wɔsa wɔ mmabun mu denam:
1091,Aka_Gha,Mmabun a wɔadi dɛm betumi anya nna ne awo akwahosan ho nsɛm ne nnwuma a edi mu wɔ akwahosan ho nhyeh,"Nneɛma te sɛ kasa mu akwanside, mmara kwan so gyinabea, nyiyim, ne asetra ne sikasɛm mu nsonsonoe ka"
1092,Aka_Gha,"Nyinsɛn a wosiw ano ntɛm a broni ka no 'emergency contraception' a wotawso ka no (EC), a wɔsan frɛ n",Nyinsɛn ano aduro a wobenya: Ayaresabea ne Akwahosan Asoɛe ahorow: Kɔ mpɔtam hɔ awo akwahosan ayares
1095,Aka_Gha,"Wiase nyina afa mu no, ohia tumi yɛ akwansidie ma nkyerɛkyerɛ papa mmabun nya fa nnamu agodie ne awo","Yiw, amammerɛ anaa nyamesom mu gyidei ahorow bi betumi ama mmarima ne mmea pɛyɛ a enni hɔ akɔ so den"
1096,Aka_Gha,Nsɛm ho amanneɛbɔ ho nimdeɛ ma mmabun tumi ma wɔpaapae na wɔkasa tia nsɛm a epira wɔ nsɛm ho amanneɛ,Nsɛm ho amanneɛbɔ ho nimdeɛ ma mmabun tumi susuw nkrasɛm a wɔde ma wɔ nsɛm ho amanneɛbɔ mu a ɛfa nna
1097,Aka_Gha,Brayɛ anaa brabuo a wɔtaa frɛ no nsabuo yɛ adebɔ mu adeyɛ a ɛkɔ so wɔ ɔbea nipadua mu. Ɛyɛ awotwaa n,"Asomu a ɛfata te nka sɛ ahobammɔ , ahotɔ, na wɔpene so wɔ mu. Ebia nea ɛka ho ne atuu a efiri abusua"
1098,Aka_Gha,"Asetra ne sikasɛm mu nneɛma te sɛ ohia, adwuma a wonnya nyɛ, ne nhomasua ne akwahosan ho nhyehyɛe a ","Asetena ne sikasɛm mu nneɛma te sɛ ohia, adwuma a wonnya nyɛ, ne nhomasua a wonnya betumi asiw mmabu"
1100,Aka_Gha,Akwan a wɔbɛfa so ahwɛ sɛ nna ne awo akwahosan (ASRH) dwumadie a egyina mfiridwuma so no gyina adans,"Nhwehwɛmu akwan a ɛfa su pa ho, te sɛ nsɛmbisa, kuw a wɔde wɔn adwene si so nkɔmmɔbɔ, ne akwan a wɔf"
1102,Aka_Gha,Mmara a ɛbɔ LGBTQ+ ankorankoro ho ban fi nyiyim ho wɔ awo apɔwmuden ho nhyehyɛe a wobenya mu no betu,"Mmabun wɔ mmara kwan so hokwan ne ahobammɔ a ɛfa awo akwahosan ho nhyehyɛe a wobenya ho, a ebia nea "
1103,Aka_Gha,"Mmabun betumi akasa ma wɔn nna ne awo hokwan ahorow denam: Wɔnam atipɛnfo nkyerɛkyerɛ, mpɔtam hɔfo a","Mmeranteɛ ne mmabaawa bɛtumi afa akwan ahodoɔ so atia amuo ne nyiyim wɔ wɔn mpɔtam, na wɔagyina ama "
1104,Aka_Gha,Nhomasua di dwuma titiriw wɔ mmarima ne mmea pɛyɛ a wɔbɛhyɛ ho nkuran ne nyiyim a wɔko tia mu denam:,Sukuu ne nwomasua asoɛeɛ betumi adi dwuma titire wɔ nna ne awoɔ akwahosan ho nkyerɛkyerɛ a ɛfa mmubu
1105,Aka_Gha,"Fa wo ho hyɛ apɔw-mu-teɛteɛ mu daa, te sɛ apɔw-mu-teɛteɛ anaa yoga, na ama adwennwen so atew na ama ",Asetra a Ɛma Apɔwmuden: Di aduan a ɛfata na yɛ apɔwmuteɛteɛ. Da sɛnea ɛsɛ na di adwennwen ho dwuma. 
1108,Aka_Gha,"Apomoden ho adwumayɛfoɔ, akyerɛkyerɛfoɔ, ne adwumayɛfoɔ foforɔ di dwuma titire wɔ mmoa ne adwumayɛku",Nneɛma bi a wɔde bɛyɛ intanɛt so nkyerɛkyerɛ anaa ɔyɛkyerɛ a ɛfa nnuru a wɔde siw nyinsɛn ano a wɔde
1109,Aka_Gha,"Mmara ne nhyehyeɛ nhyehyeɛ wɔ hɔ a wɔde bɛbɔ mmabun a wɔadi dɛm nna ne awoɔ hokwan ahodoɔ ho ban, a ",Mpɔtam hɔfo tae ma nea aborɔfo ka no sɛ 'resources' ahohorow ne nnwuma a wɔyɛ boa de adrɛse mmabun n
1112,Aka_Gha,Nneɛma ahorow ne mmoa nkitahodi ahorow wɔ hɔ a ɛbɛboa mmabun ma wɔadi abrabɔ pa ho ɔhaw a ɛwɔ nsɛm h,"Yiw, ahyehyɛde ahorow ne nnwumakuw bi wɔ hɔ a wɔde akwankyerɛ anaa afotu a ɛfa wɔn ankasa ho ma mmab"
1113,Aka_Gha,Ahorow:Aduru a wɔde siw nyinsɛn ano putupuru (ECP): Ɛwɔ honam mu nkwammoa (hormones) a ɛsi nyinsɛn a,Anamɔn a wɔfa so de siw nyinsɛn ano a egye ntɛmpɛ nea broni ka no 'emergency contraception'  di dwum
1114,Amh_Eth,አይ: ለ አባላዘር በሽታ ተገቢውን ሕክምና መስጠት የሚችሉት የሰለጠኑ የጤና ባለሙያዎች ብቻ ናቸው።,አዎ። ከ አባላዘር በሽታ ከተፈወሱ በኋላም ቢሆን፣ ባልዎ ካልታከመ መልሶ ሊያስተላልፍቦት ይችላል። እንደገና ኢንፌክሽንን ለመከላከል፣ ሁለቱም የትዳር አጋሮች ህ
1115,Amh_Eth,ቫይረሱ በስሜት ህዋሳት ነርቭ ጋንግሊያ ውስጥ አድፍጦ የመቆየት እና በየጊዜው እንደገና የመቀስቀስ፣ ከዚያም በነርቭ በኩል ተመልሶ ወደ ቆዳ ላይ የመጓዝ ችሎታ ,አዎ፣ ሄርፒስ ሲምፕሌክስ ቫይረስ (ኤችኤስቪ) ኢንፌክሽን በጣም የተለመደ ነው። የመከላከያ መንገዶችም ኮንዶም በአግባቡ መጠቀም እና በሽታው በተከሰተ ወቅት ጾታ
1116,Amh_Eth,እምነት ለጥንካሬ እና ለተስፋ በጣም አስፈላጊ ነው፤ ነገር ግን አካላዊ ኢንፌክሽንን ለማዳን ዘመናዊ ሕክምናን መጠቀም ግድ ይላል። ፈውስ የሚገኘው በእምነት እና,አብዛኛዎቹ የሥነ-ምግባር እና ሃይማኖታዊ ትምህርቶች የባልደረባዎን ህይወት እና ጤና ለመጠበቅ ይፋ ማድረግን ያበረታታሉ። ኃላፊነት የሚሰማው እና የአፍቃሪ ተግባ
1117,Amh_Eth,ቂጥኝ አራት ደረጃዎች ሲኖሩት እነሱም የመጀመሪያ ደረጃ ፣ ሁለተኛ ደረጃ ፣ ድብቅ (latent) እና ሦስተኛ ደረጃ ሲሆን በሚያሳዩ ምልክት እና በሚያስከትለው ,የማኅጸን ጫፍ ቀይ እና ያበጠ ሊመስል ይችላል፣ በቀላሉ ሊደማ ይችላል፣ እና መግል የመሰለ ፈሳሽ (mucopurulent cervicitis) ሊኖረው ይችላል።
1121,Amh_Eth,አይችልም። በመሳሳም ኤች.አይ.ቪ አይተላለፍም። ቫይረሱ የሚተላለፈው ጥንቃቄ በጎደለው የግብረ ሥጋ ግንኙነት፣ ስለታማ ነገሮችን (መርፌዎችን) በመጋራት ወይም በ,አይተላለፍም፣ መሳሳም ኤች አይ ቪን አያስተላልፍም። የሚተላለፈው ጥንቃቄ በጎደለው የግብረ ሥጋ ግንኙነት፣ መርፌን በመጋራት ወይም በደም ንክኪ ነው።
1123,Amh_Eth,አይድንም፣ ክላሚዲያ አንቲባዮቲክ ያስፈልገዋል። ህክምና ካልተደረገለት፣ ጉዳቱን ይቀጥላል።,አዎ። ክላሚዲያ በአንቲባዮቲክ ሊድን ይችላል። በሽንት ወይም ስዋብ መመርመር ያስፈልጋል፣ እና መከላከያ መንገዶች መካከል ኮንዶም መጠቀምን እና መደበኛ የጤና ም
1124,Amh_Eth,አዎ፡ ቂጥኝ እና ጨብጥ በወሊድ ጊዜ ሊተላለፉ የሚችሉ ሲሆን በህፃኑ ላይ ዓይነ ስውርነት እና ሌሎች ከባድ የጤና ችግሮችን ሊያስከትሉ ይችላሉ። ለዚህም ነው በእ,አዎህክምና ከሌለ ኤች አይ ቪ በእርግዝና፣ በወሊድ ወይም ጡት በማጥባት ወቅት ከእናት ወደ ልጅ ሊተላለፍ ይችላል። በተገቢው የሕክምና እንክብካቤ አደጋው ከ1% 
1125,Amh_Eth,ሳሙና እና ንጹህ ውሃ ይጠቀሙ። ቢያንስ ለ20 ሰከንዶች ያጠቡ (አጭር ዘፈን መዝፈን ይችላሉ)። የእጆችዎን ጀርባ፣ በጣቶችዎ መካከል እና በጥፍሮችዎ ስር ያጽዱ።,የተሻለው መንገድ ግለሰቡን ለቅርብ አለቃው ሪፖርት ማድረግ ነው። በተጨማሪም ለአካባቢው የፀረ-ሙስና ኮሚሽን ወይም ለፖሊስ ማመልከት ትችላለህ/ሽ። ምስክር መያዝ
1126,Amh_Eth,አዎምንም የሚታዩ ዉሃ የቋጠሩ ነጠብጠብ ወይም ቁስሎች በሌሉበት ጊዜ እንኳን ሄርፒስ ሊተላለፍ ይችላል፡፡,መለስተኛ፣ ንጹህ የጨው (ጨዋማ ውሃ) መፍትሄው ውሃ የቋጠሩ  የሄርፒስ ቁስሎችን/እብጠቶች ንፁህ እና ትንሽ ደረቅ እንዲሆኑ ይረዳል፣ ይህም ፈውስ/መደን እንዲች
1129,Amh_Eth,አንዳንድ ጊዜ አዎ፡፡ እንደ ፈሳሽ ወይም በሽንት ጊዜ ህመም፣ ነገር ግን ብዙ ወንዶች ምንም ምልክት የላቸውም፡፡,አንዳንድ ጊዜ ወንዶች ሽንት ሲሸኑ እንደ ፈሳሽ ወይም ህመም ያሉ ምልክቶች ያጋጥሟቸዋል፤ ሆኖም ግን ብዙዎቹ ምንም አይነት ምልክት የላቸውም።
1130,Amh_Eth,በሰውነት ላይ የማያሳክክ ሽፍታ፣ ብዙውን ጊዜ በእጅ መዳፍ እና በእግር ጫማ ላይ ይታያል፡፡,ቂጥኝ በህክምናው አጠራር የመጀመሪያ፣ ሁለተኛ እንዲሁም ሶስተኛ ደረጃ ተብሎ ይከፋፈላል። ሁለተኛው ደረጃ ቂጥኝ የሚከሰተው የመጀመሪያው ቁስል ከታየ ከ2 እስከ 
1131,Amh_Eth,እንደዚህ አይነት ፈሳሽ ከብልት መዉጣቱ አደገኛ በሽታ ሊሆን ስለሚችል በአፋጣኝ የጤና ባለሙያ ማማከር እና ማሳየት ያስፈልጋል።ብዙንግዜ ጎኖርያ ከተባለዉ የአባላ,አዎንይህ በጣም አስፈላጊ ባህላዊ እውቀት ነው፡፡ በሳሙና ማፍላት ወይም መታጠብ እና በፀሐይ ውስጥ ሙሉ በሙሉ ማድረቅ የተለመዱ ባክቴሪያዎችን እና ፈንገሶችን እ
1133,Amh_Eth,አዎሄርፒስ በአለም አቀፍ ደረጃ በጣም የተለመደ ነው። ብዙ ሰዎች ሳያውቁት አላቸው።,ሂርፐስ በዓለም ላይ የተለመደ የአባላዘር በሽታ ነው ። አብዛኛው ሰው የበሽታውን ምልክት ሳያሳይ ና ሳያውቅ የተያዘ ነው።
1134,Amh_Eth,በነጻ ነገሮች ላይ አተኩር ከማህበረሰብ ጤና ሰራተኛ ጋር መነጋገር፣ ከደጋፊ ጓደኛ ጋር ጊዜ ማሳለፍ፣ መጸለይ፣ መራመድ፣ እንደ ባቄላ እና አትክልት ያሉ ጤናማ ,ትንሽ፣ ወጥ የሆነ መጠን (በትንሽ መጠን) ደህንነቱ በተጠበቀ ቦታ መቆጠብ ይጀምሩ ወይም የታቀዱትን የህክምና ጉብኝቶች ለመሸፈን እንዲረዳዎ የሚያግዝዎ ሰው ይጠ
1136,Amh_Eth,በግብረ-ሥጋ ግንኙነት ከአንድ ሰው ወደ ሌላ ሰው ሊተላለፍ የሚችል በሽታ ነው። ብዙ ሰዎች ሳያውቁት አላቸው፣ ነገር ግን መታከም አለበት።,አዲስ የተወለደው ሕፃን የአይን እና የሳንባ ኢንፌክሽኖችን እንዳያመጣ ለመከላከል እና ያለጊዜው የመውለድ አደጋን ለመቀነስ አስቸኳይ ህክምና ማድረግ አስፈላጊ ነ
1137,Amh_Eth,የHPV ክትባት በጣም አደገኛ ከሆኑት የቫይረሱ ዓይነቶች ይከላከላል እና የማኅጸን ጫፍ እና ሌሎች የካንሰር አይነቶችን የመጋለጥ እድልን ይቀንሳል።,ልጆቻቸው (ወንዶችም ሆኑ ሴቶች ልጆች) የግብረ-ሥጋ ግንኙነት ከመፈጸማቸው በፊት በ11 እና 12 አመት አካባቢ የHPV ክትባት መውሰድን በማረጋገጥ።
1140,Amh_Eth,ሴቶች ክላሚዲያ እንዳለባቸው ማወቅ የሚችሉት የሽንት ምርመራ ወይም የፈሳሽ ምርመራ በማድረግ ነው።,አዲስ የተወለደው ሕፃን የአይን እና የሳንባ ኢንፌክሽኖችን እንዳያመጣ ለመከላከል እና ያለጊዜው የመውለድ አደጋን ለመቀነስ አስቸኳይ ህክምና ማድረግ አስፈላጊ ነ
1144,Amh_Eth,ትሪኮሞኒያሲስ ማሳከክን፣ መጥፎ ሽታን እና ምቾት ማጣትን ያስከትላል። በሽታው እንደ ሜትሮኒዳዞል  ባሉ መድኃኒቶች ሊድን የሚችል ሲሆን፣ መከላከያ መንገዱም ኮን,ጤናዎ ለድርድር የማይቀርብ ነው። ህክምና እስኪያገኝ ድረስ እና ሁለታችሁም ደህንነቱ የተጠበቀ ግንኙንት እስክትጀምሩ ድረስ ሠርጉን ማዘግየት የበለጠ አስተማማኝ 
1147,Amh_Eth,"አካል ""የተቀደሰ ስጦታ"" እንደሆነ እና የጤና ዘዴዎችን መጠቀም (እንደ የቤተሰብ ምጣኔ ወይም ዘመናዊ ሕክምና) ለዚያ ስጦታ ኃላፊነት የተሞላበት እንክብካቤ እና",የሴቷ ሥነ ምግባር በልቧ እና በምርጫዋ ላይ እንጂ በፕላስቲክ ወይም በክኒን ላይ እንዳልሆነ አስረዳ። የወሊድ መከላከያ ኃላፊነት የሚሰማው የቤተሰብ ምጣኔ መሳሪ
1148,Amh_Eth,ክላሚዲያ በግብረ-ሥጋ ግንኙነት የሚተላለፍ ኢንፌክሽን ነው። ብዙ ሰዎች የሕመም ምልክቶች የላቸውም፣ ነገር ግን አሁንም በሰውነት ላይ ጉዳት ሊያደርስ ይችላል፡፡,ክላሚዲያ በክላሚዲያ ትራኮማቲስ የሚባለ ባክቴሪያ የሚከሰት የተለመደ በግብረ ሥጋ ግንኙነት የሚተላለፍ ኢንፌክሽን ነው።
1151,Amh_Eth,አይድንም፣ ክላሚዲያ አንቲባዮቲክ ያስፈልገዋል። ህክምና ካልተደረገለት፣ ጉዳቱን ይቀጥላል።,አይክላሚዲያ በፀረ-ተህዋስያን መድሃኒቶች መታከም አለበት፡፡ መድሃኒት ከሌለ ሰውነትን መጉዳቱን ይቀጥላል፡፡
1152,Amh_Eth,አይየወንድ የዘር ፍሬ ከመርጨቱ በፊት ማውጣት የአባላዘር በሽታዎችን ለመከላከል ደህንነቱ የተጠበቀ አይደለም። እንደ ቂጥኝ እና ሄርፒስ ያሉ ኢንፌክሽኖች የሚተላ,አይ፣ በጭራሽ። ኢንፌክሽኑ ንክኪ እንደተፈጠረ ወዲያውኑ ይተላለፋል። ከግንኙነት በኋላ መታጠብ ለንፅህና ብቻ ነው፤ ቀድሞውኑ ወደ ሰውነት የገቡትን ጀርሞች/ተሕዋ
1153,Amh_Eth,አዎን፣ ከማንኛውም ዓይነት የጠበቀ ግንኙነት ሙሉ በሙሉ መቆጠብ ከአባላዘር በሽታዎች ለመከላከል መቶ በመቶ (100%) ውጤታማ ነው። ይህ ብቸኛው አስተማማኝ መን,ጨብጥ አብዛኛውን ጊዜ የሚተላለፈው በግብረ ስጋ ግንኙነት አማካኝነት ነው። ይሁን እንጂ በሽታው በኣንቲባዮቲክ መድኃኒቶች ሊታከም ይችላል። ህክምና ካልተደረገለት
1155,Amh_Eth,የአባላዘር በሽታ (ኢንፌክሽን) ማለት ጀርሙ በሰውነትዎ ውስጥ ነው ማለት ነው. የአባላዘር በሽታ (በሽታ) ማለት ጀርሙ ከባድ የጤና ችግሮችን አስከትሏል ማለት ,የስዋብ ምርመራ ቫይረሱ በቁስሉ ላይ ንቁ መሆኑን ያረጋግጣል። የደም ምርመራ ግለሰቡ በህይወቱ ውስጥ በሆነ ወቅት (ባለፈው ወይም አሁን) ለቫይረሱ መጋለጡን ያረ
1164,Amh_Eth,ክላሚዲያን ከወሲባዊ እንቅስቃሴ በመታቀብ ወይም በመገደብ፣ ኮንዶም፣ የጥርስ ግድቦችን (dental dames) በመጠቀም እና ታማኝ አጋርነትን በመጠበቅ መከላከል,አዎ፤ ኮንዶምን በትክክል በመጠቀምና በአንድ ታማኝ አጋር በመወሰን መከላከል ይቻላል። ቂጥኝ በፔኒሲሊን በቀላሉ ይድናል። ሳይታከም ቢቀር ግን አእምሮን፣ ልብንና
1167,Amh_Eth,በፍቃደኝነት ላይ የተመሰረተ የኤችይቪ የምክር እና ምርመራ አገልግሎት አቅራቢያ ላይ በሚገኙ የጤና ማዕከላት ማግኘት ትችላለህ።ሚስጥራዊነቱ እና ደህንነቱ የተጠበ,አይጋብቻ በፍቅር፣ በመከባበር እና በጋራ ምርጫ ላይ የተመሰረተ መሆን አለበት። መርዳት ቢፈልጉም ለገንዘብ ብቻ ማግባት አደገኛ ነው እና ብዙውን ጊዜ ደስታ ማጣ
1168,Amh_Eth,አይቻልም። ኤችአይቪ በእፅዋት ወይም በባህላዊ መድኃኒቶች ሊድን አይችልም። በፀረ ኤችአይቪ መድሀኒት ብቻ ነው መቆጣጠር የሚቻለው።,አይ። ቅዱስ ውሃ(ፀበል) ወይም ባህላዊ መድሃኒት ኤችአይቪ ሊፈውስ አይችልም። ኤችአይቪ ሊቆጣጠር የሚችለው በጤና ተቋማት የሚሰጥ ትክክለኛ ሕክምና ብቻ ነው።
1169,Amh_Eth,ቫይታሚኖች ለህፃኑ እንደ 'ጋሻ' ወይም 'ተጨማሪ ጥንካሬ' ሆነው እንደሚያገለግሉ ያስረዱ። የሕፃኑ ጭንቅላት እና አከርካሪ ጠንካራ እና ጤናማ እንዲሆኑ ለማድረግ,የማህበረሰብ ጤና ሰራተኛ የት/ቤት መጸዳጃ ቤቶችን ሁኔታ መከታተል እና ሪፖርት ማድረግ እና ከርዕሰ መምህር እና ከአከባቢ መስተዳድር ጋር ለሴቶች ልጆች የተለየ
1170,Amh_Eth,ፖሊስን (የህጻናት ጥበቃ ክፍል)፣ ማህበራዊ ሰራተኛን ወይም የአካባቢ የህጻናት ጥበቃ መንግስታዊ ያልሆነ ድርጅትን ያነጋግሩ። ግልጽ ማስረጃ ያቅርቡ (ዕድሜ፣ ጊ,ዕድሜ 26 የመጨረሻው ጣሪያ ነው:: ከ27-45 አመት እድሜ ያላቸው አዋቂዎች ከሐኪማቸው ጋር በተደረገው ውይይት ላይ በመመስረት ግምት ውስጥ ይገባሉ::
1172,Amh_Eth,አይቂጥኝ በፔኒሲሊን መድሃኒት ይድናል፡፡ ካልታከመ አንጎልን፣ ልብን እና ሌሎች አካልን ሊጎዳ ይችላል። ህመም እንደተሰማዎት ሳይዘገዩ ምርመራ እና ህክምና በማድ,ጸሎት ወይም እምነት ጥንካሬን ሊሰጥ ይችላል፣ ነገር ግን ትሪኮሞኒያሲስ እንደ ሜትሮንዳዞል ባሉ መድሃኒቶች ሊድን የሚችል ነው፡፡
1173,Amh_Eth,ትምህርት መቀጠል መብትሽ ነው። አንዳንድ ተማሪዎች አፍጥጠዉ ሊያዩሽ  ወይም ሊያንሾካሽኩ ይችላሉ፣ ነገር ግን መማር ከጊዜያዊ ሀፍረት ይበልጣል። የማህበረሰብ ጤ,አዎ። ነፍሰ ጡር እናቶች ሕፃናቶቻቸውን ከኢንፌክሽን ለመጠበቅ ምርመራ ማድረግ አለባቸው።
1174,Amh_Eth,ባንቡሌ የቂጥኝ በሽታው በተከሰተበት የሰዉነት ክፍል ላይ የሚወጣ ህመም የሌለው ቁስል ነው። ህመም ስለሌለው ብዙ ጊዜ ሳይታወቅ (ሳይስተዋል) ይቀራል፤ ይህም በ,አዎ ምክንያቱም ቫይረሱ እዛው የመራቢያ አካል አካባቢ ስለሚኖር እና በቆዳ ንክኪ ሊተላለፍ ይችላል።
1176,Amh_Eth,"ለጀርም (አንቲጂን) የሚደረግ ምርመራ ትክክለኛውን በሽታ ይለያል፡፡ ለ""ውጊያ"" (ፀረ-እንግዳ አካላት) ምርመራ የሰውነትን ምላሽ ይገነዘባል፣ ይህም ለበሽታው እ",የስዋብ ምርመራ ቫይረሱ በቁስሉ ላይ ንቁ መሆኑን ያረጋግጣል። የደም ምርመራ ግለሰቡ በህይወቱ ውስጥ በሆነ ወቅት (ባለፈው ወይም አሁን) ለቫይረሱ መጋለጡን ያረ
1178,Amh_Eth,የግል የመታጠቢያ (ውሃ፣ የንፅህና መጠበቅያ እና የንፅህና አጠባበቅ) ተቋማት ልጃገረዶች የወር አበባቸውን ደህንነቱ በተጠበቀ ሁኔታ እና በክብር እንዲቆጣጠሩ እ,ወዲያውኑ ሊወስድዎት የሚችል በአቅራቢያዎ የሚገኘውን የሴቶች መጠለያ፣ ደህንነቱ የተጠበቀ ቤት ወይም የታመነ ቤተሰብ ወይም የሃይማኖት ቤት የማህበረሰብዎን የጤና
1179,Amh_Eth,አዎ። አብዛኛዎቹ የኤችፒቪ ኢንፌክሽኖች ያለ ህክምና በተፈጥሮ ይጠፋሉ። ሆኖም፣ አንዳንድ ኢንፌክሽኖች ሊቀጥሉ ይችላሉ እና በማጣሪያ ካልተገኙ እና ክትትል ካልተ,አዎአብዛኛዎቹ የHPV ኢንፌክሽኖች በራሳቸው ይጠፋሉ፣ ነገር ግን አንዳንዶቹ ሊቀጥሉ ይችላሉ እና ካልታከሙ ወደ ካንሰር ሊመሩ ይችላሉ፡፡
1183,Amh_Eth,አንዳንድ ጊዜ አዎ፡፡ እንደ ፈሳሽ ወይም በሽንት ጊዜ ህመም፣ ነገር ግን ብዙ ወንዶች ምንም ምልክት የላቸውም፡፡,ብዙ ወንዶች ክለሚዲያ እንደተያዙ ምንም ምልክት ላይኖራቸው ይችላል። ምልክቶች ሲኖሩ ግን ከብልት ሚወጣ ነጭ አረፋ ሚመሰል ፈሳሽ ይኖራል ።
1184,Amh_Eth,ቫይታሚኖች ለህፃኑ እንደ 'ጋሻ' ወይም 'ተጨማሪ ጥንካሬ' ሆነው እንደሚያገለግሉ ያስረዱ። የሕፃኑ ጭንቅላት እና አከርካሪ ጠንካራ እና ጤናማ እንዲሆኑ ለማድረግ,የሴቷ ሥነ ምግባር በልቧ እና በምርጫዋ ላይ እንጂ በፕላስቲክ ወይም በክኒን ላይ እንዳልሆነ አስረዳ። የወሊድ መከላከያ ኃላፊነት የሚሰማው የቤተሰብ ምጣኔ መሳሪ
1188,Amh_Eth,በሴቶች ላይ ምልክቶቹ መጥፎ ሽታ ያለው የሴት ብልት ፈሳሽ፣ ማሳከክ እና በሽንት ወይም በወሲብ ወቅት ህመምን ናቸው።  ወንዶች ብዙውን ጊዜ ቀላል የሆኑ  ወይም,አደጋዎቹ ንፁህ ካልሆኑ መሳሪያዎች ኢንፌክሽን፣ በገመድ መጎተት ደም መፍሰስ፣ ፊስቱላ ከዘገየ ሪፈራል እና ተገቢ ባልሆኑ የወሊድ ልምዶች የወሊድ ጉዳቶችን ያካት
1190,Amh_Eth,ኤች አይ ቪ ሊድን አይችልም፣ ነገር ግን የፀረ-ኤች አይ ቪ መድኃኒቶች ሰዎች ረጅም እና ጤናማ ሕይወት እንዲኖሩ ይረዳሉ። ኤች አይ ቪን የመከላከያ መንገዶች ኮ,የቫይረሱን ውጫዊ የፕሮቲን ሽፋን የሚመስሉ ቅንጣቶች (VLPs) በውስጡ የያዘ ሲሆን ይህም ሰውነታችን በሽታ ሳያስከትል ፀረ እንግዳ አካላትን እንዲያመነጭ ያስች
1191,Amh_Eth,ለHPV ራሱ ምንም ዓይነት መድኃኒት የለም፡፡ ነገር ግን ክትባቶች አደገኛ ዝርያዎችን ይከላከላሉ፣  ለኪንታሮት እና ለተለመደው የሕዋስ እድገት ሕክምናዎች ያገኛ,አይለሄርፒስ ምንም ዓይነት መድኃኒት የለም፡፡ የቫይረስ መድሃኒቶች ወረርሽኙን ለመቆጣጠር ብቻ ይረዳሉ፡፡
1193,Amh_Eth,እንዲህ በይው፦ ‘ስለ ደግነትህ አመሰግናለሁ፣ ግን ካንተ ጋር መሄድ አልችልም። መርዳት ከፈለግህ ግን በአካባቢው ላለ የሴቶች መርጃ ድርጅት በልግስና ስጥ።’ ፈ,አዎ ትችያለሽ። ሐኪሙ ምርመራ የሚደረግበትን የሰውነት ክፍል ማየት ቢኖርበትም፣ አስፈላጊው ቦታ ብቻ እንዲገለጥ እና ምርመራውን ሴት የጤና ባለሙያ ብቻ እንድታደ
1194,Amh_Eth,አይደለም። ተገቢውን የሕክምና ክትትል በማድረግ ኤችአይቪ ቫይረስ ያለባቸው ሰዎች ረጅም እና ጤናማ ሕይወት መምራት ይችላሉ። በአሁኑ ጊዜ ኤችአይቪ ማለት ሞት ሳ,አይ። ኤችአይቪ ማለት ሞት ማለት አይደለም። ምንም እንኳን እስካሁን መድኃኒት ባይኖርም፣ በተገቢው ህክምና (የፀረ፡ቫይረስ ሕክምና)፣ ኤችአይቪ ያለባቸው ሰዎች 
1195,Amh_Eth,አዎ። ኮንዶም፣ በትክክል ሁልጊዜ ጥቅም ላይ ሲውል፣ ኤች አይ ቪን እና ሌሎች በርካታ የአባላዘር በሽታዎችን በመከላከል በጣም ውጤታማ ነው።,የ ከሂውማን ፓፒሎማ ቫይረስ በኮንዶም ያልተሸፈኑ ቦታዎች ላይ ተጽዕኖ ስለሚያሳድር ኮንዶም አደጋውን ይቀንሳል ነገር ግን ሙሉ ጥበቃን አይሰጥም።
1196,Amh_Eth,ቂጥኝ በፔኒሲሊን ይድናል። ካልታከመ አእምሮን፣ ልብን እና ሌሎች የሰውነት ክፍሎችን ሊጎዳ ይችላል። ቅድመ ምርመራ እና ህክምና ውስብስብ ነገሮችን ይከላከላል.,ጨብጥ በፀረ-ተህዋስያን መድሃኒቶች ይታከማል፡፡ ካልታከመ ወደ መሃንነት ሊያመራ ይችላል፣ የመከላከያ እርምጃዎች ኮንዶም መጠቀም እና ታማኝ አጋር መኖሩን ያካትታ
1198,Amh_Eth,ኮንዶም የሰውነት ፈሳሾች በብልት እና አካባቢ መካከል ቀጥተኛ ግንኙነት እንዳይኖር በማድረግ ቂጥኝን ይከላከላል። ይህ መከላከያ ቂጥኝን ጨምሮ ለብዙ የአባላዘር ,ቂጥኝ በመጀመሪያዎቹ ደረጃዎች ላይ እያለ በቀላሉ ሊድን የሚችል በሽታ ነው። ዋነኛው ሕክምና አንድ መጠን ቤንዛቲን ፔኒሲሊን ጂ የተባለ አንቲባዮቲክ በመርፌ መው
1199,Amh_Eth,ሄርፐስ በአፍ ወይም በጾታ ብልት አካባቢ የሚያሰቃይ ውሃ የቋጠረ ቁስል እና በቫይረስ የሚመጣ በሽታ ነው። ብዙ ጊዜ ተመልሶ ሊመጣ ይችላል::,የጤና ባለሙያዎች እንደሚሉት ጨብጥ በዕፅዋት ሊድን አይችልም፤ የግድ በልዩ የፀረ-ተህዋስያን መድኃኒቶች መታከም አለበት። ካልታከመ ደግሞ መካንነትን ሊያስከትል 
1203,Amh_Eth,ይህ አሰራር ተጠያቂነትን ያጎላል፣ ዘመናዊው ፈውስ አንቲባዮቲክ ቢሆንም፣ ይህ ወግ እንደገና ኢንፌክሽንን ለመከላከል ባልደረባው መታከም እንዳለበት በትክክል ይገ,ጎጂ ባህላዊ ልምዶችን ለመደገፍ በትህትና እምቢ ይበሉ። የተካተቱትን የሕክምና አደጋዎች ይግለጹ። በህክምና አስተማማኝ የሆነ አስተማማኝ፣ ግላዊ፣ ዘመናዊ አማራጭ
1205,Amh_Eth,አይኤች አይ ቪ ኃጢአት ወይም ቅጣት አይደለም። ያገቡ ሰዎችን እና ወጣቶችን ጨምሮ ማንኛውም ሰው ሊያጠቃው የሚችል ቫይረስ ነው።,አይደለም ። ኤች አይ ቪ የተያዙ ሰዎች ህክምና እና ጥንቃቄ ካደረጉ ትዳር እና ቤተሰብ ሊኖራቸው ይችላል።
1206,Amh_Eth,ክላሚዲያ በመድሃኒት ይድናል። ካልታከመ ወደ ሰውነት ተሰራጭቶ የከፋ ጉዳት (መካንነት፣ ህመም) ሊያስከትል ይችላል።,ክላማይዲያ በፀረ ባክቴረ‍ያ ይጠፋል፤ ከሰዉነት ላይ ጠረግ አድርጎ ናሙና በመዉሰድ ወይም በሽንት  ምርመራ ይታወቃል፤ ኮንዶም በመጠቀም እና መደበኛ ምርመራ በማ
1209,Amh_Eth,ግርዛት ለኤችአይቪ የመጋለጥ አደጋን ይቀንሳል እንጂ ከቫይረሱ ሙሉ በሙሉ አይከላከልም።,የወንድ ልጅ ግርዛት የኤችአይቪ አደጋን ይቀንሳል ግን ሙሉ ለሙሉ አይከላከልም።
1213,Amh_Eth,አዎ። ክላሚዲያ በአንቲባዮቲክ ሊድን ይችላል። በሽንት ወይም ስዋብ መመርመር ያስፈልጋል፣ እና መከላከያ መንገዶች መካከል ኮንዶም መጠቀምን እና መደበኛ የጤና ም,አይ፣ በጭራሽ። ኢንፌክሽኑ ንክኪ እንደተፈጠረ ወዲያውኑ ይተላለፋል። ከግንኙነት በኋላ መታጠብ ለንፅህና ብቻ ነው፤ ቀድሞውኑ ወደ ሰውነት የገቡትን ጀርሞች/ተሕዋ
1217,Amh_Eth,1ኛ. መሰረታዊ ወይም ቀላል ሂሳብ (ገንዘብ ለመቁጠር እና በጀት ለማቀድ)። 2ኛ. ምልክቶች እና አርማዎች (ለደህንነት ማስጠንቀቂያዎች፣ ለመድኃኒት አጠቃቀም መ,የወር አበባ  ተፈጥሯዊ የሴት ልጅ ምልክትና እና ልዩ ስጦታ እንደ ሆነ ማሳወቅ።በተጨማሪም፣ እናቶች እንደ ሳኒታሪ ፓድስ፣ ህመም ማስታገሻ መድሃኒት እና የውስጥ
1218,Amh_Eth,አይ ኤች አይ ቪ በመሳም አይተላለፍም::  መደበኛ መሳም (በጥልቅም ሆነ በአፍ በመሳም) ኤች አይ ቪን አይተላለፍም። ቫይረሱ የሚተላለፈው ከሰውነት የሚወጡ ፈሳ,የኤች አይ ቪ ቫይረስ በመሳሳም አይተላለፍም።
1219,Amh_Eth,ትሪኮሞኒያስስ እንደ ሜትሮኒዳዞል ባሉ መድኃኒቶች ሊድን ይችላል። ማሳከክ፣ ሽታ እና ምቾት ማጣት ያስከትላል፣ ኮንዶም መጠቀም ለመከላከል ይረዳል።,አዎ። በትክክለኛው መድሃኒት፣ ትሪኮሞኒያስስ ሙሉ በሙሉ ሊድን ይችላል።
1222,Amh_Eth,በህጋዊ መንገድ፣ አዋቂ ከሆኑ ሊያስቆሙዎት አይችሉም። ሆኖም ግን፣ ከአዋቂነት ዕድሜ በታች ከሆኑ፣ ህጋዊ ስልጣን ሊኖራቸው ይችላል። እንደዚያ ከሆነ፣ የትምህርት,አይድንገተኛ አደጋ ሲያጋጥም ወይም ምግብ ማቅረብ ካልቻለ እራስዎን እና ልጆችዎን ለመጠበቅ የደህንነት እርምጃ (ሚስጥራዊ ቁጠባ) ነው።
1223,Amh_Eth,አይደለም። የግብረስጋ ግንኙነት የሚያደርግ ማንኛውም ሰው በበስታዎቹ/ኢንፌክሽን ሊያዝ ይችላል። እነዚህ የጤና ጉዳዮች እንጂ የአንድን ሰው ስብዕና ወይም እምነት,ጤናዎ ለድርድር የማይቀርብ ነው። ህክምና እስኪያገኝ ድረስ እና ሁለታችሁም ደህንነቱ የተጠበቀ ግንኙንት እስክትጀምሩ ድረስ ሠርጉን ማዘግየት የበለጠ አስተማማኝ 
1225,Amh_Eth,የአደጋ ጊዜ የእርግዝና መከላከያ ኪኒኑን አዘውትሮ መጠቀም ኪኒኑ እርግዝናን የመከላከል ብቃቱን እንዲቀንስ ያደርገዋል ፤ በተጨማሪም የሆርሞን መዛባት (የማያቋር,በልብዎ ይቅር ይበሏቸው፣ ነገር ግን ድርጊታቸውን እንዲያቆሙ የመጠየቅ መብት አለዎት። ራስዎን እና ስምዎን/ክብርዎን ለመጠበቅ ከሆነ ጉዳዩን መጋፈጥ ይፈቀዳል።
1227,Amh_Eth,ልጅ ከተወለደ በኋላ የወሊድ መቆጣጠሪዎች ወዲያውኑ መጀመር ይችላሉ። አንዲት ወላድ እናት ጡትን በአግባቡና ሁልጊዜ የምታጠባ ከሆነ እንደ ወሊድ መቆጣጠሪያ ለስድ,አዎ ይችላል፡፡ እንደ ቂጥኝ እና ኤች አይ ቪ ያሉ በሽታዎች ከአባት ወደ እናት ከዚያም ወደ ህፃኑ ሊተላለፉ ይችላሉ፡፡ የሚወለደው ልጅ ጤነኛ ሆኖ እንዲወለድ ሁ
1228,Amh_Eth,አዎ፡ ሐኪሞች ለጎኖሪያ የሽንት ምርመራ ወይም ከጉሮሮ፣ ከብልት እና ከ ፊንጢጣ ናሙና በመዉሰድ  ምርመራ ያደርጋሉ።,አይደለም። የደም ምርመራ እንደ ኤችአይቪ እና ቂጥኝ ያሉ በሽታዎችን ለማወቅ በጣም አስፈላጊ ቢሆንም፣ ሌሎቹን ግን ሊያሳይ አይችልም። ለምሳሌ እንደ ክላሚዲያ፣ 
1231,Amh_Eth,በእርግዝና ወቅት ለኢንፌክሽን የሚወሰደው መድሃኒት ጽንሱን እንዳይጎዳ የተለየ ሊሆን ስለሚችል እርጉዝ መሆንዎን ለጤና ባለሙያ ያሳውቁ።,አዎቂጥኝ ያለባት እናት በእርግዝና ወይም በወሊድ ጊዜ ለልጇ ልታስተላልፍ ትችላለች፣ ይህም በጣም አደገኛ ሊሆን ይችላል፡፡
1232,Amh_Eth,ኮንዶም ብልትን ብቻ ስለሚሸፍን ሄርፒስ ደግሞ በኮንዶም ባልተሸፈኑ ቦታዎች ላይ ሊታይ ሊተላለፍ ይችላል፣ ለምሳሌ በscrotum፣ በውስጥ ጭን፣ በሴት ብልት ወይ,አዎ። ሄርፐስ ምንም የሚታይ ቁስል ወይም ምልክት ሳይኖር ሊተላለፍ ይችላል። ይህንን asymptomatic shedding ይላሉ።በዚህ ጊዜ ሰውዬው ራሱ እየተላለፈ
1236,Amh_Eth,ልጅ ከተወለደ በኋላ የወሊድ መቆጣጠሪዎች ወዲያውኑ መጀመር ይችላሉ። አንዲት ወላድ እናት ጡትን በአግባቡና ሁልጊዜ የምታጠባ ከሆነ እንደ ወሊድ መቆጣጠሪያ ለስድ,አእምሮ ከሰውነት ክፍሎቻችን ልብ ኩላሊት ጉበት መካከል አንዱ ነው ። በከባድ ጭንቀት የሥነ ልቦና ጥቃት እና ድባቴ ወቅት አእምሮ ይታወክና የአእምሮ ህመም ይከ
1238,Amh_Eth,አዎ። ለብዙ አመታት ካልታከመ ቂጥኝ አንጎልን፣ ልብን እና ሌሎች የሰውነት ክፍሎችን ሊጎዳ ይችላል።,ቂጥኝ በግብረ ሥጋ-ግንኙነት የሚተላለፍ ኢንፌክሽን ነው። ህመም በሌላቸው ቁስሎች ይጀምራል እና በኋላ ላይ ቆዳን፣ ልብን እና አንጎልን ሊጎዳ ይችላል፡፡
1240,Amh_Eth,አይችልም። ኤች.አይ.ቪ በቅጠላቅጠሎች ወይም በባህላዊ መድኃኒቶች ሊድን አይችልም። ቫይረሱን መቆጣጠርና የሰውነትን ጤንነት መጠበቅ የሚቻለው በዘመናዊ የኤች.አይ,አዎ የተዘለለው/የተቋረጠው መድሃኒት መጠን የቫይረስ መጠኑ እንዲጨምር ሊያደርግ ይችላል፡፡ እንዲሁም ቫይረሱ የመድሃኒት መቋቋም እንዲያዳብር ያስችለዋል፣ ይህም 
1241,Amh_Eth,ያመለጠዎትን መድኃኒት እንዳስታወሱ ወዲያውኑ ይውሰዱ፤ ነገር ግን ቀጣዩን መድኃኒት ለመውሰድ ከ4 ሰዓት ያነሰ ጊዜ የቀረው ከሆነ ያመለጠውን ይለፉትና መደበኛውን,የኤች.አይ.ቪ ቫይረስን ለመከላከል ለኤች.አይ.ቪ ተጋላጭነት ከተከሰተ በኋላ የሚሰጥ የመከላከያ መድኃኒትን ለማግኘት ወዲያውኑ ወደ ክሊኒክ ይሂዱ። ይህ አስቸኳይ
1242,Amh_Eth,በቀስታ የተቀቀለ ውሃ እና ንጹህ ጨርቅ በመጠቀም ቦታውን ንፁህ እና ደረቅ ያድርጉት። እንደ አልዎ ወይም የኮኮናት ዘይት ያሉ ንፁህ፣ ቀላል፣ የሚያረጋጋ ንጥረ ,አይየወር አበባዎ መደበኛ ካልሆነ (ከ26-32 ቀናት መካከል ካለው ዑደት) የቀን መቁጠሪያ ዘዴው በጣም አስተማማኝ አይደለም። ያልታሰበ እርግዝና የመያዝ እድልን
1243,Amh_Eth,"አዎ፣ ብዙ ሰዎች ምንም አይነት የሕመም ምልክት ላይታይባቸው ስለሚችል ጨብጥ ""ዝምተኛ"" ሊሆን ይችላል። ይሁን እንጂ ምልክት ባያሳይም እንኳ ሕክምና ካልተደረገለ",አዎ። በተለይም ግልጥ ምልክት በማይታይባቸው ሴቶች ላይ።
1246,Amh_Eth,አይ። በንጹሕ ውኃ ብቻ በቀስታ መታጠብ ይሻላል። ኃይለኛ ሳሙናዎች አካባቢውን ይበልጥ ሊያቆስሉትና ሕመሙን ሊያባብሱት ይችላሉ። ትክክለኛ ምርመራ ተደርጎልህ/ሽ ,አዎ። ሄርፒስ በጣም የተለመደ ነው። ያለብዎትን ሁኔታ በግልጽ መናገር ይኖርብዎታል፤ ነገር ግን በዘመናዊው ማህበረሰብ ውስጥ ብዙ ሰዎች ቫይረሱ ቢኖርባቸውም ደስ
1247,Amh_Eth,የጤና መረጃሽ የግል ሚስጥርሽ ነው፤ ሆኖም ኢንፌክሽኑ ወደ ሌሎች እንዳይሰራጭ የመከላከል የሞራል ኃላፊነት አለብሽ። ከአማካሪ ጋር በመነጋገር ሁሉም ሰው እንዲታ,እምነትህ ይቅርታን ያስተምራል፣ ነገር ግን ራስን መጠበቅንም ጭምር ነው፡፡ በልብዎ ውስጥ ይቅር ይበሉ፣ ነገር ግን አካላዊ ደህንነትዎ እና የሕክምና እንክብካቤዎ
1248,Amh_Eth,የጉዋቫ ቅጠል ውሃ ለሽታ እና ለአጠቃላይ ንፅህና ሊረዳ የሚችል ደህንነቱ የተጠበቀ ባህላዊ ማጠቢያ ነው። ይሁን እንጂ ከባድ ኢንፌክሽኖችን (እንደ ጨብጥ ወይም ,አዎ። ከ አባላዘር በሽታ ከተፈወሱ በኋላም ቢሆን፣ ባልዎ ካልታከመ መልሶ ሊያስተላልፍቦት ይችላል። እንደገና ኢንፌክሽንን ለመከላከል፣ ሁለቱም የትዳር አጋሮች ህ
1250,Amh_Eth,ልጅ ከተወለደ በኋላ የወሊድ መቆጣጠሪዎች ወዲያውኑ መጀመር ይችላሉ። አንዲት ወላድ እናት ጡትን በአግባቡና ሁልጊዜ የምታጠባ ከሆነ እንደ ወሊድ መቆጣጠሪያ ለስድ,አይከላክሉም፡፡ በማህጸን የሚቀመጥ የወሊድ መከላከያ ወይም በክንድ ላይ የሚቀበሩ ከሆርሞን የተሰሩ የወሊድ መከላከያዎች በግብረ ስጋ ግንኙነት የሚተላለፉ የአባላ
1251,Amh_Eth,የጤና ባለሙያዎች ጨብጥ በአብዛኛው የሚተላለፈው በግብረ-ሥጋ ግንኙነት ብቻ መሆኑን ያስረዳሉ። በሽታው በጸረ-ባክቴሪያ ይታከማል፤ ሳይታከም ቢቀር ግን መካንነትን,የጤና ባለሙያዎች እንደሚናገሩት ጨብጥ ሁልጊዜ ሕመም ወይም ምልክት ላያሳይ ይችላል። ብዙ ሰዎች፣ በተለይም ሴቶች፣ ሳይታወቃቸው በበሽታው ሊያዙ ይችላሉ።
1252,Amh_Eth,ከባድ የክብደት መቀነስ፣ ሥር የሰደደ ተቅማጥ፣ የሌሊት ላብ፣ ተደጋጋሚ ኢንፌክሽኖች እና እንደ ሳንባ ነቀርሳ ያሉ በሽታዎች ምልክቶች ናቸው፡፡,ዋናው ምልክት የመጠቀሚያ ጊዜው ሲያበቃ (ኤክስፓየር ሲያደርግ) ነው። ሌሎች ምልክቶች ደግሞ ከባድና የማይለቅ ራስ ምታት ሲኖር ወይም እርግዝና ሲፈለግ ነው።
1254,Amh_Eth,ከእናት ወደ ልጅ የሚደረግ የኤችአይቪ ስርጭት በእርግዝና፣ በምጥ እና በወሊድ፣ እንዲሁም ጡት በማጥባት ወቅት ሊከሰት ይችላል። በእርግዝና ወቅት፣ በተለይም የእ,ብዙውን ጊዜ የመጀመሪያው ጠባሳ (chancre) ከታየ ከ 4 እስከ 10 ሳምንታት በኋላ ወይም  ጠባሳ (chancre) ከዳነ ከ 2 እስከ 8 ሳምንታት በኋላ::
1255,Amh_Eth,አብዛኛዎች በትራይኮኖሚያሲስ የተያዙ ሰዎች ምንም አይነት ምልክት አያሳዩም። ምልክት የሚያሳዩ ሰዎች የሚያሳዩአቸው ምልክቶች በሴቶች፡ ቢጫ/አረንጓዴ ቀለምና መጥ,አዎን — ልጃገረድ ባያገቡም ወይም ከፍተኛ ትምህርት ባይማሩም በማህበረሰብ ውስጥ መሪ ሊሆን ይችላሉ። ቁርጠኝነት እና መልካም አመራር ከቤት ወይም ከመምህራን አ
1256,Amh_Eth,"ከታሪክ አኳያ HSV-1 የአፍ ውስጥ ሄርፒስ ""ቀዝቃዛ ቁስሎች"" እና HSV-2 የብልት ሄርፒስ አስከትሏል፣ አሁን ግን ሁለቱም በሁለቱም አካባቢዎች ኢንፌክሽን ሊ",የስዋብ ምርመራ ቫይረሱ በቁስሉ ላይ ንቁ መሆኑን ያረጋግጣል። የደም ምርመራ ግለሰቡ በህይወቱ ውስጥ በሆነ ወቅት (ባለፈው ወይም አሁን) ለቫይረሱ መጋለጡን ያረ
1257,Amh_Eth,ክላሚዲያ በክላሚዲያ ትራኮማቲስ የሚባለ ባክቴሪያ የሚከሰት የተለመደ በግብረ ሥጋ ግንኙነት የሚተላለፍ ኢንፌክሽን ነው።,ክላማይዲያ ብዙ ጊዜ ‘ዝም ያለ በሽታ’ ተብሎ ይጠራል ምክንያቱም ብዙ ሴቶች ምንም አይነት ምልክት አያሳዩም። ካልታከመ ደግሞ ለወደፊት  እርግዝና ላይ ችግሮችን
1259,Amh_Eth,ጨብጥ በግብረ-ሥጋ ግንኙነት የሚተላለፍ STIs ነው:: በሽንት ጊዜ ህመም ወይም ያልተለመደ ፈሳሽ ሊያስከትል ይችላል::,ኤችአይቪ ያለባት ነፍሰ ጡር ሴት ላይ የእድሜ ማራዘሚያ(ART)መድሀኒት ዋና ዓላማ በደም ውስጥ ያለውን የቫይረስ መጠን መቀነስ ነው።ይህ የእናቲቱን ጤና ይጠብቃ
1262,Amh_Eth,ትክክል አይደለም።በክንድ የሚቀበረው የወሊድ መከላከያ በክንድ ቆዳ ስር የሚቀበር ሲሆን የጤና ባለሙያ እስከሚያወጣው ድረስ አይንቀሳቀስም።,አይ። እያንዳንዱ የእርግዝና መከላከያ ዘዴ በተናጥል ይሰራል። መርፌዎችና በክንድ የሚቀበር ከክኒን የበለጠ ውጤታማ ናቸው እና ውጤታማነታቸውን አያጡም።
1263,Amh_Eth,ኤች አይ ቪ የሰውነትን በሽታ የመከላከል ስርዓትን የሚያጠቃ ቫይረስ ነው። ኤድስ በሽታ የመከላከል ስርዓቱ ቀላል ኢንፌክሽኖችን እንኳን ለመዋጋት በጣም ደካማ በ,ኤችአይቪ በሽታ አምጪ ተህዋሱ/ቫይረሱ ነው። ኤድስ ደግሞ የሰውነት በሽታ መከላከል ሥርዓት በጣም በሚዳከምበት ጊዜ የሚከሰተው የበሽታው የመጨረሻ ደረጃ ስም ነው
1265,Amh_Eth,አዎሁለቱም ልጃገረዶችም ሆኑ ወንዶች ክላሚዲያ ሊያዙ ይችላሉ፡፡ ህመም፣ ፈሳሽ ሊያስከትል ወይም አንዳንድ ጊዜ ምንም ምልክት ላይታይ ይችላል፡፡,ወንዶች ላይ ፈሳሽ የመሰሉ ምልክቶች ስለሚታዩና ሴቶች ላይ ግን ብዙ ጊዜ ምልክት ስለማይኖር ጨብጥ በሁለቱም ላይ ይለያያል፤ ነገር ግን ሁለቱም ኮንዶም በመጠቀም
1266,Amh_Eth,አይደለም። ይህ የራስን ማሰቃየት አይነት ሲሆን እጅግ አደገኛ ነው። ጥልቅ ቁስል፣ ከባድ ደም መፍሰስ፣ ዘላቂ የአካል ጉዳት ወይም ሞት ሊያስከትል ይችላል። ይህ,አይ። ይህ እጅግ በጣም መርዛማ እና አደገኛ ነው። ቤንዚን ወይም ኬሮሲን ለቆዳ በጣም ተቀጣጣይ እና መርዛማ ነው፣ እና ከባድ ቃጠሎ እና የኬሚካል መመረዝ ሊያስ
1267,Amh_Eth,የኤች አይ ቪ መድሃኒት (ኤአርቲ) ዓላማው በሰውነት ውስጥ የሚገኘውን የቫይረስ መጠን መቀነስ ነው። አንድ የኤች አይ ቪ ቫይረስ በደሙ የሚገኝ ሰው መድሃኒቱን ,እንደ አጠቃላይ፣ በየ 3 ወሩ ለተደጋጋሚ የኤች አይ ቪ ምርመራ፣ የታዘዙ መድሃኒቶችን ለመዉሰድ እና ሌሎች የአባላዘር/የኩላሊት ተግባር ምርመራ ለማዲረግ።
1268,Amh_Eth,"ምንም እንኳን የህመም ስሜት ሳይሰማ በውስጣቸው የሚኖሩ እና የሴቷን እንቁላል መንገድ የሚዘጉ ""ውስጣዊ ጠባሳዎችን"" የሚፈጥሩ ብሎም መካንነትን የሚያስከትሉ ""ጸ",የጤና ባለሙያዎች እንደሚናገሩት ጨብጥ ሁልጊዜ ሕመም ወይም ምልክት ላያሳይ ይችላል። ብዙ ሰዎች፣ በተለይም ሴቶች፣ ሳይታወቃቸው በበሽታው ሊያዙ ይችላሉ።
1270,Amh_Eth,እምነቶች ብዙውን ጊዜ ጥንቆላን፣ በተረገመ መንገድ መራመድን ወይም የሞራል ውድቀትን ያካትታሉ። እምነቱን ይወቁ፣ ከዚያ የጀርም ንድፈ ሃሳብን በእርጋታ ያብራሩ ,ነን ጎኖኮካል ዩሬትራይትስ በጨብጥ ያልተከሰተ የሽንት ቱቦ ብግነት ነው። ሌሎች በሽታ አምጪ ተህዋሲያን መንስኤ ሊሆኑ ቢችሉም ክላሚዲያ በጣም ተደጋጋሚ መንስኤው
1271,Amh_Eth,አይ።ትራይኮኖሚያሲስ የጤና ባለሙያዎች በሚሰጡት መድሃኒት ይታከማል።,አይችሉም። ቅጠላቅጠሎች ትሪኮሞኒያሲስን ሊያድኑ አይችሉም። ትሪኮሞኒያሲስ እንደ ሜትሮኒዳዞል ባሉ ልዩ መድኃኒቶች ብቻ ሊድን የሚችል በፓራሳይት የሚመጣ ኢንፌክሽ
1272,Amh_Eth,አይየአባላዘር በሽታዎች ልክ እንደሌሎች በሽታዎች ኢንፌክሽኖች ናቸው። ማፈር ሰዎች ህክምና እንዳይፈልጉ ሊያደርግ ይችላል።,የለም፡ ማንኛውም ሰው የአባላዘር በሽታ ሊያዝ ይችላል። ልጃገረዶችን ብቻ መውቀስ መገለልን እና ጉዳትን ይጨምራል።
1273,Amh_Eth,ሐኪሞች እንደሚሉት ክላሚዲያ በወንዶች ላይ ብዙ ጊዜ ምንም ዓይነት ምልክት አያሳይም። አንድ ወንድ ምንም ዓይነት ሕመም ሳይሰማው ባክቴሪያውን ተሸክሞ ሊያሰራጭ ,አዎ። ክላሚዲያ በአንቲባዮቲክ ሊድን ይችላል። በሽንት ወይም ስዋብ መመርመር ያስፈልጋል፣ እና መከላከያ መንገዶች መካከል ኮንዶም መጠቀምን እና መደበኛ የጤና ም
1274,Amh_Eth,"የወደፊት የቤተሰብ ግቦችን መሠረት ባደረገ መልኩ በአክብሮት እንዴት መነጋገር እንደምትችል በማለማመድ ልትረጂያት ትችያለሽ። ለምሳሌ፦ ""የመጀመሪያው ልጃችን መራ",በጭራሽ ብቻዋን አትተዋት። ማንኛውንም ሹል ነገሮችን ያስወግዱ። አስቸኳይ የባለሙያ እርዳታ ለማግኘት በአቅራቢያው የሚገኘውን የአእምሮ ጤና ባለሙያ፣ የሆስፒታል 
1275,Amh_Eth,"እንደ አፍቃሪ፣ ኃላፊነት የሚሰማው ተግባር እና የደህንነት ስጦታ አድርገው ይቅረጹት። ""ፈተና የወደፊት ልጆቻችሁን ለመጠበቅ እና ለቤተሰብዎ ጤናማ ጅምር ለማድረ",አይደለም፣ አንድ አማካሪ ምን ማድረግ እንዳለብሽ አይነግርሽም ወይም ውሳኔ እንድትወስኚ አያስገድድሽም።። ይልቁንም ያሉሽን አማራጮች እንድትመዝኚ ይረዱሻል። የአ
1276,Amh_Eth,የበሽታ መከላከያ ስርዓቱ ቫይረሱን ስለሚያስወግድ በራሱ ሊጠፋ ይችላል፣  ነገር ግን ብዙ ሰዎች ስርጭቱን ለመከላከል፣ ምቾትን ለመቀነስ እና ለመዋቢያነት ምክንያ,ከጊዜ ወደ ጊዜ እየባሰ ይሄዳል፣ ምናልባትም ከ10-20 ዓመታት በላይ፣ በመጨረሻም ወደ ሙሉ የማህፀን በር ካንሰር ያድጋል፡፡
1279,Amh_Eth,አይ፣ ይህ አደገኛ ነው። ይህ ጨርቅ ወይም ስፖንጅ ባክቴሪያዎችን ወደ ውስጥ ዘልቆ ሊያስገባ፣ ትናንሽ እንባዎችን ሊያስከትል እና ከጾታ ግንኙነት የሚተላለፉ በሽ,ጤናዎ ለድርድር የማይቀርብ ነው። ህክምና እስኪያገኝ ድረስ እና ሁለታችሁም ደህንነቱ የተጠበቀ ግንኙንት እስክትጀምሩ ድረስ ሠርጉን ማዘግየት የበለጠ አስተማማኝ 
1280,Amh_Eth,ሄርፒስ ሊድን አይችልም:: ነገር ግን መድሃኒቶች ወረርሽኙን እና ስርጭትን ይቀንሳሉ:: ወረርሽኙ በሚከሰትበት ጊዜ ኮንዶም በመጠቀም እና የግብረ-ሥጋ ግንኙነትን,ሄርፒስ ሙሉ በሙሉ ባይድንም፣ የፀረ-ቫይረስ መድኃኒቶች ቁስሉ እንዳይወጣና የመተላለፍ እድሉን ለመቀነስ ይረዳሉ። ጥንዶች ኮንዶም በመጠቀምና ቁስል በሚኖርበት ወ
1283,Amh_Eth,አዎ፣ ማሳከክ የባክቴሪያ ወይም የፈንገስ ኢንፌክሽኖችን ጨምሮ የብዙ ነገሮች የመጀመሪያ ምልክት ሊሆን ስለሚችል፣ ፈሳሽ ባይኖርም እንኳ መመርመሩ ተገቢ ነው።,አይ! በኢንፌክሽን አጠገብ ያለውን ቆዳ መቁረጥ ወይም መነቀስ ምንም ነገር አያድነውም እና ዋናውን ህመም በእጅጉ ሊያባብሰው ይችላል. ጥቅም ላይ የሚውሉት ቢላዎ
1284,Amh_Eth,ኤች አይ ቪ ሊድን አይችልም፣ ነገር ግን የፀረ-ኤች አይ ቪ መድኃኒቶች ሰዎች ረጅም እና ጤናማ ሕይወት እንዲኖሩ ይረዳሉ። ኤች አይ ቪን የመከላከያ መንገዶች ኮ,የደም ምርመራዎች ወይም ፈጣን የጣት መወጋት ምርመራዎች ኤችአይቪን መለየት ይችላሉ። ውጤቶቹ በደቂቃዎች ውስጥ ሊገኙ ይችላሉ።
1285,Amh_Eth,አዎ፣ ወንዶችም በኤች.ፒ.ቪ ሊያዙ ይችላሉ። ምንም እንኳ ለኤች.ፒ.ቪ ቋሚ ፈውስ ባይኖረውም፣በክትባት መከላከል ይቻላል። ክትባቶች ካንሰር ሊያስከትሉ የሚችሉ አ,ለወንዶች የኤችፒቪ መደበኛ ምርመራ የለም።ኤችፒቪ በወንዶች ምልክት ሳይኖረው ሊኖር ይችላል እና በጊዜ ሂደት ራሱ ሊጠፋ ይችላል። ነገር ግን ያልተለመደ የብልት 
1286,Amh_Eth,ጨብጥ በፀረ-ህዋስያን (antibiotics) መድሃኒቶች ይታከማል፣ ካልታከመ ወደ መሃንነት ሊያመራ ይችላል፡፡ ኮንዶም መጠቀም እና ታማኝ አጋር መኖር የመከላከያ,ቂጥኝ ካልታከመ ከባድ ችግሮችን ሊያመጣ ይችላል፣ እነሱም የ አይን መታወር፣ የልብ በሽታ፣ የነርቭ ጉዳት እና እንዲሁም ሞትን ጭምር ሊያስከትል ይችላል።
1288,Amh_Eth,የክላሚዲያ በሽታ በጾታዊ ግንኙነት የሚተላለፍ በሽታ ነው። ብዙዎች የክላሚዲያ ታማሚዎች የህመም ምልክት ሳያሳዩ ወደ ሰውነታቸው ተሰራጭቶ የከፋ ጉዳት ሊደርስባቸ,ክላሚዲያ በክላሚዲያ ትራኮማቲስ የሚባለ ባክቴሪያ የሚከሰት የተለመደ በግብረ ሥጋ ግንኙነት የሚተላለፍ ኢንፌክሽን ነው።
1289,Amh_Eth,ሄርፒስ በአፍ ወይም በብልት አካባቢ የሚያሰቃዩ የውሃ የቋጠሩ አረፋዎችን የሚያመጣ የተለመደ ቫይረስ ነው። ለአዋቂዎች በአብዛኛው አደገኛ ባይሆንም፣ በሰውነት ው,ከባድ ህመም ያላቸው ቁስሎች ብዙውን ጊዜ ሄርፒስ ወይም ቻንክሮይድ ፡፡ ህመም የሌላቸው ቁስሎች የአንደኛ ደረጃ ቂጥኝ (ቻንከር) ባህሪያት ናቸው፡፡
1291,Amh_Eth,ኤች አይ ቪ ሊድን አይችልም፣ ነገር ግን የፀረ-ኤች አይ ቪ መድኃኒቶች ሰዎች ረጅም እና ጤናማ ሕይወት እንዲኖሩ ይረዳሉ። ኤች አይ ቪን የመከላከያ መንገዶች ኮ,አይ ጸሎት ጥንካሬን እና ተስፋን ሊጨምር ይችላል፣ ነገር ግን ኤች አይ ቪን መፈወስ አይችልም። ኤች አይ ቪን የሚፈውስ መድኃኒት የለም፣ የART መድሃኒቶች የቫ
1292,Amh_Eth,የሚያሳዝነው ምልክት ብዙውን ጊዜ ለረጅም ጊዜ ከሞከሩ በኋላ ማርገዝ አለመቻል ወይም ኤክቲክ እርግዝና (ከማህፀን ውጭ ያለ እርግዝና) ነው. ለዚህም ነው ቀድሞ ,ትሪኮሞኒያሲስ እንደ ሜትሮኒዳዞል ባሉ መድኃኒቶች ሊድን የሚችል በሽታ ነው። ማሳከክን፣ ሽታን እና ምቾት ማጣትን የሚያስከትል ሲሆን፣ መከላከያውም ኮንዶም መጠቀ
1294,Amh_Eth,በህጋዊ መንገድ ለማንም እንዲናገሩ አይገደዱም። ነገር ግን ለጤንነትዎ ሲባል ለእርስዎ ክትትል ለሚያደርግልዎ ዶክተር መንገር አለብዎት። ጓደኛዎ ራሳቸውን ለመከላ,አያስፈልግም። በአብዛኛው ቦታዎች የህዝብ ጤናን ለመጠበቅ እና ወጣቶች እንክብካቤ እንዲያገኙ ለማበረታታት ያለ ወላጆችዎ ፈቃድ ሚስጥራዊ ምርመራ እና ህክምና የማ
1295,Amh_Eth,ሊሆን ይችላል፡፡ በጣም የተለመደው መንስኤ የደም ማነስ (የብረት እጥረት) ከአመጋገብ ወይም ከከባድ የወር አበባ ጋር ሊያያዝ ይችላል፡፡ በተጨማሪም ሥር የሰደደ,አይ። በንጹሕ ውኃ ብቻ በቀስታ መታጠብ ይሻላል። ኃይለኛ ሳሙናዎች አካባቢውን ይበልጥ ሊያቆስሉትና ሕመሙን ሊያባብሱት ይችላሉ። ትክክለኛ ምርመራ ተደርጎልህ/ሽ 
1297,Amh_Eth,ኤች አይ ቪ በዋነኛነት የሚተላለፈው ጥንቃቄ በሌለው የግብረ-ሥጋ ግንኙነት፣ የተበከሉ መርፌዎችን በመጋራት፣ በበሽታው በተያዘ ደም  በመቀበል እና በእርግዝና፣ ,ሄርፒስ የሚመረመረው ቁስሎችን በመመልከት ወይም ቁስሎች በሚኖሩበት ጊዜ በላብራቶሪ ምርመራዎች ነው፡፡
1298,Amh_Eth,"በግልፅ ለመግባባት የአካባቢውን ስም (ለምሳሌ ""የ72-ሰዓት ክኒን""፣ ""ከጠዋት-በኋላ ክኒን"") ይማሩ፣ ነገር ግን በሚመዘግቡበት ጊዜ ሁል ጊዜ ትክክለኛውን የህ",PEP (Post-Exposure Prophylaxis) ኢንፌክሽኑን ለመከላከል ለኤች አይ ቪ ከተጋለጡ በኋላ በ72 ሰአታት ውስጥ የሚወሰድ የድንገተኛ ህክምና ነው።
1299,Amh_Eth,የኤች አይ ቪ ምልክቶች በመጀመሪያ አካባቢ እንደ ጉንፋን የመሰለ ትኩሳት፣ የጉሮሮ መከርከር፣ የሰውነት ላይ ሽፍታ እንዲሁም ብሽሽት ሊሆኑ ይችላሉ። አብዛኛው የ,አዎህክምና ከሌለ ኤች አይ ቪ በእርግዝና፣ በወሊድ ወይም ጡት በማጥባት ወቅት ከእናት ወደ ልጅ ሊተላለፍ ይችላል። በተገቢው የሕክምና እንክብካቤ አደጋው ከ1% 
1302,Amh_Eth,ኤችአይቪ ያለባት ነፍሰ ጡር ሴት ላይ የእድሜ ማራዘሚያ(ART)መድሀኒት ዋና ዓላማ በደም ውስጥ ያለውን የቫይረስ መጠን መቀነስ ነው።ይህ የእናቲቱን ጤና ይጠብቃ,አዎህክምና ከሌለ ኤች አይ ቪ በእርግዝና፣ በወሊድ ወይም ጡት በማጥባት ወቅት ከእናት ወደ ልጅ ሊተላለፍ ይችላል። በተገቢው የሕክምና እንክብካቤ አደጋው ከ1% 
1303,Amh_Eth,ክላሚድያ ከሽንት ወይም ከብልት ፈሳሽ ሚወሰድ ናሙናን በመውሰድ እና በመርመር  ይታወቃል።,ክላሚዲያ በክላሚዲያ ትራኮማቲስ የሚባለ ባክቴሪያ የሚከሰት የተለመደ በግብረ ሥጋ ግንኙነት የሚተላለፍ ኢንፌክሽን ነው።
1305,Amh_Eth,"ለፅንሱ ቅድመ እርግዝና የጤና ምርመራ እንደሆነ አድርገሽ አቅርቢው። እንዲህም በይው፦ ""እኔ ክሊኒክ ሄጄ ተመርምሬያለሁ፣ አሁን ደግሞ ወደፊት የሚወለደው ልጃችን",የተሻለው መንገድ ግለሰቡን ለቅርብ አለቃው ሪፖርት ማድረግ ነው። በተጨማሪም ለአካባቢው የፀረ-ሙስና ኮሚሽን ወይም ለፖሊስ ማመልከት ትችላለህ/ሽ። ምስክር መያዝ
1307,Amh_Eth,ኤችአይቪ ኤድስ መዳን የማይችል ቢሆን እንኳን መከላከል እንዲሁም በፀረ ኤችአይቪ መድሀኒቶችን በመዉሰድ እረጅሜ መኖር ይቻላል።ከመከላከያ መንገዶቹም ውስጥ ኮንዶ,1. ታካሚው ራሱ የሚቀባቸው የቆዳ መድሀኒቶች (ለምሳሌ፡ ኢሚኪሞድ)።2. በጤና ባለሙያ የሚተገበሩ የቆዳ መድሀኒቶች (ለምሳሌ፡ ትሪክሎሮአሴቲክ አሲድ (TCA)።
1310,Amh_Eth,ይህ ማለት በሽታው በቫይረስ የተከሰተ ነው ማለት ነው። ቫይረሶች ከባክቴሪያ የበለጠ ተንኮለኛ ናቸው ምክንያቱም ብዙውን ጊዜ በክኒን ሊታከሙ አይችሉም።,"ብዙ ጊዜ ""ተመልሶ የሚመጣ ትንሽ ቁስል"" ወይም ""በጾታ ብልት አካባቢ ላይ ያለ ቁስል"" የሚያመለክት የተለመደ የአካባቢ ቃል ይጠቀሙ። ሊታከም እንደሚችል አጽንኦ"
1312,Amh_Eth,አይ። አንዳንድ ሰዎች ምንም ዓይነት ምልክት አይታይባቸውም፤ ሌሎች ግን ማሳከክ፣ መጥፎ ሽታ ወይም በግብረ ሥጋ ግንኙነት ወቅት ሕመም ያስተውላሉ።,አይ፣ አንዳንድ ሰዎች ምልክት አያሳዩም፣ ሌሎች ግን ማሳከክ፣ መጥፎ ሽታ፣ ወይም ግብረ ሥጋ ግንኙነት ጊዜ ህመም ሊሰማቸው ይችላል።
1314,Amh_Eth,ወደ ሕዝብ ጤና ጣቢያ በመሄድ እርዳታ ይጠይቁ። ለአባላዘር በሽታዎች እና ለሌሎች የተለመዱ ህመሞች ብዙ መሠረታዊ መድኃኒቶችን በመንግሥት የጤና ተቋማት በነፃ ወ,በፍፁም አይደለም፡፡ ጨብጥ ከባድ የባክቴሪያ ኢንፌክሽን ሲሆን ለመፈወስ በተወሰኑ መርፌ አንቲባዮቲኮች አፋጣኝ ህክምና ያስፈልገዋል። የቤት ውስጥ መድሃኒቶች አይ
1315,Amh_Eth,አዎየአባላዘር በሽታዎችን ሙሉ በሙሉ (100%) ለማስወገድ መታቀብ ብቸኛው መንገድ ነው፣ ነገር ግን ደህንነቱ የተጠበቀ የግብረ-ሥጋ ግንኙነትን መጠቀም ጠንካራ ,አዎ። የአባላዘር በሽታዎችን ለማስወገድ ብቸኛው መቶ በመቶ አስተማማኝ መንገድ ከግብረስጋ ግንኙነት መታቀብ ነው። ደህንነቱ የተጠበቀ የግብረ-ሥጋ ግንኙነት ማድረ
1316,Amh_Eth,ያለፍቃዶ ማንም እርሶን መንካት ስለሌለበት እንዲያቆም በግልጽ ይንገሩ። አዎንታዊ መልስ ካላገኙ ጉዳት እንዳይደርስቦ ዞር ይበሉና ያምልጡ፤ ማምለጥ ካልቻሉ ከፍ ,አዎን። የወላጆችዎን እሴትና እምነት ማክበር አስፈላጊ ነው። ነገር ግን ራስዎን በጤናማና ተገቢ መንገድ ማዝናናት ይችላሉ ለምሳሌ ባህላዊ ዳንስ የትምህርት ቤት 
1317,Amh_Eth,"የወደፊት የቤተሰብ ግቦችን መሠረት ባደረገ መልኩ በአክብሮት እንዴት መነጋገር እንደምትችል በማለማመድ ልትረጂያት ትችያለሽ። ለምሳሌ፦ ""የመጀመሪያው ልጃችን መራ",ታሪኳን በተለየ መንገድ እንድታይ እርዷት፣ ውድቀት አይደለችም፣ የልጇን ፍላጎት የምታስቀድም ጠንካራ የተረፈች ነች። ከሌሎች ወጣት እናቶች ድጋፍ እንድትፈልግ አ
1318,Amh_Eth,"አዎ፣ እውነት ነው። ኸርፒስ ""ምልክት አልባ ስርጭት"" በሚባል መንገድ ምንም ቁስል በሌለበት ወቅት ሊተላለፍ ይችላል። ኸርፒስ ቋሚ ፈውስ ባይኖረውም፣ የፀረ-ቫይ",አዎ፤ የላብራቶሪ ምርመራዎች (ለምሳሌ የደም ምርመራ) ምንም ዓይነት የሚታይ ቁስል በሌለበት ጊዜ እንኳ የሄርፒስ ቫይረስን መለየት ይችላሉ። ሆኖም ሐኪሞች ካለው
1324,Amh_Eth,ጊዜ ያለፈባቸው ክኒኖች ውጤታማ ላይሆኑ እንደሚችሉ እና እርግዝና አደጋ ላይ ሊወድቁ እንደሚችሉ ያስጠንቅቋት። አስፈላጊ ከሆነ ወዲያውኑ አዲስ፣ ጊዜው ያላለፈበት,አይ። የሕክምና ሥነ-ምግባር እና የግላዊነት ሕጎች (በአብዛኞቹ አገሮች) ጥብቅ ምስጢራዊነትን ያዝዛሉ። ውጤትዎን ለሌላ ሰው ለመንገር ምርጫው የራስዎ ብቻ ነው።
1325,Amh_Eth,ወንዶች እንደ ፈሳሽ፣ ቁስሎች ወይም እንደ ህመም ያሉ ምልክቶችን ሊመለከቱ ይችላሉ። ነገር ግን ምርመራዎች ብቻ የአባላዘር በሽታዎችን ያረጋግጣሉ።,ሄርፒስ ሊድን አይችልም:: ነገር ግን መድሃኒቶች ወረርሽኙን እና ስርጭትን ይቀንሳሉ:: ወረርሽኙ በሚከሰትበት ጊዜ ኮንዶም በመጠቀም እና የግብረ-ሥጋ ግንኙነትን
1326,Amh_Eth,ልጃገረዶች ኮንዶምን በመጠቀም፣አደጋ የሚያጋልጥ የግብረ ሥጋ ግንኙነትን በማስወገድ እና በየጊዜው በመመርመር ራሳቸውን መከላከል ይችላሉ።,አዎ። የሴት ኮንዶሞች ሴቶችን ከአባለዘር በሽታዎች እና ከእርግዝና ለመጠበቅ ይረዳሉ።
1328,Amh_Eth,"የሚያንፀባርቅ ማዳመጥን ተጠቀም፤ ለምሳሌ ""እያልሽ ያለሽው እንዲህ እንደሆነ ተረድቻለሁ..."" በማለት ስሜቷን እንደተረዳህ ግለጽላት። የተለያዩ አማራጮችን እና ",ይህ የተለመደ መሆኑን ይረዱ። ትኩረትዎን በደል በሚፈጸምበት ሁኔታ (የጥቃት አዙሪት) ላይ ያድርጉ። ፍቅር ሊያቆስል እንደማይገባ እና ደህንነቱ የተጠበቀና ዘላቂ
1329,Amh_Eth,ሴቶች የኤች.ፒ.ቪ ቫይረስ እንዳለባቸው ማወቅ የሚችሉት በጤና ጣቢያዎች በሚደረግ የማኅፀን በር ካንሰር ቅድመ ምርመራ ወይም የኤች.ፒ.ቪ ምርመራ ነው።,አንዲት ሴት በቫይረሱ መያዟን ማወቅ የምትችለው በሕክምና ምርመራ ብቻ እንደሆነ ዶክተሮች ይናገራሉ። ሴቶች በጤና ተቋማት ውስጥ የማኅፀን በር ካንሰር ቅድመ ምር
1330,Amh_Eth,Disseminated Gonococcal Infection የሚከሰተው የኒዘሪያ ጎኖሪያ ባክቴሪያ በደም ውስጥ ወደ ሌሎች የሰውነት ክፍሎች ሲሰራጭ ሲሆን ይህም ወደ ,ሂዩማን ፓፒሎማቫይረስ (ኤችፒቪ) በዋናነት በጾታዊ ግንኙነት የሚተላለፍ ቫይረስ ነው ። አንዳንድ ዝርያዎች ደግሞ የማህፀን እና የፊንጢጣ  ካንሰር  ሊያስከትሉ 
1333,Amh_Eth,አዎ። እርጉዝ የሆኑ ሰዎች በቅድመ ወሊድ ክትትል ወቅት ሁልጊዜ የአባለዘር በሽታ ምርመራ ማድረግ አለባቸው። ምርመራው አስፈላጊ የሆነው ብዙዎቹ ኢንፌክሽኖች በእ,የምች በሽታ ጨርሶ አይድንም። ሆኖም ግን በመድሃኒት ስቃዩ እንዲቀንስና ወደ ሌሎች ሰዎች እንዳያስተላልፍ ማድረግ ይቻላል።
1334,Amh_Eth,ኢንፌክሽኖች በግብረ ሥጋ ግንኙነት ብቻ ሳይሆን በማንኛውም የቅርብ ጾታዊ ግንኙነት ሊተላለፉ ይችላሉ። ተገድደው ወይም አግባብ ባልሆነ መንገድ ከተነኩ ለአደጋ ይ,እንደሚገመተው አብዛኛዎቹ ከ90% በላይ የሚሆኑት አዳዲስ ኢንፌክሽኖች የሚሆኑት በሁለት ዓመታት ውስጥ በድንገት ይጸዳሉ።
1335,Amh_Eth,በፍጹም ከእምነት ወይንም ሀይማኖት ጋር አይገናኝም።የቤተሰብ እቅድ ሴቶችን ጤናቸውን ለመጠበቅ እና ቤተሰቦቻቸውን ለመንከባከብ ይረዳል። ከእምነት ወይም ሃይማኖታ,ሊሆን ይችላል። ኢንፌክሽኑን ሊፈውስ የሚችለው መድሃኒቱ ብቻ ነው። መድሃኒቱን በትክክል መውሰድዎን ያረጋግጡ እና የአምልኮ ሥርዓቱ ጎጂ ነገር ካካተቱ የጤና ባለ
1336,Amh_Eth,"የወደፊት የቤተሰብ ግቦችን መሠረት ባደረገ መልኩ በአክብሮት እንዴት መነጋገር እንደምትችል በማለማመድ ልትረጂያት ትችያለሽ። ለምሳሌ፦ ""የመጀመሪያው ልጃችን መራ",የግል የመታጠቢያ (ውሃ፣ የንፅህና መጠበቅያ እና የንፅህና አጠባበቅ) ተቋማት ልጃገረዶች የወር አበባቸውን ደህንነቱ በተጠበቀ ሁኔታ እና በክብር እንዲቆጣጠሩ እ
1339,Amh_Eth,የቅርብ ግንኙነት ከሌለዎት በዓመት አንድ ጊዜ በቂ ነው። ማንኛውም አደጋ ካጋጠመዎት በየ3 እና 6 ወሩ መመርመር ደህንነቱ የተጠበቀ መመሪያ ነው።,የፀረ-ቫይረስ ማፈኛ ሕክምና (ለምሳሌ አሲክሎቪር ወይም ቫላሲክሎቪር) የጀመረው በ36 ሳምንታት እርግዝና አካባቢ ነው፡፡
1340,Amh_Eth,"ሄርፒስ ሊድን አይችልም, ነገር ግን መድሃኒቶች ወረርሽኞችን እና ስርጭትን ይቀንሳሉ. በኮንዶም እና ወረርሽኙ በሚከሰትበት ጊዜ የግብረ ሥጋ ግንኙነትን በማስቀረ",ሄርፒስ ሊድን አይችልም፣ ነገር ግን መድሃኒቶች ወረርሽኙን እና ስርጭትን ይቀንሳሉ፡፡ ወረርሽኙ በሚከሰትበት ጊዜ ኮንዶም በመጠቀም እና የግብረ-ሥጋ ግንኙነትን 
1342,Amh_Eth,በማህፀን በር ጫፍ ላይ ያልተለመዱ (ቅድመ ካንሰር) ህዋሶችን (ብዙውን ጊዜ በ HPV) በመለየት ወደ ካንሰር ከመቀየሩ በፊት እንዲወገዱ ለማድረግ ይጠቅማል።,የሰው ፓፒሎማቫይረስ (ኤችፒቪ) ከማህጸን ጫፍ፣ ከፊንጢጣ፣ ከብልት፣ ከጉሮሮ (ኦሮፋሪንክስ) እና ከሴት ብልት ካንሰር ጋር የተቆራኘ ነው።
1345,Amh_Eth,አዎ። ከታከሙ በኋላም ቢሆን ጥንቃቄ የጎደለው የግብረ ሥጋ ግንኙነት ካደረጉ ጨብጥ እንደገና ሊይዝዎት ይችላል። ሕክምናውን መጨረስዎ ለወደፊቱ የመከላከል አቅም ,ባልደረባው ካልታከመ ወይም ህክምናው ካልተሳካ እንደገና የመያዝ እድሉ ከፍተኛ ነው፣ ለዚህም ነው በ3 ወራት ውስጥ እንደገና መመርመር ብዙ ጊዜ የሚመከረው፡፡
1346,Amh_Eth,ወደ ሕዝብ ጤና ጣቢያ በመሄድ እርዳታ ይጠይቁ። ለአባላዘር በሽታዎች እና ለሌሎች የተለመዱ ህመሞች ብዙ መሠረታዊ መድኃኒቶችን በመንግሥት የጤና ተቋማት በነፃ ወ,አዎ፣ ይህ ጊባ (ሃሜት) ከመሆኑም በላይ የሕክምና ሥነ-ምግባር ጥሰት ነው። እሷ/ሱ ምስጢር የመጠበቅ ጥብቅ ግዴታ አለበት/ባት። ወሬ የሚያናፍስ/ምታናፍስ ከሆነ
1349,Amh_Eth,የሚያሳዝነው ምልክት ብዙውን ጊዜ ለረጅም ጊዜ ከሞከሩ በኋላ ማርገዝ አለመቻል ወይም ኤክቲክ እርግዝና (ከማህፀን ውጭ ያለ እርግዝና) ነው. ለዚህም ነው ቀድሞ ,አይማንኛውም ሰው የተደበቀ ኢንፌክሽን ሊኖረው ይችላል፡፡ የመጀመሪያው ሰው የአባላዘር በሽታን ሊያስተላልፍ ይችላል። መከላከያ ካልተጠቀሙ አደጋው ሁል ጊዜ አለ።
1350,Amh_Eth,ያመለጠዎትን መድኃኒት እንዳስታወሱ ወዲያውኑ ይውሰዱ፤ ነገር ግን ቀጣዩን መድኃኒት ለመውሰድ ከ4 ሰዓት ያነሰ ጊዜ የቀረው ከሆነ ያመለጠውን ይለፉትና መደበኛውን,አዎ።የፀረ-ኤችአይቪ ሕክምና ክትትል ከልተደረገ  ኤች አይ ቪ በእርግዝና፣ በወሊድ ወይም ጡት በማጥባት ወደ ልጅ ሊተላለፍ ይችላል። ነገር ግን የህክም ክትትል 
1352,Amh_Eth,ይህ በእርስዎ የቫይረስ መጠን ላይ የተመሰረተ ነው። የቫይረስ መጠን የማይታወቅ ከሆነ፣ ጡት ማጥባት ብዙውን ጊዜ ደህንነቱ የተጠበቀ ነው፣ ነገር ግን ሁልጊዜ የ,በነጻ ነገሮች ላይ አተኩር ከማህበረሰብ ጤና ሰራተኛ ጋር መነጋገር፣ ከደጋፊ ጓደኛ ጋር ጊዜ ማሳለፍ፣ መጸለይ፣ መራመድ፣ እንደ ባቄላ እና አትክልት ያሉ ጤናማ 
1354,Amh_Eth,"ለፅንሱ ቅድመ እርግዝና የጤና ምርመራ እንደሆነ አድርገሽ አቅርቢው። እንዲህም በይው፦ ""እኔ ክሊኒክ ሄጄ ተመርምሬያለሁ፣ አሁን ደግሞ ወደፊት የሚወለደው ልጃችን",መደበኛ ያልሆነ የደም መፍሰስ የተለመደ ሊሆን እንደሚችል ምክር እና ማረጋገጫ መስጠት። ሁኔታውን እንድትከታተል ምክር መስጠት፤ ከባድ ከሆነ ደግሞ ከክሊኒክ ለአ
1356,Amh_Eth,አዎውጥረት፣ ድካም ወይም ህመም የሄርፒስ ወረርሽኝ ሊያስከትል ይችላል።,የመራቢያ አካላት፣ ፊንጥጣ ወይም አፍ አካባቢ  የሚወጡ በጣም የሚያሙ ውሃ የቋጠሩ እባጮች ወይም   ቁስለት ፤ ማሳከክ  እና ማቃጠል።
1359,Amh_Eth,የHPV ኢንፌክሽኖች የተለያዩ የካንሰር ዓይነቶችን ሊያስከትሉ ይችላሉ:: በተለይም ከፍተኛ ተጋላጭነት ያላቸው የHPV ዓይነቶች በሰውነት ውስጥ ከቀሩ:: አብዛኛ,አይአብዛኛዎቹ ኢንፌክሽኖች በራሳቸው ይጸዳሉ፣ ነገር ግን አንዳንዶቹ ይቀጥላሉ እና ወደ ካንሰር ሊመሩ ይችላሉ።
1360,Amh_Eth,አይክላሚዲያ ከሰውነት ውጭ መኖር አይችልም፣ የሚተላለፈው በግብረ-ሥጋ ግንኙነት ብቻ ነው።,አይ። ክላሚዲያ ከሰውነት ውጭ መኖር አይችልም። የሚተላለፈው በጾታዊ ግንኙነት ብቻ ነው።
1361,Amh_Eth,ሴቶች በእያንዳንዱ የግብረ-ሥጋ ግንኙነት ወቅት ኮንዶም በትክክል በመጠቀም፣ ለኤች አይ ቪ ተጋላጭነት ከፍተኛ ከሆነ ቅድመ-ተጋላጭነት ፕሮፊሊሲስ (pre-expo,አይደለም፤ ኤችአይቪ በአሁኑ ወቅት ቋሚ ፈውስ የለውም። ወንዶችም ሆኑ ሴቶች ኮንዶምን በቋሚነት በመጠቀም፣ ደህንነቱ የተጠበቀ የግብረ-ሥጋ ግንኙነት በማድረግ እ
1362,Amh_Eth,የክላሚዲያ በሽታ በጾታዊ ግንኙነት የሚተላለፍ በሽታ ነው። ብዙዎች የክላሚዲያ ታማሚዎች የህመም ምልክት ሳያሳዩ ወደ ሰውነታቸው ተሰራጭቶ የከፋ ጉዳት ሊደርስባቸ,አዎ፣ ሴቶችንም ወንዶችንም ክላማይዲያ ሊይዛቸዉ ይችላል።ህመም፣ ፈሳሽ ወይም ምንም አይነት ምልክት ላያሳዩም ይችላሉ።
1365,Amh_Eth,አዎወንዶች HPV ሊያዙ ይችላሉ፡፡ አብዛኛዎቹ ወንዶች የሕመም ምልክቶች አይታዩም፣ HPV የብልት ኪንታሮትን ሊያስከትል ይችላል እና በቅርብ ግንኙነት ወደ ሴቶች,አዎHPV ወንዶችንም ሴቶችንም ይጎዳል እና በወንዶች ላይ ካንሰር እና የብልት ኪንታሮት ሊያስከትል ይችላል::
1366,Amh_Eth,ኤች.አይ.ቪ የሚተላለፈው ጥንቃቄ በጎደለው የግብረ ሥጋ ግንኙነት፣ ስለታም መሣሪያዎችንና መርፌዎችን በጋራ በመጠቀም፣ በተበከለ ደም ንክኪ፣ ወይም ከእናት ወደ ,አይውሸት ነው። ኤች አይ ቪ መድኃኒት የለም። እነዚህ የውሸት ሻጮች አደገኛ ናቸው እና ገንዘብዎን መውሰድ ይፈልጋሉ። ከክሊኒክ ነፃ የ RV መድሃኒት ብቻ ይመኑ
1367,Amh_Eth,ኤፒዲዲሚተስ በወንድ የዘር ፍሬው ጀርባ ላይ ያለው የተጠቀለለ ቱቦ እብጠት ሲሆን ይህም የወንድ የዘር ፍሬን እንቅስቃሴ ሊዘጋ ይችላል።,ህፃኑ በተወለደበት ጊዜ ከባድ የዓይን ኢንፌክሽን (gonococcal ophthalmia neonatorum) ሊያጋጥመው ይችላል፣ ይህም ወዲያውኑ ካልታከመ ዓይነ ስ
1369,Amh_Eth,ብዙውን ጊዜ ምንም ምልክት የማያሳይ እና ያልታከመ የትሪኮሞኒያስ በሽታ በወንዶች ላይ የሽንት ቱቦ እብጠት ሊያስከትል እና አልፎ አልፎ ደግሞ የፕሮስቴት እጢ እ,አዎ፣ ሳይታከም የቀረ የትሪኮሞኒያሲስ በሽታ በወንዶችም ሆነ በሴቶች ላይ ለመካንነት ምክንያት ሊሆን ይችላል።
1371,Amh_Eth,የተማሩና እና አክብሮት ያላቸው ሰዎች የወር  አበባ ተፈጥሮአዊ እና ጤናማ እንደሆነ ያውቃሉ። ይህን የግል ጤና ነገር ከሚያክብሩና ከሚታመኑት ጋር ብቻ ማዉራት።,አዎይህ እውነት ሊሆን ይችላል፡፡ የወር አበባ ብዙውን ጊዜ የሚጀምሩት ሴት ልጅ የተወሰነ የሰውነት ስብ ደረጃ ላይ ስትደርስ ነው፡፡ እሷ በጣም ቀጭን ወይም የተ
1372,Amh_Eth,በመንግስት ጤና ጣቢያዎች (በቅድመ ወሊድ ክትትል ወቅት) በነፃ የሚታደሉ መኖራቸውን አረጋግጭ/ጥ። የደም ማነስን ለመከላከል እንዲረዳም ተጨማሪ ንጥረ ነገሮችን ,ይህ የተለመደ መሆኑን ይረዱ። ትኩረትዎን በደል በሚፈጸምበት ሁኔታ (የጥቃት አዙሪት) ላይ ያድርጉ። ፍቅር ሊያቆስል እንደማይገባ እና ደህንነቱ የተጠበቀና ዘላቂ
1374,Amh_Eth,ያልታከመ ትሪኮሞኒየስ የኤች አይ ቪ ኢንፌክሽን አደጋን ከፍ ሊያደርግ እና እንደ ያለጊዜው መወለድ እና ዝቅተኛ ክብደት የመሳሰሉ የእርግዝና ችግሮችን ያስከትላል,ቂጥኝ ካልታከመ ከባድ ችግሮችን ሊያመጣ ይችላል፣ እነሱም የ አይን መታወር፣ የልብ በሽታ፣ የነርቭ ጉዳት እና እንዲሁም ሞትን ጭምር ሊያስከትል ይችላል።
1376,Amh_Eth,ትሪኮሞኒያሲስ እንደ ሜትሮኒዳዞል ባሉ መድኃኒቶች ሊድን የሚችል በሽታ ነው። ማሳከክን፣ ሽታን እና ምቾት ማጣትን የሚያስከትል ሲሆን፣ መከላከያውም ኮንዶም መጠቀ,ያልታከመ ትሪኮሞኒየስ የኤች አይ ቪ ኢንፌክሽን አደጋን ከፍ ሊያደርግ እና እንደ ያለጊዜው መወለድ እና ዝቅተኛ ክብደት የመሳሰሉ የእርግዝና ችግሮችን ያስከትላል
1377,Amh_Eth,አዎ፣ ለውጫዊ የቆዳ ድርቀት ብቻ፣ ጥቂት ንጹህ የሺ ቅቤ የብልት አካባቢን ቆዳ ለማለስለስ እና እርጥበት ለመስጠት በደህንነት መጠቀም ይቻላል። ነገር ግን ከብል,ጀርሞች ከሰውነት ውጭ በፍጥነት ስለሚሞቱ አደጋው በጣም ዝቅተኛ ነው:: ዋናዎቹ ስጋቶች የጋራ ደም (እንደ መርፌ) ወይም የቅርብ የግብረ-ሥጋ ግንኙነት ናቸው::
1378,Amh_Eth,የአፍ ስዋብ ምርመራ የኤችአይቪ አንቲቦዲ እንዳለ ለማወቅ ከአፍ (ምራቅ ወይም ጥርስ)ናሙና ይለያል በተቃራኒው፣ የደም ምርመራ በደም ውስጥ በቀጥታ የኤችአይቪ አ,የጤና ባለሙያዎች የኤች አይ ቪ ምርመራ የሚያደርጉት ከደም በሚወሰድ ናሙና በመጠቀም ነው። አሁን ላይ የጠቀሙት የምርመራ አይነት ከጣት ላይ የደም ጠብታ በመውሰ
1380,Amh_Eth,ኤች አይ ቪ በዋነኛነት የሚተላለፈው ጥንቃቄ በሌለው የግብረ-ሥጋ ግንኙነት፣ የተበከሉ መርፌዎችን በመጋራት፣ በበሽታው በተያዘ ደም  በመቀበል እና በእርግዝና፣ ,HPV ምንም ዓይነት መድኃኒት የለውም፡፡ ነገር ግን ክትባቶች አደገኛ ዓይነቶችን ይከላከላሉ፣ አንዳንድ ዝርያዎች ካንሰርን ሊያስከትሉ ይችላሉ፣ ስለዚህ ምርመራ 
1384,Amh_Eth,ፊስቱላ (የወሊድ ቦይ መበሳት) በወሊድ ቦይ እና በፊኛ ወይም በፊንጢጣ መካከል የሚፈጠር ቀዳዳ ነው። ይህ የሚከሰተው የአንዲት ወጣት ሴት ጠባብ ዳሌ ህፃኑን ማ,በግብረ-ሥጋ ግንኙነት ከአንድ ሰው ወደ ሌላ ሰው ሊተላለፍ የሚችል በሽታ ነው። ብዙ ሰዎች ሳያውቁት አላቸው፣ ነገር ግን መታከም አለበት።
1386,Amh_Eth,በፊንጢጣ ላይ የሚከሰት ጨብጥ አብዛኛውን ጊዜ ምንም ዓይነት ምልክት ላያሳይ ይችላል። ምልክቶች በሚታዩበት ጊዜ ግን ከፊንጢጣ የሚወጣ ፈሳሽ፣ ማሳከክ፣ መቁሰል፣,የሚመከረው ሕክምና ለ7 ቀናት የሚወሰድ ዶክሲሳይክሊን ነው። ምክንያቱም ዶክሲሳይክሊን በፊንጢጣ አካባቢ ያለን ኢንፌክሽን ለማዳን ከአዚትሮማይሲን የተሻለ ውጤታማ
1391,Amh_Eth,የHPV ክትባት በጣም አደገኛ ከሆኑት የቫይረሱ ዓይነቶች ይከላከላል እና የማኅጸን ጫፍ እና ሌሎች የካንሰር አይነቶችን የመጋለጥ እድልን ይቀንሳል።,HPV ምንም ዓይነት መድኃኒት የለውም፣ ነገር ግን ክትባቶች አደገኛ ዓይነቶችን ይከላከላሉ፡፡
1392,Amh_Eth,ቀጥሎ ያሉትን ምልክቶች ማስታወስ ፡ የቀለም መንጣት(በጣም ነጭ መሆን) ፣ ምግብ ፍላጎት መቀነስ (አለመብላት)፣ ቶሎ ቶሎ መተንፈስ (ለመተንፈስ መቸገር) ። ከ,"ህፃኑ ደህንነት እንዲሰማው፣ አተነፋፈሱን የሚቆጣጠር እና በሽታን ለመቋቋም የሚረዳው የወንድነት ጥንካሬ ተግባር መሆኑን ያስረዱ። እንደ ""የአባት ጥበቃ"" ያቅርቡ"
1393,Amh_Eth,አዎ። እርጉዝ የሆኑ ሰዎች በቅድመ ወሊድ ክትትል ወቅት ሁልጊዜ የአባለዘር በሽታ ምርመራ ማድረግ አለባቸው። ምርመራው አስፈላጊ የሆነው ብዙዎቹ ኢንፌክሽኖች በእ,አዲስ የተወለደው ሕፃን የአይን እና የሳንባ ኢንፌክሽኖችን እንዳያመጣ ለመከላከል እና ያለጊዜው የመውለድ አደጋን ለመቀነስ አስቸኳይ ህክምና ማድረግ አስፈላጊ ነ
1395,Amh_Eth,አይ። ኤችአይቪ ማለት ሞት ማለት አይደለም። ምንም እንኳን እስካሁን መድኃኒት ባይኖርም፣ በተገቢው ህክምና (የፀረ፡ቫይረስ ሕክምና)፣ ኤችአይቪ ያለባቸው ሰዎች ,አይደለም፣ ትክክለኛ ህክምና ሲደረግ ኤች አይ ቪ ያለባቸው ሰዎች ረጅም እና ጤናማ ህይወት መኖር ይችላሉ።
1396,Amh_Eth,ኤችፒቪ ምንም አይነት መድኃኒት የለውም፣ ነገር ግን ክትባት በጣም አደገኛ የሆኑትን ዓይነቶች ሊከላከል ይችላል። አንዳንድ የኤችፒቪ ዝርያዎች ካንሰር ሊያስከትሉ,ክትባቱ ለወደፊቱ ልጃገረዷን መካን ሊያደርግ ይችላል ወይም ህዝባቸውን ለመቆጣጠር የእቅድ አካል ነው የሚል ፍራቻ። ስለ ክትባቱ ደህንነት እና ዓላማ በተጨባጭ መ
1397,Amh_Eth,አይደለም። የወር አበባ ደም የማህፀን ሽፋን ብቻ ነው። ተፈጥሯዊ፣ ንጹህ ሂደት እና ሰውነት ጤናማ መሆኑን የሚያሳይ ምልክት ነው።,አይገጥምውም። በወር አበባ ጌዜ ሰውን መንካት ለሚነካው ሰው «መጥፎ አድል» ይገጥመዋል የሚለው ሐሰት ወይም ባህላዊ እምነት ነው፣ በህክምና ወይም ሳይንሳዊ እው
1398,Amh_Eth,አይደለም። ሄርፒስ ያለባቸው ሰዎች ማግባት፣ ልጆች መውለድ እና መደበኛ ሕይወት መኖር ይችላሉ። የሚያስፈልጋቸው ጥንቃቄዎችን ማድረግ ብቻ ነው።,አዎ፡ ኸርፒስ ያለባቸዉ ሴቶች ቫይረሱ እንዳይተላለፍ ጥንቃቄ እና የሕክምና ክትትል እስካደረጉ ድረስ ማግባት እና ቤተሰብ መመስረት ይችላሉ።
1400,Amh_Eth,አይ። ይህ እጅግ በጣም መርዛማ እና አደገኛ ነው። ቤንዚን ወይም ኬሮሲን ለቆዳ በጣም ተቀጣጣይ እና መርዛማ ነው፣ እና ከባድ ቃጠሎ እና የኬሚካል መመረዝ ሊያስ,ቂጥኝ በግብረ ሥጋ-ግንኙነት የሚተላለፍ ኢንፌክሽን ነው። ህመም በሌላቸው ቁስሎች ይጀምራል እና በኋላ ላይ ቆዳን፣ ልብን እና አንጎልን ሊጎዳ ይችላል፡፡
1401,Amh_Eth,ሄርፒስ ሊድን አይችልም፣ ነገር ግን መድሃኒቶች ወረርሽኞችን እና የመዛመት አደጋን ይቀንሳሉ። ሄርፒስ ያለባቸው ሰዎች ማግባት ይችላሉ። በወረርሽኙ ወቅት ኮንዶም,እንደ ከባድ ራስ ምታት፣ የማያቋርጥ ህመም ወይም ከባድ የደም መፍሰስ ያሉ ድንገተኛ የጎንዮሽ ጉዳቶች ካሉዎት ወዲያውኑ ለሆስፒታል መተኛት አስፈላጊ ከሆነ ለባለ
1402,Amh_Eth,አዎ: ክላሚዲያ ሕክምና ካልተደረገለት ማህፀንን ሊጎዳ እና በኋላ ላይ ልጅ መውለድ አስቸጋሪ ያደርገዋል።,አዎሕክምና ካልተደረገለት ጨብጥ ሰውነትን ሊጎዳ እና ወደ መሃንነት ሊያመራ ይችላል::
1404,Amh_Eth,አዎወንዶች ሳያውቁ የአባላዘር በሽታዎች ሊኖራቸው እና ለሌሎች ሊያስተላልፉ ይችላሉ።,አዎ። የአባላዘር በሽታዎችን ለማስወገድ ብቸኛው 100% መታቀብ ነው። ጥንቃቄ የተሞላበት የግብረ ሥጋ ግንኙነትም የመያዝ እድልን ይቀንሳል።
1405,Amh_Eth,የኤች አይ ቪ መድሃኒት (ኤአርቲ) ዓላማው በሰውነት ውስጥ የሚገኘውን የቫይረስ መጠን መቀነስ ነው። አንድ የኤች አይ ቪ ቫይረስ በደሙ የሚገኝ ሰው መድሃኒቱን ,የኤች አይ ቪ መከላከያ መድሃኒት ኤች አይ ቪ በደማቸው የሌለባቸው ሰዎች በቫይረሱ እንዳይያዙ የሚወስዱት መከላከያ መድሃኒት ነው። ይህ መድሃኒት ለእርስዎ የሚሆ
1406,Amh_Eth,አዎPID ከሴት ብልት ውስጥ ባሉ ሌሎች ባክቴሪያዎች ለምሳሌ ባክቴሪያል ቫጅኖሲስ ወይም ከሌሎች ፍጥረታት ጋር በተያያዙ ሰዎች ሊከሰት ይችላል።,በወንዶች ላይ የሚታዩ የተለመዱ ምልክቶች በብልት ውስጥ ማሳከክ ወይም መለብለብ፣ በሽንት ጊዜ ወይም የዘር ፈሳሽ በሚወጣበት ወቅት የሚሰማ ሕመም እና አልፎ አል
1408,Amh_Eth,አይገባዉም። እምነትና ጸሎት አስፈላጊ ቢሆንም፣ የተሸሸገ ወይም የተደበቀ በሽታ በነገር ሕዋሳዊ እንደ ባክቴሪያ፣ ቫይረስ፣ ፓራሳይት የተነሳ ሚመጣ ሲሆን፣ ከባድ,ራስዎን ለመጎዳት ወይም የማጥፋት ስሜት ቢሰማዎ፣ መጀመሪያ መናገር/ማሳወቅ ያለብዎ ታማኝ ለሆነ ሰው እና ወዲያውኑ ሊረዳ የሚችል ሰው መሆን አለበት፡፡
1409,Amh_Eth,ሳንባ ነቀርሳ (ቲቢ)፣ ምክንያቱም ኤች አይ ቪ የሰውነትን በሽታ የመከላከል ስርዓትን በማዳከም የቲቢ ባክቴሪያዎችን የመቆጣጠር አቅምን በእጅጉ በመቀነስ በቲቢ ,አይቻልም። ጸበል ጨብጥን ማከም አይችልም። ኢንፌክሽኑ ሊድን የሚችለው በተገቢው አንቲባዮቲክ ብቻ ነው።
1413,Amh_Eth,የቂጥኝ በሽታ በባክቴሪያ የሚመጣ የአባላዘር በሽታ ሲሆን የተለያዩ ደረጃዎች አሉት።,የነርቭ ቂጥኝ  የመርሳት በሽታ፣ የስነልቦና መዛባት፣ የባህሪ ለውጦች፣ የትብብር ማጣት እና ሽባነት ሊያስከትል ይችላል፣ ይህም ከመጀመሪያው ኢንፌክሽን  ከዓመታ
1414,Amh_Eth,አዎ ይቻላል። ቀላል እንቅስቃሴ ማድረግ የቁርጠት እና  የሕመም ስሜትን ይቀንሳል ፣ እና በወር አበባ ጊዜ ስራ ወይም ስፖርት ማቆም የጤና ምክንያት የለዉም።,የሽፋኑ መፍሰስ መሆኑን እና  የወር አበባ ደም እንደ ሽንት ወይም ሰገራ. ቆሻሻ አይድልም፣ መደበኛ የሰውነት ፈሳሾችን ይዟል እና የበሽታ ምልክት አይደለም፡፡
1419,Amh_Eth,ኤችፒቪ ምንም አይነት መድኃኒት የለውም፣ ነገር ግን ክትባት በጣም አደገኛ የሆኑትን ዓይነቶች ሊከላከል ይችላል። አንዳንድ የኤችፒቪ ዝርያዎች ካንሰር ሊያስከትሉ,አዎ። መርፌን የመሳሰሉ ሹል/ስለታማ ዕቃዎችን አለመጋራት ኤች አይ ቪን ለመከላከል ከሚጠቅሙ ዘዴዎች መካከል ናቸው። ከዚህም በተጨማሪ ልቅ የሆነ ግብረስጋን በመ
1420,Amh_Eth,አዎ ይችላል፡፡ እንደ ቂጥኝ እና ኤች አይ ቪ ያሉ በሽታዎች ከአባት ወደ እናት ከዚያም ወደ ህፃኑ ሊተላለፉ ይችላሉ፡፡ የሚወለደው ልጅ ጤነኛ ሆኖ እንዲወለድ ሁ,አዎ፣ በቅርብ የተወለደ ሕፃን ላይ የሚታዩ አንዳንድ በሽታዎች በተለይም የአባላዘር በሽታ ከአባት ወደ እናት በእርግዝና ወቅት የሚተላለፍ እና ከዚያም ከእናት ወ
1421,Amh_Eth,በቀስታ የተቀቀለ ውሃ እና ንጹህ ጨርቅ በመጠቀም ቦታውን ንፁህ እና ደረቅ ያድርጉት። እንደ አልዎ ወይም የኮኮናት ዘይት ያሉ ንፁህ፣ ቀላል፣ የሚያረጋጋ ንጥረ ,በብዙ ቦታዎች፣ ሕጎች ታዳጊዎች ሚስጥራዊ የጾታዊ ጤና እንክብካቤ እንዲፈልጉ ይፈቅዳሉ። የራስዎን ጤና የመጠበቅ መብት አለዎት።
1422,Amh_Eth,ትሪኮሞኒያሲስ በትንሽ ፓራሳይት የሚከሰት የአባላዘር በሽታ ነዉ። በዋናነት ልቅ በሆነ የግብረ ስጋ ግንኙነት ይተላለፋል እና ህክምና በግዜ ከተወሰደ ይድናል።,ትሪኮሞናያሲስ ሴቶች ላይ ሽታ ያለው የብልት ፈሳሽ፣ ማሳከክ እና ህመም ሊያመጣ ይችላል። ወንዶች ላይ በብዛት ምልክት አያሳይም ካሳየ የብልት ፈስሽ እና ሽንት 
1423,Amh_Eth,ኮንዶም የኤችፒቪ አደጋን ይቀንሳል ። ነገር ግን ሙሉ ጥበቃ አያሰጡም፣ ምክንያቱም ኤችፒቪ በኮንዶም ያልተሸፈኑ ቦታዎችን ሊጎዳ ይችላል።,በትዳር ውስጥ ደህንነቱ የተጠበቀ የግብረ-ሥጋ ግንኙነት ማለት ሁለቱም ባለትዳሮች የአባላዘር በሽታ ካለባቸው፣ አንዱ አጋር ሌሎች አጋሮች ካሉት ወይም ኮንዶም እ
1424,Amh_Eth,"""በሽታው ሳይኖር እንዳለ አድርጎ የሚያሳይ የተሳሳተ የምርመራ ውጤት""ማለት በምርመራው ውጤት በሽታው እንዳለ ሆኖ ታይቶ ነገር ግን በእርግጥ በሰውነት ውስጥ የለ",የምርመራው ውጤት ፖዘቲቭ መሆኑ የሚያሳየው ቫይረሱ በአሁኑ ወቅት ንቁ እንደሆነና በቆዳው ወለል ላይ እየተባዛ መሆኑን ነው፤ ይህም የበሽታው መነሳሳት መኖሩን ያ
1425,Amh_Eth,የኤችፒቪ ቫይረስ ብዙውን ጊዜ ምንም ምልክት የለውም እና በራሱ ሊጠፋ ይችላል። ለኤችፒቪ ራሱ ምንም አይነት መድኃኒት የለም፣ ነገር ግን ክትባቶች አደገኛ የሆኑ,አዎ፣ ኤች.ፒ.ቪ ብዙ ጊዜ ምንም ዓይነት ግልጽ ምልክት ሳያሳይ በሰውነት ውስጥ ሊቆይ ይችላል። ለቫይረሱ ፈውስ ባይኖርም፣ ክትባቶች ግን አደገኛ የሆኑ የቫይረሱ
1426,Amh_Eth,ከባድ የክብደት መቀነስ፣ ሥር የሰደደ ተቅማጥ፣ የሌሊት ላብ፣ ተደጋጋሚ ኢንፌክሽኖች እና እንደ ሳንባ ነቀርሳ ያሉ በሽታዎች ምልክቶች ናቸው፡፡,ትሪኮሞኒያሲስ ማሳከክን፣ መጥፎ ሽታን እና ምቾት ማጣትን ያስከትላል። በሽታው እንደ ሜትሮኒዳዞል  ባሉ መድኃኒቶች ሊድን የሚችል ሲሆን፣ መከላከያ መንገዱም ኮን
1427,Amh_Eth,የተማሩና እና አክብሮት ያላቸው ሰዎች የወር  አበባ ተፈጥሮአዊ እና ጤናማ እንደሆነ ያውቃሉ። ይህን የግል ጤና ነገር ከሚያክብሩና ከሚታመኑት ጋር ብቻ ማዉራት።,አዎይህ እውነት ሊሆን ይችላል፡፡ የወር አበባ ብዙውን ጊዜ የሚጀምሩት ሴት ልጅ የተወሰነ የሰውነት ስብ ደረጃ ላይ ስትደርስ ነው፡፡ እሷ በጣም ቀጭን ወይም የተ
1428,Amh_Eth,በነጻ ነገሮች ላይ አተኩር ከማህበረሰብ ጤና ሰራተኛ ጋር መነጋገር፣ ከደጋፊ ጓደኛ ጋር ጊዜ ማሳለፍ፣ መጸለይ፣ መራመድ፣ እንደ ባቄላ እና አትክልት ያሉ ጤናማ ,የጤና ባለሙያዎች የግል መረጃን ሚስጥራዊ አድርጎ የመጠበቅ ሙያዊ ግዴታ አለባቸው። ማንኛውንም መረጃ ከመናገር በፊት ስለ ሚስጥራዊነት አጠባበቅ ደንባቸው መጠየቅ
1429,Amh_Eth,አይ። ከወሲብ በኋላ መታጠብ ኤችአይቪን ወይም ሌሎች የአባላዘር በሽታዎችን አይከላከልም። ኮንዶምን በትክክል እና በተከታታይ መጠቀም ከሁሉ የተሻለው መከላከያ ነ,አይከወሲብ በኋላ መታጠብ ወይም መታጠብ ኤችአይቪን አይከላከልም:: ኮንዶም መጠቀም አስተማማኝ መንገድ ነው::
1431,Amh_Eth,የመጀመሪያ ደረጃ ቂጥኝ  የቁስሉ ባህሪ ብዙውን ጊዜ ህመም የሌለው፣ የተጠነከረ  እና ንጹሕ መሠረት ያለው ነው።,ብዙውን ጊዜ የመጀመሪያው ጠባሳ (chancre) ከታየ ከ 4 እስከ 10 ሳምንታት በኋላ ወይም  ጠባሳ (chancre) ከዳነ ከ 2 እስከ 8 ሳምንታት በኋላ::
1432,Amh_Eth,ትሪኮሞኒየስ ሊድን ቢችልም፣ ካልታከመ በእርግዝና ወቅት የኤችአይቪ ኢንፌክሽን እና ውስብስቦችን ይጨምራል፡፡,ያልታከመ ትሪኮሞኒየስ የኤች አይ ቪ ኢንፌክሽን አደጋን ከፍ ሊያደርግ እና እንደ ያለጊዜው መወለድ እና ዝቅተኛ ክብደት የመሳሰሉ የእርግዝና ችግሮችን ያስከትላል
1433,Amh_Eth,የአባላዘር በሽታ (ኢንፌክሽን) ማለት ጀርሙ በሰውነትዎ ውስጥ ነው ማለት ነው. የአባላዘር በሽታ (በሽታ) ማለት ጀርሙ ከባድ የጤና ችግሮችን አስከትሏል ማለት ,አንድ ሰው ለቫይረሱ አጋላጪ ነገሮች ከተከሰቱ በ3-6 ሳምንታት ውስጥ ምርመራ ቢያደርግ ውጤቱን ያሳየዋል፡፡ ነገር ግን 95% የሚሆንው ቫይረስ በ4 ሳምንታት ው
1434,Amh_Eth,ትሪኮሞኒየስ ሊድን ቢችልም፣ ካልታከመ በእርግዝና ወቅት የኤችአይቪ ኢንፌክሽን እና ውስብስቦችን ይጨምራል፡፡,አዎ፣ ትሪኮሞኒያሲስ እንደ ሜትሮኒዳዞል ባሉ መድኃኒቶች መዳን የሚችል በሽታ ነው። መከላከያ መንገዶቹ ኮንዶም መጠቀም ሲሆኑ፣ በሽታው እንዳይመለስ ደግሞ ሁለቱም
1435,Amh_Eth,ጸሎት ተስፋን እና ጥንካሬን ይሰጣል፣ ነገር ግን ኤች አይ ቪ ህክምና ያስፈልገዋል፡፡ ፀረ-ኤች አይ ቫይራሎች የሚባሉት መድሃኒቶች ሰዎች ረጅም እና ጤናማ ህይወ,ጸሎት ተስፋንና መንፈሳዊ ጥንካሬን ይሰጣል፤ ነገር ግን ኤችአይቪ የሕክምና እርዳታ ያስፈልገዋል። ቫይረሱን ለመቆጣጠርና ረጅም ጤናማ ሕይወት ለመኖር የጸረ-ኤችአ
1440,Amh_Eth,የሄርፒስ ወረርሽኝ በጭንቀት፣ በህመም፣ በትኩሳት፣ በድካም፣ በወር አበባ እና በተዳከመ የበሽታ መከላከያ ስርዓት ሊመጣ ይችላል። ሄርፒስ ሊድን አይችልም፣ ነገር,መለስተኛ፣ ንጹህ የጨው (ጨዋማ ውሃ) መፍትሄው ውሃ የቋጠሩ  የሄርፒስ ቁስሎችን/እብጠቶች ንፁህ እና ትንሽ ደረቅ እንዲሆኑ ይረዳል፣ ይህም ፈውስ/መደን እንዲች
1441,Amh_Eth,አይ ኤች አይ ቪ አልጋ በመጋራት፣ በመተቃቀፍ ወይም አብሮ በመቀመጥ ሊተላለፍ አይችልም። በደም፣  ሹል ነገሮችን በጋራ በመጠቀም፣ በወሲብ ፈሳሾች እና በጡት ወ,አይ ኤች አይ ቪ አልጋን በመጋራት፣ በመተቃቀፍ ወይም በጋራ በመቀመጥ አይተላለፍም። በደም፣ በወሲባዊ ፈሳሾች እና በጡት ወተት ብቻ ይተላለፋል።
1446,Amh_Eth,አይክኒኑን በትክክለኛው ጊዜ መውሰድ ያስፈልግዎታል:: ደህንነቱ የተጠበቀ የመድኃኒት መርሃ ግብር ለማወቅ ስለ ጾምዎ ከጤና ባለሙያዎ ጋር ይነጋገሩ።,አይደለም። ከወሲብ በኋላ ሽንቴን መሽናት ኢንፌክሽኖችን ማስቆም አይችልም። ኮንዶም እና ደህንነቱ የተጠበቀ የግብረ ሥጋ ግንኙነት ልምዶች ብቻ ሊከላከሉት ይችላሉ
1447,Amh_Eth,አይደለም ፤ ኤቸ‍አይቪ ከእግዚአብሔር የሚመጣ ቅጣት አይደለም፤  ቫይረስ ነዉ ማንኛውም ሰው ጋር ሊተላለፍ ይችላል፣ እምነት ወይም  የአኗኗር ዘይቤ ሳይገድብ።,አይኤች አይ ቪ ከእግዚአብሔር ዘንድ ቅጣት አይደለም። ቫይረስ ነው፣ እና ማንኛውም ሰው እምነቱ ወይም አኗኗሩ ምንም ይሁን ምን ሊበከል/ሊያዝ ይችላል።
1448,Amh_Eth,አዎ። ለብዙ አመታት ካልታከመ ቂጥኝ አንጎልን፣ ልብን እና ሌሎች የሰውነት ክፍሎችን ሊጎዳ ይችላል።,አዎ፣ በበሽታው የተበከሉ ፈሳሾች ዓይንን ከነኩ ጨብጥ የዓይን ኢንፌክሽን ሊያስከትል ይችላል።
1451,Amh_Eth,አይቂጥኝ በፔኒሲሊን መድሃኒት ይድናል፡፡ ካልታከመ አንጎልን፣ ልብን እና ሌሎች አካልን ሊጎዳ ይችላል። ህመም እንደተሰማዎት ሳይዘገዩ ምርመራ እና ህክምና በማድ,ጸሎትና እምነት መንፈሳዊና ስነ-ልቦናዊ ድጋፍ ቢሰጡም፣ ክላሚዲያ በባክቴሪያ የሚመጣ ኢንፌክሽን በመሆኑ በፀረ-ተህዋስያን መድኃኒቶች የሚድን በሽታ ነው። በሽታው
1453,Amh_Eth,አዎየወንዶች ግርዛት ለኤችአይቪ እና ለሌሎች የአባላዘር በሽታዎች ተጋላጭነትን ሊቀንስ ይችላል፣ ነገር ግን ኮንዶም አሁንም በጣም ውጤታማው መከላከያ ነው.,አዎ። በብዙ ቦታዎች፣ ሆን ተብሎ ወይም በግዴለሽነት አንድን ሰው ለኤች አይ ቪ ማጋለጥ ከባድ ወንጀል ነው፣ ህጎችም ከጊዜ ወደ ጊዜ ሌሎች ከባድ የአባላዘር በሽ
1456,Amh_Eth,ምከንያቶቹ ያልተፈለጉ የጎንዮሽ ጉዳቶች በተለይ የወር አበባ መዛባት ፣ የመከላከያ ዘዴውን ደህንነት መስጋት እና ከፍቅር ጓደኛ ወይም ከቤተሰብ ብዙ ልጆችን እን,ፍንጣቂዎች፣ የግላዊነት እጦት እና በቂ ያልሆኑ ቁሳቁሶች ልጃገረዶች ከትምህርት ቤት እንዲያመልጡ ወይም ሙሉ በሙሉ እንዲያቋርጡ በማድረግ ትምህርታቸውን መጎዳታቸ
1457,Amh_Eth,አዎ አባለዘርን  የሚከላከሉ ክትባቶች አሉ እንደ ሂዉማን ፓፒሎማ ቫይረስ እና የ ጉበት ቫይረስ ቢ ሁሉንም ግን አይደለም።,አዎየአባላዘር በሽታዎችን ለመከላከል መታቀብ ብቸኛው አስተማማኝ መንገድ ነው።
1458,Amh_Eth,የተማሩና እና አክብሮት ያላቸው ሰዎች የወር  አበባ ተፈጥሮአዊ እና ጤናማ እንደሆነ ያውቃሉ። ይህን የግል ጤና ነገር ከሚያክብሩና ከሚታመኑት ጋር ብቻ ማዉራት።,አትደንግጭ ይህ የሚጠበቅ የሰዉነት እድገት ለዉጥ ነው። ንጹህ የወር አበባ መጠበቂያ (pad) ወይም ንጹህ ጨርቅ ወስደሽ የዉስጥ ሱሪ ዉስጥ አድርጊ። በትምህርት
1459,Amh_Eth,ሄርፒስ በአፍ ወይም በብልት አካባቢ የሚያሰቃዩ የውሃ የቋጠሩ አረፋዎችን የሚያመጣ የተለመደ ቫይረስ ነው። ለአዋቂዎች በአብዛኛው አደገኛ ባይሆንም፣ በሰውነት ው,ሚስጥርን ለመጠበቅ ተንቀሳቃሽ የጤና ቡድኖችን መፈለግ፣ ራቅ ያሉ የወረዳ ሆስፒታሎችን መሄድ ወይም ሚስጥራዊ አገልግሎት የሚሰጡ መንግስታዊ ያልሆኑ ድርጅቶችን መ
1464,Amh_Eth,ምልክቶቹ ሽንት ማቃጠል፣ ያልተለመደ ፈሳሽ፣ የሆድ ህመም እና በሴቶች ላይ በወር አበባ መካከል ደም መፍሰስን ሊያካትቱ ይችላሉ። ብዙዎች ምንም ምልክት የሌላቸው,አዎ። በታችኛው የሆድ ክፍል ውስጥ ከባድ ህመም የፔልቪክ ኢንፍላማቶሪ በሽታ (PID) ዋና ምልክት ነው ፣ ይህ ብዙውን ጊዜ ካልታከመ ክላሚዲያ ወይም ጨብጥ ወደ
1465,Amh_Eth,ጊዜ ያለፈባቸው ክኒኖች ውጤታማ ላይሆኑ እንደሚችሉ እና እርግዝና አደጋ ላይ ሊወድቁ እንደሚችሉ ያስጠንቅቋት። አስፈላጊ ከሆነ ወዲያውኑ አዲስ፣ ጊዜው ያላለፈበት,"እንደ የቡድን ጥረት አድርገው ይቁጠሩት። እንዲህ ይበሉ፡""ሚስትዎ ህፃኑን ትሸከማለች፣ ግን እርስዎ የመከላከያ ኃላፊነቱን ይጋራሉ። እሷ ክኒኑን መጠቀም ትችላለች"
1466,Amh_Eth,አዎን። ጭንቀት፣ ድካም፣ በሽታ ወይም ድካም ስሜት ኸርፒስን ሊያባብስ ወይም ምልክቶቻቸውን ሊጨምር ይችላል።,አዎውጥረት፣ ህመም ወይም ድካም የሄርፒስ ወረርሽኝ ሊያስከትሉ ይችላሉ፡፡
1467,Amh_Eth,ሳይታከም የቆየ የፊንጢጣ ክላሚዲያ ኢንፌክሽኑን ወደ ሌሎች ሰዎች ማስተላለፊያ ምንጭ ሊሆን ይችላል፤ አልፎ አልፎም እንደ ኤል.ጂ.ቪ ወይም በሊምፍ እጢዎች ላይ ,በደከመ የከውነተሰ በሽታ የመከላከል አቅም ምክንያት የሚመጡ ተጨማሪ በሽታዎች ወይም ኢንፌክሽኖች
1468,Amh_Eth,የኮንዶም ፓኬቱን ያረጋግጡ (ለምሳሌ ኤክፓየር ዴት)ፓኬቱን በጥንቃቄ ይክፈቱየወንዱ ብልት ሙሉ በሙሉ መቆሙን ያረጋግጡየኮንዶሙን ጫፍ ይያዙኮንዶሙን ወደ ታች እስ,ሴቷ ኮንዶም እራሷን እንድትጠብቅ ኃይል እንደሚሰጣት አስረዳ። እንዴት በጥንቃቄ ማስገባት እንዳለባት አስተምሯት እና ሰውየው የወንድ ኮንዶም እምቢ ሲል እንደ አ
1469,Amh_Eth,አብዛኛዎች በትራይኮኖሚያሲስ የተያዙ ሰዎች ምንም አይነት ምልክት አያሳዩም። ምልክት የሚያሳዩ ሰዎች የሚያሳዩአቸው ምልክቶች በሴቶች፡ ቢጫ/አረንጓዴ ቀለምና መጥ,አይ፣ ይህ የተሳሳተ አመለካከት (ተረት) ነው። እንደማንኛውም ጊዜ ገላዎን እና ፀጉርዎን መታጠብ አለብዎት። በወር አበባ ወቅት ንጽሕናን መጠበቅ ለጤና እና መጥ
1472,Amh_Eth,በራሱ እስኪወጣ ድረስ ንፁህ እና ደረቅ መሆን አለበት፡፡ በእሱ ላይ ምንም ነገር (አመድ፣ ቅቤ፣ ወዘተ) አይጠቀሙ፣ ምክንያቱም ይህ ወደ ከባድ ኢንፌክሽን ሊያመ,በአፋጣኝ የሚታመን ሰው ፈልጉ። ለድንገተኛ ህክምና እና ለከተጋላጭነት በኋላ የመከላከያ እርምጃዎች(PEP) ህክምና ወደ ጤና ማዕከል ይሂዱ (በ72 ሰዓታት ውስጥ
1473,Amh_Eth,መጀመሪያ ጠብቃት። ወንጀለኛውን ወዲያውኑ ለፖሊስ ወይም ለማህበራዊ አገልግሎቶች ያሳውቁ። አፋጣኝ የሕክምና እንክብካቤ (ለአባላዘር በሽታዎች፣ PEP ወይም እርግ,ጽንሱ ላይ ጉዳት ይኖራል ተብሎ አይገመትም። ድንገተኛ የእርግዝና መከላከያ ወስደው ካረገዙ በቶሎ ጤና ተቋም በመሄድ የእርግዝና ክትትል ይጀምሩ።
1474,Amh_Eth,አዎ። ልጃገረዶችም ሆኑ ወንዶች ልጆች ክላሚዲያ ሊይዛቸው ይችላል። ህመም፣ ፈሳሽ ወይም ምንም ምልክት ሊያስከትል ይችላል።,"አዎ። ሁለቱም በክላሚዲያ ሊያዙ ይችላሉ. ህመም, ፈሳሽ ወይም ምንም አይነት ህመም ላይኖራቸው ይችላል።"
1476,Amh_Eth,የተለመደው የወር አበባ ከ3 እስከ 7 ቀናት ይቆያል:: የወር አበባዎ ከ8 ቀናት በላይ የሚቆይ ከሆነ ወይም በጣም ከባድ ከሆነ የጤና እንክብካቤ ባለሙያን ያማክ,አንዳንድ ሰዎች በበሽታው ከተያዙ ከ2-6 ሳምንታት በኋላ የጉንፋን መሰል ምልክቶች ያሳያሉ። ነገር ግን ብዙዎቹ ለዓመታት ምንም አይነት ምልክት የላቸውም. የማወ
1477,Amh_Eth,አዎ። የቂጥኝ በሽታ በወቅቱ ካልታከመ ለከባድ ህመሞ ብሎም ለሞት ሊያደርስ ይችላል።,አዎ፣ ካልተከመ ቂጥኝ ከባድ ሕመም ሊያስከትል እና  ለሞት ሊዳርግ ይችላል።
1478,Amh_Eth,ሊሆን ይችላል፡፡ በጣም የተለመደው መንስኤ የደም ማነስ (የብረት እጥረት) ከአመጋገብ ወይም ከከባድ የወር አበባ ጋር ሊያያዝ ይችላል፡፡ በተጨማሪም ሥር የሰደደ,ይህን ፍርሃት ለትምህርት እንዲያነሳሳት ፣ ደህንነትዎ እንዲጠበቅ፣ እንዲሁም በእውቀትና ምርመራ በማድረግ እራስዎን እና ጓደኞችዎን እንዲጠብቁ ይጠቀሙበት።
1479,Amh_Eth,አዎአካላዊ እና ስሜታዊ ውጥረት፣ እንደ ትኩሳት፣ ፀሀይ መጋለጥ ወይም የሆርሞን ለውጦች ያሉ ህመሞች ሁሉም የተለመዱ ቀስቃሾች ናቸው፡፡ ይህም በእንቅልፍ ላይ ያ,አዎ። በአፍ ላይ የሚወጣ ቁስል በኸርፒስ ቫይረስ ዓይነት-አንድ አማካኝነት የሚመጣ ነው። አንድ ሰው በአፉ ላይ ቁስል እያለ የአፍ ወሲብ ካደረገ፣ ቫይረሱን ወደ
1480,Amh_Eth,በመንግስት ጤና ጣቢያዎች (በቅድመ ወሊድ ክትትል ወቅት) በነፃ የሚታደሉ መኖራቸውን አረጋግጭ/ጥ። የደም ማነስን ለመከላከል እንዲረዳም ተጨማሪ ንጥረ ነገሮችን ,ወደ የህዝብ ጤና ጣቢያ ነፃ ክሊኒክ ወይም መንግስታዊ ያልሆነ ድርጅት የመድኃኒት ማከፋፈያ ፕሮግራም ያመላክቷት። መክፈል እንደማትችል የሚያረጋግጥ ከCHW ደብዳ
1482,Amh_Eth,ወንዶች በብልታቸው ወይም በብልታቸው አካባቢ ትንንሽ፣ የሚያምሙ እብጠቶች ወይም ቁስሎች ካሉ ኸርፒስ እንዳለባቸው ሊያውቁ ይችላሉ።,ሴቶች የኤች.ፒ.ቪ ቫይረስ እንዳለባቸው ማወቅ የሚችሉት በጤና ጣቢያዎች በሚደረግ የማኅፀን በር ካንሰር ቅድመ ምርመራ ወይም የኤች.ፒ.ቪ ምርመራ ነው።
1484,Amh_Eth,የኤች አይ ቪ መድሃኒት (ኤአርቲ) ዓላማው በሰውነት ውስጥ የሚገኘውን የቫይረስ መጠን መቀነስ ነው። አንድ የኤች አይ ቪ ቫይረስ በደሙ የሚገኝ ሰው መድሃኒቱን ,ሁልጊዜ ባይሆንም አረፋማ፣ መጥፎ ሽታ ያለውና አረንጓዴ-ቢጫ ፈሳሽ የተለመደ ምልክት የትራይኮሞናስ ምልክት ነው። ብዙ ሴቶች ቀላል ሽታ ብቻ፣ ትንሽ ቁስለት ብቻ
1487,Amh_Eth,ያልታከመ ትሪኮሞኒየስ የኤች አይ ቪ ኢንፌክሽን አደጋን ከፍ ሊያደርግ እና እንደ ያለጊዜው መወለድ እና ዝቅተኛ ክብደት የመሳሰሉ የእርግዝና ችግሮችን ያስከትላል,የማይመስል ነገር። ክላሚዲያ የተወሰኑ አንቲባዮቲኮችን እና ሙሉ፣ ትክክለኛ ኮርስ ያስፈልገዋል፡፡ የተሳሳተ ወይም የተረፈ አንቲባዮቲኮችን መጠቀም ብዙውን ጊዜ ከ
1488,Amh_Eth,አዎ። ኤች ፒ ቪ ሴቶችንም ሆነ ወንዶችን ያጠቃል።,ሴቶች የኤች.ፒ.ቪ ቫይረስ እንዳለባቸው ማወቅ የሚችሉት በጤና ጣቢያዎች በሚደረግ የማኅፀን በር ካንሰር ቅድመ ምርመራ ወይም የኤች.ፒ.ቪ ምርመራ ነው።
1489,Amh_Eth,አዎብዙ ሰዎች ያለ ምንም ምልክት ለዓመታት ሊኖሩ ይችላሉ፡፡ እርግጠኛ ለመሆን ብቸኛው መንገድ መመርመር ነው ።,አዎብዙ ሰዎች ጤናማ ሊመስሉ ይችላሉ ነገር ግን አሁንም ኤች አይ ቪ ሊኖርባቸው ይችላሉ፡፡ እርግጠኛ ለመሆን ብቸኛው መንገድ ተመርምሮ እራስን ማወቅ ነው፡፡
1490,Amh_Eth,ትሪኮሞኒያስ የሚከሰተው ትሪኮሞኒያስ ቫጂናሊስ በሚባል ጥገኛ ተውሳክ ነው። ይህ በሽታ ያለ ጥንቃቄ በተደረገ የግብረ ሥጋ ግንኙነት ወቅት ይተላለፋል።,ትሪኮሞኒያሲስ በትንሽ ፓራሳይት የሚከሰት የአባላዘር በሽታ ነዉ። በዋናነት ልቅ በሆነ የግብረ ስጋ ግንኙነት ይተላለፋል እና ህክምና በግዜ ከተወሰደ ይድናል።
1491,Amh_Eth,"በእርጋታ አነጋግሩት።  ""እኔ ደክሞኛል፤ አእምሮዬም እረፍት ይፈልጋል። ጥሩ እናት እንድሆን ለአንድ ሰዓት ያህል መተኛት ወይም ማረፍ እንድችል ህፃኑን ለመመልከ",ሳሙና እና ንጹህ ውሃ ይጠቀሙ። ቢያንስ ለ20 ሰከንዶች ያጠቡ (አጭር ዘፈን መዝፈን ይችላሉ)። የእጆችዎን ጀርባ፣ በጣቶችዎ መካከል እና በጥፍሮችዎ ስር ያጽዱ።
1492,Amh_Eth,አይ ጸሎት ጥንካሬን እና ተስፋን ሊጨምር ይችላል፣ ነገር ግን ኤች አይ ቪን መፈወስ አይችልም። ኤች አይ ቪን የሚፈውስ መድኃኒት የለም፣ የART መድሃኒቶች የቫ,አይ፣ ኤችፒቪ በዕፅዋት ሊድን አይችልም። ክትባቶች እና የሕክምና ክትትል ከሁሉ የተሻሉ መከላከያዎች ናቸው።
1493,Amh_Eth,የአካባቢ መንግሥታዊ ያልሆኑ ድርጅቶች፣ አብያተ ክርስቲያናት፣ የማህበረሰብ ማዕከላት እና የመንግስት የጎልማሶች ትምህርት ቢሮዎች ብዙ ጊዜ ለሴቶች እና ከትምህር,አዎ። ኤችፒቪ በልጃገረዶችም ሆነ በወንዶች ዘንድ የተለመደ ነው። አንዳንድ የኤችፒቪ አይነቶች በሴቶች ላይ የማህፀን በር ካንሰር ሊያስከትሉ ይችላሉ።
1495,Amh_Eth,በአሥራዎቹ ዕድሜ ውስጥ የሚገኙ እናቶች ትምህርታቸውን እንዲቀጥሉ ወይም የሙያ ክህሎት እንዲማሩ ወደሚረዳ የማህበራዊ ጉዳይ ሰራተኛ ወይም የአካባቢ ዳግም መግቢያ,የተሻለዉ መንገድ ረጅም ጊዜ የሚሰሩ እና ሊመለሱ የሚችሉ የእርግዝና መከላከያዎች ናቸው፤ እነሱም  በክንድ እና በማህፀን ውስጥ የሚቀበር ሲሆን እነሱም ከ99% 
1496,Amh_Eth,አይደለም። በእጅና በእግር ላይ የሚወጡ የተለመዱ ኪንታሮቶች የሚከሰቱት በተለያዩ፣ አብዛኛውን ጊዜ አነስተኛ አደገኛነት ባላቸው እና በተለምዶ በግብረ ሥጋ ግንኙ,አዎ። የብልት ኪንታሮት የሚከሰተው በኤችፒቪ ቫይረስ ሲሆን አንዳንድ የኤችፒቪ አይነቶች ደግሞ የማህፀን አንገት ካንሰርን ሊያስከትሉ ይችላሉ። የኤችፒቪ ክትባት 
1497,Amh_Eth,ቀደም ብለው የትራንስፖርት ዝግጅት ያድርጉ (ለምሳሌ፦ መኪና፣ አስተማማኝ ታክሲ፣ ወይም የማይወዛወሽ ወይም የማይጥል የአህያ ወይም የበሬ ጋሪ)። ከተቻለ ከሚጠበ,ሳሙና እና ንጹህ ውሃ ይጠቀሙ። ቢያንስ ለ20 ሰከንዶች ያጠቡ (አጭር ዘፈን መዝፈን ይችላሉ)። የእጆችዎን ጀርባ፣ በጣቶችዎ መካከል እና በጥፍሮችዎ ስር ያጽዱ።
1498,Amh_Eth,አይ። ይህ እጅግ በጣም መርዛማ እና አደገኛ ነው። ቤንዚን ወይም ኬሮሲን ለቆዳ በጣም ተቀጣጣይ እና መርዛማ ነው፣ እና ከባድ ቃጠሎ እና የኬሚካል መመረዝ ሊያስ,አይ! በኢንፌክሽን አጠገብ ያለውን ቆዳ መቁረጥ ወይም መነቀስ ምንም ነገር አያድነውም እና ዋናውን ህመም በእጅጉ ሊያባብሰው ይችላል. ጥቅም ላይ የሚውሉት ቢላዎ
1503,Amh_Eth,1. መጸዳጃ ቤቱን ከተጠቀሙ በኋላ ሁል ጊዜ ከፊት ወደ ኋላ ይጥረጉ፡፡ 2. ንጹህ የጥጥ የውስጥ ሱሪዎችን ይልበሱ፡፡,ሳሙና እና ንጹህ ውሃ ይጠቀሙ። ቢያንስ ለ20 ሰከንዶች ያጠቡ (አጭር ዘፈን መዝፈን ይችላሉ)። የእጆችዎን ጀርባ፣ በጣቶችዎ መካከል እና በጥፍሮችዎ ስር ያጽዱ።
1506,Amh_Eth,ኤችአይቪ ሊድን አይችልም፣ ነገር ግን የፀረ-ኤችአይቪ መድሃኒቶች ሰዎች ረጅም እና ጤናማ ህይወት እንዲኖሩ ይረዳሉ። ለመከላከል ኮንዶም መጠቀም፣ ደህንነቱ የተጠ,"ሄርፒስ ሊድን አይችልም, ነገር ግን መድሃኒቶች ወረርሽኞችን እና ስርጭትን ይቀንሳሉ. በኮንዶም እና ወረርሽኙ በሚከሰትበት ጊዜ የግብረ ሥጋ ግንኙነትን በማስቀረ"
1507,Amh_Eth,የሄርፒስ ወረርሽኝ በጭንቀት፣ በህመም፣ በትኩሳት፣ በድካም፣ በወር አበባ እና በተዳከመ የበሽታ መከላከያ ስርዓት ሊመጣ ይችላል። ሄርፒስ ሊድን አይችልም፣ ነገር,አነሳሽዎች ጭንቀትን፣ ሕመምን፣ ድካምን፣ የሆርሞን ለውጦችን ወይም የመከላከል አቅምን ማዳከም ያጠቃልላል።
1508,Amh_Eth,"አልማዝ ባለ ጭራ ሊድን አይችልም, ነገር ግን የፀረ-ቫይረስ መድሃኒቶች ወረርሽኙን እና ስርጭትን ይቀንሳሉ.  ወረርሽኙ በሚከሰትበት ጊዜ የግብረ ሥጋ ግንኙነትን",ጨብጥ በአንቲባዮቲክ ይታከማል። ካልታከመ መሃንነት ሊያስከትል ይችላል። መከላከያ መንገዶች መካክል ኮንዶም መጠቀም እና አብሮ ለሚኖሩት ሰው ታማኝ መሆን ያካትታ
1514,Amh_Eth,"የወደፊት የቤተሰብ ግቦችን መሠረት ባደረገ መልኩ በአክብሮት እንዴት መነጋገር እንደምትችል በማለማመድ ልትረጂያት ትችያለሽ። ለምሳሌ፦ ""የመጀመሪያው ልጃችን መራ",በአካባቢው ክሊኒክ የቅድመ ወሊድ እንክብካቤ (ANC) መዝገቦችን በመፈተሽ መጀመሪያ ጊዜ ነፍሰ ጡር እናቶችን (ከ19 ዓመት በታች) ዕድሜ እና ከማህበረሰብ ሪፖ
1516,Amh_Eth,አዎ፣ ለውጫዊ የቆዳ ድርቀት ብቻ፣ ጥቂት ንጹህ የሺ ቅቤ የብልት አካባቢን ቆዳ ለማለስለስ እና እርጥበት ለመስጠት በደህንነት መጠቀም ይቻላል። ነገር ግን ከብል,አይ፣ ክላሚዲያ ከሰውነት ውጭ ለረጅም ጊዜ መቆየት ስለማይችል በሽንት ቤት መቀመጫ አማካኝነት አይተላለፍም፤ የሚተላለፈው በግብረ ሥጋ ግንኙነት ብቻ ነው።
1517,Amh_Eth,ፍንጣቂዎች፣ የግላዊነት እጦት እና በቂ ያልሆኑ ቁሳቁሶች ልጃገረዶች ከትምህርት ቤት እንዲያመልጡ ወይም ሙሉ በሙሉ እንዲያቋርጡ በማድረግ ትምህርታቸውን መጎዳታቸ,አይ፣ ይህ የተሳሳተ አመለካከት (ተረት) ነው። እንደማንኛውም ጊዜ ገላዎን እና ፀጉርዎን መታጠብ አለብዎት። በወር አበባ ወቅት ንጽሕናን መጠበቅ ለጤና እና መጥ
1518,Amh_Eth,የቂጥኝ ቁስሎች (ቻንከር) አብዛኛውን ጊዜ ሕመም የሌላቸው ሲሆኑ፣ የሄርፒስ ቁስሎች ደግሞ አብዛኛውን ጊዜ ሕመም ያላቸው ናቸው።,በተፈጥሮአዊ አወቃቀር ሁኔታ ሁለቱም በጣም ተመሳሳይ ናቸው። ሁለቱም የሚመጡት ሄርፒስ ሲምፕሌክ በተባለ ቫይረስ ነው። ዋና ልዩነታቸው የሚወጡበት ቦታ እና የመደ
1519,Amh_Eth,አዎ። በብዙ ቦታዎች፣ ሆን ተብሎ ወይም በግዴለሽነት አንድን ሰው ለኤች አይ ቪ ማጋለጥ ከባድ ወንጀል ነው፣ ህጎችም ከጊዜ ወደ ጊዜ ሌሎች ከባድ የአባላዘር በሽ,አይኤች አይ ቪ በሽታ እንጂ እርግማን አይደለም። ሰዎችን መውቀስ መገለልን ይጨምራል እና እንክብካቤ እንዳይፈልጉ ይከለክላቸዋል።
1520,Amh_Eth,አይደለም፤ በህክምና ኤች አይ ቪ ያለባቸው ሰዎች እንደማንኛውም ሰው ረጅም እና መደበኛ ህይወት ሊኖሩ ይችላሉ።,የቂጥኝ በሽታ በፔኒሲሊን መድኃኒት ይድናል። ካልታከመ ግን አንጎልን፣ ልብን እና አካልን ይጎዳል። ቀደም ብሎ መመርመር እና መታከም ለከፋ ችግር እንዳይጋለጡ ይ
1522,Amh_Eth,ይህ ማለት በሽታው በቫይረስ የተከሰተ ነው ማለት ነው። ቫይረሶች ከባክቴሪያ የበለጠ ተንኮለኛ ናቸው ምክንያቱም ብዙውን ጊዜ በክኒን ሊታከሙ አይችሉም።,ትሪኮሞኒያስ የሚከሰተው ትሪኮሞኒያስ ቫጂናሊስ በሚባል ጥገኛ ተውሳክ ነው። ይህ በሽታ ያለ ጥንቃቄ በተደረገ የግብረ ሥጋ ግንኙነት ወቅት ይተላለፋል።
1526,Amh_Eth,አዎ: ክላሚዲያ ሕክምና ካልተደረገለት ማህፀንን ሊጎዳ እና በኋላ ላይ ልጅ መውለድ አስቸጋሪ ያደርገዋል።,አዎሕክምና ካልተደረገለት ክላሚዲያ ማህፀንን ሊጎዳ እና ለወደፊቱ ልጅ መውለድን አስቸጋሪ ያደርገዋል።
1527,Amh_Eth,ኤችአይቪ በወባ ትንኝ ንክሻ አይተላለፍም። ቫይረሱ በወባ ትንኝ ውስጥ መኖር ወይም መባዛት አይችልም ስለዚህ የ ወባ ትንኝ ከአንድ ሰው ወደ ሌላ ኤችአይቪን አያ,አይችልም: የወባ ትንኞች ኤችአይቪን አያሰራጩም። ቫይረሱ በነፍሳት ውስጥ መኖር አይችልም።
1528,Amh_Eth,አንዳንድ የቤት ውስጥ መመርመሪያ ኪት ይገኛሉ፣ ነገር ግን ወደ ክሊኒክ መሄድ ትክክለኛ ውጤቶችን እና ተገቢውን ህክምና ያረጋግጣል::,ለአንዳንድ የአባላዘር በሽታዎች በቤት ዉስጥ የሚደረግ ምርመራ አለ ነገር ግን ይህ ሁልጊዜ ትክክለኛ ውጤት አይሰጥም።ወደ ጤና ተቋም መሄድ እና ምርመራ ማድረግ 
1529,Amh_Eth,የተሻለዉ መንገድ ረጅም ጊዜ የሚሰሩ እና ሊመለሱ የሚችሉ የእርግዝና መከላከያዎች ናቸው፤ እነሱም  በክንድ እና በማህፀን ውስጥ የሚቀበር ሲሆን እነሱም ከ99% ,የተሻለው መንገድ ግለሰቡን ለቅርብ አለቃው ሪፖርት ማድረግ ነው። በተጨማሪም ለአካባቢው የፀረ-ሙስና ኮሚሽን ወይም ለፖሊስ ማመልከት ትችላለህ/ሽ። ምስክር መያዝ
1530,Amh_Eth,የጨብጥ በሽታ በተለይም በሴቶች ላይ ምንም ዓይነት ምልክት ላያሳይ ይችላል። የሚያሳያቸው ምልክቶችም ከብልት የሚወጣ ያልተለመደ ፈሳሽ፣ በሽንት ወቅት ማቃጠል/የ,የኤች አይ ቪ ምልክቶች በመጀመሪያ አካባቢ እንደ ጉንፋን የመሰለ ትኩሳት፣ የጉሮሮ መከርከር፣ የሰውነት ላይ ሽፍታ እንዲሁም ብሽሽት ሊሆኑ ይችላሉ። አብዛኛው የ
1531,Amh_Eth,ለረጅም ጊዜ የሚቆዩ የወሊድ መከላከያዎች ማለትም በክንድ የሚቀበር እና ማህፀን ውስጥ የሚደረጉ የቤተሰብ ምጣኔዎች  ይመከራሉ። ምክንቱም በየእለቱ መውሠድ አያስ,ለፍትህ ያላቸውን ስሜት እና ለወደፊቱ ለቤተሰብ የሚያስፈልገውን ነገር የሚያቀርቡ ግለሰቦች የመሆን ሚናቸውን በመጥቀስ አነጋግራቸው። እውነተኛ ወንድነት ማለት አ
1532,Amh_Eth,"በግብረ ሥጋ ግንኙነት የሚተላለፍ የክላሚዲያ በሽታ በአንቲባዮቲክ ሕክምና ያስፈልገዋል. ያለ መድሃኒት, ሰውነትን መጉዳቱ ይቀጥላል.",አይከላክሉም፡፡ በማህጸን የሚቀመጥ የወሊድ መከላከያ ወይም በክንድ ላይ የሚቀበሩ ከሆርሞን የተሰሩ የወሊድ መከላከያዎች በግብረ ስጋ ግንኙነት የሚተላለፉ የአባላ
1534,Amh_Eth,አዎ ይችላል::እንደ ጨብጥ እና ክላሚዲያ ያሉ ኢንፌክሽኖች በጸጥታ የማህፀን ቱቦዎን ሊጎዱ እና ወደ መሃንነት ሊመሩ ይችላሉ። ይህንን ጉዳት ለመከላከል ብቸኛው ,PID የሴቷ የመራቢያ አካላት (ማህፀን፣ የማህፀን ቱቦዎች እና/ወይም ኦቭየርስ) ኢንፌክሽን ሲሆን ብዙውን ጊዜ ያልታከሙ ክላሚዲያ እና ጨብጥ ናቸው። መሃንነት 
1535,Amh_Eth,HPV ምንም ዓይነት መድኃኒት የለውም፡፡ ነገር ግን ክትባቶች አደገኛ ዓይነቶችን ይከላከላሉ፣ አንዳንድ ዝርያዎች ካንሰርን ሊያስከትሉ ይችላሉ፣ ስለዚህ ምርመራ ,ጨብጥ መከላከል ኮንዶም መጠቀም እና ከትዳር አጋር ጋር መተማመንን ያካትታል።
1536,Amh_Eth,አይ። መድኃኒትዎን መውሰድ ይኖርብዎታል፤ ነገር ግን ወደ ትምህርት ቤት መሄድና መሥራት ይችላሉ። በተራ ንክኪዎች ለምሳሌ ከሰዎች አጠገብ በመቀመጥ የአባላዘር በ,ፍንጣቂዎች፣ የግላዊነት እጦት እና በቂ ያልሆኑ ቁሳቁሶች ልጃገረዶች ከትምህርት ቤት እንዲያመልጡ ወይም ሙሉ በሙሉ እንዲያቋርጡ በማድረግ ትምህርታቸውን መጎዳታቸ
1537,Amh_Eth,ብዙ ጊዜ የሲፊሊስ ቁስል አይጎዳም,አይየመጀመሪያዎቹ ቁስሎች ህመም የላቸውም፣ ስለዚህ ኢንፌክሽኑ በቀላሉ ሊያመልጥ ይችላል፡፡
1538,Amh_Eth,ያለተጠበቀ  የግብረ-ሥጋ ግንኙነት ከፈጸሙ ከባልሽ ኤች አይ ቪ ሊያዙ ይችላሉ፡፡ ኮንዶም እና ህክምናን መጠቀም ሁለቱንም አጋሮች ደህንነት ሊጠብቅ ይችላል፡፡,አዎ። ከ አባላዘር በሽታ ከተፈወሱ በኋላም ቢሆን፣ ባልዎ ካልታከመ መልሶ ሊያስተላልፍቦት ይችላል። እንደገና ኢንፌክሽንን ለመከላከል፣ ሁለቱም የትዳር አጋሮች ህ
1539,Amh_Eth,አይ ኤች አይ ቪ አልጋን በመጋራት፣ በመተቃቀፍ ወይም በጋራ በመቀመጥ አይተላለፍም። በደም፣ በወሲባዊ ፈሳሾች እና በጡት ወተት ብቻ ይተላለፋል።,ያለተጠበቀ  የግብረ-ሥጋ ግንኙነት ከፈጸሙ ከባልሽ ኤች አይ ቪ ሊያዙ ይችላሉ፡፡ ኮንዶም እና ህክምናን መጠቀም ሁለቱንም አጋሮች ደህንነት ሊጠብቅ ይችላል፡፡
1540,Amh_Eth,ያልተቋረጠ የአደገኛ ኤችፒቪ ዝርያዎች በሰውነት ውስጥ መቆየት የቫይረሱ ፕሮቲኖች የሰዉነት ሕዋስ ዕድገት ተቆጣጣሪዎችን ያለማቋረጥ እንዲያስተጓጉሉ ስለሚያደርግ ,አይአብዛኛዎቹ ኢንፌክሽኖች በራሳቸው ይጸዳሉ፣ ነገር ግን አንዳንዶቹ ይቀጥላሉ እና ወደ ካንሰር ሊመሩ ይችላሉ።
1541,Amh_Eth,ሊሆን ይችላል፡፡ በጣም የተለመደው መንስኤ የደም ማነስ (የብረት እጥረት) ከአመጋገብ ወይም ከከባድ የወር አበባ ጋር ሊያያዝ ይችላል፡፡ በተጨማሪም ሥር የሰደደ,የተስፋፋውን ኢንፌክሽን (የተሰራጨ የጨብጥ ኢንፌክሽን) ለማከም በደም ሥር (IV) የሚሰጥ አንቲባዮቲኮች ወዲያውኑ ስለሚያስፈልግ ወደ አጠቃላይ ሐኪም ወይም ድን
1542,Amh_Eth,የኮንዶም ፓኬቱን ያረጋግጡ (ለምሳሌ ኤክፓየር ዴት)ፓኬቱን በጥንቃቄ ይክፈቱየወንዱ ብልት ሙሉ በሙሉ መቆሙን ያረጋግጡየኮንዶሙን ጫፍ ይያዙኮንዶሙን ወደ ታች እስ,ኮንዶም ብልትን ብቻ ስለሚሸፍን ሄርፒስ ደግሞ በኮንዶም ባልተሸፈኑ ቦታዎች ላይ ሊታይ ሊተላለፍ ይችላል፣ ለምሳሌ በscrotum፣ በውስጥ ጭን፣ በሴት ብልት ወይ
1545,Amh_Eth,አዎ፣ ጨብጥ በፀረ-ተህዋስያን መድኃኒቶች ሙሉ በሙሉ ሊድን የሚችል በሽታ ነው። ነገር ግን አንዲት ሴት ሳትታከም ከቆየች፣ ኢንፌክሽኑ ተስፋፍቶ መካንነትን ሊያስ,አያደርግም፤ ፈጣን ምርመራ እና ህክመና ከተወሰደ፣ መካንነት አይከሰትም። ነገር ግን ክጨብጥ ለመዳን ትክክለኛ ህክምና ያስፈልጋል።
1546,Amh_Eth,አእምሮ ከሰውነት ክፍሎቻችን ልብ ኩላሊት ጉበት መካከል አንዱ ነው ። በከባድ ጭንቀት የሥነ ልቦና ጥቃት እና ድባቴ ወቅት አእምሮ ይታወክና የአእምሮ ህመም ይከ,ለማዘን ለራስህ ፍቃድ ስጥ። ከታመነ የማህበረሰብ ጤና ሰራተኛ ወይም አማካሪ ጋር ይነጋገሩ። ለራስ እንክብካቤ፣ ለትምህርትዎ እና ለወደፊት ግቦችዎ ቅድሚያ ይስጡ
1547,Amh_Eth,አዎ። የአባላዘር በሽታ ህክምና ካልተደረገለት በህፃኑ ላይ የፅንስ ማስወረድ፣መሞት ወይም ህመም ሊያስከትል ይችላል።,አዎ። እርጉዝ የሆኑ ሰዎች በቅድመ ወሊድ ክትትል ወቅት ሁልጊዜ የአባለዘር በሽታ ምርመራ ማድረግ አለባቸው። ምርመራው አስፈላጊ የሆነው ብዙዎቹ ኢንፌክሽኖች በእ
1549,Amh_Eth,አይደለም። ኤችአይቪ በአግባቡ ከተያዘ ግን በፍጥነት አይገድልም። በዘመናዊ የሕክምና እርዳታ አማካኝነት ቫይረሱን በደም ውስጥ በጣም ዝቅተኛ እንዲሆን በማድረግ ,አይደለም፤ በህክምና ኤች አይ ቪ ያለባቸው ሰዎች እንደማንኛውም ሰው ረጅም እና መደበኛ ህይወት ሊኖሩ ይችላሉ።
1550,Amh_Eth,ሴት ልጅን ገና በለጋ ዕድሜዋ በመዳር፣ የወደፊት ሀብት የማግኘት ዕድላቸውን እያጡ መሆኑን ያስረዷቸው። የእሷ መማር የወደፊት ስንቅ ሲሆን፣ እነሱ ግን ለጊዜያዊ,አይደለም፤ ምንም እንኳን ትምህርት ምርጡ መከላከያ ቢሆንም፣ ያለ ዕድሜ ጋብቻ በማንኛውም ሴት ላይ በድህነት፣ በቤተሰብ ጫና ወይም በባህላዊ ልምዶች ምክንያት ሊ
1553,Amh_Eth,ልጁ በሚተኛበት ጊዜ አነስተኛ እና ተከታታይነት ያላቸውን የጥናት ጊዜያት በመጠቀም ላይ ትኩረት አድርጊ። አንቺ በጸጥታ በምታጠኚበት ጊዜ ባለቤትሽ ወይም ታማኝ ,ቤተሰቦችዎ ደህንነታቸው የተጠበቀ እንዲሆኑ ይፈልጋሉ። የተሻለ የትዳር ጓደኛ የሚያደርግ እና ትዳራችሁን የሚያጠናክር የምስክር ወረቀት ወይም ክህሎት ማጠናቀቅ እ
1555,Amh_Eth,አዎ። ኤች ፒ ቪ በሴቶችም ሆነ በወንዶች ላይ ሊከሰት ይችላል። አንዳንድ የኤች ፒ ቪ ዝርያዎች የማህጸን ጫፍ ካንሰርን ጨምሮ የበርካታ ካንሰሮች መንስኤዎች ናቸ,የኤችፒቪ ክትባት (እንደ ጋርዳሲል 9)፣ ይህም በቀጥታ ከኤችፒቪ 16 እና 18 እና ሌሎችም ከፍተኛ አደጋ ያላቸው አይነቶች የመከላከል አቅም የሚሰጠ ነው ።
1556,Amh_Eth,አዎን — ልጃገረድ ባያገቡም ወይም ከፍተኛ ትምህርት ባይማሩም በማህበረሰብ ውስጥ መሪ ሊሆን ይችላሉ። ቁርጠኝነት እና መልካም አመራር ከቤት ወይም ከመምህራን አ,ዋናው ምልክት የመጠቀሚያ ጊዜው ሲያበቃ (ኤክስፓየር ሲያደርግ) ነው። ሌሎች ምልክቶች ደግሞ ከባድና የማይለቅ ራስ ምታት ሲኖር ወይም እርግዝና ሲፈለግ ነው።
1560,Amh_Eth,ትሪኮሞናይሲስ ብዙ ጊዜ ሕይወትን የሚያሳጣ በሽታ አይደለም ነገር ግን የጤና ችግር ሊያስከትል ይችላል። ካልታከመ ረጅም ጊዜ የሚቆይ ህመም እና ኤችአይቪን ጨምሮ,ለሕይወት አስጊ አይደለም፡፡ ነገር ግን ካልታከመ፣ ምቾት ያሳጣል እና ለሌሎች ኢንፌክሽኖች የመጋለጥ እድልን ይጨምራል፡፡
1562,Amh_Eth,ግርዛት የወሊድ ቦይን የሚያጠብ ጠንካራ እና ጥብቅ ጠባሳ እንደሚያመጣ ያስረዱ። ይህ ጠባብ ጠባሳ ምጥ እንዲረዝም ሊያደርግ ይችላል፣ ይህም የሕፃኑ ጭንቅላት ተጭ,የሴቷ ሥነ ምግባር በልቧ እና በምርጫዋ ላይ እንጂ በፕላስቲክ ወይም በክኒን ላይ እንዳልሆነ አስረዳ። የወሊድ መከላከያ ኃላፊነት የሚሰማው የቤተሰብ ምጣኔ መሳሪ
1563,Amh_Eth,አይደለም — የሚያደርስ ባለቤትን መተው ኀጢአት አይደለም።,ልጁ በሚተኛበት ጊዜ አነስተኛ እና ተከታታይነት ያላቸውን የጥናት ጊዜያት በመጠቀም ላይ ትኩረት አድርጊ። አንቺ በጸጥታ በምታጠኚበት ጊዜ ባለቤትሽ ወይም ታማኝ 
1564,Amh_Eth,PEP (Post-Exposure Prophylaxis) ኢንፌክሽኑን ለመከላከል ለኤች አይ ቪ ከተጋለጡ በኋላ በ72 ሰአታት ውስጥ የሚወሰድ የድንገተኛ ህክምና ነው።,ባክቴሪያው በተለምዶ ከ 3 እስከ 7 ቀናት ውስጥ ይጠፋል
1565,Amh_Eth,የተሻለዉ መንገድ ረጅም ጊዜ የሚሰሩ እና ሊመለሱ የሚችሉ የእርግዝና መከላከያዎች ናቸው፤ እነሱም  በክንድ እና በማህፀን ውስጥ የሚቀበር ሲሆን እነሱም ከ99% ,አይ፣ ይህ የተሳሳተ አመለካከት (ተረት) ነው። እንደማንኛውም ጊዜ ገላዎን እና ፀጉርዎን መታጠብ አለብዎት። በወር አበባ ወቅት ንጽሕናን መጠበቅ ለጤና እና መጥ
1566,Amh_Eth,ቤተሰብዎ ደህንነትዎ የተጠበቀ እና ደህንነቱ የተጠበቀ እንዲሆን ይፈልጋሉ። ጋብቻን ለአጭር ጊዜ በማዘግየት ዙሪያ ውይይቱን ያዘጋጁ፣ ይህም የተሻለ ሚስት የሚያደ,ወዲያውኑ እርዳታ ይጠይቁ። ይህ አደገኛ ምልክት ነው። ህፃኑን ከደረትዎ አስጠግተው በመያዝ ጡቱን በማቅረብ ለማጥባት ይሞክሩ፣ ነገር ግን ይህን አድርግው ህፃኑ 
1568,Amh_Eth,አዎ። ቂጥኝ ያለባቸው ነፍሰ ጡር ሴቶች ኢንፌክሽኑን ወደ ህፃኑ ሊያስተላልፉ  ይችላሉ፣ ይህም ካልታከመ በጣም አደገኛ ነው።,አዎ ቂጥኝ ያለባቸው ነፍሰ ጡር እናቶች ወደ ልጆቻቸው ሊያስተላልፉ ይችላሉ፣ ይህም ካልታከመ በጣም አደገኛ ነው፡፡
1569,Amh_Eth,ትሪኮሞኒያስ የሚከሰተው ትሪኮሞኒያስ ቫጂናሊስ በሚባል ጥገኛ ተውሳክ ነው። ይህ በሽታ ያለ ጥንቃቄ በተደረገ የግብረ ሥጋ ግንኙነት ወቅት ይተላለፋል።,ትሪኮሞኒያሲስ በትንሽ ፓራሳይት የሚከሰት የአባላዘር በሽታ ነዉ። በዋናነት ልቅ በሆነ የግብረ ስጋ ግንኙነት ይተላለፋል እና ህክምና በግዜ ከተወሰደ ይድናል።
1571,Amh_Eth,ኤችአይቪ ሊድን አይችልም፣ ነገር ግን የፀረ-ኤችአይቪ መድሃኒቶች ሰዎች ረጅም እና ጤናማ ህይወት እንዲኖሩ ይረዳሉ። መከላከያ መንገዶች መካከል ኮንዶም መጠቀም፣,ኤችአይቪ ሊድን አይችልም፤ ነገር ግን የፀረ-ኤችአይቪ መድኃኒቶች ሰዎች ረጅም እና ጤናማ ሕይወት እንዲኖሩ ይረዳሉ። መከላከያ መንገዶች ደግሞ ኮንዶም መጠቀም፣ 
1572,Amh_Eth,እርግዝና መከላከል IUD ከኢንጀክሽን የበለጠ ውጤታማ ነው። ሁለቱም ጥሩ ናቸው—የሚመረጡት ግን ከጤናዎ፣ ከምርጫዎ እና ከአቅርቦት አንጻር ይሆናል።,የአደጋ ጊዜ የእርግዝና መከላከያ ኪኒኑን አዘውትሮ መጠቀም ኪኒኑ እርግዝናን የመከላከል ብቃቱን እንዲቀንስ ያደርገዋል ፤ በተጨማሪም የሆርሞን መዛባት (የማያቋር
1573,Amh_Eth,ትሪኮሞኒያሲስ እንደ ሜትሮኒዳዞል ባሉ መድኃኒቶች ሊድን የሚችል በሽታ ነው። ማሳከክን፣ ሽታን እና ምቾት ማጣትን የሚያስከትል ሲሆን፣ መከላከያውም ኮንዶም መጠቀ,ለሕይወት አስጊ አይደለም፡፡ ነገር ግን ካልታከመ፣ ምቾት ያሳጣል እና ለሌሎች ኢንፌክሽኖች የመጋለጥ እድልን ይጨምራል፡፡
1574,Amh_Eth,አይችልም። ኤች.አይ.ቪ በቅጠላቅጠሎች ወይም በባህላዊ መድኃኒቶች ሊድን አይችልም። ቫይረሱን መቆጣጠርና የሰውነትን ጤንነት መጠበቅ የሚቻለው በዘመናዊ የኤች.አይ,ቫይራል ሎድ/የቫይረስ መጠን ምርመራ በደም ውስጥ ያለውን የኤች.አይ.ቪ መጠን ይለካል። ዝቅተኛ (ወይም በምርመራ የማይታይ) የቫይራል ሎድ/የቫይረስ መጠን የጸረ
1582,Eng_Eth,"Yes, absolutely. Many people living with HIV can look perfectly healthy for many years without showi",Yes. A person can carry HIV for years without looking sick. The only way to know is by getting teste
1586,Eng_Eth,"This is a question about, Abortion/Risk. Severe dangers: Uncontrolled bleeding, poisoning, infection","This is a question about, Early Pregnancy/Risk. Risks include Fistula, high blood pressure (Eclampsi"
1587,Eng_Eth,"This is a question about, Trichomoniasis. Trichomoniasis is curable with medicines like metronidazol","This is a question about, Trichomoniasis. Yes, with antibiotics like metronidazole or tinidazole."
1588,Eng_Eth,"This is a question about, Chlamydia. Chlamydia is a bacterial infection caused by Chlamydia trachoma","Yes, complete abstinence from all intimate contact is 100% effective for preventing STIs. It is the "
1589,Eng_Eth,"This is a question about, HPV. Yes, chemical treatments are often avoided. Warts may be removed by f","Warts can return at any time, often within the first few months, as the virus remains dormant in the"
1591,Eng_Eth,"This is a question about, Herpes. Herpes cannot be cured but medicines reduce outbreaks and spread. ",Herpes cannot be cured but treatments can reduce outbreaks and transmission. It can be prevented by 
1592,Eng_Eth,"This can happen, especially with the copper IUD. Talk to your clinic. They may recommend iron supple","Both the IUD (coil) and the injection are effective methods of preventing pregnancy, but the IUD is "
1595,Eng_Eth,"This is a question about, Counseling Technique. Conduct conversations in a private location (away fr","Direct her to the police cybercrime unit or a child helpline/NGO, and advise her to block, report, a"
1597,Eng_Eth,No. HIV does not spread through kissing.,"This is a question about, HIV/AIDS. HIV cannot be cured, but antiretroviral medicines help people li"
1598,Eng_Eth,Yes. Many people live years without symptoms. Testing is the only way to know for sure.,"This is a question about, HIV/AIDS. Yes. Many people live years without symptoms. Testing is the onl"
1599,Eng_Eth,"This is a question about, General. No. STIs are infections like any other illness. Feeling ashamed c","This is a question about, General. No. Having a chronic STI (like HIV or Herpes) does not make you a"
1600,Eng_Eth,Gonorrhea is treated with antibiotics. It can cause infertility if untreated. Prevention includes co,"This is a question about, Gonorrhea. Gonorrhea is treated with antibiotics. It can cause infertility"
1608,Eng_Eth,"No. HIV cannot be cured, but ART medicines help people live long and healthy lives.","This is a question about, HIV/AIDS. No. HIV cannot be cured, but medicines help people live long and"
1612,Eng_Eth,"No. It needs medicine from a health worker, such as metronidazole or tinidazole.","This is a question about, Gonorrhea. Yes. Even after treatment, you can be reinfected if exposed aga"
1614,Eng_Eth,"No, the child does not need an expensive diet; they simply need a healthy, nutritious diet of local,","This is a question about, Religion/Forgiveness. Your religion loves and supports you. The infection "
1616,Eng_Eth,"Chlamydia can be prevented by abstain from or limit sexual activity, use of condoms, dental dames, a","This is a question about, Chlamydia. Chlamydia is curable with antibiotics. Testing with urine or sw"
1619,Eng_Eth,"This is a question about, Trichomoniasis. Yes. With the right medicine, it is fully curable.","This is a question about, Trichomoniasis. Yes. Men can carry it without symptoms and pass it to thei"
1622,Eng_Eth,"This is a question about, Trichomoniasis. Trichomoniasis is curable with medicines like metronidazol","In women, symptoms include foul-smelling vaginal discharge, itching, and pain during urination or se"
1623,Eng_Eth,"No. Pray increase strength and hope but not cure HIV. There is no cure for HIV, ART medicines suppre","This is a question about, Chlamydia. Chlamydia is curable with antibiotics. Testing with urine or sw"
1624,Eng_Eth,"This is a question about, GBV/Protocol. Protect her first. Immediately report the perpetrator to the","This is a question about, General. Experts recommend testing every 3 to 6 months if you have multipl"
1627,Eng_Eth,"HPV has no cure but vaccines prevent dangerous types. Some strains cause cancer, so screening and va","This is a question about, Religion/Adherence. No, most HPV infections clear naturally, but some pers"
1628,Eng_Eth,"This is a question about, HPV. Human Papillomavirus.","HIV (Human Immunodeficiency Virus) is a virus that attacks the immune system. If left untreated, it "
1631,Eng_Eth,"No. HPV cannot be cured, but vaccines prevent it and doctors can treat warts and abnormal cells.","This is a question about, HPV. No. HPV cannot be cured, but vaccines prevent it and doctors can trea"
1633,Eng_Eth,"No. HIV is not spread through casual contact, food, air, or hugging. It is safe to share your life w","The risk is extremely low, as the germs die quickly outside the body. You mostly need to worry about"
1634,Eng_Eth,Health workers clarify that gonorrhea is almost always spread through sexual contact. It is treated ,"This is a question about, Gonorrhea. Gonorrhea is treated with antibiotics. It can cause infertility"
1636,Eng_Eth,"Prayer is important for strength and hope, but HIV requires medical treatment with special medicines","This is a question about, HIV/AIDS. Prayer gives hope and strength, but HIV needs medical treatment."
1637,Eng_Eth,"This is a question about, HPV. Condoms lower the risk but do not fully protect, because HPV can affe",Most HPV infections are asymptomatic. Some strains cause genital warts or precancerous changes that 
1640,Eng_Eth,"This is a question about, Chlamydia. No. Chlamydia needs antibiotics. Without medicine, it continues","This is a question about, Chlamydia. No. Chlamydia needs treatment with antibiotics. Without medicin"
1645,Eng_Eth,"This is a question about, Syphilis. No. Syphilis is a bacterial infection that spreads mainly throug",No. Syphilis is a bacterial infection that is mainly spread through sexual contact. It is not a curs
1648,Eng_Eth,"This is a question about, Syphilis. Damage to internal organs (brain, nerves, heart, eyes, blood ves","This is a question about, Syphilis. Neurosyphilis can cause dementia, madness, personality changes, "
1650,Eng_Eth,The CDC recommends annual screening for Trichomonas vaginalis because co-infection is common and can,"This is a question about, Trichomoniasis. It often leads to a change in the vaginal pH (becoming mor"
1651,Eng_Eth,"No. Kissing does not spread HIV. It spreads through unprotected sex, sharing needles, or blood conta","This is a question about, HIV/AIDS. No. Kissing does not spread HIV. It spreads through unprotected "
1652,Eng_Eth,"This is a question about, Herpes. Yes. Stress, fatigue, illness, or hormonal changes can trigger her","This is a question about, Herpes. Stress, illness, fever, hormonal changes (menstruation), and local"
1654,Eng_Eth,"Use a water analogy: ""A condom is like a thin rubber glove that keeps the fluids separate. If the fl","Respond with a firm ""No."" Say: ""Washing alone does not provide protection. My life and health are to"
1664,Eng_Eth,"This is a question about, General. No. Garlic and other home remedies cannot cure HIV or STIs. Only ",No. Garlic and other home remedies cannot cure HIV or STIs. Only proper medicines from health worker
1665,Eng_Eth,Yes. Having trichomoniasis makes it easier to get HIV if exposed.,"This is a question about, Trichomoniasis. Yes. Having trichomoniasis makes it easier to get HIV if e"
1667,Eng_Eth,"Yes, HPV is often 'silent' because most people have no symptoms and don't know they are infected. Wh","This is a question about, HPV. HPV has no cure but vaccines prevent dangerous types. Some strains ca"
1670,Eng_Eth,"Explain that the vitamins are a ""shield"" or ""extra strength"" for the baby. Focus on Folic Acid as a ","This is a question about, Economy/Nutrition. Focus on beans, lentils, eggs (if affordable), and grou"
1672,Eng_Eth,"Prayer or faith can help emotionally and spiritually, but gonorrhea is prevented through practical h","This is a question about, Herpes. Herpes is a virus that causes painful blisters around the mouth or"
1674,Eng_Eth,"This is a question about, GBV/Protocol. Advise her to talk to her husband privately and ask him to p",Do not advise a traditional method. Refer her to a hospital or licensed gynecologist who can provide
1675,Eng_Eth,"This is a question about, HIV/AIDS. They block the HIV enzyme integrase, which the virus needs to in","To stop the virus from integrating its genetic material into the host human cell's DNA, a crucial st"
1676,Eng_Eth,"No. These infections are passed through close sexual fluids, not from shared latrines, clothes, or e","This is a question about, Transmission Myth. No. These infections are passed through close sexual fl"
1677,Eng_Eth,"HIV symptoms do not always show, many individuals may remain asymptomatic for years after infection.","This is a question about, HIV/AIDS. HIV cannot be cured, but antiretroviral medicines help people li"
1681,Eng_Eth,"It contains viral-like particles (VLPs) that mimic the outer protein coat of the virus, allowing the","Yes, they do. HPV vaccines are highly effective and are designed to prevent the most dangerous types"
1686,Eng_Eth,"This is a question about, HIV/AIDS. Young people who are sexually active should test at least once a","Young people who are sexually active should test at least once a year, or more if at higher risk."
1687,Eng_Eth,"This is a question about, General Information. No. While faith is important, hidden sicknesses are c","This is a question about, Religion/Stigma. No. Religious communities are meant to support the sick, "
1689,Eng_Eth,Yes its common. Herpes cannot be cured but medicines reduce outbreaks and spread. It can be prevente,"This is a question about, Herpes. Herpes cannot be cured but medicines reduce outbreaks and spread. "
1693,Eng_Eth,"This is a question about, Transmission Risk. The virus dies quickly outside the body. Unless the too","This is a question about, Transmission. It is rare, but some infections like herpes can be passed th"
1694,Eng_Eth,"Explain that the vitamins are a ""shield"" or ""extra strength"" for the baby. Focus on Folic Acid as a ","This is a question about, Economy/Nutrition. Focus on beans, lentils, eggs (if affordable), and grou"
1696,Eng_Eth,"Yes. A mother with syphilis can pass it to her baby during pregnancy or birth, which can be very dan","This is a question about, HIV/AIDS. Yes. Without treatment, HIV can pass to a baby during pregnancy,"
1697,Eng_Eth,"This is a question about, Trichomoniasis. Yes. If untreated, it can increase the risk of getting HIV","This is a question about, Trichomoniasis. Yes. If untreated, it can increase the risk of HIV and oth"
1699,Eng_Eth,It is diagnosed by examining vaginal or urethral swabs under a microscope or via lab tests.,Trichomoniasis is an infection caused by a small parasite. It spreads during sex and is common but c
1700,Eng_Eth,"This is a question about, Syphilis. Yes. A baby can get syphilis during pregnancy or birth if the mo","This is a question about, STIs/Perinatal. Yes, Syphilis and Gonorrhea can be passed during birth and"
1702,Eng_Eth,"This is a question about, HIV/AIDS. Yes. Condoms are highly effective in preventing HIV and many oth","Condoms greatly reduce the risk, but some infections like HPV can still spread through skin contact."
1704,Eng_Eth,"This is a question about, Gonorrhea. No. Prayer gives strength, but gonorrhea requires antibiotics.","This is a question about, Gonorrhea. Yes. Even after treatment, you can get gonorrhea again if you h"
1707,Eng_Eth,"Antibiotics like azithromycin or amoxicillin are typically used, as some common treatments (like dox",Syphilis is an infection that spreads during sex. It starts with painless sores and later affects th
1713,Eng_Eth,You must have the ARV medicine. Ask the local Masjid or health center for a travel voucher to ensure,"This is a question about, Economic/Child Health. Basic childhood vaccines are usually provided for f"
1714,Eng_Eth,"This is a question about, Chlamydia. Chlamydia is a bacterial infection caused by Chlamydia trachoma","Yes. Chlamydia is curable with antibiotics. Testing with urine or swabs is needed, and prevention in"
1716,Eng_Eth,"This is a question about, Chlamydia. Chlamydia is curable with antibiotics. Testing with urine or sw",Go to the clinic immediately for the PEP medicine (Post-Exposure Prophylaxis) to prevent HIV. This i
1722,Eng_Eth,"This is a question about, Prevention Risk. No. The birth control pill only stops pregnancy; it does ","This is a question about, Chlamydia. Chlamydia is curable with antibiotics. Testing with urine or sw"
1730,Eng_Eth,You must have the ARV medicine. Ask the local Masjid or health center for a travel voucher to ensure,"This is a question about, Economic/Child Health. Basic childhood vaccines are usually provided for f"
1731,Eng_Eth,"No. Pray increase strength and hope but not cure HIV. There is no cure for HIV, ART medicines suppre","This is a question about, Chlamydia. Chlamydia is curable with antibiotics. Testing with urine or sw"
1735,Eng_Eth,"This is a question about, General. No. Washing after sex does not prevent HIV or STIs. Using condoms",No. Washing after sex does not prevent HIV or other STIs. Using condoms correctly and consistently i
1736,Eng_Eth,"This is a question about, Chlamydia. No. Chlamydia needs antibiotics. Without treatment, it continue","This is a question about, Chlamydia. No. Chlamydia needs antibiotics. Without medicine, it continues"
1739,Eng_Eth,"Prayer or faith can help emotionally and spiritually, but gonorrhea is prevented through practical h","This is a question about, Gonorrhea. Gonorrhea is treated with antibiotics. It can cause infertility"
1744,Eng_Eth,"This is a question about, Education/Dropout. The most common reasons are early marriage/pregnancy an","No, they cannot force you. You have the right to choose a method or refuse a method. You must give y"
1747,Eng_Eth,"This is a question about, Herpes. Cold sores or fever blisters (when on the mouth).",Herpes is a virus that causes painful blisters around the mouth or private parts. It can return many
1748,Eng_Eth,No. People with HIV can marry and have families if they take treatment and follow precautions.,"This is a question about, HIV/AIDS. No. People with HIV can marry and have families if they take tre"
1749,Eng_Eth,The Window Period.,The time between initial infection and when a specific test can reliably detect the virus or antibod
1750,Eng_Eth,"This is a question about, Trichomoniasis, HIV/AIDS. The CDC recommends annual screening for T. vagin",A higher dose or longer course of Metronidazole or Tinidazole may be prescribed.
1753,Eng_Eth,"This is a question about, Economy/Support. A vaccine that protects against high-risk HPV types linke","This is a question about, Symptoms. Boys and girls aged 9–14, and anyone up to 26 who missed vaccina"
1754,Eng_Eth,Herpes is a virus that causes painful blisters around the mouth or the genital area.,"This is a question about, Herpes. A viral STI caused by Herpes Simplex Virus (HSV-1 and HSV-2)."
1755,Eng_Eth,"This is a question about, Counseling Technique. Conduct conversations in a private location (away fr","Direct her to the police cybercrime unit or a child helpline/NGO, and advise her to block, report, a"
1757,Eng_Eth,"No. Pray increase strength and hope but not cure HIV. There is no cure for HIV, ART medicines suppre","This is a question about, Trichomoniasis. Trichomoniasis is an infection caused by a small parasite."
1759,Eng_Eth,Trichomoniasis is an infection caused by a small parasite. It spreads during sex and is common but c,"Trichomoniasis is curable with medicines like metronidazole. It causes itching, smell, and discomfor"
1767,Eng_Eth,"This is a question about, HPV. HPV has no cure but vaccines prevent dangerous types. Some strains ca","This is a question about, HPV. Yes. Some types of HPV cause cancers of the cervix, throat, and genit"
1774,Eng_Eth,"This is a question about, HIV/AIDS. Yes. A person can carry HIV for years without looking sick. The ",Yes. A person can carry HIV for years without looking sick. The only way to know is by getting teste
1775,Eng_Eth,Herpes is diagnosed by examining sores or by lab tests when sores are present.,"This is a question about, Herpes. Herpes cannot be cured but medicines reduce outbreaks and spread. "
1776,Eng_Eth,"Herpes cannot be cured by holy water, but medicines reduce outbreaks and spread.",Herpes cannot be cured but treatments can reduce outbreaks and transmission. It can be prevented by 
1779,Eng_Eth,"No, they cannot force you. You have the right to choose a method or refuse a method. You must give y","Ignore the rumors. Focus on your good deeds, your work, and your family. A good life and respected a"
1781,Eng_Eth,"No. Pray increase strength and hope but not cure HIV. There is no cure for HIV, ART medicines suppre","This is a question about, Trichomoniasis. Trichomoniasis is an infection caused by a small parasite."
1785,Eng_Eth,"This is a question about, Chlamydia. Chlamydial Pneumonia (at 4-12 weeks of age) in addition to opht","This is a question about, Gonorrhea. Gonorrhea is treated with antibiotics. It can cause infertility"
1786,Eng_Eth,Gonorrhea is treated with antibiotics. It can cause infertility if untreated. Prevention includes co,"This is a question about, Gonorrhea. Gonorrhea is treated with antibiotics. It can cause infertility"
1789,Eng_Eth,The most common reasons are early marriage or pregnancy and the need to work to support the family.,"Not due to immunity (there is none), but because they remain in a high-risk sexual network or contin"
1790,Eng_Eth,"This is a question about, HPV. They are related. The Pap smear looks for cell changes (pre-cancer). ","No. While the vaccine prevents the highest-risk types, it doesn't cover all cancer-causing types, an"
1794,Eng_Eth,"Some home test kits exist, but visiting a clinic ensures accurate results and proper treatment.","This is a question about, General. Some home test kits exist, but visiting a clinic ensures accurate"
1799,Eng_Eth,"This is a question about, HIV/AIDS. No. Kissing does not spread HIV. It spreads through unprotected ","No. Kissing does not spread HIV. It spreads through unprotected sex, sharing needles, or blood conta"
1802,Eng_Eth,"This is a question about, HPV. HPV has no cure but vaccines prevent dangerous types. Some strains ca","This is a question about, HPV. Yes. The HPV vaccine is safe and highly effective in preventing HPV-r"
1806,Eng_Eth,"This is a question about, Herpes. Yes. Stress, fatigue, illness, or hormonal changes can trigger her","This is a question about, Herpes. Stress, illness, fever, hormonal changes (menstruation), and local"
1807,Eng_Eth,"Yes. Most HPV infections go away naturally, but some stay and can cause cancer if not checked.","This is a question about, HPV. Yes. Most HPV infections go away naturally, but some stay and can cau"
1808,Eng_Eth,"This is a question about, Gonorrhea. No. Prayer gives strength, but gonorrhea requires antibiotics.","This is a question about, Gonorrhea. Yes. Even after treatment, you can get gonorrhea again if you h"
1809,Eng_Eth,Yes. Trichomoniasis increases HIV risk because the inflammation makes transmission easier.,"This is a question about, Trichomoniasis. Yes. Having trichomoniasis makes it easier to get HIV if e"
1810,Eng_Eth,"This is a question about, Trichomoniasis. Yes. Men often do not show symptoms but can pass the infec","This is a question about, Trichomoniasis. Trichomoniasis is curable with medicines like metronidazol"
1813,Eng_Eth,"This is a question about, Herpes. No specific test is recommended, but counseling on the risk and po","This is a question about, Herpes. Cesarean Section (C-section) is recommended to avoid the baby's co"
1814,Eng_Eth,"There is no ""safe age"" for a secret relationship. Secrecy is dangerous and often leads to shame, pre",No. Your faith supports your health and well-being. A loving husband should respect your body and no
1816,Eng_Eth,"This is a question about, Chlamydia. With medical guidance, HIV-positive mothers on ART can reduce t","This is a question about, Breastfeeding/PMTCT. This depends on your viral load. If your viral load i"
1820,Eng_Eth,"This is a question about, Chlamydia. Yes. Many people do not feel sick but still carry chlamydia and","This is a question about, Common Symptoms. Yes, this can be a very common infection called bacterial"
1822,Eng_Eth,"This is a question about, Chlamydia. Chlamydia is curable with antibiotics. Testing with urine or sw","Chlamydia is curable with antibiotics. If untreated, it can stay and can silently damage the body (i"
1824,Eng_Eth,"No. Pray increase strength and hope but not cure HIV. There is no cure for HIV, ART medicines suppre","This is a question about, HPV. Condoms lower the risk but do not fully protect, because HPV can affe"
1826,Eng_Eth,"This is a question about, GBV/Protocol. Protect her first. Immediately report the perpetrator to the","This is a question about, General. Experts recommend testing every 3 to 6 months if you have multipl"
1828,Eng_Eth,"This is a question about, Syphilis. Consistent and correct use of latex condoms.","This is a question about, Herpes. Condom use, avoiding sex during outbreaks, and taking suppressive "
1829,Eng_Eth,"This is a question about, Trichomoniasis. Yes. With the right medicine, it is fully curable.","This is a question about, Trichomoniasis. Yes. With the right medicine, trichomoniasis can be cured "
1832,Eng_Eth,"Girls test for HPV through screening, such as a Pap smear or an HPV test. While HPV has no cure, vac","This is a question about, HPV. HPV has no cure but vaccines prevent dangerous types. Some strains ca"
1835,Eng_Eth,"This is a question about, HIV/AIDS. If you have unprotected sex, you can get HIV from your husband. ","This is a question about, Rights/Inheritance. In many places, this is illegal. Health status cannot "
1836,Eng_Eth,"This is a question about, HPV. Yes. HPV is common among girls and boys. Some HPV types can cause can","This is a question about, HPV. HPV (Human Papillomavirus) is a viral STI with over 100 strains; some"
1844,Eng_Eth,"This is a question about, Trichomoniasis. No. It is a single-celled microscopic organism that can on","This is a question about, Trichomoniasis. No, the parasite cannot survive for long outside the human"
1847,Eng_Eth,Yes its common. Herpes cannot be cured but medicines reduce outbreaks and spread. It can be prevente,"Yes. Girls with herpes can marry, have children, and live normal lives with care and support."
1849,Eng_Eth,"Yes. The doctor will need to see the area being treated, but you can insist that only the required a",Some places offer a rapid finger-prick test or an oral swab test (using fluid from the mouth). Ask y
1851,Eng_Eth,"This is a question about, General. Yes. Women often show fewer signs, making infections harder to de","Yes. Women often show fewer signs, making infections harder to detect, and untreated STIs can cause "
1852,Eng_Eth,"This is a question about, Chlamydia. Chlamydia is curable with antibiotics. Testing with urine or sw","Chlamydia is curable with antibiotics. If untreated, it can stay and can silently damage the body (i"
1853,Eng_Eth,"This is a question about, HPV. Yes. Tests for HPV in men usually involve examining visible warts or ","This is a question about, Chlamydia. No. Chlamydia cannot live outside the body. It spreads only thr"
1854,Eng_Eth,"This is a question about, Syphilis. Yes. Pregnant women with syphilis can pass it to their babies, w","This is a question about, Syphilis. Syphilis is cured with penicillin. If untreated, it damages the "
1855,Eng_Eth,"This is a question about, Chlamydia. Chlamydial Pneumonia (at 4-12 weeks of age) in addition to opht","This is a question about, Gonorrhea. Gonorrhea is treated with antibiotics. It can cause infertility"
1857,Eng_Eth,"This is a question about, Family Planning/Risk. Frequent use makes the pill less effective at preven","Emphasize that breast milk is perfect and free, while formula is expensive, requires clean water (hi"
1859,Eng_Eth,"This is a question about, HPV. HPV has no cure but vaccines prevent dangerous types. Some strains ca","HPV has no cure, but vaccines prevent infection by dangerous types. Some strains cause cancer, so sc"
1862,Eng_Eth,"This is a question about, HIV/AIDS. Young people who are sexually active should test at least once a","Young people who are sexually active should test at least once a year, or more if at higher risk."
1866,Eng_Eth,No. People with HIV can marry and have families if they take treatment and precautions.,"This is a question about, HIV/AIDS. No. People with HIV can marry and have families if they take tre"
1867,Eng_Eth,"This is a question about, HPV. HPV has no cure but vaccines prevent dangerous types. Some strains ca","This is a question about, HPV. Yes. Some types of HPV cause cancers of the cervix, throat, and genit"
1870,Eng_Eth,"They are usually smaller in size and number, heal faster, and are confined to a smaller area than th","This is a question about, Herpes. Recurrences are typically shorter in duration, less severe (fewer "
1873,Eng_Eth,"This is a question about, Education/Protocol. Refer her to a social worker or a local re-entry progr",Focus on the long-term economic risk: An educated daughter has a better chance of lifting the family
1875,Eng_Eth,"This is a question about, HIV/AIDS. HIV cannot be cured, but antiretroviral medicines help people li","HIV symptoms do not always show, many individuals may remain asymptomatic for years after infection."
1876,Eng_Eth,"Yes. Girls with herpes can marry, have families, and live normal lives with care and support.","This is a question about, Herpes. Yes. Girls with herpes can marry, have families, and live normal l"
1877,Eng_Eth,No. Your faith supports your health and well-being. A loving husband should respect your body and no,"This is a question about, GBV/Health Access. This is a form of abuse (denial of care). Talk to a tru"
1880,Eng_Eth,"This is a question about, Herpes. No, but antiviral medications (like Acyclovir) can manage symptoms","No, HPV (Human Papillomavirus) does not have a cure, but vaccines prevent dangerous types. Some stra"
1882,Eng_Eth,"This is a question about, Gonorrhea. Gonorrhea is treated with antibiotics. It can cause infertility","Prayer or faith can help emotionally and spiritually, but gonorrhea is prevented through practical h"
1883,Eng_Eth,"This is a question about, HPV. There is currently no approved general screening test for HPV in men.","Yes, men can be checked for HPV, but routine HPV screening for men is not widely recommended, and op"
1890,Eng_Eth,Herpes is a virus that causes painful blisters around the mouth or the genital area.,"This is a question about, Herpes. A viral STI caused by Herpes Simplex Virus (HSV-1 and HSV-2)."
1892,Eng_Eth,"This is a question about, Chlamydia. Yes. If left untreated, chlamydia can damage the womb and make ","This is a question about, Chlamydia. Yes. If left untreated, chlamydia can damage the womb and make "
1894,Eng_Eth,"No. HIV medicines help people live stronger, healthier lives by controlling the virus.","This is a question about, HIV/AIDS. No. HIV medicines help people live stronger, healthier lives by "
1901,Eng_Eth,"This is a real fear, but most families eventually offer support. You should confide in a trusted rel","You cannot undo the gossip, but you can talk to a counselor about how to manage the shame and find n"
1904,Eng_Eth,"This is a question about, Chlamydia. No. Chlamydia cannot live outside the body. It spreads only thr","This is a question about, Chlamydia. No. Chlamydia does not survive outside the body. It spreads onl"
1908,Eng_Eth,"This is a question about, General. No. Alcohol does not cure infections inside the body. Proper trea",Doctors and medical experts say that drinking alcohol does NOT kill STI germs. Proper treatment is n
1909,Eng_Eth,"Condoms reduce the risk but do not give full protection, because HPV can affect areas not covered by","This is a question about, HPV. Condoms reduce the risk but do not give full protection, because HPV "
1910,Eng_Eth,"No, it can't. Health workers state that syphilis is a bacterial infection that can only be cured wit","This is a question about, Syphilis. Syphilis is cured with penicillin. If untreated, it damages the "
1914,Eng_Eth,"Take the missed dose as soon as you remember, unless it is within 4 hours of the next scheduled dose","Banks are formal and require extensive paperwork and collateral, while microloan organizations like "
1915,Eng_Eth,"No. HIV is not spread through casual contact, food, air, or hugging. It is safe to share your life w","The risk is extremely low, as the germs die quickly outside the body. You mostly need to worry about"
1916,Eng_Eth,"This is a question about, HIV/AIDS. No. With proper treatment, people with HIV can live long, health","This is a question about, HIV/AIDS. No. With treatment, people with HIV can live a long and normal l"
1919,Eng_Eth,"This is a question about, Syphilis. Yes. Pregnant women with syphilis can pass it to their babies, w","This is a question about, Syphilis. Syphilis is cured with penicillin. If untreated, it damages the "
1921,Eng_Eth,"This is a question about, Chlamydia. Yes. Many people do not feel sick but still carry chlamydia and","This is a question about, Common Symptoms. Yes, this can be a very common infection called bacterial"
1924,Eng_Eth,"This is a question about, Chlamydia. Chlamydia is curable with antibiotics. Testing with urine or sw","Chlamydia is curable with antibiotics. Testing with urine or swabs is needed, and prevention include"
1929,Eng_Eth,"This is a question about, Syphilis. It's a non-itchy, reddish-brown rash that frequently covers the ","The characteristic lesion of primary syphilis is a chancre, typically painless, firm, indurated and "
1931,Eng_Eth,"Herpes cannot be cured by holy water, but medicines reduce outbreaks and spread.","This is a question about, Herpes. Herpes cannot be cured but medicines reduce outbreaks and spread. "
1933,Eng_Eth,"This is a question about, HIV/AIDS. No. Herbs cannot cure HIV. Only antiretroviral therapy (ART) con","This is a question about, Gonorrhea. No. Herbs cannot cure gonorrhea. It needs antibiotics from a cl"
1934,Eng_Eth,"No. Most STIs, especially those causing long-term health problems, cannot be passed through casual c","This is a question about, General. No. Some STIs are tested by urine samples or swabs. Blood tests d"
1935,Eng_Eth,"It contains viral-like particles (VLPs) that mimic the outer protein coat of the virus, allowing the","Yes, they do. HPV vaccines are highly effective and are designed to prevent the most dangerous types"
1936,Eng_Eth,"This is a question about, Trichomoniasis. Yes. With the right medicine, it is fully curable.","This is a question about, Trichomoniasis. Yes. Men can carry it without symptoms and pass it to thei"
1938,Eng_Eth,"No, they cannot force you. You have the right to choose a method or refuse a method. You must give y","Ignore the rumors. Focus on your good deeds, your work, and your family. A good life and respected a"
1941,Eng_Eth,"No. HIV medicines help people live stronger, healthier lives by controlling the virus.","This is a question about, HIV/AIDS. No. HIV medicines help people live stronger, healthier lives by "
1942,Eng_Eth,"This is a question about, Trichomoniasis. Yes. With the right medicine, trichomoniasis can be cured ","This is a question about, Trichomoniasis. Yes. Men can carry trichomoniasis without knowing and pass"
1943,Eng_Eth,"No, it can't. Health workers state that syphilis is a bacterial infection that can only be cured wit","This is a question about, Syphilis. Syphilis is cured with penicillin. If untreated, it damages the "
1947,Eng_Eth,No. Holy water cannot cure STIs. Drugs from health facilities are needed for treatment.,"This is a question about, General. No. Holy water cannot cure STIs. Medicines from clinics are neede"
1948,Eng_Eth,"This is a question about, HPV. HPV has no cure but vaccines prevent dangerous types. Some strains ca","This is a question about, HPV. Yes. The HPV vaccine is safe and highly effective in preventing HPV-r"
1949,Eng_Eth,"This is a question about, Chlamydia. Chlamydia is diagnosed with urine tests or swab samples from th","This is a question about, Chlamydia. Chlamydia is diagnosed through urine tests or swabs from privat"
1951,Eng_Eth,"This is a question about, Syphilis. Yes. Pregnant women with syphilis can pass it to their babies, w","This is a question about, Syphilis. Syphilis is cured with penicillin. If untreated, it damages the "
1952,Eng_Eth,"This is a question about, Gonorrhea. Yes. If untreated, gonorrhea can damage the reproductive system","This is a question about, Gonorrhea. Yes. If not treated, gonorrhea can damage the body and cause in"
1953,Eng_Eth,"This is a question about, Abortion/Risk. Severe dangers: Uncontrolled bleeding, poisoning, infection","This is a question about, Early Pregnancy/Risk. Risks include Fistula, high blood pressure (Eclampsi"
1954,Eng_Eth,"This is a question about, Trichomoniasis. Yes. With the right medicine, trichomoniasis can be cured ","This is a question about, Trichomoniasis. It is not life-threatening, but if untreated, it causes di"
1956,Eng_Eth,"This is a question about, Gonorrhea. Gonorrhea is treated with antibiotics. It can cause infertility","Gonorrhea is treated with antibiotics. If untreated, it can cause infertility. Prevention includes u"
1960,Eng_Eth,PrEP is taken before a possible exposure (like a shield).PEP is taken after a possible exposure (lik,"Present the evidence: ""A dowry is spent quickly, but my education is a lifetime investment that will"
1963,Eng_Eth,"Yes. A mother with syphilis can pass it to her baby during pregnancy or birth, which can be very dan","This is a question about, Syphilis. Yes. A mother with syphilis can pass it to her baby during pregn"
1971,Eng_Eth,PrEP is taken before a possible exposure (like a shield).PEP is taken after a possible exposure (lik,"Present the evidence: ""A dowry is spent quickly, but my education is a lifetime investment that will"
1974,Eng_Eth,"In a severe primary herpes infection, the condition described as widespread ulcerative lesions. In w","This is a question about, General Information. Healthcare providers are required by law to report ca"
1976,Eng_Eth,Yes. Herpes can spread even when no blisters or sores are visible. This happens because the virus ca,"This is a question about, Herpes. Yes. Herpes can spread even when no blisters are visible."
1979,Eng_Eth,"This is a question about, Trichomoniasis. The parasite often resides in the urethra in a way that do","The parasite often lives in the urethra without causing a strong inflammatory response in men, so th"
1980,Eng_Eth,"This is a question about, Economic/Health Access. The health center often provides the pill at a low","This is a question about, Economic/Child Health. Basic childhood vaccines are usually provided for f"
1982,Eng_Eth,Yes. Condoms are highly effective in preventing HIV and many other STIs if used correctly.,"This is a question about, HIV/AIDS. Yes. Condoms are highly effective in preventing HIV and many oth"
1983,Eng_Eth,The most common reasons are early marriage or pregnancy and the need to work to support the family.,"Not due to immunity (there is none), but because they remain in a high-risk sexual network or contin"
1984,Eng_Eth,"This is a question about, General. No. Washing after sex does not prevent HIV or STIs. Using condoms","This is a question about, General. Yes. Vaccines exist for some STIs like HPV and Hepatitis B, but n"
1987,Eng_Eth,"This is a question about, HIV/AIDS. No. HIV cannot be cured, but medicines help people live long and","There is no cure, but antiretroviral therapy (ART) can control HIV and allow people to live long, he"
1989,Eng_Eth,"Yes. With daily medicine (ARVs), you can live a long, healthy life. With medical guidance, you can a","This is a question about, HIV/AIDS. No. People with HIV can marry and have families if they take tre"
1997,Eng_Eth,"Take the missed dose as soon as you remember, unless it is within 4 hours of the next scheduled dose","Banks are formal and require extensive paperwork and collateral, while microloan organizations like "
2000,Eng_Eth,"No, the child does not need an expensive diet; they simply need a healthy, nutritious diet of local,","This is a question about, Religion/Forgiveness. Your religion loves and supports you. The infection "
2004,Eng_Eth,"This is a question about, General. No. Alcohol does not cure infections inside the body. Proper trea",Doctors and medical experts say that drinking alcohol does NOT kill STI germs. Proper treatment is n
2005,Eng_Eth,No. There is no cure for herpes. Only antiviral medications help control outbreaks.,"This is a question about, Herpes. No. Herpes cannot be removed from the body, but medicine controls "
2011,Eng_Eth,"This is a question about, Trichomoniasis. It is not life-threatening, but if untreated, it causes di","It is not life-threatening, but if untreated, it causes discomfort and raises risks for other infect"
2013,Eng_Eth,"Yes, men can carry trichomoniasis without knowing it. The infection can persist in the urethra or pr","This is a question about, Trichomoniasis. Trichomoniasis is curable with medicines like metronidazol"
2015,Eng_Eth,"This is a question about, HIV/AIDS. Prayer gives hope and strength, but HIV needs medical treatment.","Prayer provides hope and emotional strength, but HIV requires medical treatment. ARVs are necessary "
2019,Eng_Eth,"This is a question about, Pregnancy & Treatment. Yes. The treatment will be carefully chosen to cure","This is a question about, Stigma/Daily Life. Yes, but you must start treatment immediately. Infectio"
2020,Eng_Eth,"No, herpes does not prevent marriage. Herpes cannot be cured but medicines reduce outbreaks and spre","This is a question about, Herpes. Herpes cannot be cured but medicines reduce outbreaks and spread. "
2023,Eng_Eth,"This is a question about, Chlamydia. No. Chlamydia does not survive long outside the human body, so ","This is a question about, Chlamydia. No. Chlamydia cannot live outside the body. It spreads only thr"
2028,Eng_Eth,"This is a question about, GBV/Protocol. Advise her to talk to her husband privately and ask him to p",Do not advise a traditional method. Refer her to a hospital or licensed gynecologist who can provide
2029,Eng_Eth,"This is a question about, HPV. Yes. Tests for HPV in men usually involve examining visible warts or ","This is a question about, Chlamydia. No. Chlamydia cannot live outside the body. It spreads only thr"
2031,Eng_Eth,No. Applying oil or cream after sex cannot prevent infections. Prevention requires using condoms and,No. This is extremely toxic and dangerous. Petrol or kerosene is highly flammable and toxic to the s
2036,Eng_Eth,"STIs are specifically passed through intimate sexual contacts (not by mosquitoes, air, or food). Man","HIV cannot be cured, but antiretroviral medicines help people live long and healthy lives. Preventio"
2037,Eng_Eth,"This is a question about, Herpes. Cold sores or fever blisters (when on the mouth).",Herpes is a virus that causes painful blisters around the mouth or private parts. It can return many
2041,Eng_Eth,"This is a question about, HPV Warts/Harmful Practices. Do NOT scrape the bumps. This is extremely pa","No, HPV has no cure even using modern medicines, but vaccines prevent dangerous types. Some strains "
2043,Eng_Eth,"This is a question about, General. Boys can avoid STIs by using condoms, limiting partners, and gett",Gonorrhea can be prevented by using condoms and practicing safe sex. Testing is done using urine sam
2044,Eng_Eth,"This is a question about, Herpes. Herpes cannot be cured but medicines reduce outbreaks and spread. ","This is a question about, Gonorrhea. Gonorrhea is treated with antibiotics. It can cause infertility"
2048,Eng_Eth,"This is a question about, Menstruation/Hygiene. Change the pad or cloth every 4 to 6 hours during th","Culturally, it is seen as immodest and important to keep it hidden. Ensure you dispose of or wash yo"
2055,Eng_Eth,"This is a question about, Chlamydia. No. Chlamydia does not survive long outside the human body, so ","This is a question about, Chlamydia. No. Chlamydia cannot live outside the body. It spreads only thr"
2056,Eng_Eth,"This is a question about, Pregnancy & Treatment. Yes. The treatment will be carefully chosen to cure","This is a question about, Stigma/Daily Life. Yes, but you must start treatment immediately. Infectio"
2058,Eng_Eth,"This is a question about, Pregnancy & Treatment. Yes. The treatment will be carefully chosen to cure","This is a question about, Syphilis. Syphilis is cured with penicillin. If untreated, it damages the "
2063,Eng_Eth,"Yes, that is marital rape. Your body is your own, and you have the right to say ""No,"" even in marria","This is a question about, Mental Health/STIs. Emotionally, yes, she will be hurt and stressed. Physi"
2065,Eng_Eth,No. Your faith supports your health and well-being. A loving husband should respect your body and no,"This is a question about, GBV/Health Access. This is a form of abuse (denial of care). Talk to a tru"
2066,Eng_Eth,"This is a question about, HIV/AIDS. Yes. Circumcision reduces the risk of HIV for men but does not g",Yes. Circumcision reduces the risk of HIV for men but does not give full protection. Condoms are sti
2067,Eng_Eth,"This is a question about, HPV. No. HPV cannot be cured, but vaccines prevent it and doctors can trea","This is a question about, HPV. Yes. Some types of HPV cause cancers of the cervix, throat, and genit"
2068,Eng_Eth,Herpes cannot be cured but medicines reduce outbreaks and spread. It can be prevented by condoms and,"This is a question about, Herpes. Herpes cannot be cured but medicines reduce outbreaks and spread. "
2072,Eng_Eth,"This is a real fear, but most families eventually offer support. You should confide in a trusted rel","You cannot undo the gossip, but you can talk to a counselor about how to manage the shame and find n"
2073,Eng_Eth,"Prayer or faith can help emotionally and spiritually, but gonorrhea is prevented through practical h","This is a question about, HIV/AIDS. HIV cannot be cured, but antiretroviral medicines help people li"
2074,Eng_Eth,Genital warts can be treated and removed in several ways. This includes cryotherapy (freezing them o,"This is a question about, HPV. Cryotherapy (freezing), electrocautery (burning), surgical excision ("
2077,Eng_Eth,"This is a question about, HPV. Women can know through Pap smear tests or HPV tests done at clinics.","This is a question about, HIV/AIDS. Blood tests or rapid finger-prick tests detect HIV. Results may "
2079,Eng_Eth,"This is a question about, HPV. Virtually zero; they are benign and not classified as oncogenic (canc","This is a question about, HPV. No. Warts are caused by low-risk types (6 and 11); cancer is caused b"
2081,Eng_Eth,"This is a question about, Herpes. Herpes is a virus that causes painful blisters around the mouth or",Herpes is a virus that causes painful blisters around the mouth or the genital area.
2082,Eng_Eth,"Yes. Both girls and boys can get chlamydia. It can cause pain, discharge, or no signs at all.","This is a question about, Chlamydia. Yes. Both girls and boys can get chlamydia. It can cause pain, "
2085,Eng_Eth,Yes. Even one time puts you at risk. It is best to get checked right away for peace of mind and earl,"This is a question about, General Information. Anal sex carries a higher risk of transmission for ma"
2086,Eng_Eth,tell your doctor you are breastfeeding. They will prescribe safe antibiotic (like Azithromycin) and ,"No. Birth control pills, regardless of the dose, only prevent pregnancy. They offer zero protection "
2089,Eng_Eth,Yes its common. Herpes cannot be cured but medicines reduce outbreaks and spread. It can be prevente,"This is a question about, Herpes. Yes. Herpes is very common worldwide. Many people have it without "
2092,Eng_Eth,"In a severe primary herpes infection, the condition described as widespread ulcerative lesions. In w","This is a question about, General Information. Healthcare providers are required by law to report ca"
2093,Eng_Eth,"Counsel and reassure her that irregular bleeding can be normal. Advise her to track it, and if it be","This is a question about, Early Pregnancy/Protocol. Refer immediately to the hospital for safe deliv"
2094,Eng_Eth,"No. Chlamydia needs antibiotics. Without treatment, it continues to cause harm.","Chlamydia is cured with antibiotics, diagnosed with urine or swab tests, and prevented by condoms an"
2095,Eng_Eth,"In its early stages, Syphilis is very easy to cure. The standard treatment is a single dose of Benza","Syphilis is curable with penicillin. If left untreated, it can damage the brain, heart, and other or"
2098,Eng_Eth,"The CD4 count reflects the strength of the immune system. A count below 200 indicates AIDS, and trea",Explain that violence will not stop until it is exposed. Reporting protects not only her but also ot
2099,Eng_Eth,"This is a question about, Herpes. Herpes cannot be cured but medicines reduce outbreaks and spread. ","No, herpes does not prevent marriage. Herpes cannot be cured but medicines reduce outbreaks and spre"
2101,Eng_Eth,"Counsel and reassure her that irregular bleeding can be normal. Advise her to track it, and if it be","This is a question about, Early Pregnancy/Protocol. Refer immediately to the hospital for safe deliv"
2102,Eng_Eth,"This is a question about, HIV/Risk. Yes, it is possible. If the razor blade or tattoo needle has inf","This is a question about, HIV/Hepatitis B Risk. Cutting the skin and sharing unsterilized blades for"
2105,Eng_Eth,"This is a question about, Chlamydia, Gonorrhea. Chlamydia discharge is often thin and clear/watery, ","This is a question about, Chlamydia, Gonorrhea. Because the organisms are biologically distinct (bac"
2106,Eng_Eth,"This is a question about, Herpes. No, but antiviral medications (like Acyclovir) can manage symptoms","No, HPV (Human Papillomavirus) does not have a cure, but vaccines prevent dangerous types. Some stra"
2107,Eng_Eth,"Yes. Pregnant women with syphilis can pass it to their babies, which is very dangerous if untreated.","This is a question about, Syphilis. Yes. Pregnant women with syphilis can pass it to their babies, w"
2109,Eng_Eth,"Use only mild soap and water on the outside for ritual washing. Inserting herbs, chemicals, or powde",It might. Only the medicine can cure the infection. Focus on taking the medicine correctly and ask t
2110,Eng_Eth,"This is a question about, Family Planning/Risk. Frequent use makes the pill less effective at preven","Emphasize that breast milk is perfect and free, while formula is expensive, requires clean water (hi"
2111,Eng_Eth,"This is a question about, Syphilis. Yes. A baby can get syphilis during pregnancy or birth if the mo","This is a question about, STIs/Perinatal. Yes, Syphilis and Gonorrhea can be passed during birth and"
2112,Eng_Eth,"Trichomoniasis is curable with medications such as metronidazole. It causes itching, smell, and disc","This is a question about, Trichomoniasis. Trichomoniasis is curable with medicines like metronidazol"
2113,Eng_Eth,No. Some STIs require urine tests or swabs. Blood tests check for HIV and syphilis.,"This is a question about, General. No. Some STIs need urine tests or swabs. Blood tests check HIV an"
2116,Eng_Eth,The CDC recommends annual screening for Trichomonas vaginalis because co-infection is common and can,"This is a question about, Trichomoniasis. It often leads to a change in the vaginal pH (becoming mor"
2117,Eng_Eth,Genital warts can be treated and removed in several ways. This includes cryotherapy (freezing them o,"This is a question about, HPV. Cryotherapy (freezing), electrocautery (burning), surgical excision ("
2120,Eng_Eth,"Syphilis causes similar symptoms in females and males. A person may first notice sores on the body, ","This is a question about, Syphilis. Syphilis is cured with penicillin. If untreated, it damages the "
2123,Eng_Eth,"Condoms reduce the risk but do not give full protection, because HPV can affect areas not covered by","Condoms reduce the risk but do not give complete protection, since HPV can infect areas not covered "
2132,Eng_Eth,"This is a question about, HPV. HPV has no cure but vaccines prevent dangerous types. Some strains ca","HIV cannot be cured, but antiretroviral medicines help people live long and healthy lives. Preventio"
2134,Eng_Eth,"This is a question about, HPV. There is currently no approved general screening test for HPV in men.","Yes, men can be checked for HPV, but routine HPV screening for men is not widely recommended, and op"
2138,Eng_Eth,"Use a water analogy: ""A condom is like a thin rubber glove that keeps the fluids separate. If the fl","Respond with a firm ""No."" Say: ""Washing alone does not provide protection. My life and health are to"
2140,Eng_Gha,Education and Training:  Learn about your rights and the importance of sexual health and education. ,Adolescents with disabilities can advocate for their right to disability-inclusive sexual and reprod
2141,Eng_Gha,Here are some resources for confidential support groups or hotlines that can offer emotional support,Hotlines: speak to a health service provider get help from a GHS-YMK counsellor call PPAG yenkasa on
2143,Eng_Gha,Adolescents can access resources such as the official website of the National Health Insurance Schem,"Outreach and education: Conduct targeted outreach campaigns, community workshops, and school-based p"
2146,Eng_Gha,Peer pressure or social influence can impact your perception of risk by: Encouraging risky behaviors,Know Your Boundaries: Understand your own boundaries and values regarding these behaviors. Think Bef
2148,Eng_Gha,"Media, popular culture, and social media play a significant role in shaping attitudes and perception","Education, media literacy, and popular culture play significant roles in shaping attitudes and norms"
2150,Eng_Gha,"Mental health services for adolescents can vary widely, but generally include counseling or therapy,",Various healthcare providers offer comprehensive sexual and reproductive health services to adolesce
2153,Eng_Gha,Resources and support for adolescents to build their advocacy skills and knowledge about sexual and ,Adolescents can access resources and support systems to help navigate the process of giving informed
2154,Eng_Gha,Exploring your sexuality as an adolescent can be both exhilarating and challenging. It's okay to tak,Bullying and Discrimination: Schools and communities can implement anti-bullying policies and educat
2156,Eng_Gha,"Assertiveness training can help you build self-confidence, self-esteem, and resilience in resisting ",Parental communication is crucial in navigating peer pressure and making decisions about sexual and 
2157,Eng_Gha,Knowledge Empowerment: Equipping adolescents with accurate information and communication skills to a,Adolescents can advocate for improved access to nutritious food and adequate housing in their commun
2158,Eng_Gha,Some common misconceptions or stereotypes about people living with STIs or HIV include: - Assuming t,"If you have questions or concerns about using contraception, consider the following steps: - Talk to"
2159,Eng_Gha,Here are some sources of information on adolescent health. Ghana Youth Alliance for Reproductive Hea,Your school counsellor or therapist: They can provide confidential support and advice on relationshi
2161,Eng_Gha,"Breastfeeding can pose a risk of HIV transmission from mother to child, as HIV can be present in bre",Prevention of Mother-to-Child Transmission (PMTCT) refers to a series of interventions aimed at redu
2162,Eng_Gha,Transgender: Someone whose gender identity differs from the sex assigned at birth. Non-Binary: Indiv,Common misconceptions or myths about transgender and non-binary identities include the belief that i
2163,Eng_Gha,"Schools, colleges, vocational training centers, community organizations, and employers play crucial ","Providing platforms for adolescents to share their stories, advocate for their rights, and mobilize "
2164,Eng_Gha,Abortion laws and regulations can impact access to comprehensive sexual and reproductive health care,The current laws and regulations regarding abortion vary widely depending on the country or region. 
2166,Eng_Gha,Cultural Beliefs: Cultural attitudes may influence how pregnancy and reproductive choices are viewed,Cultural and societal influences play a significant role in shaping fertility and family building de
2167,Eng_Gha,"Media literacy education can be integrated into school curricula through dedicated lessons, workshop",Media literacy education can be integrated into school curricula and community programs to empower a
2168,Eng_Gha,"Cultural Practices: Early Marriage: In some cultures, early marriage is common, leading to adolescen",Cultural competence influences the diagnosis and treatment of sexual and reproductive health issues 
2169,Eng_Gha,Effectiveness: Perfect Use vs. Typical Use: Methods are more effective with perfect use (using them ,Contraception effectiveness rates are often listed in two ways:  Perfect use: This reflects how effe
2171,Eng_Gha,"In many places, adolescents can receive comprehensive sexual and reproductive health services withou","Yes, adolescents can often access sexual and reproductive health services without their parents or g"
2172,Eng_Gha,Age of Consent: The age of consent is the minimum age at which a person is considered legally compet,Adolescents can ensure that their relationships are legal and consensual by being aware of and follo
2173,Eng_Gha,Adolescents can access various resources and support networks to navigate maternal health concerns: ,"Online Resources: Websites like the CDC's Division of STD Prevention, Planned Parenthood, or ASHA (A"
2174,Eng_Gha,"Cultural norms, values, and societal attitudes shape how sexual and reproductive health topics are d","Media messages can influence perceptions and attitudes about sexuality, relationships, and reproduct"
2176,Eng_Gha,"Adolescents can access contraceptives through various avenues, including:  Visiting a healthcare pro","Adolescents can access emergency contraception from various sources, including: Healthcare providers"
2179,Eng_Gha,Adolescents can apply media literacy principles in their everyday interactions with peers by: Critic,There are various resources and tools available to help adolescents develop digital literacy skills 
2180,Eng_Gha,Speak up when you see unfair treatment. Use your voice to challenge hurtful comments or actions. Sup,your school nurse or healthcare worker will discuss issues of sexuality with you. LGBTQ+ is consider
2181,Eng_Gha,Strategies for developing digital literacy skills that empower adolescents to critically evaluate on,Peer support and collaboration can play a significant role in enhancing adolescents' digital media l
2182,Eng_Gha,"Communicating thoughts, feelings, and questions about peer pressure and sexual health to parents in ",Communication plays a crucial role in maintaining safe and healthy relationships by: Allowing partne
2184,Eng_Gha,"Yes, it's very normal to gain weight during puberty. Your body is going through a lot of changes, in",There's no strict rule about which exercises or sports are better suited for boys or girls during pu
2187,Eng_Gha,Various healthcare providers offer comprehensive sexual and reproductive health services to adolesce,your school nurse or healthcare worker will discuss issues of sexuality with you. LGBTQ+ is consider
2188,Eng_Gha,Educators and healthcare providers can create a supportive and inclusive learning environment by fos,Educators can create a safe and supportive learning environment for discussing sensitive topics in C
2189,Eng_Gha,"Parents, educators, healthcare providers, and other trusted adults play crucial roles in supporting ",Adolescents who have experienced sexual violence have several reporting mechanisms available to them
2190,Eng_Gha,You can access resources to learn about your rights related to sexual and reproductive healthcare fr,your school nurse or healthcare worker will discuss issues of sexuality with you. LGBTQ+ is consider
2191,Eng_Gha,"The frequency of STI testing depends on individual risk factors, sexual behaviors, and healthcare pr",Screenings and tests included in gynecological services may include:  Pap smears to screen for cervi
2192,Eng_Gha,"In most countries, there are no age restrictions or requirements for accessing STI/HIV testing and t",Healthcare providers are not necessarily required to offer STI testing and treatment services to ado
2194,Eng_Gha,Trauma-informed care can contribute to better outcomes for adolescents recovering from sexual or rep,"Yes, there are challenges and barriers to implementing trauma-informed care for adolescent sexual an"
2195,Eng_Gha,Look for these qualities in a safe space or support group:  Focus on Disability: The group should ca,Discomfort with the Topic: Parents or family members might feel uncomfortable discussing sexuality d
2196,Eng_Gha,Self-Reflection: Take time to understand your values and beliefs about sex. Consider how your decisi,Balancing the benefits of positive reinforcement from peers with the need to maintain autonomy invol
2198,Eng_Gha,The rights and responsibilities of adolescents regarding their reproductive health include:  Right t,Adolescents can ensure their rights to informed consent and confidentiality by being informed about 
2200,Eng_Gha,Common legal issues or challenges that adolescents may face related to sexual and reproductive healt,Legal protections for adolescent sexual and reproductive health can be integrated into broader effor
2201,Eng_Gha,"You can start by finding a quiet and private time to talk to a trusted adult, such as a parent, guar",Here are some tips for managing the effects of hormonal changes:  Healthy Lifestyle: Eating a balanc
2203,Eng_Gha,"Community engagement initiatives can have a significant impact on reducing stigma, discrimination, a",Stigma and discrimination: Create barriers to seeking information due to fear of judgment or rejecti
2204,Eng_Gha,"While abstinence typically refers to refraining from all forms of sexual activity, some individuals ",Practicing abstinence or delaying sexual activity contributes to risk reduction by eliminating or de
2206,Eng_Gha,"Positive role models, narratives, and representations that promote healthy boundaries, consent, and ",Common stereotypes and harmful messages about consent in the media include the notion that silence i
2207,Eng_Gha,"To make the most of your counseling or therapy sessions, it's important to actively participate and ",The frequency and duration of counseling or therapy sessions can vary depending on your needs and go
2208,Eng_Gha,"Hormones, especially estrogen (girls) and testosterone (boys), have a big impact on your emotions du","Hormonal changes and increased growth during puberty can make you feel more tired. Lack of sleep, st"
2210,Eng_Gha,Autonomy: Individuals have the right to make decisions about their own bodies and sexual activity. I,Access to contraception and reproductive health services plays a crucial role in supporting the prac
2211,Eng_Gha,"Yes, community outreach programs often provide comprehensive education and support regarding sexual ","Yes, community outreach programs frequently offer referrals to other healthcare providers or service"
2214,Eng_Gha,It's completely normal to feel scared or embarrassed after finding out you have an STI.  These feeli,"Encourage open communication about difficult emotions such as anxiety, stress, or confusion related "
2217,Eng_Gha,Increasing Self-Awareness: Mindfulness practices help adolescents become more aware of their thought,"Various tools and techniques can facilitate reflective practices and promote self-discovery, self-ex"
2218,Eng_Gha,"Adolescents can navigate conflicts by: Reflecting on their personal values, beliefs, and priorities ","Cultural and religious beliefs about gender roles, sexuality, and family obligations can significant"
2220,Eng_Gha,Education Campaigns: Organize or support campaigns in your school or community to promote comprehens,Raise Awareness: Organize educational events or workshops to raise awareness about the importance of
2221,Eng_Gha,"Treatment: STIs are treated with medications such as antibiotics (for bacterial STIs like chlamydia,","If an adolescent tests positive for an STI, they should:  Follow the healthcare provider's recommend"
2224,Eng_Gha,Community-based organizations and peer networks play a vital role in supporting the sexual and repro,Some common cultural norms and values related to sexuality and reproductive health in our community 
2225,Eng_Gha,Disruptions to healthcare systems during global health emergencies impact adolescents' access to sex,Out-of-pocket costs for sexual and reproductive healthcare services can influence adolescents' utili
2226,Eng_Gha,Parental communication is crucial in navigating peer pressure and making decisions about sexual and ,Assertiveness is important for navigating peer pressure and making informed choices about sexual and
2227,Eng_Gha,Peer support networks and youth organizations can advocate for the rights and protections of adolesc,Youth-led organizations play a crucial role in driving social activism and advocacy efforts related 
2229,Eng_Gha,"Some myths or misconceptions about reproductive health issues include:  Myth: ""Birth control pills m","Common myths or misconceptions about maternal health include:  Myth: ""Pregnant adolescents should ea"
2231,Eng_Gha,"To protect your privacy when accessing information about sexual health online or offline, consider t",Technological barriers: Limited access to high-speed internet or suitable devices may hinder some in
2232,Eng_Gha,Healthcare providers can ensure that their practices and policies are aligned with human rights prin,Youth-friendly healthcare facilities ensure confidentiality and privacy by: Having policies and proc
2237,Eng_Gha,Stigma and discrimination significantly impact adolescents' willingness to seek sexual and reproduct,Stigma and discrimination: Create barriers to seeking information due to fear of judgment or rejecti
2239,Eng_Gha,Consistent and correct condom use is the most effective way to prevent the spread of most STIs. Cond,Effective strategies for reducing the risk of STI and HIV transmission include: Consistent and corre
2240,Eng_Gha,"Yes, mental health services can address issues related to adolescent sexual and reproductive health,",Mental health influences our ability to engage with and benefit from sexual and reproductive health 
2241,Eng_Gha,Immediate Steps: Stay safe and remove yourself from the situation if possible. Seek support from fri,"Adolescents experiencing stigma or discrimination should seek support from trusted individuals, such"
2242,Eng_Gha,"Yes, there are laws and policies that protect your right to sexual and reproductive health education",Many jurisdictions have laws or regulations that recognize adolescents' rights to confidential healt
2243,Eng_Gha,It ensures transparency and accountability by: Sharing evaluation findings with stakeholders and the,The program ensures diversity by: Collecting data on demographic characteristics to identify dispari
2245,Eng_Gha,Adolescents can navigate differences in communication styles and language preferences when discussin,"Effective communication is key to expressing your values and beliefs to peers, partners, and others "
2247,Eng_Gha,"Yes, there may be differences in confidentiality protections based on the healthcare setting: Clinic",Confidentiality and privacy are essential in reducing stigma and discrimination as they create a saf
2248,Eng_Gha,"A healthy relationship involves open communication, mutual respect, trust, equality, support, constr","A healthy relationship is characterized by mutual respect, trust, communication, and support. In a h"
2249,Eng_Gha,Adolescents can find youth employment programs and internships in their communities through various ,Youth employment programs and internships are initiatives designed to provide young people with oppo
2250,Eng_Gha,Adolescents can advocate for their needs by communicating openly with their healthcare providers or ,Mental health services can accommodate the diverse needs and preferences of adolescents by offering 
2251,Eng_Gha,"Options: Abortion: If you're not ready to parent, abortion is a legal option in many places. Medical",Here are answers to your questions about accessing reproductive healthcare:  11. What options are av
2252,Eng_Gha,Puberty and sexuality can be confusing and stressful. Here are some tips to manage those feelings:  ,Deep Breathing: Practicing deep breathing exercises to promote relaxation and reduce anxiety. Mindfu
2257,Eng_Gha,"The cost of an abortion in Ghana can vary depending on the clinic, location, and type of procedure. ","There may be costs associated with counseling or therapy, depending on factors such as the type of p"
2258,Eng_Gha,"Some common misconceptions or myths about abortion include false information about its safety, legal","Myths: ""If they didn't say 'no,' it's okay."" ""Consent can be implied by clothing or behavior."" ""Cons"
2259,Eng_Gha,"Healthcare providers and educators can support families in addressing cultural, linguistic, and soci",Strategies to address cultural barriers and promote open dialogue about sexual and reproductive heal
2263,Eng_Gha,Adolescents can support and encourage their peers to intervene as bystanders and create a collective,"A safe space is an environment where individuals feel physically and emotionally secure, respected, "
2264,Eng_Gha,"Trust and respect: You feel safe and comfortable being yourself. Your partner(s) listen to you, valu",Mutual Respect: You feel valued and listened to by your partner. They support your decisions and res
2266,Eng_Gha,Community Centers: Inquire about volunteer opportunities at local youth centers or community organiz,Speak to your school clinic nurse speak to a health service can help with community organisations
2267,Eng_Gha,"Education and Awareness: Host workshops, presentations, or discussion groups to educate peers about ",Adolescents with disabilities can support each other in safe spaces:  Shared Challenges: Offer a pla
2268,Eng_Gha,"Pregnant adolescents have legal rights regarding their healthcare decisions, including: The right to",Adolescents have the right to: Receive accurate and comprehensive information about sexual and repro
2271,Eng_Gha,"Local Health facilities Visit your local health facilities including hospitals, CHPS, health centers",Local Sexual Health Clinics: These clinics specialize in sexual health and offer confidential servic
2274,Eng_Gha,Digital literacy skills are crucial for adolescents to access accurate information about sexual heal,"Cultural norms, social dynamics, and technological advancements shape adolescents' experiences of di"
2279,Eng_Gha,"Educational programs: Schools, community organizations, and online platforms offer media literacy pr",Adolescents can enhance their media literacy skills and navigate complex media landscapes in relatio
2282,Eng_Gha,"Setting clear and healthy boundaries contributes to your overall well-being and self-respect, partic","Personal boundaries are the limits and rules that individuals establish to protect their physical, e"
2283,Eng_Gha,Here are some resources for continuing your education: contact your School Counselor/nurse they can ,Your healthcare provider will provide you with detailed information on pursuing education and link y
2285,Eng_Gha,Ethical considerations in research on sensitive topics related to adolescent sexuality and reproduct,Ethical considerations when disseminating research findings on adolescent sexual and reproductive he
2286,Eng_Gha,"Engaging in reflective practices involves consciously observing and analyzing one's thoughts, feelin","Start small: Begin with short, manageable sessions and gradually increase the duration as you build "
2288,Eng_Gha,Addressing Myths: Myth: Prenatal Care is Only for Complications: Reality: Prenatal care is essential,Some common misconceptions or concerns that adolescents may have about seeking reproductive health s
2289,Eng_Gha,The right to participation and advocacy in sexual and reproductive health means that adolescents hav,The right to bodily autonomy in sexual and reproductive health means that individuals have the inher
2290,Eng_Gha,Coping with stress or anxiety caused by peer pressure involves finding healthy ways to manage your e,"It's normal to feel sad, angry, frustrated, or overwhelmed sometimes. Here are some healthy ways to "
2294,Eng_Gha,"Yes, there are various community organizations and support groups that provide guidance and assistan",There are various legal resources and organizations available to provide support and guidance to ado
2295,Eng_Gha,Strategies for promoting overall reproductive health and well-being include:  Practicing safer sex b,Strategies for promoting reproductive system health and preventing reproductive health issues among 
2297,Eng_Gha,Here are some common misconceptions or myths about disability and adolescents:  1. Myth: Adolescents,"Some common misconceptions or myths about abortion include false information about its safety, legal"
2298,Eng_Gha,Normalizing help-seeking for mental health concerns within sexual and reproductive health education ,Schools and communities can create a supportive and inclusive environment for adolescents with menta
2299,Eng_Gha,There are various financial assistance programs available to support adolescents in accessing educat,There are programs to help teens with practical challenges. Your local Department of Social Welfare 
2303,Eng_Gha,Hormones are responsible for the many changes you're experiencing during puberty. They're the reason,"Mood swings are super common during puberty. Hormones can affect your brain too, leading to feelings"
2304,Eng_Gha,"Personal hygiene is crucial during puberty for several reasons: Body Changes: During puberty, hormon","Yes, as your body changes, it's essential to maintain good hygiene practices. This includes daily sh"
2305,Eng_Gha,"Adolescents can engage in meaningful dialogue with peers, family members, and trusted adults about e",Adolescents should be aware of ethical considerations when engaging with media content related to se
2306,Eng_Gha,Governments and policymakers can: Implement comprehensive sexual education programs in schools that ,The right to climate-resilient and sustainable sexual and reproductive health (SRH) services for ado
2307,Eng_Gha,Counseling services can support adolescents in coping with pregnancy-related concerns by:  Providing,"No matter what you choose, it's normal to have mixed emotions. Here are ways to find support:  commu"
2310,Eng_Gha,"Be Skeptical: Question emails or messages that seem suspicious, especially if they ask for personal ","Be Skeptical: Be cautious of emails, messages, or links from unknown sources, especially if they ask"
2312,Eng_Gha,"Bystander intervention plays a crucial role in promoting a culture of consent, respect, and accounta","Adolescents can advocate for policies, programs, and initiatives that promote boundary education, co"
2313,Eng_Gha,"Factors that can affect fertility in adolescents include lifestyle choices like diet, exercise, and ","Males: Puberty marks the beginning of sperm production in the testes. As males go through puberty, t"
2315,Eng_Gha,Cultural and Societal Influence: Stigma: Negative attitudes may create stigma around family planning,Cultural or societal influences on perceptions of reproductive health issues can include:  Stigma an
2316,Eng_Gha,"Contraceptives, also called birth control, are used to prevent pregnancy. There are many options ava",Contraceptives are methods or devices used to prevent pregnancy by either blocking the fertilization
2317,Eng_Gha,"Confidentiality: Sessions are confidential, meaning what is discussed remains private between you an",Confidentiality: Therapist or healthcare provider are required to keep your conversations confidenti
2318,Eng_Gha,"There are various online and digital mental health resources available for adolescents, including: I",Using Mobile Apps or Digital Tools: There are mobile apps and digital tools available that can assis
2319,Eng_Gha,Confidentiality: Healthcare providers have a legal and ethical duty to maintain patient confidential,"Laws and policies related to age of consent, parental consent/notification, confidentiality, and acc"
2324,Eng_Gha,Certain medical conditions may affect which types of contraception are safe for you. Here's what to ,"When choosing a contraceptive method, consider factors such as: Effectiveness: Choose a method that "
2325,Eng_Gha,Reproductive autonomy refers to the ability of individuals to make decisions about their reproductiv,The right to bodily autonomy in sexual and reproductive health means that individuals have the inher
2326,Eng_Gha,"Adolescents can leverage social media, technology, and digital platforms to engage with their commun","Technology and digital platforms play a crucial role in facilitating communication, knowledge sharin"
2329,Eng_Gha,Communicate your needs and boundaries around discussing sensitive topics openly and honestly with yo,"Use ""I"" statements (e.g., ""I feel..."") to express your thoughts, feelings, and needs assertively wit"
2332,Eng_Gha,Community-based organizations (CBOs) play vital roles in promoting sexual and reproductive health (S,Adolescents can access microfinance services through: Microfinance institutions (MFIs): Non-bank fin
2334,Eng_Gha,The accessibility of sexual and reproductive health education within our education system can vary b,"Yes, limitations or restrictions may exist: Some health insurance plans may have limitations or excl"
2335,Eng_Gha,"Exposure to sexualized content in media can influence adolescents' attitudes towards relationships, ","Media literacy equips adolescents with the skills to question and evaluate the accuracy, credibility"
2336,Eng_Gha,Adolescents can set realistic savings goals by: Assessing income and expenses: Understanding their c,"Setting financial goals and creating a financial plan can provide adolescents with direction, motiva"
2337,Eng_Gha,Access to Health Services:  Laws and policies may impact the accessibility and availability of sexua,Legal and policy frameworks exist to protect the sexual and reproductive rights of adolescents with 
2340,Eng_Gha,Adolescents can determine if their health insurance plan covers sexual and reproductive health servi,Adolescents can talk to their healthcare provider about PrEP by being open and honest about their se
2341,Eng_Gha,Healthcare providers are typically required to offer information about emergency contraception to ad,Here are some resources for reliable information about contraception:  Your healthcare provider: The
2343,Eng_Gha,Promoting gender equality can lead to more inclusive and accessible sexual and reproductive health s,"Adolescents can recognize and challenge social norms, attitudes, and behaviors that contribute to se"
2344,Eng_Gha,Cultural norms and societal attitudes may influence adolescents' access to social and economic suppo,Cultural and socioeconomic factors can significantly influence adolescents' attitudes and behaviors 
2347,Eng_Gha,"Digital media literacy involves the ability to access, evaluate, analyze, and create media content i",Adolescents can enhance their media literacy skills and navigate complex media landscapes in relatio
2348,Eng_Gha,Healthcare providers play a crucial role in creating a supportive and non-judgmental environment at ,Lead by example by being open about your own mental health experiences and encouraging others to do 
2349,Eng_Gha,"Prenatal care is crucial for a healthy pregnancy, regardless of your ultimate decision. It allows he",Parental communication is crucial in navigating peer pressure and making decisions about sexual and 
2351,Eng_Gha,Healthcare providers can ensure cultural sensitivity and respect for diverse perspectives when deliv,Cultural sensitivity is crucial when discussing topics related to adolescent sexual and reproductive
2353,Eng_Gha,"Positive and empowering advertising campaigns promote healthy attitudes, behaviors, and relationship",Uncritically accepting and internalizing media messages about sexuality and reproductive health can 
2354,Eng_Gha,Safe spaces offer a variety of resources and activities:  Peer Support Groups: Discussions about rel,Disability Rights Organizations: These groups might have information on local support groups for ado
2355,Eng_Gha,"Family values, beliefs, and cultural traditions play a significant role in shaping adolescents' atti",Some common cultural norms and values related to sexuality and reproductive health in our community 
2356,Eng_Gha,Cultural norms and values within migrant and minority communities influence attitudes toward puberty,Cultural or religious beliefs can impact adolescents' access to sexual and reproductive health servi
2358,Eng_Gha,"Yes, many CSE programs incorporate peer-to-peer education and mentorship opportunities, recognizing ",Encourage diversity and inclusion: Peer-to-peer mentorship programs should actively recruit mentors 
2361,Eng_Gha,"Open and honest communication is essential for a healthy relationship, especially when it comes to s",Practicing safe sex is essential for maintaining good sexual health because it helps prevent the tra
2365,Eng_Gha,Cultural and societal factors can influence adolescents' experiences of harm and violence in relatio,"Your cultural background, religious beliefs, or societal norms can shape your perception of sexual r"
2366,Eng_Gha,Adolescents can advocate for comprehensive sexual and reproductive health services in their communit,Adolescents can advocate for policies and programs that promote social and economic support for sexu
2369,Eng_Gha,Counselors: School counselors or mental health professionals can offer guidance and support. Communi,Adolescents can access various resources and support networks to navigate maternal health concerns: 
2370,Eng_Gha,Learning healthy ways to express emotions and handle conflicts is crucial during puberty. Here are s,Self-Reflection: Understand what specifically makes you uncomfortable. Practice: Start with small co
2371,Eng_Gha,Cultural or religious beliefs can impact adolescents' access to sexual and reproductive health servi,Cultural and religious beliefs may influence attitudes and practices related to emergency contracept
2372,Eng_Gha,"While financial services offer benefits, they also come with risks such as: Fees: Banks may charge f","Mismanaging finances can have serious consequences for adolescents, including falling into debt, fac"
2373,Eng_Gha,Adolescents who cannot afford traditional healthcare services for sexual and reproductive health may,Out-of-pocket costs for sexual and reproductive healthcare services can influence adolescents' utili
2375,Eng_Gha,Adolescents can engage in self-reflection and critical thinking to identify and challenge their own ,"In Ghana, the constituition only recognises binary gender with she/he pronouns only."
2378,Eng_Gha,Adolescents can advocate for comprehensive sex education in their schools and communities by: Formin,Adolescents can advocate for comprehensive sexuality education by raising awareness about its import
2379,Eng_Gha,Know that you can come to me without fear of judgment or misunderstanding. I'm here to listen and su,"Express your concerns calmly and assertively, using ""I"" statements to communicate how their attitude"
2381,Eng_Gha,"Healthy body image involves accepting and appreciating one's body for its unique characteristics, ab",Developing a positive body image and high self-esteem during adolescence can lead to numerous long-t
2383,Eng_Gha,Emergency contraception is most effective when taken as soon as possible after unprotected intercour,"Here are some ways to reduce your risk of STIs and unintended pregnancy:  Use condoms, and dental da"
2386,Eng_Gha,There may be costs associated with accessing comprehensive sexual and reproductive health services f,Adolescents who cannot afford traditional healthcare services for sexual and reproductive health may
2389,Eng_Gha,"Yes, mental health services are typically confidential for adolescents. Mental health providers are ","Healthcare facilities can take several measures to protect adolescents' privacy and confidentiality,"
2390,Eng_Gha,"contact your healthcare worker or school sickbay nurse, they may help find organisations in your com",Many schools and communities with high-risk populations have programs to address GBV:  Prevention Wo
2392,Eng_Gha,Sleep plays a vital role in stress management and overall mental health. Poor sleep can exacerbate s,"Create a bedtime routine, limit screen time before bed, keep your room cool and dark, avoid caffeine"
2393,Eng_Gha,Adolescents can initiate or participate in peer-to-peer mentorship programs focused on economic empo,Youth-led entrepreneurship programs: Peer-to-peer mentorship initiatives focused on entrepreneurship
2394,Eng_Gha,Microfinance interventions can be tailored for marginalized or vulnerable adolescents by: Conducting,Vocational training programs can be tailored to address the specific needs and interests of adolesce
2395,Eng_Gha,Cultural Influence: Religious Beliefs: Religious beliefs often shape attitudes towards sexuality. Co,Cultural beliefs and practices around sexuality and reproductive health can vary significantly betwe
2399,Eng_Gha,A rights-based approach to adolescent sexual and reproductive health (ASRH) emphasizes that adolesce,Counselling services can support adolescents in making informed decisions by:  Providing accurate in
2400,Eng_Gha,"Health systems can engage parents, caregivers, and other community leaders as partners in promoting ","Health system strengthening during global health emergencies such as pandemics, natural disasters, o"
2401,Eng_Gha,"Media literacy education programs can empower adolescents to recognize, analyze, and respond to ethi",Examples of gender-sensitive prevention programs and initiatives include: - Comprehensive Sexuality 
2404,Eng_Gha,Ethical considerations involved in using digital technologies for sexual and reproductive health edu,"Ethical considerations in applying a rights-based approach include ensuring informed consent, confid"
2405,Eng_Gha,"Counseling or therapy is a process where you talk to a trained professional about your thoughts, fee",Steps for Seeking Professional Help: Seeking professional help for suicidal ideation or mental healt
2408,Eng_Gha,Navigating conversations with parents or guardians about healthcare needs and preferences can be cha,Health systems can be improved to better meet the sexual and reproductive health (SRH) needs of adol
2410,Eng_Gha,"Yes, there are telehealth or online platforms available for adolescents who cannot easily access hea","Yes, adolescents can receive ongoing support and follow-up care remotely through telehealth services"
2411,Eng_Gha,"Yes, there are specific laws and policies that protect adolescents' right to access reproductive hea","Yes, many countries have laws or policies that protect adolescents' right to bodily autonomy in sexu"
2412,Eng_Gha,Adolescents can engage with cultural and community leaders to challenge harmful practices and promot,Adolescents can learn about puberty and reproductive health in safe ways by using culturally sensiti
2414,Eng_Gha,"Parents, guardians, and other trusted adults can play a supportive role in adolescents' efforts to p","Parents, guardians, or other trusted adults can play a supportive role by offering emotional support"
2415,Eng_Gha,Cultural Influence: Cultural Attitudes: Cultural attitudes towards sexuality can shape laws and poli,Stigma: Cultural or societal stigma surrounding sexual health issues can lead to shame and reluctanc
2419,Eng_Gha,There are various financial assistance programs available to support adolescents in accessing educat,There are various resources available to help adolescents learn about financial literacy. Online cou
2421,Eng_Gha,Education on fertility and family building empowers adolescents by providing them with the knowledge,Making informed decisions about family planning and fertility preservation involves gathering inform
2422,Eng_Gha,Many countries have laws and policies specifically designed to protect adolescents from harm and vio,Support groups and peer networks provide valuable resources for adolescents who have experienced har
2424,Eng_Gha,Adolescents can distinguish between evidence-based information and false or misleading claims about ,"Adolescents can discern between credible, evidence-based information and misinformation or disinform"
2425,Eng_Gha,"Connect with people who share your interests, not just your disability. Be Open and Honest: Communic",Adolescents facing fertility challenges or concerns can access support and guidance through a variet
2428,Eng_Gha,"Self-care is crucial for managing stress as it helps replenish your physical, emotional, and mental ",Effective self-care practices for promoting mental well-being include: Mindfulness and Meditation: P
2432,Eng_Gha,A safe and legal abortion is one performed by a qualified healthcare provider in a licensed clinic f,", contact your school nurse or adolescent friendly health service provider to link you to health fac"
2435,Eng_Gha,STI/HIV prevention and education services are often integrated with other adolescent health services,You can access STI/HIV testing and treatment at a youth-friendly healthcare center by: Making an app
2436,Eng_Gha,"Intersectionality, which considers how various aspects of identity intersect and influence experienc","Disability intersects with other aspects of identity, such as ethnicity and socioeconomic status, cr"
2439,Eng_Gha,Taking care of your hair and scalp is important during puberty. Here are some tips: Shampoo Regularl,Here's how to manage your health for a potentially lower-risk pregnancy:  Preconception Counseling: 
2442,Eng_Gha,"Effective ways to initiate conversations with parents about sensitive topics related to sexuality, r",You can start the conversation by choosing an appropriate time and place where you feel comfortable 
2443,Eng_Gha,Adolescents can support peers who may have experienced alcohol or drug-facilitated assaults by: Prov,"Resources available for adolescents who have experienced sexual assault include counseling services,"
2444,Eng_Gha,Assertiveness: Clearly and confidently communicate your boundaries and refusal to participate in act,Provide guidance: Offer advice and strategies for handling peer pressure situations effectively and 
2445,Eng_Gha,Examples of successful programs or initiatives that have used a rights-based approach include: Youth,"Successful initiatives include youth-friendly health services offering counseling, peer education pr"
2446,Eng_Gha,"Media literacy education programs can empower adolescents to recognize, analyze, and respond to ethi",Media literacy education can be integrated into school curricula and community programs to empower a
2451,Eng_Gha,"Adolescents can use media platforms and digital storytelling to share their experiences, perspective","Adolescents can leverage their platforms, voices, and creativity to produce and share media content "
2452,Eng_Gha,Media portrayals and representations of gender can significantly influence adolescents' perceptions ,Adolescents can advocate for more ethical and inclusive media representations of sexual and reproduc
2453,Eng_Gha,"Open Communication: Choose a private and comfortable setting to have the conversation. Use clear, no",Community outreach programs offer a variety of resources and materials for learning about STI/HIV pr
2455,Eng_Gha,Adolescents can employ various strategies to challenge and resist stigma and discrimination in their,"Adolescents can advocate for their sexual and reproductive rights within their families, communities"
2457,Eng_Gha,Adolescents can access HIV testing and treatment services without facing stigma or discrimination by,Adolescents can advocate for their right to receive comprehensive pregnancy and maternity care by ra
2460,Eng_Gha,"To support healthy growth and development during puberty, focus on a balanced diet that includes: An",Making healthy choices when eating out or at school is possible with a bit of planning: Look for Bal
2461,Eng_Gha,"Trust your gut: If something feels wrong, it probably is. Communicate clearly: Say ""no"" firmly and c","Adolescents can use various strategies to assert their boundaries, communicate their discomfort, and"
2463,Eng_Gha,"Yes, there are healthcare providers and organizations, such as sexual health clinics, women's health",Healthcare providers play a crucial role in offering medical assistance and referrals to adolescents
2464,Eng_Gha,Adolescents can ensure that their preferences and needs are considered when receiving trauma-informe,Adolescents can ensure they receive prenatal care and support during pregnancy by scheduling regular
2466,Eng_Gha,We can all play a role in reducing the stigma surrounding STIs by:  Open Communication: Talking open,Stigma is a negative attitude or judgement associated with a certain group of people or a condition.
2467,Eng_Gha,Cultural beliefs and practices around sexuality and reproductive health can vary significantly betwe,"Cultural norms and taboos surrounding discussions about sexuality, menstruation, and reproductive he"
2469,Eng_Gha,"If adolescents experience violations of their sexual and reproductive health rights, such as denial ",The legal implications of coercion and pressure in sexual encounters vary depending on the jurisdict
2471,Eng_Gha,Building self-confidence and self-esteem during puberty is essential for navigating this stage of li,Positive Affirmations: Repeat positive statements about yourself daily to challenge negative thought
2472,Eng_Gha,"While antiretroviral medications used in PMTCT are generally safe and well-tolerated, they may be as",Concerns About Starting or Continuing Counseling or Therapy: If you have concerns about starting or 
2474,Eng_Gha,"Masturbation is the self-stimulation of your genitals to orgasm (sexual climax). It's a normal, heal",Some healthy ways to respond to bullying include: Assertively standing up for yourself and setting b
2475,Eng_Gha,Common challenges or misconceptions adolescents may face when trying to set and enforce boundaries i,"Adolescents may encounter various barriers or challenges in engaging in reflective practices, such a"
2477,Eng_Gha,Challenges or barriers that adolescents may face when engaging in social activism and advocacy for s,Barriers include: Stigma and taboo surrounding discussions about sexuality. Lack of comprehensive se
2478,Eng_Gha,"Definition: Sexual orientation refers to the romantic, emotional, or sexual attraction one feels tow","Sexual Education is complex and can be influenced by a variety of factors, including: Biological fac"
2482,Eng_Gha,Discussions about empowerment and self-defense can be integrated into comprehensive sexuality educat,"Adolescents can advocate for policy changes, increased funding, and improved services to address sex"
2485,Eng_Gha,"Adolescents can advocate for policy changes, increased funding, and improved services to address sex",Adolescents can recognize and respond to signs of sexual violence by being aware of common indicator
2487,Eng_Gha,Consent plays a crucial role in preventing harm and violence in relationships and sexual encounters.,"Building trust and mutual respect in communication with friends, peers, and romantic partners regard"
2489,Eng_Gha,"Yes, many countries have laws that protect adolescents' privacy and confidentiality when seeking sex","Legal protections, such as laws governing medical confidentiality and privacy rights, exist to ensur"
2494,Eng_Gha,"Yes, there are advocacy groups and organizations that provide education and support regarding health",your school nurse or healthcare worker will discuss issues of sexuality with you. LGBTQ+ is consider
2495,Eng_Gha,"Cultural, social, or contextual factors that may influence your goal-setting process and decision-ma",Cultural and religious factors often play a significant role in shaping individual values and belief
2496,Eng_Gha,"Yes, mental health disorders are treatable, and there are various options available for adolescents.","If an adolescent tests positive for an STI or HIV, treatment options may include: - Antibiotics for "
2499,Eng_Gha,"Adolescents who have experienced or been affected by sexual violence can access confidential, non-ju","Resources available for adolescents who have experienced sexual assault include counseling services,"
2500,Eng_Gha,"Adolescents can protect their personal information and privacy when using social media platforms, da",Privacy Settings: Use strict privacy settings on social media to limit what strangers can see. Be Ca
2505,Eng_Gha,"Prenatal care is crucial for a healthy pregnancy, regardless of your ultimate decision. It allows he","Prenatal care is important because it allows doctors to:  Monitor your baby's development, ensuring "
2507,Eng_Gha,Laws regarding contraception access for adolescents vary by jurisdiction. Some places have age restr,"In some places, there may be age restrictions or parental consent requirements for certain sexual an"
2509,Eng_Gha,You can access the school-based crisis intervention program by reaching out to trusted school staff ,"Yes, external agencies may include: Government bodies responsible for health or social services. NGO"
2512,Eng_Gha,Alcohol and drug-facilitated assaults involve the use of substances to incapacitate or impair a pers,Education about alcohol and drug-facilitated assaults can be integrated into comprehensive sexual he
2513,Eng_Gha,"Dealing with peer pressure and societal expectations can be challenging, but there are ways to navig",Open Dialogue: Encouraging open conversations about puberty-related topics fosters understanding. Li
2515,Eng_Gha,The menstrual cycle is complex and controlled by many different glands and the hormones that these g,Menstrual Cycle: The menstrual cycle is divided into several stages: Menstrual Phase: The first day 
2517,Eng_Gha,Adolescents can initiate or participate in peer-to-peer mentorship programs focused on economic empo,"Peer-to-peer mentorship programs create a sense of community, belonging, and solidarity among adoles"
2520,Eng_Gha,Strategies for seeking positive reinforcement from supportive peers involve: Choose your circle wise,Alternatives to seeking positive reinforcement from peers as a primary source of validation or accep
2521,Eng_Gha,"If you feel uncomfortable or unhappy with your counselor or therapist, it's important to address you","Inquire about their therapeutic approach (e.g., talk therapy, cognitive behavioral therapy) and see "
2523,Eng_Gha,Negative body image during adolescence can significantly impact self-esteem and mental well-being. A,Adolescents can cope with feelings of discomfort or anxiety by recognizing that it's normal to feel 
2524,Eng_Gha,"There's no one-size-fits-all approach, but here are some tips:  Self-discovery: Learn about your bod",Do your research: Learn about your disability and how it might affect your sexual health. Prepare ta
2527,Eng_Gha,Consent in the context of relationships means that all parties involved willingly agree to engage in,"Consent refers to giving permission or agreement for a particular action, especially in the context "
2528,Eng_Gha,Community-based organizations (CBOs) and grassroots movements play a crucial role in STI/HIV prevent,Global partnerships and collaborations provide support for advocacy efforts aimed at promoting human
2530,Eng_Gha,"Adolescents can access emergency contraception from various sources, including: Healthcare providers",Adolescents can access safe and legal abortion services by seeking care from licensed healthcare pro
2532,Eng_Gha,"Contraceptives, also called birth control, are used to prevent pregnancy. There are many options ava","Types of contraceptives in Ghana are:  Hormonal methods:  pills, patch, injectables, implant Barrier"
2534,Eng_Gha,"When making decisions about your sexual and reproductive health, including contraception, pregnancy ","This is a personal decision, and many factors can influence it. Here are some things to consider:  Y"
2537,Eng_Gha,"Legal and policy barriers may limit adolescents' access to reproductive health services, including: ",Adolescents can advocate for comprehensive HIV prevention programs and policies in their communities
2538,Eng_Gha,Microfinance programs can promote gender equality and empower adolescent girls by: Offering targeted,Comprehensive approaches: Integrating gender equality and GBV prevention into broader humanitarian r
2541,Eng_Gha,Conflict resolution skills are crucial for adolescents when dealing with peer pressure and making de,"Media literacy refers to the ability to access, analyze, evaluate, and create media content critical"
2544,Eng_Gha,"UNFPA: Offers information on sexual health and reproductive rights, including resources for people w",All health facilities in Ghana render services to adolescent irrespective of their disabilities. The
2545,Eng_Gha,"1. Educate yourself: Learn about disability rights, inclusive practices, and accessibility standards",Adolescents can advocate for comprehensive and inclusive respectful relationships education within t
2546,Eng_Gha,The Centers for Disease Control and Prevention (CDC) recommends that adolescents aged 6 to 17 years ,Healthy snacks and meals during puberty should provide a balance of nutrients to support growth and 
2547,Eng_Gha,"Individually, adolescents can participate by seeking information, making informed choices about thei",Peer support networks and youth organizations can advocate for the rights and protections of adolesc
2548,Eng_Gha,Using digital platforms to access sexual and reproductive health information and services offers sev,Technology and digital health interventions can play a crucial role in providing sexual and reproduc
2551,Eng_Gha,Gender disparities affect access to sexual and reproductive health services and information due to s,Abortion laws and regulations can impact access to comprehensive sexual and reproductive health care
2552,Eng_Gha,Considerations: Health: Discuss with a healthcare provider to consider any health conditions or medi,"When choosing a contraceptive method, adolescents should consider factors such as:  Effectiveness in"
2553,Eng_Gha,"Practicing Self-Awareness: Becoming aware of their thoughts, feelings, and reactions to puberty-rela","You can involve me by asking questions, sharing your experiences, and expressing any concerns or wor"
2555,Eng_Gha,De-escalation: Try to calm the situation down and separate the people involved if it's safe. Offer S,Protect Yourself: Don't engage with the bully. Block them and avoid responding to their messages. Re
2556,Eng_Gha,Reflect on past situations: Take time to reflect on previous experiences of giving in to negative pe,Strategies to enhance risk perception skills include: Gathering information: Seek information from m
2557,Eng_Gha,Adolescents often desire financial independence and autonomy but may still benefit from guidance and,Adolescents can balance their academic responsibilities with applying for and managing financial sup
2558,Eng_Gha,Peer support networks and youth organizations can advocate for the rights and protections of adolesc,"Peer support networks, advocacy organizations, and social movements play a vital role in empowering "
2560,Eng_Gha,Adolescents can contribute to the sustainable development of their communities through entrepreneurs,"Adolescent-led businesses can have significant social and environmental impacts, including: Job crea"
2562,Eng_Gha,"The vagina and vulva are both important parts of your reproductive system, but they're different!  V",Being a parent is a lifelong commitment filled with love but also significant responsibility:  Finan
2564,Eng_Gha,Screenings and tests included in gynecological services may include:  Pap smears to screen for cervi,Gynecological services are medical services focused on the reproductive health of individuals with f
2566,Eng_Gha,"Adolescents may face challenges such as stigma, discrimination, and backlash when advocating for sex",Social media influencers leverage their platforms to promote positive messages about sexual and repr
2568,Eng_Gha,Ethical considerations involved in using digital technologies for sexual and reproductive health edu,Schools play a vital role in providing comprehensive sexual education that covers various aspects of
2569,Eng_Gha,Survivors may encounter various barriers and biases when seeking justice through the legal system. T,"Survivors in the criminal justice system have rights, including the right to a fair trial, the right"
2570,Eng_Gha,Here are some common misconceptions or myths about disability and adolescents:  1. Myth: Adolescents,Here are some myths and the reality:  Myth: People with disabilities are not interested in sex. Real
2571,Eng_Gha,Prevention programs can incorporate trauma-informed approaches to support survivors and create safe ,Common barriers or challenges to educating about sexual assault include: Stigma and Shame: Addressin
2572,Eng_Gha,Healthcare providers can take several steps to create a welcoming and inclusive environment for adol,Healthcare providers can create a welcoming and inclusive environment by: Offering culturally compet
2574,Eng_Gha,Communication: Be open about your boundaries and expectations from the beginning of the relationship,Communication Skills: Practice active listening and expressing your needs and feelings clearly. Boun
2575,Eng_Gha,"Education can help dismantle stereotypes about gender, sexuality, and disability:  Inclusive Sex Edu","Comprehensive Approach: Integrate education on stereotypes, disability rights, and sexual rights int"
2576,Eng_Gha,"Yes, there are often exceptions to parental consent or notification laws for situations involving se","There are exceptions to confidentiality for adolescents who may be at risk of harm or abuse, such as"
2577,Eng_Gha,Challenges and Opportunities in Education: Integrating media literacy and social justice into formal,"Policies and guidelines may include: Inclusion of comprehensive SRH education in school curricula, c"
2579,Eng_Gha,Community-based organizations and grassroots initiatives play essential roles in supporting adolesce,Community-based organizations and peer networks play a vital role in supporting the sexual and repro
2582,Eng_Gha,"It's normal to feel sad, angry, frustrated, or overwhelmed sometimes. Here are some healthy ways to ",Healthy coping mechanisms and stress management techniques can provide effective alternatives to sub
2583,Eng_Gha,"Peer educators, student organizations, and youth-led initiatives can: Provide peer support, informat",You don't have to go it alone! Here are resources for support: contact your healthcare worker or sch
2585,Eng_Gha,"Stigma intersects with sexism, homophobia, transphobia, and racism in ASRH by: Compounding discrimin","Intersecting forms of discrimination, such as racism, ableism, and classism, compound the effects of"
2586,Eng_Gha,There are various financial assistance programs available to support adolescents in accessing educat,Adolescents can access various resources and support networks to navigate maternal health concerns: 
2592,Eng_Gha,Adolescents have opportunities to participate in advocacy efforts aimed at promoting ethical media p,"Adolescents have opportunities to engage in media advocacy, activism, and social change efforts rela"
2593,Eng_Gha,"Yes, many online crisis intervention services offer resources and referrals to connect adolescents w",Adolescents can access online crisis intervention services for sexual and reproductive health issues
2594,Eng_Gha,"Legal protections, such as laws governing medical confidentiality and privacy rights, exist to ensur","When accessing and sharing information about their sexual health online, adolescents should be aware"
2596,Eng_Gha,You can ensure that your counseling sessions are confidential by:  Asking about the counselor's conf,Confidentiality: Confidentiality means that what you discuss with your counselor remains private. In
2597,Eng_Gha,Mechanisms for monitoring and evaluating the impact of global partnerships on ASRH outcomes include ,"Data collection, monitoring, and evaluation efforts can be improved to better understand and respond"
2599,Eng_Gha,Building self-confidence and self-esteem can help you assert your boundaries confidently and without,"Assertiveness training can help you build self-confidence, self-esteem, and resilience in resisting "
2600,Eng_Gha,"Relaxation Techniques: Deep breathing exercises, progressive muscle relaxation, and meditation can h",Here are some healthy coping mechanisms to manage your emotions:  Talk to someone you trust: Sharing
2601,Eng_Gha,Reduce Stigma: Talk openly about mental health and encourage your child to seek help if needed. Cele,Safe spaces empower adolescents with disabilities to:  Develop Self-Advocacy Skills: Learn to commun
2602,Eng_Gha,Consent refers to the voluntary agreement or permission given by an individual to engage in a specif,Contraceptives are methods or devices used to prevent pregnancy by either blocking the fertilization
2603,Eng_Gha,Contraceptive services will be provided to you whether you have parental consent or not. You can vis,"While there's no national requirement for parental consent in Ghana, navigating this can be confusin"
2604,Eng_Gha,"To promote inclusivity and diversity, community outreach programs can:  Cultural competency training",Community outreach programs are tailored to meet the specific needs and challenges faced by adolesce
2605,Eng_Gha,"Technology, including telehealth services, mobile apps, online platforms, and social media, can be l",Adolescents can access online crisis intervention services for sexual and reproductive health issues
2607,Eng_Gha,"Peer education provides a platform for sharing knowledge, experiences, and skills among peers. Youth","Peer support networks, advocacy organizations, and social movements play a vital role in empowering "
2608,Eng_Gha,"Here are some resources for adolescents:  YMK, YENKASA are local Organizations: Search online for se",There are no resources or support services specifically for LGBTQ+ individuals and families in ghana
2609,Eng_Gha,"Cultural Influence: Cultural and religious beliefs can vary widely, influencing views on sex, contra","Cultural and religious beliefs can influence attitudes towards sexuality, STIs, and HIV, impacting l"
2610,Eng_Gha,Financial barriers pose significant challenges for adolescents seeking sexual and reproductive healt,Out-of-pocket costs for sexual and reproductive healthcare services can influence adolescents' utili
2611,Eng_Gha,Breaching an adolescent's privacy or confidentiality in sexual and reproductive health care can lead,Breaches of confidentiality in healthcare can have serious consequences for both adolescents and hea
2612,Eng_Gha,"Sexting Laws: Laws regarding sexting, especially involving minors, can be complex and vary widely. S","Age of Consent: Understand the age of consent laws in your region, which determine the legal age for"
2614,Eng_Gha,Engaging Stakeholders in Conversations: Adolescents can use various strategies to engage policymaker,Adolescents can advocate for comprehensive sexual and reproductive health services in their communit
2617,Eng_Gha,Adolescents can evaluate the credibility and reliability of online sources of information about sexu,Online crisis intervention services ensure the safety and well-being of adolescents by providing con
2618,Eng_Gha,Condoms play a crucial role in reducing the risk of STIs and HIV during sexual activity by creating ,"Some people worry that dual protection might decrease sexual pleasure. However, there are many condo"
2621,Eng_Gha,School Counselors: They can offer guidance and may have programs focused on communication skills. Pu,"Choose the Right Time: Find a quiet, private moment when everyone is relaxed and not rushed. Be Hone"
2622,Eng_Gha,Healthcare providers can ensure that their sexual and reproductive health education materials and re,Your school nurse or counsellor can provide confidential support and information on sexual health. A
2624,Eng_Gha,Digital empowerment initiatives can address disparities in access to sexual and reproductive health ,"Health disparities refer to differences in health outcomes between different groups of people, often"
2627,Eng_Gha,"Self-Reflection: Understand your own comfort levels, desires, and limits. Reflect on past experience",Respecting Personal Space: Everyone needs time for themselves. Respect your partner's (and your own)
2628,Eng_Gha,Practicing self-awareness and self-care is crucial for identifying and prioritizing your own needs a,"Cultural or societal factors such as gender norms, religious beliefs, and media portrayals of relati"
2629,Eng_Gha,"Health insurance coverage is crucial for adolescents, especially regarding sexual and reproductive h",Health insurance plans for adolescents typically cover a range of sexual and reproductive healthcare
2630,Eng_Gha,Stigma contributes to discrimination against people living with STIs or HIV by: - Reinforcing negati,Stigma is a negative attitude or judgement associated with a certain group of people or a condition.
2632,Eng_Gha,"Parents, guardians, and caregivers play a crucial role in either facilitating or hindering adolescen","The roles and responsibilities of parents, schools, communities, and government agencies in promotin"
2638,Eng_Gha,"Addressing stigma, discrimination, and cultural taboos around sexuality and reproductive health in e","Healthcare providers address cultural differences by: Taking a culturally sensitive approach, acknow"
2639,Eng_Gha,Open Dialogue: Discuss with trusted adults or mentors about cultural expectations and how they align,Cultural Centers: Many communities have cultural centers or organizations that offer resources and s
2640,Eng_Gha,"Intersectional identities, such as race, ethnicity, religion, gender, and sexual orientation, inters","Imagine identities like race, ethnicity, socioeconomic background, and sexual orientation overlappin"
2641,Eng_Gha,"Adolescents can assess the accuracy and trustworthiness of claims made in advertisements, sponsored ",Informed consent: Ensuring that advertisements obtain consent from individuals featured in marketing
2643,Eng_Gha,"Common barriers to effective communication about sexual and reproductive health include stigma, emba","Instead of using stigmatizing terms, here are some accurate ways to talk about STIs:  Sexually trans"
2644,Eng_Gha,Human rights play a critical role in promoting gender equality and addressing gender-based discrimin,Adolescent boys and young men play a crucial role in advocating for and implementing gender-responsi
2646,Eng_Gha,Gender equality and power dynamics play a crucial role in healthy relationships by promoting respect,Adolescents can engage with policymakers and community leaders by participating in advocacy campaign
2648,Eng_Gha,"In healthy relationships, conflicts are viewed as opportunities for growth and understanding. Start ","Stay Calm: Keep emotions in check and approach conflicts with a calm demeanor. Use ""I"" Statements: E"
2649,Eng_Gha,"Learning about healthy relationships, communication skills, and consent contributes to positive ment",Open and non-judgmental discussions about sexuality and reproductive health promote positive mental 
2650,Eng_Gha,Adolescents can prepare themselves for success in youth employment programs and internships by: Deve,Preparing for a Counseling Session: Adolescents can prepare themselves for a crisis counseling sessi
2651,Eng_Gha,Give yourself time to explore your feelings. Sexual orientation refers to who you're attracted to (l,Supporting friends or peers who are questioning their gender identity or sexual orientation requires
2652,Eng_Gha,"Contraception: Contraception, also known as birth control, is used to prevent pregnancy by either pr","Effectiveness varies between methods. Here's a general idea (focusing on ""typical use""):  Highly eff"
2653,Eng_Gha,"Mental health disorders are conditions that affect thoughts, feelings, and behaviors, leading to dis","Typical mood fluctuations are common and may include feeling sad, stressed, or anxious from time to "
2654,Eng_Gha,"Yes, adolescents may be involved through: Participation in focus groups or advisory committees. Prov",The program ensures diversity by: Collecting data on demographic characteristics to identify dispari
2655,Eng_Gha,Partnerships between the public and private sectors can contribute significantly to scaling up ASRH ,"Sustainable international funding for ASRH can be ensured through diversified funding streams, long-"
2657,Eng_Gha,"Yes, there are peer support groups and other informal networks that adolescents can turn to for supp","Yes, peer support groups often serve as a gateway to additional resources and referrals for adolesce"
2658,Eng_Gha,Advocacy efforts are crucial to prioritize adolescent SRH within the broader global health emergency,Past global health emergencies have taught us the importance of prioritizing adolescents' sexual and
2659,Eng_Gha,Adolescents can access various resources to understand their rights to confidentiality and privacy: ,Resources available to help adolescents understand their rights to consent and decision-making in se
2660,Eng_Gha,Adolescents can critically evaluate the credibility and reliability of online sources by: Checking t,"Steps include: Checking the source: Look for information from reputable organizations, healthcare pr"
2662,Eng_Gha,Here are some resources for reliable information about contraception:  Your healthcare provider: The,"Look for information from reputable sources such as government health websites, medical organization"
2665,Eng_Gha,Cultural Influence: Cultural Attitudes: Cultural attitudes towards sexuality can shape laws and poli,Legal and policy frameworks exist to protect the sexual and reproductive rights of adolescents with 
2667,Eng_Gha,Education on reproductive system health is the process of providing information and resources to ado,"The frequency of STI testing for adolescents depends on various factors, including their sexual acti"
2670,Eng_Gha,"Media messages can influence perceptions and attitudes about sexuality, relationships, and reproduct","Harmful media messages contribute to various issues among adolescents, including: Body dissatisfacti"
2671,Eng_Gha,Healthy coping mechanisms and stress management techniques can provide effective alternatives to sub,Hormonal Changes: Fluctuations in hormones during adolescence can intensify emotions and make regula
2672,Eng_Gha,"Impact on Fertility: Some STIs, if untreated, can lead to infertility or complications with pregnanc",Reproductive autonomy refers to the ability of individuals to make decisions about their reproductiv
2674,Eng_Gha,Privacy Laws: Understand privacy laws and guidelines related to sharing personal information online.,Educational Websites: Websites like Planned Parenthood or the Centers for Disease Control and Preven
2675,Eng_Gha,Digital storytelling and social media activism play a crucial role in raising awareness and advocati,"Social media influencers can leverage their platforms to amplify marginalized voices, share diverse "
2677,Eng_Gha,"Adolescents can access contraceptives through various avenues, including:  Visiting a healthcare pro","Yes, family planning services often include options for emergency contraception. Emergency contracep"
2679,Eng_Gha,Successful initiatives or programs that promote cultural competence in adolescent sexual and reprodu,"Yes, there are efforts and initiatives in place to improve geographical accessibility to sexual and "
2681,Eng_Gha,"If you and your partner have different preferences for contraception, here are some things to consid","A healthy relationship is characterized by mutual respect, trust, communication, and support. In a h"
2682,Eng_Gha,"Individual therapy offers personalized attention, while group therapy provides peer support and shar","Mental health services for adolescents can vary widely, but generally include counseling or therapy,"
2684,Eng_Gha,"In many places, adolescents can access family planning services without parental consent. Laws and r",Cultural and Societal Influence: Stigma: Negative attitudes may create stigma around family planning
2686,Eng_Gha,"Community engagement can foster collaboration among adolescents, parents, educators, healthcare prov","Community-based organizations (CBOs) can collaborate with schools, healthcare providers, and other s"
2687,Eng_Gha,"Adolescents can engage with policymakers, researchers, and practitioners to share their perspectives","Climate Adaptation: Mitigation strategies include promoting climate-resilient healthcare systems, in"
2688,Eng_Gha,Healthcare providers and educators can better understand and address the unique sexual and reproduct,Everyone has unique sexual health needs! Your healthcare provider considers factors like:  Sexuality
2691,Eng_Gha,"Here are some resources for adolescents:  YMK, YENKASA are local Organizations: Search online for se",Hotlines: speak to a health service provider get help from a GHS-YMK counsellor call PPAG yenkasa on
2692,Eng_Gha,"Effective ways to express your thoughts, feelings, and boundaries to friends, peers, and romantic pa","Personal boundaries are the limits and rules that individuals establish to protect their physical, e"
2693,Eng_Gha,Online Resources: Digital platforms offer easily accessible and interactive educational resources on,"Governments, NGOs, and community organizations play a crucial role in promoting access to education "
2697,Eng_Gha,"Family values, beliefs, and cultural traditions play a significant role in shaping adolescents' atti","Cultural background profoundly influences attitudes, beliefs, and practices regarding sexuality and "
2699,Eng_Gha,"The sexual and reproductive health curriculum strives to address diverse identities, experiences, an","Targeted Outreach: Initiatives employ targeted strategies such as community outreach, mobile clinics"
2701,Eng_Gha,"Peer support networks, survivor advocacy groups, and allyship initiatives play a crucial role in cre","Adolescents can share their experiences, challenges, and success stories related to livelihood skill"
2704,Eng_Gha,"Mental health services for adolescents can vary widely, but generally include counseling or therapy,",Youth-friendly healthcare services are healthcare facilities or clinics specifically designed to mee
2705,Eng_Gha,"These frameworks are like international rulebooks. They outline what countries should do to respect,",International ASRH policies and frameworks contribute to achieving broader global health and develop
2707,Eng_Gha,Common factors contributing to body image issues among adolescents include societal pressure to conf,Recognizing and challenging negative self-talk and self-doubt is essential for maintaining assertive
2709,Eng_Gha,"Confidentiality: Hotlines and helplines prioritize confidentiality, and adolescents can trust that t",your school nurse or healthcare worker will discuss issues of sexuality with you. LGBTQ+ is consider
2713,Eng_Gha,"If adolescents suspect that a friend or peer is in an abusive relationship, they should: Approach th",Having Conversations with Concerned Friends: Adolescents can have a conversation with a friend they'
2714,Eng_Gha,"Cultural background profoundly influences attitudes, beliefs, and practices regarding sexuality and ",Religious beliefs and practices play a significant role in shaping attitudes towards adolescent SRH.
2715,Eng_Gha,Don't hesitate to seek help from a mental health professional if you're struggling with challenges r,Adolescents can support friends or peers experiencing mental health challenges by: Listening: Offeri
2716,Eng_Gha,"Adolescents can access social protection programs through government agencies, community organizatio",Government policies and programs play a critical role in ensuring access to nutritious food and adeq
2717,Eng_Gha,Community-based organizations (CBOs) play vital roles in promoting sexual and reproductive health (S,Healthcare providers play a crucial role in ensuring adolescents' rights to sexual and reproductive 
2722,Eng_Gha,Adolescents can find peer support groups that address sexual and reproductive health concerns and cr,Health Clinics: Visit local health clinics or hospitals for confidential advice and services related
2723,Eng_Gha,"Potential side effects of emergency contraception may include nausea, vomiting, fatigue, headache, a","Hormonal Methods: Birth Control Pills: Nausea, headaches, mood changes. Patch/Ring: Skin irritation,"
2724,Eng_Gha,Consent is ongoing: Just because you agreed to something once doesn't mean you have to agree again. ,"In Ghana, the constituition only recognises binary gender with she/he pronouns only"
2726,Eng_Gha,Peer-to-peer mentorship programs provide adolescents with guidance and support in various aspects of,Lack of information: Peer mentors provide guidance and resources to help their peers navigate the co
2728,Eng_Gha,Safe spaces contribute to mental health by:  Reducing Isolation: Providing a sense of belonging and ,Here are some resources for adolescents with disabilities:  Disability Rights Organizations in Ghana
2729,Eng_Gha,Common misconceptions or myths about transgender and non-binary identities include the belief that i,"When navigating disagreements or conflicts related to gender identity and sexual orientation, it's i"
2731,Eng_Gha,Many schools and communities with high-risk populations have programs to address GBV:  Prevention Wo,"Preventing GBV is crucial! By building healthy relationships and promoting respect, we can create a "
2735,Eng_Gha,"In many cases, healthcare providers cannot share information about an adolescent's sexual and reprod",Healthcare providers are required to breach confidentiality in certain circumstances where there is 
2736,Eng_Gha,Medical assistance for adolescents in crisis situations related to sexual and reproductive health ca,Providers and Qualifications: Crisis counseling services to adolescents are provided by trained coun
2737,Eng_Gha,"Healthcare providers play a crucial role in:  Conducting Testing: Performing STI testing, interpreti",Healthcare providers play a crucial role in providing gynecological services to adolescents by:  Off
2738,Eng_Gha,"Adolescents have various employment opportunities available to them, including part-time jobs, inter",There are several resources available to help adolescents navigate the process of accessing mental h
2739,Eng_Gha,"When engaging adolescents in community-based sexual and reproductive health programs, it's crucial t","The sexual and reproductive health curriculum strives to address diverse identities, experiences, an"
2740,Eng_Gha,Lifestyle factors play a significant role in maternal health outcomes:  Diet: Eating a balanced diet,Healthy lifestyle choices can positively impact mental health by: Improving Mood: Regular exercise r
2742,Eng_Gha,Peer education: Creates a supportive and non-judgmental space for adolescents to discuss sexual and ,"During comprehensive sexual and reproductive health consultations for adolescents, various topics ma"
2744,Eng_Gha,"Education systems and curricula foster resilience, empathy, respect, and inclusivity among adolescen","Parents, educators, and caregivers can promote gender sensitivity in their interactions with adolesc"
2745,Eng_Gha,Mandatory reporting laws can vary widely between different states or regions within a country. Varia,The current laws and regulations regarding abortion vary widely depending on the country or region. 
2746,Eng_Gha,Positive social connections are crucial:  Supportive Network: Surround yourself with people who care,Support persons play a vital role in a pregnant adolescent's journey:  Partners: Can offer emotional
2747,Eng_Gha,"Mandatory reporters may include a wide range of professionals who have regular contact with minors, ","While mandatory reporting laws generally require the reporting of suspected abuse or assault, there "
2750,Eng_Gha,"Start small: Begin with short, manageable sessions and gradually increase the duration as you build ",Grounding exercises: Practice deep breathing or body scan techniques to anchor yourself in the prese
2751,Eng_Gha,Authenticity enhances the effectiveness of social media influencers' messaging about ASRH topics by:,"Social media influencers share a wide range of content regarding sexual health, contraception, conse"
2754,Eng_Gha,Community outreach programs address stigma and discrimination related to STIs and HIV by: Providing ,"Stigma and discrimination can be tough, but here are some ways to cope:  Educate others: Talk to fri"
2755,Eng_Gha,"Yes, crisis helplines are committed to being inclusive and affirming of diverse identities, backgrou",your school nurse or healthcare worker will discuss issues of sexuality with you. LGBTQ+ is consider
2756,Eng_Gha,"Cultural and religious beliefs can influence attitudes towards sexuality, STIs, and HIV, impacting l",Cultural diversity influences adolescent sexual and reproductive health (SRH) practices and behavior
2757,Eng_Gha,"The Sustainable Development Goals (SDGs) related to ASRH include Goal 3: Good Health and Well-being,","Multi-Sector Collaboration: Collaboration among governments, NGOs, UN agencies, community-based orga"
2758,Eng_Gha,"Maternal health refers to the health of people during pregnancy, childbirth, and the postpartum peri",Adolescents should know that prenatal care involves regular check-ups with healthcare providers thro
2759,Eng_Gha,"Yes, there are numerous resources and educational materials available to help adolescents better und",Your school nurse or counsellor can provide confidential support and information on sexual health. A
2762,Eng_Gha,"Potential challenges include resistance to change, lack of political will and commitment, limited re",Potential challenges or barriers may include: Limited cultural competence among healthcare providers
2763,Eng_Gha,"Self-Care Practices: Prioritizing self-care activities that promote physical, emotional, and mental ","Adolescents can access accurate and age-appropriate information about puberty, contraception, STIs, "
2767,Eng_Gha,"Yes, it is completely normal to be unsure about your sexuality, even when thinking only in terms of ",Adolescents can cope with feelings of discomfort or anxiety by recognizing that it's normal to feel 
2768,Eng_Gha,"Educate Yourself: Learn about common stereotypes and misinformation regarding sexuality, and gende i","If you encounter inappropriate or explicit content related to sexual and reproductive health online,"
2769,Eng_Gha,Cultural and societal norms influence the types of sexual health information and messages portrayed ,Cultural and societal factors significantly influence how adolescents interpret and respond to media
2770,Eng_Gha,Open Dialogue: Encourage open and respectful conversations about cultural beliefs and how they inter,Cultural or religious beliefs can impact adolescents' access to sexual and reproductive health servi
2771,Eng_Gha,Sexual health screenings are medical tests done to check for sexually transmitted infections (STIs) ,There are different types of prenatal tests and screenings available:   Recommended Tests: These tes
2772,Eng_Gha,The eligibility criteria for participating in youth employment programs and internships may vary dep,"Joining peer support groups, online forums, or community organizations that provide a platform for s"
2773,Eng_Gha,"Be clear and assertive: Communicate your boundaries confidently and directly, without apologizing or","Discuss and agree upon ground rules or guidelines for our check-ins, such as confidentiality, active"
2775,Eng_Gha,Social media and digital platforms offer powerful tools for advocacy and raising awareness about ado,Online and digital health resources can promote awareness and understanding of STIs and HIV among ad
2781,Eng_Gha,Adolescents can access microfinance services through: Microfinance institutions (MFIs): Non-bank fin,Microfinance programs can promote gender equality and empower adolescent girls by: Offering targeted
2782,Eng_Gha,Efforts to combat stigma and discrimination surrounding adolescent sexuality and reproductive health,Disability rights activists have been instrumental in achieving progress. They've:  Organized protes
2783,Eng_Gha,"Adolescents can use strategies such as transparency, monitoring, and reporting to hold private secto",Partnerships between the private sector and civil society organizations contribute to economic oppor
2787,Eng_Gha,Sexual and reproductive health education plays a crucial role in promoting mental well-being during ,"Safe spaces intersect with other topics related to sexual and reproductive health, mental health, pe"
2789,Eng_Gha,Connect with Organizations: Reach out to local organizations working on GBV prevention. Offer your h,"Volunteering: Many organizations welcome volunteers to help with events, fundraisers, or administrat"
2790,Eng_Gha,Lack of Communication: Communication barriers can lead to misunderstandings or unmet needs. Address ,There are many ways to express intimacy without sexual contact that could transmit STIs. Here are so
2792,Eng_Gha,"Adolescents should prioritize respect, integrity, and authenticity when creating digital content on ",Adolescents should be aware of ethical considerations when engaging with media content related to se
2793,Eng_Gha,Real-life scenarios or case studies provide opportunities to apply critical thinking skills to navig,Assertiveness is important for navigating peer pressure and making informed choices about sexual and
2795,Eng_Gha,"Adolescents can access emergency contraception from various sources, including: Healthcare providers","There are various birth control options, and some might be more suitable than others when considerin"
2797,Eng_Gha,Social media and digital platforms can be used as tools to promote body positivity and challenge har,Social media plays a significant role in shaping perceptions of consent and sexual behavior by provi
2799,Eng_Gha,"Parents, caregivers, educators, and healthcare providers can support adolescents by fostering open c","Educators, parents, and caregivers can support adolescents in developing media literacy skills by pr"
2802,Eng_Gha,Self-Advocacy: Be assertive in expressing your beliefs and values in discussions. Education: Educate,Here are tips for respectful conversations:  Start with consent: Ask if someone feels comfortable ta
2803,Eng_Gha,Most social media platforms and websites have reporting mechanisms for harassment or cyberbullying. ,"To protect yourself from cyberbullying and online harassment, consider the following: Be cautious ab"
2804,Eng_Gha,Various healthcare providers offer comprehensive sexual and reproductive health services to adolesce,"Yes, there may be transportation services available specifically for adolescents who need to access "
2807,Eng_Gha,"Human rights principles such as autonomy, dignity, and equality intersect with ASRH by emphasizing a",Education on reproductive system health empowers adolescents by:  Providing accurate information abo
2809,Eng_Gha,"Adolescents can access information and support through various channels, including: School-based edu","Adolescents can: Create supportive peer networks where individuals can share experiences, provide em"
2810,Eng_Gha,Common barriers or challenges that adolescents may face when trying to talk to their parents about p,Common barriers include: Lack of confidentiality and privacy protections. Limited availability of yo
2811,Eng_Gha,"Community engagement involves involving community members in decision-making processes, program deve",Promoting gender equality can lead to more inclusive and accessible sexual and reproductive health s
2812,Eng_Gha,"Connect with people who share your interests, not just your disability. Be Open and Honest: Communic",There are resources available to help you navigate the challenges:  Support Groups: Connecting with 
2813,Eng_Gha,Strategies to address cultural barriers and promote open dialogue about sexual and reproductive heal,"Cultural practices, traditions, and beliefs often contribute to gender inequalities and power imbala"
2815,Eng_Gha,Here are some tips to ensure you're using your chosen method correctly every time:  Read the instruc,Dual protection means using two different methods of contraception at the same time. It's recommende
2817,Eng_Gha,Schools and healthcare providers can: Use inclusive language and terminology that recognizes and aff,Here's how to promote inclusive sexual and reproductive healthcare:  Accessibility: Ensure physical 
2818,Eng_Gha,"Options: Abortion: If you're not ready to parent, abortion is a legal option in many places. Medical",Being a parent is a lifelong commitment filled with love but also significant responsibility:  Finan
2819,Eng_Gha,"Assertiveness training can help you build self-confidence, self-esteem, and resilience in resisting ","Media literacy plays a crucial role in developing resilience, self-esteem, and self-confidence by: E"
2823,Eng_Gha,Strategies for promoting self-care and stress management within sexual and reproductive health educa,"Stress Management: Engage in relaxation techniques such as deep breathing, meditation, or yoga. Prio"
2824,Eng_Gha,"LGBTQ+ is an acronym which refers to  Lesbian, Gay, Bisexual, Transgender, Queer and other identitie","LGBTQ+ stands for lesbian, gay, bisexual, transgender, queer, and other identities. It encompasses d"
2825,Eng_Gha,"In gender-sensitive approaches to preventing sexual violence, consent is central to promoting respec",Self-Reflection: Take time to understand your values and beliefs about sex. Consider how your decisi
2826,Eng_Gha,STI/HIV prevention and education services are often integrated with other adolescent health services,National legal and policy frameworks vary in their recognition and upholding of adolescents' sexual 
2828,Eng_Gha,Adolescents who have experienced sexual violence have several reporting mechanisms available to them,Several resources and support networks are available to help you improve your communication skills a
2830,Eng_Gha,The lack of diverse representation can contribute to a sense of invisibility and confusion for disab,"There are resources for adolescents questioning their gender identity in schools, health facilities,"
2831,Eng_Gha,Communication: Be open about your boundaries and expectations from the beginning of the relationship,Be Open: Listen without judgment.  Respect: Respect their opinions even if different.  Be Clear: Spe
2832,Eng_Gha,Benefits: Preventing Pregnancy: Primary benefit of all methods. Non-Contraceptive Benefits: Some met,Reliable sources of information about birth control methods include: Healthcare providers: visit the
2834,Eng_Gha,You have the right to confidentiality when reporting GBV.  Hotlines and support services won't share,You may report to a hospital or health center where you will be linked to legal services. Safety Con
2835,Eng_Gha,Bystander intervention involves individuals who are not directly involved in a potentially harmful s,Some myths or misconceptions about bystander intervention include: Myth: Bystanders should only inte
2840,Eng_Gha,"Ending a relationship can be tough, here are some tips:  Be honest and direct: Communicate your feel","Recognize Signs: Be aware of signs like excessive jealousy, isolation from friends, or making decisi"
2841,Eng_Gha,Here are some tips to find a healthcare provider who is understanding and supportive of pregnant ado,"If you have a health condition, there are still safe and effective birth control methods available. "
2843,Eng_Gha,Integrating digital content creation into media literacy education programs offers numerous benefits,CSE programs can adapt to the changing needs and realities of adolescents by integrating technology 
2844,Eng_Gha,Adolescents can advocate for policies or reforms that address the affordability of sexual and reprod,Healthcare providers can take several steps to make sexual and reproductive healthcare services more
2845,Eng_Gha,Prevention programs address intersecting forms of oppression by acknowledging the ways in which syst,"Stigma intersects with sexism, homophobia, transphobia, and racism in ASRH by: Compounding discrimin"
2850,Eng_Gha,"Accessing Contraception: Clinics and Health Centers: Visit local reproductive health clinics, family",Methods: Contraceptive Pills: Oral contraceptives containing hormones to prevent ovulation. Condoms:
2851,Eng_Gha,Safe spaces empower adolescents with disabilities to:  Develop Self-Advocacy Skills: Learn to commun,Safe spaces offer opportunities for:  Shared Experiences: Connecting with others who understand the 
2852,Eng_Gha,Adolescents can advocate for policies and programs that promote equitable access to education and ST,Adolescents can advocate for policies and programs that promote savings and asset building among the
2853,Eng_Gha,"Yes, cultural or religious considerations may influence adolescents' rights to privacy and confident",Language barriers and linguistic diversity can significantly impact adolescents' access to sexual an
2854,Eng_Gha,"There may be costs associated with receiving medical assistance services, but there are often option","Costs associated with legal assistance and advocacy services can vary depending on the organization,"
2855,Eng_Gha,Adolescents can educate themselves and others about reproductive rights and autonomy by: - Seeking o,Healthcare providers play a crucial role in educating adolescents about their legal rights and respo
2856,Eng_Gha,Resources available to help adolescents and healthcare providers navigate cultural and religious con,Understanding Connections: Education can help adolescents grasp how climate change affects Adolescen
2857,Eng_Gha,"Controlling behavior: Your partner tries to control who you see, what you wear, or what you do. Jeal","Warning signs of an unhealthy or abusive relationship may include controlling behavior, jealousy, ma"
2859,Eng_Gha,"Here are some ways to reduce your risk of STIs and unintended pregnancy:  Use condoms, and dental da",Strategies to address the increased risk of unintended pregnancies and unsafe abortions among adoles
2864,Eng_Gha,"Yes, there are specific support groups and counseling services available for adolescents dealing wit","Yes, school-based crisis intervention programs often involve peer education and awareness campaigns "
2866,Eng_Gha,"Celebrities, influencers, and online personalities can have a significant influence on adolescent at",Social media plays a significant role in shaping perceptions of consent and sexual behavior by provi
2868,Eng_Gha,Contraception is incredibly effective when used correctly! Here's why following specific instruction,"Choosing the right contraceptive method depends on your needs and your lifestyle. There's no ""one si"
2869,Eng_Gha,Migration and displacement contribute to cultural diversity by bringing together people from differe,"Global health emergencies, such as pandemics, natural disasters, and humanitarian crises, can have s"
2875,Eng_Gha,Assertiveness: Clearly and confidently communicate your boundaries and refusal to participate in act,Assertiveness is important for navigating peer pressure and making informed choices about sexual and
2876,Eng_Gha,Cultural and Societal Influence: Stigma: Negative attitudes may create stigma around family planning,Cultural or societal attitudes towards counseling and mental health can significantly impact access 
2877,Eng_Gha,"Myths: ""If they didn't say 'no,' it's okay."" ""Consent can be implied by clothing or behavior."" ""Cons",Myth: Sexual dysfunction is a natural part of aging. Correction: While changes in sexual function ca
2878,Eng_Gha,Adolescents can use digital platforms to engage in peer education and support networks related to se,Peer education programs foster a supportive environment where adolescents feel comfortable discussin
2880,Eng_Gha,"Yes, there are organizations and resources available to help you understand and advocate for your le",Research and identify cultural or religious organizations that provide support or information about 
2881,Eng_Gha,"Media representations of consent, boundaries, and healthy relationships can influence adolescents' u","Media messages can influence perceptions and attitudes about sexuality, relationships, and reproduct"
2882,Eng_Gha,Adolescents often face various barriers that hinder their ability to exercise their reproductive hea,Barriers include: Stigma and taboo surrounding discussions about sexuality. Lack of comprehensive se
2883,Eng_Gha,"Common barriers include:  Physical Accessibility: Inadequate ramps, narrow doorways, or lack of acce",Bullying and Discrimination: Schools and communities can implement anti-bullying policies and educat
2884,Eng_Gha,"Adolescents can support each other in challenging harmful gender norms and expectations, building su","Adolescents can: Foster open, supportive dialogue within peer groups and communities, promoting empa"
2888,Eng_Gha,Cultural norms and societal attitudes can affect the enforcement of employment rights for adolescent,LGBTQ+ adolescents are affected by cultural norms and societal attitudes towards sexuality and gende
2890,Eng_Gha,Cultural Influence: Cultural Attitudes: Cultural attitudes towards sexuality can shape laws and poli,Stigma: Cultural or societal stigma surrounding sexual health issues can lead to shame and reluctanc
2893,Eng_Gha,"To maximize the effectiveness of contraceptives in preventing pregnancy, it's important to:  Use Con",It can depend on what's important to you.    How well it works at preventing pregnancy.    How it is
2894,Eng_Gha,Parents or guardians play a crucial role in educating adolescents about age of consent laws and guid,"Parents, guardians, or other trusted adults can play a supportive role by offering emotional support"
2895,Eng_Gha,"Yes, it's very normal to have mood swings during puberty. Hormones, like estrogen and testosterone, ",Acne is a common occurrence during puberty due to hormonal changes. Here are steps to manage acne: G
2901,Eng_Gha,"Common cultural beliefs and practices regarding sexuality, gender roles, and relationships include: ","Cultural and religious beliefs about gender roles, sexuality, and family obligations can significant"
2902,Eng_Gha,Healthcare providers and policymakers can work together to address transportation barriers and impro,your school nurse or healthcare worker will discuss issues of sexuality with you. LGBTQ+ is consider
2906,Eng_Gha,Resources: Healthcare Providers: Your doctor or clinic can provide information on family planning me,Resources and Support: Hotlines: Planned Parenthood and other organizations offer hotlines for repro
2907,Eng_Gha,Physical activity can have a significant positive impact on mental health during puberty: Stress Red,"Setting Realistic Goals: Setting achievable goals and celebrating progress and achievements, no matt"
2909,Eng_Gha,"Peer pressure can significantly impact mental health during adolescence by influencing thoughts, fee","Friends: Positive friendships provide emotional support, companionship, and a sense of belonging, wh"
2910,Eng_Gha,"Monitoring and evaluation mechanisms include regular assessments, data collection, and performance i","Ensuring informed consent and voluntary participation, respecting adolescents' autonomy, privacy, an"
2911,Eng_Gha,Adolescents can ensure that their rights to abortion and post-abortion care are respected and upheld,Adolescents can ensure that their healthcare providers respect their autonomy and provide them with 
2912,Eng_Gha,"Menstruation Myths: Some cultures perpetuate myths about menstruation being dirty or shameful, which",MYTH 1: ORAL SEX IS SAFE SEX FACT: Oral sex might not cause pregnancy but sexually transmitted infec
2913,Eng_Gha,Adolescents can advocate for gender equality by: Organizing awareness campaigns and events to challe,Adolescents can employ various strategies to challenge and resist stigma and discrimination in their
2914,Eng_Gha,"If you have questions or concerns about using contraception, consider the following steps: - Talk to",Absolutely! You can talk to a healthcare provider about contraception even if you're not sexually ac
2916,Eng_Gha,MYTH 1: ORAL SEX IS SAFE SEX FACT: Oral sex might not cause pregnancy but sexually transmitted infec,There are many myths about sex floating around. Here are a few common ones:  Myth: You have to have 
2917,Eng_Gha,"Media messages can influence perceptions and attitudes about sexuality, relationships, and reproduct","Social media influencers share a wide range of content regarding sexual health, contraception, conse"
2918,Eng_Gha,Supporting friends or peers who are exploring their sexual orientation involves: Listening without j,Offer Support: Be nonjudgmental and offer emotional support. Encourage them to seek medical help and
2919,Eng_Gha,Talking to a trusted adult at school or home can be a great way to build a support system and access,"Open and honest communication is essential for a healthy relationship, especially when it comes to s"
2920,Eng_Gha,Adolescents can use digital platforms to engage in peer education and support networks related to se,"Peer support networks provide a sense of belonging and understanding, reducing feelings of isolation"
2921,Eng_Gha,The legal consequences for perpetrators of alcohol and drug-facilitated assaults vary depending on t,Alcohol and drug-facilitated assaults involve the use of substances to incapacitate or impair a pers
2922,Eng_Gha,Effective strategies or interventions that mentors can use to help adolescents develop critical thin,Parental communication is crucial in navigating peer pressure and making decisions about sexual and 
2923,Eng_Gha,"Online media consumption exposes adolescents to various risks and challenges, including: Misinformat",Parents can address risks associated with unrestricted media consumption by: Establishing clear guid
2925,Eng_Gha,"Talking to your partner about getting tested for STIs or HIV can be approached with honesty, empathy","Open Communication: Choose a private and comfortable setting to have the conversation. Use clear, no"
2927,Eng_Gha,Online and digital health resources for STI/HIV prevention offer a variety of information and servic,You can discern between trustworthy and unreliable information by: Checking the source: Look for inf
2928,Eng_Gha,"Yes, there are numerous resources and educational materials available to help adolescents better und","Here are some resources for adolescents:  YMK, YENKASA are local Organizations: Search online for se"
2929,Eng_Gha,"Adolescents can build alliances with other social justice movements, such as gender equality, disabi",Efforts to combat stigma and discrimination surrounding adolescent sexuality and reproductive health
2930,Eng_Gha,"It's important to feel safe and respected during sex. If your partner refuses to use a condom, you h","You have the right to say no, always. Don't feel obligated to have sex to please someone else. Be cl"
2932,Eng_Gha,The human rights framework can be used to address barriers to sexual and reproductive health service,"Marginalized and vulnerable populations, such as refugees, migrants, and internally displaced adoles"
2935,Eng_Gha,"Ending a relationship can be tough, here are some tips:  Be honest and direct: Communicate your feel","Telling your partner can be difficult, but it's crucial for their health and treatment. Here are som"
2936,Eng_Gha,Stigma is a negative attitude or belief that makes people feel ashamed or embarrassed about somethin,Stigma can have a significant negative impact on adolescents considering abortion. It can lead to:  
2937,Eng_Gha,"Stigma can have serious negative impacts on people's health and well-being, including:  Delaying tes",Stigma is a negative attitude or judgement associated with a certain group of people or a condition.
2938,Eng_Gha,Consent in the context of relationships means that all parties involved willingly agree to engage in,Consent plays a crucial role in preventing coercion and pressure by affirming the importance of mutu
2939,Eng_Gha,"Contraception: Contraception, also known as birth control, is used to prevent pregnancy by either pr",Pregnancy Testing and Counseling: Clinics and Health Centers: Visit local reproductive health clinic
2940,Eng_Gha,Examples of successful community outreach initiatives include:  Peer education programs: Training ad,"Respectful relationships education is crucial for adolescents as it equips them with the knowledge, "
2941,Eng_Gha,Effective strategies or interventions that mentors can use to help adolescents develop critical thin,"Strategies for building decision-making confidence, assertiveness, and resilience in the face of pee"
2945,Eng_Gha,Talking about abortion rights with friends and family can be complex. Here's how to have a respectfu,Talking to family and friends can be challenging. Here are some resources that can help:  Support Gr
2950,Eng_Gha,Signs that someone may be struggling with substance use and mental health issues include: Changes in,"Communication skills such as active listening, empathy, and compromise can help adolescents engage i"
2951,Eng_Gha,"Verbal Consent: Directly asking, ""Are you okay with this?"" Non-Verbal Consent: Positive body languag",Respect for Autonomy: Consent is about respecting individual autonomy and the right to make decision
2953,Eng_Gha,Special considerations are giving to adolescents who are in situations that need special attention w,Adolescents can often access STI testing and treatment confidentially through school-based health ce
2955,Eng_Gha,Youth-friendly healthcare services are healthcare facilities or clinics specifically designed to mee,Gynecological services are medical services focused on the reproductive health of individuals with f
2960,Eng_Gha,Adolescents can access HIV testing and treatment services without facing stigma or discrimination by,Stigma and discrimination significantly impact adolescents' willingness to seek sexual and reproduct
2963,Eng_Gha,Adolescents can access comprehensive sexual and reproductive health services in their community thro,Adolescents can advocate for comprehensive sexual and reproductive health services in their communit
2966,Eng_Gha,"Explore age-appropriate books, articles, or online resources together that cover the sensitive topic",Here are some resources for reliable information about contraception:  Your healthcare provider: The
2968,Eng_Gha,Sexual development refers to the changes your body goes through as it becomes capable of reproductio,"Common physical changes during puberty include growth spurts, development of secondary sexual charac"
2970,Eng_Gha,The reproductive systems of males and females have distinct structures and functions: Male Reproduct,Male: Testes: Produce sperm (male sex cells). Scrotum: Sac that protects the testes. Epididymis: Sto
2973,Eng_Gha,"During puberty, your body undergoes significant physical changes due to hormonal fluctuations. These",Deep Breathing: Practicing deep breathing exercises to promote relaxation and reduce anxiety. Mindfu
2975,Eng_Gha,Some potential challenges and barriers to effective community engagement in adolescent sexual and re,Some challenges LGBTQ+ youth might face include:  Homophobia and transphobia: Not everyone is accept
2976,Eng_Gha,Growth spurts and new hair growth are thanks to hormones kicking in during puberty. These chemicals ,Growth spurts are periods when your body grows rapidly in a short amount of time. This is because of
2977,Eng_Gha,"If you have concerns or questions about contraceptives, or if you experience side effects while usin","It's normal to experience a range of emotions after an abortion, such as:  Anxiety: Feeling worried "
2978,Eng_Gha,"Community engagement can foster collaboration among adolescents, parents, educators, healthcare prov",Community engagement and prevention programs can address the root causes of sexual violence by: Iden
2983,Eng_Gha,Support groups and peer networks provide valuable resources for adolescents who have experienced har,Adolescents who are hesitant to disclose their experiences of harm or violence can access confidenti
2984,Eng_Gha,"Common myths or misconceptions about maternal health include:  Myth: ""Pregnant adolescents should ea","Common myths or misconceptions about reproductive system health include:  Myth: ""You can't get pregn"
2985,Eng_Gha,"Collaboration with Stakeholders: Adolescents can collaborate with educators, parents, healthcare pro",Think big! Here are some ways to make your advocacy efforts sustainable:  Set Long-Term Goals: Ident
2990,Eng_Gha,Research or ask elders in your community about any taboos or stigmas surrounding topics like contrac,"Addressing stigma, discrimination, and cultural taboos around sexuality and reproductive health in e"
2991,Eng_Gha,Consent refers to the voluntary agreement or permission given by an individual to engage in a specif,"Consent refers to giving permission or agreement for a particular action, especially in the context "
2994,Eng_Gha,Privacy Settings: Use strict privacy settings on social media to limit what strangers can see. Be Ca,"Recognize Signs: Cyberbullying can include mean comments, spreading rumors, or posting hurtful conte"
2996,Eng_Gha,Steps to Take: Contact Healthcare Provider: Discuss symptoms or concerns. Consider Alternative Metho,Common physical experiences after an abortion may include:  Cramping and abdominal discomfort. Spott
2997,Eng_Gha,"Global health emergencies, such as pandemics, natural disasters, and humanitarian crises, can have s",Addressing health disparities and inequities in adolescent sexual and reproductive health has signif
2998,Eng_Gha,"Trust Your Instincts: If something feels wrong, trust your feelings and instincts. Talk to Someone: ",If you experience discomfort or discrimination:  Speak Up: Assertively express your discomfort and r
3001,Eng_Gha,Community-based approaches can complement school-based sexual health education programs by: Providin,"Yes, there are many opportunities for you to become a positive peer influencer and advocate for sexu"
3003,Eng_Gha,"A rights-based approach acknowledges the diversity of adolescents' backgrounds, identities, and live",Migrant and minority adolescents can advocate for their sexual and reproductive health needs and rig
3004,Eng_Gha,"Religious communities address issues of consent, sexual violence, and harassment through various mea","Media portrayals of consent, coercion, and sexual violence can contribute to misconceptions and vict"
3005,Eng_Gha,"Families, communities, and cultural institutions play significant roles in shaping adolescent attitu",Community-based organizations and peer networks play a vital role in supporting the sexual and repro
3006,Eng_Gha,"Communicate openly and honestly: Talk about your needs, wants, and boundaries. Look for mutual respe","Effective communication in a relationship involves being honest, respectful, and empathetic. It's im"
3007,Eng_Gha,Sexual health education is integral to ensuring that adolescents are equipped with the information t,Sex assigned at birth: This is based on physical anatomy (genitals) at birth (male or female). Gende
3008,Eng_Gha,"Overcoming stigma or shame associated with seeking mental health services can be challenging, but th",Adolescents have several options for accessing mental health services. They can start by talking to 
3010,Eng_Gha,Successful youth-led community engagement initiatives on sexual and reproductive health include: Pee,Successful examples of adolescent-led advocacy campaigns include youth-led movements for comprehensi
3011,Eng_Gha,"Media literacy education programs can empower adolescents to recognize, analyze, and respond to ethi",Cultural and societal norms influence the types of sexual health information and messages portrayed 
3016,Eng_Gha,"Online predators: Be cautious when interacting with strangers online, especially in forums or chat r",Some common cultural norms and values related to sexuality and reproductive health in our community 
3017,Eng_Gha,You can trust that your information and privacy will be respected as school-based crisis interventio,"Yes, adolescents may be involved through: Participation in focus groups or advisory committees. Prov"
3018,Eng_Gha,"Real-life scenarios where media literacy has empowered adolescents to resist peer pressure, challeng",Adolescents can analyze and deconstruct scenes or storylines in media that depict coercive or non-co
3019,Eng_Gha,Counselling services can support adolescents in making informed decisions by:  Providing accurate in,Counseling services can support adolescents in coping with pregnancy-related concerns by:  Providing
3020,Eng_Gha,"In most cases, healthcare providers cannot perform medical procedures or examinations on adolescents",Cultural and religious beliefs may influence attitudes toward accessing STI testing and treatment se
3021,Eng_Gha,Adolescents should be aware of ethical considerations when engaging with media content related to se,"Self-reflection, critical thinking, and empathy play crucial roles in adolescents' ethical engagemen"
3022,Eng_Gha,"Cultural, social, and economic factors influence the production and reception of advertising and mar",Media representations of gender and sexuality play a significant role in shaping societal perception
3023,Eng_Gha,"Warning signs of an unhealthy or abusive relationship may include controlling behavior, jealousy, ma",Controlling Behavior: Constant monitoring or controlling your actions. Jealousy and Possessiveness: 
3024,Eng_Gha,Total abstinence prevents pregnancy and sexually transmitted infections (STIs). If you choose to be ,"If you’re not in a one-partner relationship, choose contraceptive methods that protect you in two wa"
3025,Eng_Gha,"Sexual dysfunction is a difficulty with any stage of the sexual response cycle (desire, arousal, org",Open Communication: Talk openly and honestly with your partner about sexual health concerns. Discuss
3026,Eng_Gha,Adolescents can balance their academic responsibilities with applying for and managing financial sup,"Balancing entrepreneurship with other responsibilities, such as education, family obligations, or so"
3028,Eng_Gha,Adolescents with disabilities face various barriers when seeking sexual and reproductive health care,Common barriers include: Lack of confidentiality and privacy protections. Limited availability of yo
3030,Eng_Gha,Common physical experiences after an abortion may include:  Cramping and abdominal discomfort. Spott,You can talk to your healthcare provider about sensitive topics related to reproductive health by:  
3032,Eng_Gha,"Marginalized Populations: Climate change exacerbates existing vulnerabilities and inequalities, disp",Strategies to address the increased risk of unintended pregnancies and unsafe abortions among adoles
3033,Eng_Gha,Create an environment where you feel comfortable expressing your concerns or asking questions withou,"Common barriers to effective communication about sexual and reproductive health include stigma, emba"
3034,Eng_Gha,Long-term benefits of developing strong conflict resolution skills for adolescents include: Improved,Healthy communication patterns in a relationship include: - Active Listening: Listening attentively 
3036,Eng_Gha,Adolescents can advocate for comprehensive sexual and reproductive health services in their communit,Communities and policymakers can work together to improve access to reproductive health services for
3038,Eng_Gha,"Parents, caregivers, educators, and healthcare providers can support adolescents by fostering open c","Parents, educators, and caregivers can support adolescents in critically analyzing and engaging with"
3039,Eng_Gha,Mental health challenges related to sexual and reproductive health can carry an extra layer of stigm,Setting Boundaries: Knowing your limits and communicating them clearly protects your mental health i
3040,Eng_Gha,Peer support networks and disability advocacy organizations play a crucial role in promoting access ,All health facilities in Ghana render services to adolescent irrespective of their disabilities. The
3042,Eng_Gha,Sexually explicit content: Exposure to sexually explicit content on social media may normalize risky,"Education systems and curricula address the influence of social media, technology, and online platfo"
3043,Eng_Gha,"Stigma and discrimination related to sexual orientation, gender identity, and expression can have se",Discrimination can negatively impact the mental health of adolescents with disabilities:  Anxiety an
3045,Eng_Gha,Media representation plays a significant role in shaping societal perceptions and attitudes towards ,Media representations of gender and sexuality play a significant role in shaping societal perception
3053,Eng_Gha,"Social media, digital communication platforms, and technology have transformed the way adolescents c",Adolescents can use digital platforms to engage in peer education and support networks related to se
3054,Eng_Gha,Cash Transfers: Direct financial assistance provided to adolescents or their families to alleviate p,Community-Based Suicide Prevention Programs: There are community-based suicide prevention programs o
3058,Eng_Gha,Communities and policymakers can work together to improve access to reproductive health services for,Communities can work together to ensure that all adolescents have equal access to sexual and reprodu
3060,Eng_Gha,"As an adolescent, you have rights and responsibilities regarding your access to contraceptives:  Rig","Adolescents have rights regarding their access to gynecological services, including:  The right to c"
3062,Eng_Gha,Counseling services can play a crucial role in addressing mental health concerns related to sexual a,"Engage in regular physical activity, such as exercise or yoga, to reduce stress and promote relaxati"
3063,Eng_Gha,Balancing the benefits of positive reinforcement from peers with the need to maintain autonomy invol,"Surrounding yourself with peers who prioritize respect, empathy, and understanding can have numerous"
3064,Eng_Gha,Cultural and religious communities hold a wide range of beliefs about LGBTQ+ individuals. Here are s,"In Ghana, the constituition oInly recognises binary gender with she/he pronouns only"
3065,Eng_Gha,"Maternal health care includes prenatal care, which involves regular check-ups with healthcare provid",Prenatal care is highly important in reducing pregnancy risks. Regular checkups allow your healthcar
3066,Eng_Gha,"There are resources for adolescents questioning their gender identity in schools, health facilities,","Many resources are available for adolescents including books, online documentaries, articles, etc to"
3070,Eng_Gha,"You have the right to say no, always! Don't feel obligated to engage in sexual activity you're not c","Not being assertive in peer pressure situations can lead to various risks and consequences, such as "
3071,Eng_Gha,"Youth leaders and advocates influence policymakers, government officials, and other stakeholders to ","International organizations such as UN agencies, NGOs, and donor countries play a crucial role in ad"
3072,Eng_Gha,Adolescents can advocate for their privacy rights by clearly communicating their preferences to heal,Laws and regulations governing confidentiality and privacy protections for adolescents seeking crisi
3075,Eng_Gha,Take a Pregnancy Test: The first step is to take a pregnancy test to confirm if you are pregnant. Se,"If you're pregnant and considering ending the pregnancy, here are some alternatives:  Adoption: Plac"
3076,Eng_Gha,Community outreach programs offer a range of services and resources tailored to meet the needs of ad,"Yes, community outreach programs often provide comprehensive education and support regarding sexual "
3079,Eng_Gha,"Definition: Community support refers to the network of resources, organizations, and services availa",Self-Reflection: Understand what specifically makes you uncomfortable. Practice: Start with small co
3080,Eng_Gha,"Parents, caregivers, teachers, and other trusted adults play a crucial role in supporting adolescent","Parents, caregivers, educators, and healthcare providers can support adolescents in understanding an"
3081,Eng_Gha,"Websites: There are reputable websites like Planned Parenthood, Adolescent health programme platform",School Health Services: Many schools offer reproductive health education classes and resources on sa
3084,Eng_Gha,"To protect yourself from cyberbullying and online harassment, consider the following: Be cautious ab","Adolescents can support their friends, peers, or loved ones experiencing online harassment, coercion"
3085,Eng_Gha,"Hormones play a significant role in puberty, as they trigger physical changes and can also affect mo",Deep Breathing: Practicing deep breathing exercises to promote relaxation and reduce anxiety. Mindfu
3087,Eng_Gha,Self-defense training plays a role in empowering adolescents to protect themselves against sexual vi,"The consequences of sexual violence can be severe and multifaceted, affecting survivors emotionally,"
3089,Eng_Gha,"Schools, community organizations, and healthcare providers play crucial roles in educating adolescen",Adolescents can advocate for their rights to consent and decision-making in sexual and reproductive 
3091,Eng_Gha,Communities can work together to ensure that all adolescents have equal access to sexual and reprodu,"Parents, caregivers, and educators can support adolescents in using digital tools responsibly and ef"
3092,Eng_Gha,"Some misconceptions about safe sex practices include beliefs that certain sexual activities are ""saf",Adolescents can navigate challenging conversations about sexual and reproductive health topics by us
3093,Eng_Gha,The benefits of integrating STI/HIV prevention and education with other health services for adolesce,Adolescents can: Advocate for comprehensive sexual health education in schools and youth-friendly he
3096,Eng_Gha,We can establish a specific day and time each week for our regular check-ins to ensure consistency a,"Emphasize the importance of creating a judgment-free zone during our regular check-ins, where you fe"
3100,Eng_Gha,Access to information is crucial for adolescents to make informed decisions about their sexual and r,"Essential information includes: Understanding puberty and body changes. Knowledge about Abstinence, "
3101,Eng_Gha,"Engage in regular physical activity, such as exercise or yoga, to reduce stress and promote relaxati","Relaxation Techniques: Deep breathing exercises, progressive muscle relaxation, and meditation can h"
3102,Eng_Gha,Prenatal tests are diagnostic or screening tests performed during pregnancy to assess the health of ,Post-abortion care services are available to adolescents to address any physical or emotional needs 
3103,Eng_Gha,It's common for adolescents to be more aware of their bodies during puberty. Here's how to maintain ,"Puberty brings about body changes, and it's normal to feel self-conscious sometimes. Here are some t"
3104,Eng_Gha,Resources available for adolescents with disabilities who experience sexual violence or abuse includ,Post-abortion care services are available to adolescents to address any physical or emotional needs 
3105,Eng_Gha,Adolescents can critically evaluate the credibility and reliability of online sources by: Checking t,Verify the source: Check the credibility of the source by looking for information about the author o
3106,Eng_Gha,Adolescents can access online crisis intervention services for sexual and reproductive health issues,"Yes, many online crisis intervention services offer resources and referrals to connect adolescents w"
3107,Eng_Gha,"Role-playing, journaling, and other self-reflection exercises can help clarify your boundaries, prac",Communication skills are crucial when dealing with peer pressure related to sexual and reproductive 
3109,Eng_Gha,"International organizations, such as the United Nations Population Fund (UNFPA), World Health Organi","Technology and digital platforms play a crucial role in facilitating communication, knowledge sharin"
3110,Eng_Gha,Promoting inclusivity and diversity in adolescent-friendly healthcare spaces involves several strate,Understanding disability helps us address disparities because:  Barriers to healthcare: People with 
3111,Eng_Gha,Types of Crises or Concerns: Adolescents can discuss a wide range of crises or concerns with crisis ,Medical assistance for adolescents in crisis situations related to sexual and reproductive health ca
3113,Eng_Gha,"Limited access to transportation, lack of health insurance, and concerns about confidentiality and p","Yes, there may be transportation services available specifically for adolescents who need to access "
3118,Eng_Gha,"As an adolescent seeking reproductive health services, you have rights related to confidentiality, c","Adolescents typically have rights to confidentiality and privacy, including: The right to have their"
3119,Eng_Gha,Potential barriers to accessing legal rights education for adolescents include: Lack of awareness or,Restricting adolescents' access to reproductive health services can have serious consequences. It ma
3120,Eng_Gha,"Ethical considerations in applying a rights-based approach include ensuring informed consent, confid","Over-indebtedness: Borrowing beyond one's capacity to repay, leading to financial distress, debt tra"
3124,Eng_Gha,here are numerous organizations and support networks available to help adolescents understand their ,"Yes, there are support groups, youth organizations, and community-based organizations that focus on "
3126,Eng_Gha,"Yes, adolescents can often access sexual and reproductive health services without their parents or g",Adolescents have several options for accessing mental health services. They can start by talking to 
3127,Eng_Gha,It's common for adolescents to be more aware of their bodies during puberty. Here's how to maintain ,"In most cases, a balanced diet should provide the necessary nutrients during puberty. However, some "
3131,Eng_Gha,"Respect and communication are key to healthy, safe sex. Here's why:  Informed Consent: Before any se",Open communication with partners is essential. Here's why:  Shared decision-making: Discuss contrace
3133,Eng_Gha,"To make the most of your counseling or therapy sessions, it's important to actively participate and ",Your school nurse or adolescent-friendly healthcare provider can support you address your mental hea
3134,Eng_Gha,Healthcare providers and educators can ensure cultural sensitivity and respect for diverse beliefs a,Healthcare providers can navigate cultural diversity to provide culturally sensitive and appropriate
3136,Eng_Gha,Challenges or barriers that adolescents may face when engaging in social activism and advocacy for s,Adolescents can engage in international advocacy efforts for sexual and reproductive rights by parti
3137,Eng_Gha,"Steps to Take: Contact Healthcare Provider: If you experience any unusual symptoms or concerns, cont",Certain behaviors can increase the risk of complications during pregnancy:  Smoking: Smoking reduces
3138,Eng_Gha,Consent in the context of relationships means that all parties involved willingly agree to engage in,Mutual respect is fundamental to healthy relationships and is crucial in preventing sexual violence.
3140,Eng_Gha,Puberty in Males: Puberty is the period of development when a boy's body changes into an adult male ,"Yes, it is completely normal to be unsure about your sexuality, even when thinking only in terms of "
3141,Eng_Gha,"Cultivate self-awareness: Understand your values, priorities, and boundaries, which can guide decisi","Your self-perception, self-esteem, and self-confidence play a significant role in how you respond to"
3146,Eng_Gha,"Advocacy is important, but so is your well-being! Here's how to find balance:  Time Management: Sche",Adolescents can recognize the need for a break or time to recharge by paying attention to signs of b
3147,Eng_Gha,Media portrayals and representations of adolescent  reproductive health can significantly influence ,Adolescents can advocate for more ethical and inclusive media representations of sexual and reproduc
3150,Eng_Gha,Ethical considerations in research on sensitive topics related to adolescent sexuality and reproduct,Researchers can ensure that the benefits of their research outweigh any potential risks or burdens f
3151,Eng_Gha,You're awesome for wanting to raise awareness about Adolescent Sexual and Reproductive Rights (ASRRs,"Utilizing Social Media and Online Activism: Adolescents can use social media platforms, digital stor"
3155,Eng_Gha,Education on reproductive system health can support adolescents in understanding their fertility and,Education on fertility and family building empowers adolescents by providing them with the knowledge
3162,Eng_Gha,Therapeutic Techniques: Counselors use evidence-based therapies like Cognitive Behavioral Therapy (C,Counseling services can play a crucial role in addressing mental health concerns related to sexual a
3163,Eng_Gha,Legal and policy frameworks recognize the specific needs and rights of marginalized groups of adoles,Social protection programs must adapt to address emerging challenges and opportunities facing adoles
3164,Eng_Gha,You can find youth-friendly healthcare services in your community by: Asking for recommendations fro,"You can find adolescent-friendly healthcare providers by visiting local health clinics, talking to y"
3169,Eng_Gha,"Connect with people who share your interests, not just your disability. Be Open and Honest: Communic",Sexuality is a personal journey.  Here's how families can approach it:  Create a Safe Space: Let you
3172,Eng_Gha,Physical activity is crucial during puberty for several reasons: Healthy Growth: It supports healthy,Balancing physical activity with other responsibilities and interests is important for overall well-
3176,Eng_Gha,"The sexual and reproductive health curriculum strives to address diverse identities, experiences, an",Strategies for engaging diverse communities in discussions about sexual violence prevention include:
3177,Eng_Gha,Adolescents can critically evaluate the credibility and reliability of online sources by: Checking t,"Strategies for analyzing and critiquing the accuracy, credibility, and bias of media sources include"
3178,Eng_Gha,Specific traditional practices and rituals related to sexual and reproductive health may have both b,Adolescents can engage in open and respectful discussions about sexual and reproductive health with 
3179,Eng_Gha,Parental communication is crucial in navigating peer pressure and making decisions about sexual and ,The benefits of setting clear and specific goals when faced with peer pressure related to sexual beh
3180,Eng_Gha,"Elders, community leaders, and cultural institutions often play significant roles in organizing and ",Cultural celebrations and rites of passage can both reinforce and challenge societal norms and value
3181,Eng_Gha,"Media literacy programs in schools address issues related to media representation, diversity, stereo","Media literacy programs in schools promote student engagement, creativity, and media production skil"
3183,Eng_Gha,International human rights instruments and frameworks that protect adolescents' sexual and reproduct,Community-based organizations and peer networks play a vital role in supporting the sexual and repro
3184,Eng_Gha,Providers and Qualifications: Crisis counseling services to adolescents are provided by trained coun,Online crisis intervention services strive to ensure culturally sensitive and inclusive support by e
3185,Eng_Gha,"Adolescents can advocate for increased funding, resources, and support for community-based preventio",Adolescents can advocate for policies and programs that promote social and economic support for sexu
3192,Eng_Gha,Succumbing to negative peer pressure in sexual and reproductive contexts can lead to unintended preg,"Bullying can have significant effects on academic performance, attendance, and overall school experi"
3193,Eng_Gha,"Here are some resources for adolescents:  YMK, YENKASA are local Organizations: Search online for se","Yes, there are many online resources and platforms where adolescents can access accurate and reliabl"
3194,Eng_Gha,Cultural norms and societal attitudes may influence adolescents' access to social and economic suppo,"Health literacy enhances adolescents' understanding of sexual and reproductive health information, e"
3195,Eng_Gha,"Common physical changes during puberty include growth spurts, development of secondary sexual charac",Hormones change during puberty because your body is preparing for adulthood and the ability to repro
3196,Eng_Gha,Resources available to help adolescents and healthcare providers navigate cultural and religious con,"Yes, there are community-based organizations and support groups that can assist adolescents in navig"
3198,Eng_Gha,"Yes, school-based crisis intervention programs can provide referrals to external resources or health",You can access the school-based crisis intervention program by reaching out to trusted school staff 
3199,Eng_Gha,"Birth control, also called contraception, is used to prevent pregnancy. There are many different typ",The hormones in contraceptives don't only prevent ovulation. Some also prevent fertilized eggs from 
3202,Eng_Gha,Legal and policy frameworks recognize the specific needs and rights of marginalized groups of adoles,Governments and healthcare systems can ensure universal access to inclusive sexual and reproductive 
3204,Eng_Gha,Adolescents can leverage social media and other digital platforms to amplify their voices and advoca,Adolescents can use digital platforms to engage in peer education and support networks related to se
3207,Eng_Gha,"Openness and Honesty: Be clear and direct about your feelings, desires, and boundaries. Active Liste","Open Dialogue: Create a safe space for open, honest conversations. Active Listening: Listen to your "
3212,Eng_Gha,Health insurance plans for adolescents typically cover a range of sexual and reproductive healthcare,Comprehensive sexual and reproductive health care for adolescents typically includes a range of serv
3213,Eng_Gha,Untreated STIs and HIV can have serious consequences for one's health in both the short and long ter,"Yes, it is possible to have an STI without showing any symptoms. This is known as being asymptomatic"
3215,Eng_Gha,Education: Learn about your culture's beliefs and traditions regarding puberty to better understand ,"Diverse Media: Explore books, films, documentaries, and online resources that discuss different cult"
3218,Eng_Gha,"Yes, cultural or religious considerations may influence adolescents' rights to privacy and confident",Cultural or religious beliefs can impact adolescents' access to sexual and reproductive health servi
3219,Eng_Gha,You can talk to a trusted adult or mental health professional about your online mental health experi,Set Expectations: Make it clear to your friends that you won't tolerate GBV (including online) and t
3220,Eng_Gha,Finding a Provider: Research: Look for healthcare providers specializing in adolescent health or rep,"Be Open and Honest: The more information you share with your provider, the better they can assist yo"
3222,Eng_Gha,Schools use various strategies to foster positive relationships and a sense of belonging among stude,Peer Support: Peer support networks allow adolescents to connect with others who share similar exper
3223,Eng_Gha,Common physical experiences after an abortion may include:  Cramping and abdominal discomfort. Spott,"The consequences of sexual violence can be severe and multifaceted, affecting survivors emotionally,"
3228,Eng_Gha,Adolescents can advocate for improved mental health services in their community by: Raising awarenes,Adolescents can access comprehensive sexual and reproductive health services in their community thro
3230,Eng_Gha,"If you have a health condition, there are still safe and effective birth control methods available. ",The use of barriers like condoms during sexual activity reduces the risk of STI and HIV transmission
3232,Eng_Gha,"Cultural Influence: Cultural and religious beliefs can vary widely, influencing views on sex, contra","Traditions like female genital mutilation (FGM), child marriage can harm sexual health. Religious be"
3233,Eng_Gha,"Governments, policymakers, and international organizations have ethical responsibilities in ensuring",Mechanisms for monitoring and evaluating the impact of global partnerships on ASRH outcomes include 
3235,Eng_Gha,Post-abortion care services are available to adolescents to address any physical or emotional needs ,Healthcare providers can ensure that adolescents have access to accurate information and resources a
3236,Eng_Gha,"Parents, caregivers, teachers, and other trusted adults play a crucial role in supporting adolescent","Communication Skills: Learn to express yourself clearly and listen actively to friends, family, and "
3239,Eng_Gha,"Sexual consent is the voluntary, mutual agreement between all parties involved in a sexual interacti","Consent is a clear, enthusiastic ""yes"" to sexual activity. It's freely given, without pressure or co"
3240,Eng_Gha,"Legal protections, such as laws governing medical confidentiality and privacy rights, exist to ensur",Adolescents can ensure their rights to informed consent and confidentiality by being informed about 
3241,Eng_Gha,"Critical thinking, problem-solving, and self-awareness are essential components of using decision-ma","Build self-awareness: Recognize your strengths, weaknesses, and personal boundaries, allowing you to"
3242,Eng_Gha,MYTH 1: ORAL SEX IS SAFE SEX FACT: Oral sex might not cause pregnancy but sexually transmitted infec,Addressing Myths: Myth: Prenatal Care is Only for Complications: Reality: Prenatal care is essential
3243,Eng_Gha,"When discussing sensitive topics related to sexuality or reproductive health, it's essential to cons",Listen: Start by listening to diverse perspectives without judgment. Ask Questions: If you're curiou
3249,Eng_Ken,"If you are both positive, it’s important to still use condoms during sex. This is because you might ","Condoms are used for vaginal, anal and oral sex. They are needed whether you are having sex with a p"
3252,Eng_Ken,"Although there’s no HIV risk, being undetectable doesn’t prevent you from getting or passing on othe","Yes, you are not cured. An undetectable viral load means the virus is so low in quantity that it can"
3253,Eng_Ken,Stage 1: Acute HIV InfectionPeople have a large amount of HIV in their blood and are very contagious,"The signs and symptoms of an HIV infection can vary from person to person, and the timeline for when"
3263,Eng_Ken,"When a condom bursts or breaks during sexual intercourse, there is a risk of HIV transmission if one","If a condom breaks during sexual intercourse, there is a potential risk of HIV transmission if one o"
3264,Eng_Ken,"No, testing positive for HIV does not mean you have AIDS. AIDS results from the HIV advancing and th","A negative result means there are no viruses in your blood. If you have however been exposed, you sh"
3267,Eng_Ken,"Being diagnosed with HIV/AIDS can be a challenging and life-changing experience, but there are ways ","Coming to terms with an HIV diagnosis can be a complex and emotional process, but it's an important "
3270,Eng_Ken,Yes. You can take HIV treatment which can lower the amount of HIV in your body to very low levels (u,"When it comes to choosing a type of condom, the best option depends on individual preferences, needs"
3273,Eng_Ken,Your healthcare provider will help you through the formalities of getting started with treatment suc,This will depend on the location that you are in. Ask your provider whether the treatment is free or
3276,Eng_Ken,"The risk of HIV transmission through saliva is extremely low, and it is not considered a significant","No, saliva alone does not transmit HIV (Human Immunodeficiency Virus). HIV is primarily transmitted "
3278,Eng_Ken,"Yes, condoms, when used consistently and correctly, are highly effective at reducing the risk of con","If your partner doesn’t have HIV, or has HIV but is on regular treatment and their viral load is und"
3279,Eng_Ken,"HIV (Human Immunodeficiency Virus) is believed to have originated from non-human primates, specifica",HIV/AIDS (Human Immunodeficiency Virus/Acquired Immunodeficiency Syndrome) is caused by the HIV viru
3288,Eng_Ken,Condoms are a highly effective means of preventing the transmission of HIV (Human Immunodeficiency V,"HIV transmission can occur through sexual activity, including same-sex sexual encounters, but the ri"
3291,Eng_Ken,"Deaths among people over 15 years range from 14,000 - 31,000 now.","As of now, the death rates range from  14,000 - 31,000 per year."
3292,Eng_Ken,"Just like any other sexual intercourse, oral sex carries a risk of transmitting HIV. This is so beca","No, HIV (Human Immunodeficiency Virus) cannot be transmitted through sharing utensils or by casual c"
3293,Eng_Ken,"Yes, it is possible for a woman who is HIV-negative to give birth to an HIV-positive child. This sit","Yes, it is possible for two HIV-positive parents to give birth to an HIV-negative child, but it requ"
3294,Eng_Ken,"Living with HIV (Human Immunodeficiency Virus) is manageable, and individuals with HIV can lead heal","Living with HIV without treatment is possible, but it poses significant health risks, and it is not "
3298,Eng_Ken,There is no cure for HIV (Human Immunodeficiency Virus) or most sexually transmitted infections (STI,Sexually transmitted infections (STIs) are not hereditary in the same way that some genetic conditio
3301,Eng_Ken,"Adults aged 15 years and above that are newly infected with HIV are between 19,000 - 45,000.","Women aged 15 years and above that are newly infected with HIV in Kenya range from 13,000 to 31,000."
3304,Eng_Ken,"Yes, sexually transmitted infections (STIs) can be transmitted through sexual activity between indiv","HIV transmission can occur in same-gender sexual encounters, just as it can in heterosexual encounte"
3309,Eng_Ken,"It is absolutely natural to be scared of getting tested. However, knowing whether you are HIV positi","Fear or anxiety about getting tested for HIV is a common concern, but it's essential to address thes"
3319,Eng_Ken,"This depends on the type of test conducted. If it was a RDT, you will receive the test results withi",Only you will have access to your test results. Whether or not you choose to share it with anyone el
3323,Eng_Ken,"No, being HIV positive does not mean it's the end of your life. HIV (Human Immunodeficiency Virus) i","No, being HIV positive is not the end of a person's life, and living a long, healthy life with HIV i"
3324,Eng_Ken,"HIV (Human Immunodeficiency Virus) progresses through various stages, and if left untreated, it can ",This refers to the time from exposure to the virus to when the test can detect the virus in your bod
3330,Eng_Ken,Children between 0 to 14 years receiving ART in Kenya range from 47% - 74%.,"As of now, the death rates range from  14,000 - 31,000 per year."
3331,Eng_Ken,There is only one way of knowing whether you are HIV positive or not. This is through a special bloo,Knowing your status is very beneficial in the sense that you will be able to initiate treatment earl
3333,Eng_Ken,Post-Exposure Prophylaxis (PEP) is a time-sensitive treatment used to reduce the risk of HIV infecti,"PEP stands for ""Post-Exposure Prophylaxis."" It is a preventive medical treatment that is taken after"
3336,Eng_Ken,"No, having sex with a virgin does not cure HIV/AIDS. HIV (Human Immunodeficiency Virus) is a serious","Not at all. Having sex with a virgin will put them at risk of contracting the disease. In addition, "
3339,Eng_Ken,"The best type of condom for you depends on your personal preferences, needs, and any specific consid","When it comes to choosing a type of condom, the best option depends on individual preferences, needs"
3345,Eng_Ken,"The physical signs and symptoms of an acute HIV infection, also known as acute retroviral syndrome (","persistent fevers, diarrohea,  headacheSevere fatigueSignificant weight loss Opportunistic diseases "
3351,Eng_Ken,"It can be difficult if you want to use a condom and your partner doesn’t, but it’s important to talk",Condom social marketing seeks to increase the popularity of condoms using advertising and mass media
3353,Eng_Ken,"Untreated gonorrhea can lead to serious health complications, but it is not typically fatal in and o","Yes, HIV/AIDS (Human Immunodeficiency Virus/Acquired Immunodeficiency Syndrome) can lead to serious "
3354,Eng_Ken,"It is possible to acquire HIV (Human Immunodeficiency Virus) with a single exposure to the virus, bu","HIV (Human Immunodeficiency Virus) is generally not transmitted through saliva, and the risk of HIV "
3359,Eng_Ken,"Yes, HIV/AIDS can be a life-threatening condition if not properly managed. HIV (Human Immunodeficien","No, HIV (Human Immunodeficiency Virus) does not disappear on its own. HIV is a chronic viral infecti"
3360,Eng_Ken,"Yes, HIV (Human Immunodeficiency Virus) is real. HIV is a well-documented and extensively researched","Yes, HIV/AIDS (Human Immunodeficiency Virus/Acquired Immunodeficiency Syndrome) can lead to serious "
3361,Eng_Ken,Accessing Pre-Exposure Prophylaxis (PrEP) for HIV in Kenya typically involves seeking healthcare ser,A cure for HIV/AIDS had not been found. HIV (Human Immunodeficiency Virus) remains a complex virus t
3365,Eng_Ken,"Sex toys come into contact with vaginal fluids, anal mucus and semen. This means it is possible for ","HIV transmission can occur through activities that involve the exchange of specific bodily fluids, s"
3368,Eng_Ken,"Yes, a person who is HIV-negative can marry or have a romantic relationship with someone who is HIV-","Yes, it is absolutely possible for someone who is HIV-negative to marry or have a committed relation"
3372,Eng_Ken,Pre-Exposure Prophylaxis (PrEP) is effective in preventing HIV (Human Immunodeficiency Virus) transm,The effectiveness of traditional or herbal remedies used by traditional medicine practitioners for p
3374,Eng_Ken,Preventing sexually transmitted infections (STIs) involves adopting safe sexual practices and making,Preventing HIV infection involves a combination of strategies aimed at reducing the risk of exposure
3375,Eng_Ken,HIV (Human Immunodeficiency Virus) cannot be transmitted from mother to child through pregnancy (for,A woman's choice to have a child when she is HIV-positive is a complex and emotional one. Studies ha
3376,Eng_Ken,"If a condom breaks or bursts during sexual intercourse, it can pose a risk of pregnancy and potentia","When a condom bursts or breaks during sexual intercourse, there is a risk of HIV transmission if one"
3378,Eng_Ken,"Whether or not to share your HIV status with your friends is a deeply personal decision, and there i",The answer to this solely depends on you. You need to choose people who you completely trust and peo
3380,Eng_Ken,"No, testing positive for HIV does not mean you have AIDS. AIDS results from the HIV advancing and th","Signs and symptoms may varry from person to person. Even without notable signs and symptoms, it is s"
3381,Eng_Ken,"It's important to clarify that the term ""Kunyonga"" does not have a standard meaning in English, and ","Through unprotected sex with an infected person, from mother to child during delivery, through breas"
3382,Eng_Ken,The life expectancy of an individual living with HIV (Human Immunodeficiency Virus) has significantl,"The life expectancy of a person living with HIV/AIDS has improved significantly over the years, prim"
3388,Eng_Ken,Determining whether a friend is HIV-positive should be based on open and honest communication rather,It helps those of us who test HIV positive to:Find out our HIV status in a safe place with someone w
3389,Eng_Ken,Maintaining sexual health and preventing the transmission of HIV (Human Immunodeficiency Virus) and ,Both people with and without HIV have things they can do to stop HIV being passed on. Using condoms 
3391,Eng_Ken,"Being infected with HIV does not mean that you are going to die. With advances in medical treatment,","Yes, it is possible for a person to have HIV (Human Immunodeficiency Virus) but not progress to AIDS"
3396,Eng_Ken,"Yes, it is possible for an HIV-negative individual to have a child with an HIV-positive partner with",Sexual pleasure with an HIV-positive partner is possible while minimizing the risk of HIV transmissi
3397,Eng_Ken,"Yes, HIV/AIDS can be a life-threatening condition if not properly managed. HIV (Human Immunodeficien","No, testing positive for HIV does not mean you have AIDS. AIDS results from the HIV advancing and th"
3403,Eng_Ken,Testing your baby for HIV is the only sure way to know if your child is positive or not. Knowing thi,"Yes. Once your baby is born, they will need to take HIV treatment to help prevent HIV infection. Aft"
3404,Eng_Ken,"Breastfeeding when you are HIV-positive is a complex issue that depends on several factors, includin",Yes. Guidelines vary depending on where you live and your circumstances. If you always have access t
3406,Eng_Ken,AIDS stands for acquired immunodeficiency syndrome and is the final and most severe stage of an HIV ,"No, testing positive for HIV does not mean you have AIDS. AIDS results from the HIV advancing and th"
3408,Eng_Ken,The life expectancy of an individual living with HIV who is taking antiretroviral therapy (ART) has ,The life expectancy of an individual living with HIV (Human Immunodeficiency Virus) has significantl
3411,Eng_Ken,"Maintaining a healthy diet is important for everyone, including individuals living with HIV (Human I",Eat HealthyHealthy eating is good for your overall health. Following a healthy diet offers several b
3412,Eng_Ken,"Maintaining a healthy diet is important for everyone, including individuals living with HIV (Human I",The most important thing is to take the medications according to how the doctor advised you to. Adhe
3415,Eng_Ken,It helps those of us who test HIV negative to:have a clear understanding of our own risk factors wit,It helps pregnant mothers who test HIV positive to reduce the risk of passing HIV to their baby duri
3416,Eng_Ken,"Yes, it is possible for individuals living with HIV (Human Immunodeficiency Virus) to give birth to ",Yes! It’s possible to safely have an HIV-negative baby together. 
3417,Eng_Ken,The latest guidelines recommend that you initiate Anti-retriviral treatment straight away. This will,Your healthcare worker will work with you to develop an ideal time for taking your treatment. If you
3418,Eng_Ken,"No, HIV (Human Immunodeficiency Virus) cannot be transmitted through sharing utensils or by casual c","No, you cannot acquire HIV (Human Immunodeficiency Virus) by sharing utensils, such as plates, forks"
3421,Eng_Ken,"Before the test, the HCW will introduce themselves and obtain a brief history of your sexual health ",Your healthcare provider will want to find out how the risk of you getting HIV is. They will ask abo
3423,Eng_Ken,"Yes, with appropriate medical care and interventions, an individual who is living with HIV can give ","If you are pregnant and HIV-positive, there are well-established methods to reduce the risk of trans"
3425,Eng_Ken,"I'm really sorry to hear that you're asking this question, but I'm here to provide information and s","First of all, I am sorry to hear that you are asking about this but I am here to provide information"
3427,Eng_Ken,"""P2"" is a common brand name for emergency contraception, also known as the ""morning-after pill."" Eme","The use of contraceptives, such as condoms or hormonal methods, is primarily intended to prevent uni"
3428,Eng_Ken,"Even with the exchange of saliva, kissing is generally not considered a significant mode of HIV tran","Deep, Open-Mouth Kissing: Very rarely, transmission has occurred if both partners have sores or blee"
3433,Eng_Ken,"Yes, it is recommended that you test for HIV when you are pregnant, even if you tested for HIV befor",Lots of women who test positive for HIV when they are pregnant don’t know they have it. They might h
3436,Eng_Ken,"Yes, HIV is treatable and there have been promising improvements in the treatment of HIV. It is trea",Anti-retroviral therapy is able to treat the HIV to the point where it is not detectable in blood. T
3437,Eng_Ken,"If a condom breaks during sexual intercourse, there is a potential risk of HIV transmission if one o","When condoms burst, it is important to take immediate action to prevent the spread of sexually trans"
3438,Eng_Ken,"Anyone who has possibly been exposed to HIV either through unprotected sex, sharing needles or occup",PrEP can be taken by any negative person but is recommended to people who are at risk including thos
3442,Eng_Ken,Accessing Pre-Exposure Prophylaxis (PrEP) for HIV in Kenya typically involves seeking healthcare ser,"Anyone who has possibly been exposed to HIV either through unprotected sex, sharing needles or occup"
3443,Eng_Ken,"Yes, it is crucial to disclose your HIV (Human Immunodeficiency Virus) status to your sexual partner",The only way to know is if they test for HIV. Some couples decide to go and get tested together. Onc
3446,Eng_Ken,Pre-Exposure Prophylaxis (PrEP) is effective in preventing HIV (Human Immunodeficiency Virus) transm,PrEP works by preventing the replication of HIV in your body. If you have been exposed to HIV for in
3448,Eng_Ken,"No, if you eat with a positive person you cannot get HIV unless both of you have sores in the mouth ",No. HIV cannot be transmitted through sharing a positive person's clothes because the virus dies aft
3452,Eng_Ken,"PEP stands for ""Post-Exposure Prophylaxis."" It is a preventive medical treatment that is taken after","PEP, Post Exposure Prophylaxis is a form of treatment taken after a possible exposure to HIV to prev"
3453,Eng_Ken,"Taking a shower after sexual activity, by itself, is not a reliable method for protecting yourself f",Getting or not getting an STD isn't a sign of how “clean” or “not clean” you are. And bathing after 
3459,Eng_Ken,"If a condom breaks during sexual intercourse, there is a potential risk of HIV transmission if one o",The correct and consistent use of latex or polyurethane condoms is an effective method for reducing 
3465,Eng_Ken,The virus will only be detected after the window period. This period is dependant on the type of tes,"The progression of HIV (Human Immunodeficiency Virus) infection varies from person to person, and th"
3467,Eng_Ken,"Deaths among people over 15 years range from 14,000 - 31,000 now.",Adults over 15 years receiving ART in Kenya range from 72% - 92%.
3468,Eng_Ken,"Yes, it is absolutely possible to live with HIV (Human Immunodeficiency Virus). HIV is a manageable ",Reducing stigma associated with HIV and other infections within a community is crucial for promoting
3469,Eng_Ken,"HIV is transmitted through the exchange of certain body fluids. These fluids include semen, blood, b",HIV cannot be transmitted by:Shaking hands or huggingKissingTears or sweatSneezing or coughingUsing 
3473,Eng_Ken,"Engaging in sexual activity with a partner who is HIV positive requires careful consideration, open ",If you've had unprotected sex with a partner and suspect that they may be HIV positive or have any o
3474,Eng_Ken,"Yes, it is recommended that you test for HIV when you are pregnant, even if you tested for HIV befor",HIV (Human Immunodeficiency Virus) cannot be transmitted from mother to child through pregnancy (for
3479,Eng_Ken,"Being diagnosed with HIV/AIDS can be a challenging and life-changing experience, but there are ways ","Managing HIV involves a comprehensive approach that includes medical care, a healthy lifestyle, and "
3480,Eng_Ken,Receiving a blood transfusion can be a complex and potentially life-saving medical procedure for som,HIV (Human Immunodeficiency Virus) can be transmitted through contact with the blood of an HIV-infec
3486,Eng_Ken,Everyone between the ages of 13 and 64 should get tested at least once for HIV.Some people may need ,"Test for HIV at least once every year if you are having sex. Even if you are using protection, it is"
3487,Eng_Ken,"When used correctly and consistently, condoms are very effective in preventing Sexually transmitted ","While condoms are highly effective at reducing the risk of HIV transmission, they do not provide 100"
3498,Eng_Ken,"There is currently no cure for HIV, meaning the virus cannot be completely removed from the body. Ho","Yes, many sexually transmitted infections (STIs), apart from HIV, have cures or can be effectively t"
3500,Eng_Ken,Living with a person who has HIV/AIDS can bring both unique challenges and opportunities for support,"Youth who are HIV-positive face a unique set of challenges that can impact their physical, emotional"
3501,Eng_Ken,The promotion of abstinence as a sexual health strategy is one of several approaches to preventing u,Properly wearing a condom is a good way to protect yourself against HIV. A condom prevents semen (cu
3502,Eng_Ken,HIV (Human Immunodeficiency Virus) infection does not have specific outward physical characteristics,There is only one way of knowing whether you are HIV positive or not. This is through a special bloo
3504,Eng_Ken,Yes. Taking antiretroviral treatment (ART) during pregnancy: is safe for you and your baby keeps the,It is recommended that you test for HIV:at your first antenatal appointmentduring your third trimest
3515,Eng_Ken,"Yes, it is absolutely possible for someone who is HIV-negative to marry or have a committed relation","The life expectancy of an individual living with HIV/AIDS can vary depending on various factors, inc"
3517,Eng_Ken,"Adults and children newly infected with HIV are between 23,000 - 51,000. Adults aged 15 years and ab",Adults and children living with HIV are between 1.3M to 1.6M.
3519,Eng_Ken,Super gonorrhea is a term used to describe a strain of the bacterium Neisseria gonorrhoeae that has ,"Yes, HIV (Human Immunodeficiency Virus) is real. HIV is a well-documented and extensively researched"
3531,Eng_Ken,"If you have just found out about your status, take the time to process the information before choosi",It is recommended to tell potential sexual partners you have HIV or use a condom 100% of the time. W
3532,Eng_Ken,HIV/AIDS is believed to have originated from non-human primates in Central and West Africa and was t,"Sexually transmitted infections (STIs) are caused by different types of microorganisms, including ba"
3536,Eng_Ken,"Whether or not to share your HIV status with your friends is a deeply personal decision, and there i",The answer to this solely depends on you. You need to choose people who you completely trust and peo
3543,Eng_Ken, The only way STIs can be normalized and viewed as something that is normal is through societal educ,Changing the society's view towards HIV as a disease is a long game. It is not something that will h
3549,Eng_Ken,"If you are HIV-positive and seeking psychosocial support in Embu, Kenya, there are several resources",The HIV test is free and available in most if not all of the public health facilities.
3554,Eng_Ken,"If a condom breaks during sexual intercourse, there is a potential risk of HIV transmission if one o","When condoms burst, it is important to take immediate action to prevent the spread of sexually trans"
3556,Eng_Ken,Lots of women who test positive for HIV when they are pregnant don’t know they have it. They might h,Some people think they are not at risk while others fear the test result itself.
3558,Eng_Ken,"If someone you know is struggling with the fear or feeling of spreading HIV to others, it's importan",Both people with and without HIV have things they can do to stop HIV being passed on. Using condoms 
3566,Eng_Ken,"Yes, it is possible to have a safe and healthy relationship with someone who is HIV-positive (living",Controlling yourself from entering into a romantic relationship can be a personal choice and can dep
3569,Eng_Ken,"For adults aged between 15 - 49, it ranges from 3.7% to 4.4%. Women living with HIV are between 4.8%",HIV prevalence among young women in Kenya is between 1.4% - 2.6%.
3571,Eng_Ken,"If a condom breaks or bursts during sexual intercourse, it can pose a risk of pregnancy and potentia",Preventing HIV/AIDS infection involves a combination of strategies beyond condom use and abstinence.
3572,Eng_Ken,"No, having sex with a virgin does not cure HIV/AIDS. HIV (Human Immunodeficiency Virus) is a serious","There is currently no cure for HIV, meaning the virus cannot be completely removed from the body. Ho"
3577,Eng_Ken,This refers to when your viral load is so low that a blood test cannot measure it. This is a good th,"According to the World Health Organization (WHO), people with HIV who are undertaking Anti-Retrovira"
3579,Eng_Ken,The higher prevalence of HIV in some college or university campuses can be attributed to a combinati,The development of an HIV vaccine has been a complex and challenging scientific endeavor for several
3581,Eng_Ken,There is only one way of knowing whether you are HIV positive or not. This is through a special bloo,"No, testing positive for HIV does not mean you have AIDS. AIDS results from the HIV advancing and th"
3585,Eng_Ken,"Yes, it is important to let your significant other know your HIV status. Using condoms prevents the ","Yes, it is recommended that you test for HIV when you are pregnant, even if you tested for HIV befor"
3586,Eng_Ken,The duration of Post-Exposure Prophylaxis (PEP) for HIV typically involves taking antiretroviral med,PrEP (Pre-Exposure Prophylaxis) is typically taken by individuals who are HIV-negative but at high r
3596,Eng_Ken,Explaining to a child that they have HIV (human immunodeficiency virus) can be a challenging and sen,HIV (Human Immunodeficiency Virus) is a virus that attacks the immune system. It then makes it harde
3599,Eng_Ken,The correct and consistent use of latex or polyurethane condoms is an effective method for reducing ,All condoms can prevent HIV if they are used properly. Make sure you put a condom on before any sexu
3600,Eng_Ken,PrEP is safe. No significant health effects have been seen in people who are HIV-negative and have t,Antiretroviral therapy (ART) is a crucial component of managing HIV (Human Immunodeficiency Virus) i
3602,Eng_Ken,There is no cure for HIV apart from antiretroviral (ARV) drugs. ARV therapy is the standard and most,"There is currently no cure for HIV, meaning the virus cannot be completely removed from the body. Ho"
3604,Eng_Ken,The issue with stigma around HIV is a global concern. Unfortunately we have no control over how peop,Supporting and showing kindness to your friend who is living with HIV can make a significant differe
3607,Eng_Ken,"Handling the stigma associated with HIV/AIDS can be challenging, but there are strategies and resour","Surviving and managing HIV/AIDS is entirely possible with proper medical care, treatment, and lifest"
3608,Eng_Ken,This is an antibody test that can be done by yourself at home or in a private setting. You typically,You should always read the instructions before conducting the test. Follow the manufacturer's instru
3609,Eng_Ken,Opportunistic infections (OIs) are illnesses that occur more frequently and are more severe in peopl,Taking HIV medicine is the best way to prevent getting OIs. HIV medicine can keep your immune system
3614,Eng_Ken,"Pre-Exposure Prophylaxis (PrEP) is generally safe and well-tolerated, but like any medication, it ca",PrEP (Pre-Exposure Prophylaxis) is not a myth; it is a real and effective HIV prevention strategy. P
3619,Eng_Ken,"If a condom breaks during sexual intercourse, there is a potential risk of HIV transmission if one o","When a condom bursts or breaks during sexual intercourse, there is a risk of HIV transmission if one"
3621,Eng_Ken,"Supporting a HIV-positive friend or relative requires empathy, understanding, and a non-judgmental a",Supporting a friend or loved one who is HIV-positive is important for their well-being and emotional
3625,Eng_Ken,"Most people do not experience any side effects when using PrEP but some experience nausea, dizziness","PEP is safe and not everyone has side effects. However, some people may experience nausea and diarho"
3627,Eng_Ken,PrEP can be taken by any negative person but is recommended to people who are at risk including thos,"Anyone who has possibly been exposed to HIV either through unprotected sex, sharing needles or occup"
3633,Eng_Ken,It is not inherently wrong to date or be in a relationship with a person who is living with a sexual,"Yes, it is possible for someone who is HIV-negative to marry and have a long-term relationship with "
3635,Eng_Uga,Safe sex practices are means that reduce the risk of spreading sexually transmitted infection from p,Safe sex refers to sexual practices and behaviors that reduce the risk of sexually transmitted infec
3641,Eng_Uga,"Yes, Herpes does not cause failure to impregnate a woman. Therefore, a woman can be impregnated by a","Most men with chlamydia can impregnant a woman, however, if untreated, chlamydia can signifiacantly "
3645,Eng_Uga,People with gonorrhoea should notify current and recent sexual partners to help prevent the spread o,Most cases of gonorrhoea can be prevented with consistent and correct condom use in every sexual enc
3648,Eng_Uga,Syphilis is treatable and curable. People who suspect they may have syphilis should speak to their h,Syphilis is treatable and it heals. People who suspect they may have syphilis should speak to their 
3649,Eng_Uga,Trichomonas can be spread through having unprotected sexual intercourse with an infected partner. In,Trichomoniasis or trich primarily affects the urogenital tract and is caused by the protozoan parasi
3651,Eng_Uga,Personal goals and values play a major role in making the decision on whether or not to get tested f,"It is true that many people living with HIV can live long and healthy lives with the virus, especial"
3653,Eng_Uga,Trichomoniasis or trich primarily affects the urogenital tract and is caused by the protozoan parasi,Trichomoniasis or trich primarily affects the urogenital tract and is caused by the protozoan parasi
3655,Eng_Uga,You resume sex after completing the treatment for gonorrhea. This is because antibiotics take time t, We recommend abstaining from sexual intercourse for at least seven days for both you and your sex p
3661,Eng_Uga,"A chlamydia test detects the bacteria that cause chlamydia, a sexually transmitted infection (STI) s",A chlamydia also known as Chlamydial Genitourinary infection test detects the bacteria that cause ch
3662,Eng_Uga,The likelihood of someone getting infected with HIV during a single sexual encounter can vary depend,"Engaging in sex work can pose an increased risk of HIV transmission, especially if proper prevention"
3665,Eng_Uga,Syphilis is a bacterial sexually transmitted disease (STD) caused by the Treponema pallidum. Syphili,Syphilis is a bacterial sexually transmitted disease (STD) caused by a bacteria (Treponema pallidum)
3666,Eng_Uga,"It's common for body shape to change during puberty, and it can take some time to adjust to these ch","Puberty is the time when a child's body changes into an adult's body, becoming capable of reproducti"
3669,Eng_Uga,"HIV carriers, often referred to as ""HIV-positive individuals"" or ""people living with HIV,"" are indiv",HIV (Human Immunodeficiency Virus) is a virus that primarily infects and replicates within certain i
3671,Eng_Uga,The disease Herpes causes many complications depending on the status of the body and the status of t,"Chlamydia also known as Chlamydial Genitourinary Infection often has no symptoms, but it can cause s"
3673,Eng_Uga,The reproductive systems of males and females have distinct structures and functions: Male Reproduct,The belief that a girl cannot get pregnant if she engages in sexual activity infrequently is a misco
3676,Eng_Uga,Pre-Exposure Prophylaxis (PrEP) is effective in preventing HIV (Human Immunodeficiency Virus) transm,Recent advances in antiretroviral therapies (ARTs) have resulted in the development of several highl
3685,Eng_Uga,"""Chlamydia, also known as Chlamydial Genitourinary infection, is a common STI among men and women. I",During pregnancy a woman can get infection of chlamydia. Chlamydia if untreated has a wide spectrum 
3689,Eng_Uga,Your need for a sexual health checkup or test depends on your personal risk for getting Sexually Tra,Your need for a sexual health checkup or test depends on your own risk of getting Sexually Transmitt
3693,Eng_Uga,"Penicillin Antibiotics, when administered appropriately and at the correct dose, are very effective ",Syphilis is treatable and curable. People who suspect they may have syphilis should speak to their h
3694,Eng_Uga,We can test for herpes from a urine sample if you have urethral symptoms and other possible causes (,"Currently, there’s no blood test that can detect Gonorrhea. You’ll need to provide a urine or swab s"
3695,Eng_Uga,During pregnancy a woman can get infection of chlamydia. Chlamydia if untreated has a wide spectrum ,Chlamydia also known as Chlamydial Genitourinary infection is a common STI among men and women. It c
3697,Eng_Uga,1.        Urogenital Trichomoniasis: This is divided in two sub types;a)        Vaginal Trichomonias,1. Urogenital trichomoniasis  2. Oral trichomoniasis. 3. Rectal trichomoniasis
3702,Eng_Uga,Tell every partner with whom you have had sex in the past 6 months about your positive syphilis test,Tell your partner any time you realize that you have syphilis or even when you think that you have i
3704,Eng_Uga,Engaging in oral sex carries a lower chance of getting infected with HIV as compared to other forms ,"No, sex is not the only way of contracting HIV (Human Immunodeficiency Virus). HIV can be transmitte"
3716,Eng_Uga,"It's important to avoid making generalizations about the behavior of HIV-positive individuals, as pe","Yes, HIV/AIDS can cause mood swings and emotional changes as part of its impact on the central nervo"
3717,Eng_Uga,"As of 2025, there are currently there are no licensed vaccines against either type of the Genital He","Genital Herpes or Herpes Simplex Virus (HSV), also known as herpes is a highly contagious disease. I"
3720,Eng_Uga,It is best you take atleast one week to months after treatment to minimize the risk of transfering t,"Sexual activity with the same partner can be resumed when symptoms have improved. For new partners, "
3722,Eng_Uga,"Yes, it is possible for a person living with HIV to give birth to a child who is also HIV-positive. ","Yes, with appropriate medical care and interventions, an individual who is living with HIV can give "
3728,Eng_Uga,Healthcare providers test your body fluids for the Neisseria gonorrhoeae bacterium. If they detect t,Gonorrhea is a common preventable and curable bacterial Sexually Transmitted Infection that is sprea
3732,Eng_Uga,"Hepatitis B is transmitted when blood, semen, or another body fluid from a person infected with HBV ","Hepatitis B is primarily spread when blood, semen, or certain other body fluids – even in microscopi"
3738,Eng_Uga,You may need to test for syphilis if:1.	You or a sexual partner have symptoms of syphilis2.	Your sex,"You may need to test for Syphilis if you or a sexual partner have symptoms of syphilis, if your sexu"
3739,Eng_Uga,Human immunodeficiency virus is an infection that orignated in animals and passed into human bodies.,"Yes,  a blood test can detect whether a person is HIV positive or HIV negative and it is recommended"
3742,Eng_Uga,Your need for a sexual health checkup or test depends on your personal risk for getting Sexually Tra,Your need for a sexual health checkup or test depends on your own risk of getting Sexually Transmitt
3743,Eng_Uga,Using pre-exposure prophylaxis (PrEP) and post-exposure prophylaxis (PEP) as prescribed by a healthc,"PEP stands for ""Post-Exposure Prophylaxis."" It is a preventive medical treatment that is taken after"
3744,Eng_Uga,"There are two known types of HIV; HIV-1 and HIV-2.Overall, HIV-1 is the leading type of HIV througho","Abortions, or the termination of a pregnancy, can occur for various reasons, and they are classified"
3745,Eng_Uga,"Most people who have chlamydia don't notice any symptoms. If you do get symptoms, these usually appe","While some people with Genital Herpes or Herpes Simplex Virus (HSV), also known as herpes will never"
3747,Eng_Uga,"Talking to your parents can be awkward, but they might surprise you with their understanding and can",Talking to your parents or caregivers about your emotions and concerns during puberty can feel daunt
3748,Eng_Uga,"I'm really sorry to hear that someone is feeling this way, but I can't provide the help that's neede","I'm really sorry to hear that you're feeling this way, but I can't provide the help that you need. I"
3751,Eng_Uga,"Most people with Genital Herpes or Herpes Simplex Virus (HSV), also known as herpes have no symptoms","Genital herpes or Herpes simplex virus (HSV), known as herpes, is a common infection that can cause "
3752,Eng_Uga,"A chlamydia test detects the bacteria that cause chlamydia, a sexually transmitted infection (STI) s",Healthcare providers test your body fluids for the Neisseria gonorrhoeae bacterium. If they detect t
3754,Eng_Uga,"Chlamydia also known as Chlamydial Genitourinary Infection often has no symptoms, but it can cause s","Chlamydia also known as Chlamydial Genitourinary Infection often has no symptoms, but it can cause s"
3756,Eng_Uga,Syphilis is treatable and it heals. People who suspect they may have syphilis should speak to their ,Gonorrhoa is caused by a bacteria called Neisseria Gonorrhea. Bacterial infections are treated by us
3757,Eng_Uga,There are two different types of HIV. These are called HIV-1 and HIV-2 which are distinct at a genet,"There are two known types of HIV; HIV-1 and HIV-2.Overall, HIV-1 is the leading type of HIV througho"
3758,Eng_Uga,Healthcare providers test your body fluids for the Neisseria gonorrhoeae bacterium. If they detect t,Healthcare providers test your body fluids for the Neisseria gonorrhoeae bacterium. If they detect t
3762,Eng_Uga,"Though treatment involves having an antibiotic injection, it is sometimes possible to have an antibi","Yes. Timely treatment can cure gonorrhea. Take all medicine as your healthcare provider instructs, e"
3763,Eng_Uga,Chlamydia infections also known as Chlamydial Genitourinary Infections spread through sexual contact,"Hepatitis B is primarily spread when blood, semen, or certain other body fluids – even in microscopi"
3766,Eng_Uga,"A gonorrhea test can tell you if you have gonorrhea, a common sexually transmitted infection (STI). ",Gonorrhea is a common preventable and curable bacterial Sexually Transmitted Infection that is sprea
3768,Eng_Uga,Safe sex practices are measures that help reduce the risk of transmitting sexually transmitted infec,Safe sex refers to sexual practices and behaviors that reduce the risk of sexually transmitted infec
3769,Eng_Uga,Gonorrhea is classified according to site or according to its responsiveness to treatment. According,"Gonorrhea is classified according to what part of the body is affected (urogenital, extragenital and"
3770,Eng_Uga,"Trichomoniasis or ""trich"" is a very common sexually transmitted diseases caused by infection with tr","Men with Trichomoniasis or trich always stay asymptomatic (with no symptoms or signs), the disease c"
3771,Eng_Uga,"Yes, HIV can be treated, and early detection and treatment are crucial for effectively managing the ","Yes,  a blood test can detect whether a person is HIV positive or HIV negative and it is recommended"
3772,Eng_Uga,Hepatitis B can be prevented by a safe and effective vaccine that offers nearly 100% long-term prote,"Currently, there's no medicine available for acute hepatitis B. If you have mild symptoms, your doct"
3774,Eng_Uga,Chlamydia infections in humans are categorized depending on the mode of spread of the disease-causin,Chlamydia also known as Chlamydial Genitourinary Infection is caused by the organism Chlamydia trach
3776,Eng_Uga,"Yes, it is possible to enjoy a fulfilling and satisfying sex life when you are HIV positive. Being H",Engaging in safe sex when one partner is HIV-positive (living with HIV) and the other is HIV-negativ
3779,Eng_Uga,Syphilis is treatable and it heals. People who suspect they may have syphilis should speak to their ,"Penicillin Antibiotics, when administered appropriately and at the correct dose, are very effective "
3780,Eng_Uga,The only way to completely avoid Chlamydia also known as Chlamydial Genitourinary infection is to no,"People with symptoms of oral Genital herpes or Herpes Simplex Virus (HSV), also known as Herpes shou"
3783,Eng_Uga,Herpes can only be diagnosed at a health centre. You cannot test for it at home or using radiologica,Herpes can only be diagnosed at a health centre. You cannot test for it at home or using any radiolo
3785,Eng_Uga,We can test for herpes from a urine sample if you have urethral symptoms and other possible causes (,"Currently, there’s no blood test that can detect Gonorrhea. You’ll need to provide a urine or swab s"
3788,Eng_Uga,The organism Trichomonas vaginalis belongs to a group of Protozoa that are believed to have orginate,The organism Trichomonas vaginalis belongs to a group of protozoa that primarily inhabit animal host
3791,Eng_Uga,"We don’t know if people with HIV are more likely to get COVID-19, as more research is needed to unde",The level of fear and concern associated with HIV and COVID-19 can vary significantly depending on i
3792,Eng_Uga,Lots of women who test positive for HIV when they are pregnant don’t know they have it. They might h,"If you test HIV-positive, you can still give birth to HIV-negative babies! You can take HIV treatmen"
3795,Eng_Uga,"Yes, you can absolutely swim and exercise during your period! Many people find that exercise helps r","Yes, several lifestyle factors can influence menstrual health: Diet: Eating a balanced diet with ple"
3798,Eng_Uga,"Gonorrhea can be traced back to the earliest records of the human race. The Romans, Jews and Arabs a","Gonorrhea can be traced back to the earliest records of the human race. The Romans, Jews and Arabs a"
3801,Eng_Uga,If you've had unprotected sex with a partner and suspect that they may be HIV positive or have any o,"Tell your partner and get checked by a doctor, as pain can be a sign of an STI or other issues."
3802,Eng_Uga,Gonorrhea is a common preventable and curable bacterial Sexually Transmitted Infection that is sprea,"An infection caused by bacteria, viruses or parasites transmitted through sexual contact including a"
3803,Eng_Uga,"Infertility has many causes. In women, it can be caused by hormone disorders, damaged fallopian tube","Abortions, or the termination of a pregnancy, can occur for various reasons, and they are classified"
3804,Eng_Uga,"Pregnant women, like anyone else, can take steps to safely avoid HIV infection. Here are some essent",HIV infection during pregnancy is a serious concern for both the unborn baby and the pregnant woman.
3805,Eng_Uga,Hormones are responsible for the many changes you're experiencing during puberty. They're the reason,"Yes, hormones can affect your behavior and personality during puberty. The changes in hormone levels"
3811,Eng_Uga,"As of 2025, there is currently no vaccine to protect against the pathogen Chlamydia trachomatis that","As of 2025, there is currently no vaccine for the prevention of infection with Chlamydia, also known"
3814,Eng_Uga,Healthcare providers test your body fluids for the Neisseria gonorrhoeae bacterium. If they detect t,1.        Culture performed on an intraurethral swab specimen is preferred in settings where collect
3817,Eng_Uga,"There have been multiple attempts to develop syphilis vaccine, but upto date there is no approved va","Syphilis is an STI, it does not run in families, however, it can be transmitted from mother to child"
3820,Eng_Uga,"No, there is no licensed vaccine for HIV.",Hepatitis B can be prevented by a safe and effective vaccine that offers nearly 100% long-term prote
3822,Eng_Uga,"The only way to completely avoid STIs is to not have vaginal, anal, or oral sex. If you are sexually",The only way to completely avoid Chlamydia also known as Chlamydial Genitourinary infection is to ab
3823,Eng_Uga,Post-Exposure Prophylaxis (PEP) is a time-sensitive treatment used to reduce the risk of HIV infecti,"PEP stands for ""Post-Exposure Prophylaxis."" It is a preventive medical treatment that is taken after"
3824,Eng_Uga,A daily anti-herpes medicine can make it less likely to pass the infection on to your sex partner(s),"People with symptoms of oral Genital herpes or Herpes Simplex Virus (HSV), also known as Herpes shou"
3829,Eng_Uga,"HIV (Human Immunodeficiency Virus) can affect people of all ages, including older individuals. While","HIV (Human Immunodeficiency Virus) can infect individuals of all blood types, and there is no specif"
3834,Eng_Uga,You can get syphilis by having direct contact with a syphilis wound. The contact can happen during s,Syphilis is a bacterial sexually transmitted disease (STD) caused by the Treponema pallidum. Syphili
3837,Eng_Uga,"If you have heavy periods or severe menstrual pain, it's important to talk to a healthcare provider.","Yes, birth control prevents pregnancy but does not protect against STIs, so always use condoms for p"
3843,Eng_Uga,"Look out for symptoms like unusual discharge, itching, or burning when you urinate, and if you're wo","If STIs go untreated, they may result in complications such as pre-term birth, risk of infertility, "
3848,Eng_Uga,Syphilis is a bacterial sexually transmitted disease (STD) caused by a bacteria (Treponema pallidum),Syphilis is a Sexually Transmitted Infection (STI) that is treatable with medication. It is caused b
3849,Eng_Uga,"Abstinence is the surest way, but if you're active, using condoms and other contraceptives helps a l",There are several effective methods of preventing pregnancy aside from condoms (CD) and family plann
3853,Eng_Uga,"If you had gonorrhea and took medication in the past, you can still get it. This happens if you have",Uncomplicated Chlamydia also known as Chlamydial Genitourinary infection can be easily cured with an
3854,Eng_Uga,"If you are diagnosed with syphilis, you need to tell anyone you've had sexual contact with so that t","Yes, there is cure for syphilis. The standard approved treatment for syphilis is Penicillin G. There"
3859,Eng_Uga,There are two different types of HIV. These are called HIV-1 and HIV-2 which are distinct at a genet,"There are two known types of HIV: HIV-1 and HIV-2. Overall, HIV-1 is the leading type of HIV through"
3860,Eng_Uga,Abdominal pain also called menstrual cramps can be relieved by using over-the-counter pain relievers,"Yes, it's very common to have period cramps, also known as dysmenorrhea. Cramps are caused by the ut"
3863,Eng_Uga,"We don’t know if people with HIV are more likely to get COVID-19, as more research is needed to unde",The level of fear and concern associated with HIV and COVID-19 can vary significantly depending on i
3864,Eng_Uga,"Gonorrhea is a common, preventable and curable bacterial sexually transmitted infection that affects","Gonorrhea is a common, preventable and curable bacterial sexually transmitted infection that affects"
3866,Eng_Uga,Creating an open and non-judgmental environment for discussing HIV in your class can help alleviate ,Having a good family and building a positive future for yourself is possible even if you are HIV pos
3869,Eng_Uga,"Most people with Genital Herpes or Herpes Simplex Virus (HSV), also known as herpes have no symptoms","While some people with Genital Herpes or Herpes Simplex Virus (HSV), also known as herpes will never"
3870,Eng_Uga,"The only way to completely avoid STIs is to not have vaginal, anal, or oral sex. If you are sexually","People with symptoms of oral Genital herpes or Herpes Simplex Virus (HSV), also known as Herpes shou"
3874,Eng_Uga,Uncomplicated Chlamydia also known as Chlamydial Genitourinary infection can be easily cured with an,Chlamydia also known as Chlamydial Genitourinary infection is treatable and curable within a few day
3876,Eng_Uga,"Being diagnosed with HIV can be emotionally challenging, and it's normal to experience a range of em","Yes,  a blood test can detect whether a person is HIV positive or HIV negative and it is recommended"
3877,Eng_Uga,A chlamydia also known as Chlamydial Genitourinary infection test detects the bacteria that cause ch,A chlamydia also known as Chlamydial Genitourinary infection test detects the bacteria that cause ch
3880,Eng_Uga,"First, consult your health worker/doctor/clinician, although the treatment for Trich/Trichomoniasis ",Gonorrhoa is caused by a bacteria called Neisseria Gonorrhea. Bacterial infections are treated by us
3881,Eng_Uga,Chlamydia also known as Chlamydial Genitourinary infection is treatable and curable within a few day,"As of 2025, there is currently no vaccine for the prevention of infection with Chlamydia, also known"
3882,Eng_Uga,Human immunodeficiency virus is a zoonosis – an infection that originated in animals and passed into,Visiting a qualified health care provider to know your HIV status provides you with more information
3887,Eng_Uga,You can get syphilis by having direct contact with a syphilis wound. The contact can happen during s,You can get syphilis by having direct contact with a syphilis sore. The contact can occur during any
3891,Eng_Uga,Maintaining sexual health and preventing the transmission of HIV (Human Immunodeficiency Virus) and ,"Incorporating HIV patients into society is essential to reduce stigma, promote inclusivity, and supp"
3893,Eng_Uga,"HIV/AIDS counseling services may be available for free or at a reduced cost in many regions, dependi","The availability of free HIV medication, often referred to as antiretroviral therapy (ART), can vary"
3894,Eng_Uga,"Testing for chlamydia involves collection of the sample/swab, and then it is subjected to testing. T",A chlamydia also known as Chlamydial Genitourinary infection test detects the bacteria that cause ch
3896,Eng_Uga,"If you are diagnosed with hepatitis B, see your doctor to determine the best treatment for you. It w",There are several tests that are used to test for Hepatitis B namely:1. Hepatitis B Surface Antigen 
3898,Eng_Uga,"Yes, a blood test can detect whether a person is HIV positive or HIV negative, and it is recommended","The best way to know that you have HIV, is to get an HIV test from a qualifed health care provider. "
3899,Eng_Uga,"Check out websites, podcasts, or books aimed at young people, read trusted resources, talk to health","Certainly, I can provide more information about sex. Sex is a fundamental aspect of human biology an"
3900,Eng_Uga,1.	There are safe and highly effective vaccines for two viral STIs; Human Papillomavirus and Hepatit,Syphilis is a preventable disease. The best way to prevent Syphilis is to abstain from sex. Using co
3904,Eng_Uga,"That is totally fine, and you can talk to a doctor about long-term birth control options.","It varies for everyone, so just make sure you feel ready and that it’s a healthy relationship."
3906,Eng_Uga,"A chlamydia test detects the bacteria that cause chlamydia, a sexually transmitted infection (STI) s",It is unclear what the origins of the organism Chlamydia trachomatis are. The organism causes both T
3909,Eng_Uga,"Syphilis causes ulcers or sores during the earliest stages of the disease, that is the priamry and s",Primary and secondary stages of syphilis infection are associated with sores and skin rashes as the 
3912,Eng_Uga,The only way to completely avoid Chlamydia also known as Chlamydial Genitourinary infection is to no,"The only way to completely avoid Chlamydia, also known as Chlamydial Genitourinary infection is to a"
3916,Eng_Uga,"Most people who have chlamydia don't notice any symptoms. If you do get symptoms, these usually appe","Chlamydia also known as Chlamydial Genitourinary Infection often has no symptoms, but it can cause s"
3922,Eng_Uga,"The bacteria that cause Chlamydia can pass from one person’s mouth to their partner’s penis, vagina ",The only way to completely avoid Chlamydia also known as Chlamydial Genitourinary infection is to ab
3923,Eng_Uga, You should test for syphilis if:1.	You or a sexual partner have symptoms of syphilis2.	Your sexual ,"No, being slim or having a particular body type has no direct correlation with HIV status. HIV (Huma"
3925,Eng_Uga,The likelihood of someone getting infected with HIV during a single sexual encounter can vary depend,Having a sexually transmitted infection (STI) can potentially increase the risk of acquiring or tran
3927,Eng_Uga,Syphilis tests screen for and confirm syphilis by looking for certain cells that fight against infec, You should test for syphilis if:1.	You or a sexual partner have symptoms of syphilis2.	Your sexual 
3933,Eng_Uga,Chlamydia infections also known as Chlamydial Genitourinary Infections spread through sexual contact,The only way to completely avoid Chlamydia also known as Chlamydial Genitourinary infection is to no
3934,Eng_Uga,Gonorrhea is a common preventable and curable bacterial Sexually Transmitted Infection that is sprea,Gonorrhea is classified according to site or according to its responsiveness to treatment. According
3936,Eng_Uga,"Hepatitis B spreads when blood, semen, or other body fluids from someone with the virus get into the",It is normal to ask yourself this question. Most people contract HIV through unprotected sex with so
3940,Eng_Uga,"Discovering that your partner is HIV-positive can be emotionally challenging, but it's important to ",If you are living with HIV and are interested in dating or forming romantic relationships with girls
3941,Eng_Uga,Syphilis is treatable and it heals. People who suspect they may have syphilis should speak to their ,Syphilis is treatable and curable. People who suspect they may have syphilis should speak to their h
3945,Eng_Uga,"While some people with the disease Genital Herpes or Herpes Simplex Virus (HSV), also known as Herpe","While some people with Genital Herpes or Herpes Simplex Virus (HSV), also known as herpes will never"
3949,Eng_Uga,Human immunodeficiency virus is an infection that originated in animals and passed into human hosts.,There are two different types of HIV. These are called HIV-1 and HIV-2 which are distinct at a genet
3950,Eng_Uga,"Feeling pressure from friends to engage in sexual activity can be challenging, but there are steps y","You should feel free to say no and talk to someone you trust, like a friend or a counselor."
3954,Eng_Uga,"Most people with Genital Herpes or Herpes Simplex Virus (HSV), also known as herpes have no symptoms",People with hepatitis B infections present varying symptoms. In acute phase (new onset of the infect
3956,Eng_Uga,"The only way to completely avoid STIs is to not have vaginal, anal, or oral sex.If you are sexually ","The only way to completely avoid Gonorrhea is to abstain from vaginal, anal, or oral sex.If you are "
3957,Eng_Uga,HIV transmission during sexual intercourse can occur regardless of whether a man is circumcised or n,"No, HIV cannot be cured within 24 hours after sexual intercourse or any short period of time followi"
3959,Eng_Uga,Gonorrhoa is caused by a bacteria called Neisseria Gonorrhea. Bacterial infections are treated by us,"Yes, this is known as drug resistance and also referred to as antimicrobial resistance. this happens"
3960,Eng_Uga,Syphilis is a bacterial sexually transmitted disease (STD) caused by a bacterium (Treponema pallidum,Syphilis is a bacterial sexually transmitted disease (STD) caused by a bacteria (Treponema pallidum)
3967,Eng_Uga,"Chlamydia also known as Chlamydial Genitourinary Infection often has no symptoms, but it can cause s","Chlamydia also known as Chlamydial Genitourinary Infection often has no symptoms, but it can cause s"
3968,Eng_Uga,HIV cannot be transmitted through contact or sleeping near a person infected with the HIV virus. HIV,A person can get HIV/AIDS during unprotected sex with an infected person. There is a risk of infecti
3971,Eng_Uga,"As of 2024. there is currently no licensed vaccine to prevent Gonorrhea infection. However, there is","As of 2024, there is no approved or licensed vaccine available anywhere in the world to prevent Gono"
3972,Eng_Uga,The only way to completely avoid Chlamydia also known as Chlamydial Genitourinary infection is to no,The best way to protect yourself from it is to abstain from having sex. However if you cannot abstai
3977,Eng_Uga,Chlamydia also known as Chlamydial Genitourinary infection is treatable and curable within a few day,Uncomplicated Chlamydia also known as Chlamydial Genitourinary infection can be easily cured with an
3978,Eng_Uga,"When someone is accidentally exposed to HIV, there are several important steps to take to reduce the","PEP stands for ""Post-Exposure Prophylaxis."" It is a preventive medical treatment that is taken after"
3979,Eng_Uga,There are two different types of HIV. These are called HIV-1 and HIV-2 which are distinct at a genet,There are two known types of HIV; HIV - 1 and HIV - 2
3981,Eng_Uga,There are many tests that can be done for hepatitis B. Some tests are for screening if the person ha,Visiting a qualified health care provider to know your HIV status provides you with more information
3984,Eng_Uga,"Chlamydia infections, also known as Chlamydial Genitourinary Infections, spread through sexual conta","Within itself, cancer is not a sexually transmitted disease. There are however some STDs that increa"
3996,Eng_Uga,"Genital Herpes or Herpes Simplex Virus (HSV), also known as Herpes originated and evolved in Africa ",Evidence suggests that Hepatitis B Virus (HBV) has been infecting humans for at least several thousa
4000,Eng_Uga,Human immunodeficiency virus is an infection that orignated in animals and passed into human bodies.,"Yes,  a blood test can detect whether a person is HIV positive or HIV negative and it is recommended"
4003,Eng_Uga,"There is no single proper parent age, it depends. The best age is when someone feels emotionally, fi",The frequency of showering or bathing during puberty can vary based on personal preference and activ
4006,Eng_Uga,Gonorrhea is a common preventable and curable bacterial Sexually Transmitted Infection that is sprea,1.        Culture performed on an intraurethral swab specimen is preferred in settings where collect
4009,Eng_Uga,"You may need to test for Syphilis if you or a sexual partner have symptoms of syphilis, if your sexu",Different tests are done for different Sexually Transmitted Infections (STIs). These tests usually i
4010,Eng_Uga,Chlamydia also known as Chlamydial Genitourinary infection is treatable and curable within a few day,Uncomplicated Chlamydia also known as Chlamydial Genitourinary infection can be easily cured with an
4015,Eng_Uga,"Gonorrhea may affect women and men differently. In women, it may show little to no symptoms for long","Gonorrhea may affect women and men differently. In women, it may show little to no symptoms for long"
4018,Eng_Uga,"Men with Trichomoniasis or trich always stay asymptomatic (with no symptoms or signs), the disease c",Men may notice:1.        Itching or irritation inside the penis2.        Burning after peeing or eja
4025,Eng_Uga,The only way to completely avoid Chlamydia also known as Chlamydial Genitourinary infection is to ab,The only way to completely avoid Chlamydia also known as Chlamydial Genitourinary infection is to no
4027,Eng_Uga,"Yes, if you have tested positive for Gonorrhea then treatment of Gonorrhea is important because untr",All adults with Gonorrhea are treated with antibiotics. Ceftriaxone antibiotic is the most recommene
4032,Eng_Uga,Chlamydia or Chlamydial Genitourinary Infection is a common sexually transmitted infection that affe,Chlamydia or Chlamydial Genitourinary Infection is a common sexually transmitted infection that affe
4041,Eng_Uga,The reasons why some individuals who are aware of their HIV-positive status continue to engage in be,"Yes, it is possible for a person to have HIV (Human Immunodeficiency Virus) but not progress to AIDS"
4043,Eng_Uga,"Yes, HIV (Human Immunodeficiency Virus) can affect a person's mental health in various ways. The imp","Being diagnosed with HIV can be emotionally challenging, and it's normal to experience a range of em"
4045,Eng_Uga,A chlamydia also known as Chlamydial Genitourinary infection test detects the bacteria that cause ch,A chlamydia also known as Chlamydial Genitourinary infection test detects the bacteria that cause ch
4046,Eng_Uga,Chlamydia or Chlamydial Genitourinary Infection is a common sexually transmitted infection that affe,Chlamydia or Chlamydial Genitourinary Infection is a common sexually transmitted infection that affe
4048,Eng_Uga,"Hepatitis B is transmitted when blood, semen, or another body fluid from a person infected with HBV ","Hepatitis B is primarily spread when blood, semen, or certain other body fluids – even in microscopi"
4050,Eng_Uga,In Women:1.	Increased Susceptibility to Other STIs:o	HIV: Women with trichomoniasis are more suscept,"Men with Trichomoniasis or trich always stay asymptomatic (with no symptoms or signs), the disease c"
4052,Eng_Uga,"Avoiding sexual temptation can be challenging, especially for students who may face various social a","Feeling pressure from friends to engage in sexual activity can be challenging, but there are steps y"
4058,Eng_Uga,Risky sexual practices that increase the risk of spreading sexually transmitted infections like chla,The only way to completely avoid Chlamydia also known as Chlamydial Genitourinary infection is to ab
4059,Eng_Uga,"Hepatitis B spreads when blood, semen, or other body fluids from someone with the virus get into the",Hepatitis B (HBV) is a sexually transmitted infection and can be easily transmitted through sexual a
4062,Eng_Uga,Penicillin Antibiotics when administered appropriately and in right dose is very effetive in treatin, You should test for syphilis if:1.	You or a sexual partner have symptoms of syphilis2.	Your sexual 
4066,Eng_Uga,"Sexually Transmitted Infection (STI) is a virus, bacteria, fungus, or parasite people can get throug","An infection caused by bacteria, viruses or parasites transmitted through sexual contact including a"
4069,Eng_Uga,"Hormones, especially estrogen (girls) and testosterone (boys), have a big impact on your emotions du","Engaging in sexual activity without protection can have both positive and negative consequences, and"
4070,Eng_Uga,"First, consult your health worker/doctor/clinician, although the treatment for Trich/Trichomoniasis ",Gonorrhoa is caused by a bacteria called Neisseria Gonorrhea. Bacterial infections are treated by us
4071,Eng_Uga,You should tell your partner about your positive result for Herpes because the virus is sexually tra,"Genital Herpes or Herpes Simplex Virus (HSV), also known as herpes is a highly contagious disease. I"
4072,Eng_Uga,"Gonorrhea is a common, preventable and curable bacterial sexually transmitted infection that affects",Hepatitis B is a viral infection caused by the hepatitis B virus (HBV) that attacks the liver and ca
4076,Eng_Uga,Chlamydia or Chlamydial Genitourinary Infection is a common sexually transmitted infection that affe,Chlamydia or Chlamydial Genitourinary Infection is a common sexually transmitted infection that affe
4077,Eng_Uga,Syphilis is treatable and curable. People who suspect they may have syphilis should speak to their h,Syphilis is treatable and it heals. People who suspect they may have syphilis should speak to their 
4080,Eng_Uga,"Gonorrhea is a common, preventable and curable bacterial sexually transmitted infection that affects",Healthcare providers test your body fluids for the Neisseria gonorrhoeae bacterium. If they detect t
4082,Eng_Uga,"STD stands for “sexually transmitted disease,” and STI stands for “sexually transmitted infection.” ","There are Bacterial, fungal, parasitic, viral types of Sexually Transmitted Infections (STIs). "
4083,Eng_Uga,You can get syphilis by having direct contact with a syphilis wound. The contact can happen during s,"Yes, there is a cure for syphilis. The standard approved treatment for syphilis is Penicillin G. The"
4084,Eng_Uga,Chlamydia or Chlamydial Genitourinary Infection is a common sexually transmitted infection that affe,It is unclear what the origins of the organism Chlamydia trachomatis are. The organism causes both T
4088,Eng_Uga,"If you're finding it difficult to cope with hormonal changes, here are some steps you can take: Talk",Hormones can influence your sexual feelings and desires during puberty. For example:  Estrogen: This
4089,Eng_Uga,"While some people with Genital Herpes or Herpes Simplex Virus (HSV), also known as herpes will never",Someone with HIV may experience the following; Flu-like symptoms within 2 to 4 weeks after infection
4091,Eng_Uga,"Chlamydia also known as Chlamydial Genitourinary Infection often has no symptoms, but it can cause s","Chlamydia, also known as Chlamydial Genitourinary Infection, often has no symptoms, but it can cause"
4094,Eng_Uga,"A Chlamydia test detects the bacteria that cause Chlamydia, a sexually transmitted infection (STI), ","A chlamydia test detects the bacteria that cause chlamydia, a sexually transmitted infection (STI) s"
4096,Eng_Uga,"Just listen, be there, and help them find the right resources or a doctor.","If you're finding it difficult to cope with hormonal changes, here are some steps you can take: Talk"
4098,Eng_Uga,"Yes, many sexually transmitted infections (STIs) are treatable with appropriate medical care and tre","The majority of STIs can be treated medically, although not all can be cured. Chlamydia, Gonorrhea, "
4099,Eng_Uga,"If a person is HIV-positive and pregnant, it is possible to reduce the risk of transmitting HIV to t","Yes, it is possible for two HIV-positive parents to give birth to an HIV-negative child, but it requ"
4107,Eng_Uga,"Genital Herpes or Herpes Simplex Virus (HSV), also known as herpes is a highly contagious disease. I","Chlamydia infections, also known as Chlamydial Genitourinary Infections, spread through sexual conta"
4110,Eng_Uga,"There are two known types of HIV; HIV-1 and HIV-2.Overall, HIV-1 is the leading type of HIV througho",The availability of Antiretroviral drugs (ARVs) that keep people living with HIV healthy; ignorance 
4113,Eng_Uga,The best way to protect yourself from HIV is to abstain from having sex. However if you cannot absta,The best way to protect yourself from it is to abstain from having sex. However if you cannot abstai
4115,Eng_Uga,Safe medical circumcision reduces the risk of contracting HIV virus. There are advanced research stu,The best way to protect yourself from HIV is to abstain from having sex. However if you cannot absta
4116,Eng_Uga,"Evidence suggests that people with HIV are more likely to get very ill, or die from, COVID-19, than ",We still do not know if people living with HIV and affected with COVID-19 may become sicker than tho
4125,Eng_Uga,Preventing mother-to-child transmission (MTCT) of HIV during birth is a critical aspect of ensuring ,There are several effective methods of preventing pregnancy aside from condoms (CD) and family plann
4126,Eng_Uga,Human immunodeficiency virus is an infection that originated in animals and passed into human hosts.,Human immunodeficiency virus is a zoonosis – an infection that originated in animals and passed into
4134,Eng_Uga,"When someone is accidentally exposed to HIV, there are several important steps to take to reduce the","If you have engaged in sexual activity with someone you suspect or know to be HIV-positive, it's ess"
4135,Eng_Uga,Syphilis is a bacterial sexually transmitted disease (STD) caused by the Treponema pallidum. Syphili,Syphilis is a Sexually Transmitted Infection (STI) that is treatable with medication. It is caused b
4136,Eng_Uga,"Menstrual Disorders: Issues like irregular periods, heavy bleeding (menorrhagia), painful periods (d","Eight kinds of germs are linked to the greatest cause of STIs. Of these, four can be cured: Syphilis"
4138,Eng_Uga,"Gonorrhea is a common, preventable and curable bacterial sexually transmitted infection that affects",The most appropriate antibiotc therapy for gonorrhea should be recommended by the primary physician 
4143,Eng_Uga,AIDS is a chronic immune system disease caused by the human immunodeficiency virus (HIV).HIV damages,HIV is Human Immunodeficiency Virus. It is a virus that attacks and weakens the body's immune system
4144,Eng_Uga,"If untreated, chlamydia can result in severe extragenital complications such as tubal blockage and i",Herpes if left untreated can lead to life debilitating conditions. In people with low immunity it re
4150,Eng_Uga,"Gonorrhea may affect women and men differently. In women, it may show little to no symptoms for long",a skin rash with pink or red spots that become filled with pus
4151,Eng_Uga,Notify all patner(s) and people you have had sex with in the last 2 months immediately so that they ,"As of 2024, there is no approved or licensed vaccine available anywhere in the world to prevent Gono"
4154,Eng_Uga,Gonorrhoa is caused by a bacteria called Neisseria Gonorrhea. Bacterial infections are treated by us,The most appropriate antibiotc therapy for gonorrhea should be recommended by the primary physician 
4159,Eng_Uga,HIV/AIDS is not something that was introduced to the world with a specific aim or intention. HIV (Hu,Human immunodeficiency virus is an infection that orignated in animals and passed into human bodies.
4162,Eng_Uga,"Gonorrhea is sexually transmitted during vaginal, oral or anal sex without using a condom. It can al","In terms of giving and receiving oral sex with your partner, it is both possible to:•        Get chl"
4165,Eng_Uga,In Women:1.	Increased Susceptibility to Other STIs:o	HIV: Women with trichomoniasis are more suscept,"Trich may not show signs/symptoms in men, but in women, these may include foul-smelling vaginal disc"
4169,Eng_Uga,Avoiding stigmatization and supporting a friend who is HIV positive is essential for their well-bein,"Look out for symptoms like unusual discharge, itching, or burning when you urinate, and if you're wo"
4174,Eng_Uga,Pre-Exposure Prophylaxis (PrEP) is effective in preventing HIV (Human Immunodeficiency Virus) transm,No food can prevent STIs; the best prevention is using condoms and getting tested.
4178,Eng_Uga,"Acute hepatitis B infection, Chronic hepatitis B infection, Fulminant hepatitis B and asymptomatic h",There are two known types of HIV; HIV - 1 and HIV - 2
4181,Eng_Uga,Human immunodeficiency virus is an infection that originated in animals and passed into human hosts.,The organism Trichomonas vaginalis belongs to a group of Protozoa that are believed to have orginate
4182,Eng_Uga,The organism Trichomonas vaginalis belongs to a group of protozoa that primarily inhabit animal host,The organism T. vaginalis belongs to a group of protozoa that live in animals and humans. It origina
4183,Eng_Uga,A few studies also suggest that lysine may help shorten the length of an outbreak. Taking lysine sup,Notify all patner(s) and people you have had sex with in the last 2 months immediately so that they 
4185,Eng_Uga,Sharing detailed information about HIV with your partner can reduce negative reactions and help reas,"It is entirely up to you, though some people find that sharing this information early in a relations"
4190,Eng_Uga,Uncomplicated Chlamydia also known as Chlamydial Genitourinary infection can be easily cured with an,"A chlamydia test detects the bacteria that cause chlamydia, a sexually transmitted infection (STI) s"
4191,Eng_Uga,"Syphilis causes ulcers or sores during the earliest stages of the disease, that is the priamry and s",Primary and secondary stages of syphilis infection are associated with wounds and skin rashes as the
4194,Eng_Uga,"During puberty, girls' breasts and boys' chests might start to grow. This is due to the hormones est","Females: Estrogen: Produced primarily in the ovaries, estrogen is responsible for the development of"
4197,Eng_Uga,"The Hepatitis B virus (HBV) can not be spread through sweat, tears, saliva (unless there is blood), ","Although HBV can be found in saliva, it is not spread through kissing or sharing utensils. It is als"
4199,Eng_Uga,"There is currently no cure for HIV, which means we can’t completely remove it from the body. However","No, HIV has no cure. ARVs do not cure HIV. They help an HIV-positive person to live a healthy life b"
4203,Eng_Uga,There are two different types of HIV. These are called HIV-1 and HIV-2 which are distinct at a genet,"There are two known types of HIV; HIV-1 and HIV-2.Overall, HIV-1 is the leading type of HIV througho"
4205,Eng_Uga,You resume sex after completing the treatment for gonorrhea. This is because antibiotics take time t, We recommend abstaining from sexual intercourse for at least seven days for both you and your sex p
4211,Eng_Uga,It's important to avoid making sweeping generalizations about individuals living with HIV/AIDS based,"Living with someone who is HIV/AIDS positive requires understanding, support, and taking appropriate"
4212,Eng_Uga,"Opening up about your HIV status to a partner can be a sensitive and challenging conversation, but i","Coming to terms with an HIV diagnosis can be a complex and emotional process, but it's an important "
4213,Eng_Uga,Syphilis is treatable and it heals. People who suspect they may have syphilis should speak to their ,"Penicillin Antibiotics, when administered appropriately and at the correct dose, are very effective "
4215,Eng_Uga,"Chlamydia, also known as Chlamydial Genitourinary Infection, often has no symptoms, but it can cause","Chlamydia also known as Chlamydial Genitourinary Infection often has no symptoms, but it can cause s"
4222,Eng_Uga,Green discharge from the private parts both in men and women is usually a sign of an infection. Part,"Green discharge from the private parts, both in men and women, is usually a sign of an infection. Pa"
4223,Eng_Uga,"Gonorrhea is a common, preventable and curable bacterial sexually transmitted infection that affects",Gonorrhea is a common preventable and curable bacterial Sexually Transmitted Infection that is sprea
4228,Eng_Uga,"Yes, STI can be transmitted through sexual contact including anal, vaginal, or oral sex. They can al","Yes, STI can be transmitted through any form of sex including using the mouth. The chances of spread"
4231,Eng_Uga,"If you are diagnosed with HIV (Human Immunodeficiency Virus), several important things happen, and i",HIV (Human Immunodeficiency Virus) infection does not have specific outward physical characteristics
4232,Eng_Uga,There are several laboratory testing methods for Trichomonoiasis and these include 1. Microscopic ex,1.        Microscopic examination using a wet mount: 2.        Culture Test3.        Nucleic Acid Am
4234,Eng_Uga,When a person with HIV is on effective antiretroviral therapy (ART) and has achieved and maintained ,"According to the World Health Organization (WHO), people with HIV who are undertaking Anti-Retrovira"
4239,Eng_Uga,Visiting a qualified health care provider to know your HIV status provides you with more information,"Yes,  a blood test can detect whether a person is HIV positive or HIV negative and it is recommended"
4242,Eng_Uga,"Yes, it is possible to get pregnant during menstruation, although the likelihood is lower than other","Yes, it is possible for a girl to become pregnant if she engages in sexual intercourse during her pe"
4243,Eng_Uga,"Syphilis causes ulcers or sores during the earliest stages of the disease, that is the priamry and s",Primary and secondary stages of syphilis infection are associated with sores and skin rashes as the 
4244,Eng_Uga,Chlamydia or Chlamydial Genitourinary Infection is a common sexually transmitted infection that affe,Chlamydia or Chlamydial Genitourinary Infection is a common sexually transmitted infection that affe
4247,Eng_Uga,The treatment of trichomoniasis or trich primarily involves the use of antibiotics to eliminate the ,"The treatment for bacterial STIs like gonorrhea and syphilis relies widely on antibiotics, but the s"
4250,Eng_Uga,Using an expired condom increases the risk of the condom breaking or failing during sexual intercour,"When it comes to choosing a type of condom, the best option depends on individual preferences, needs"
4251,Eng_Uga,A chlamydia also known as Chlamydial Genitourinary infection test detects the bacteria that cause ch,Chlamydia or Chlamydial Genitourinary Infection is a common sexually transmitted infection that affe
4252,Eng_Uga,Notify all your partners (s) you had sex with during the 60 days before your symptoms appeared or wh,"Noticing suspicious genital sores and blisters which are often painful, you should inform your partn"
4255,Eng_Uga,"Yes, symptoms can show up anytime after exposure, even if you don't do it often.","Signs and symptoms may vary from person to person. Even without notable signs and symptoms, it is st"
4256,Eng_Uga,"It is only natural to be worried and concerned for your baby. However, HIV is well managed with the ",The exact drugs will vary according to guidelines in your country. Some types of HIV treatment for b
4258,Eng_Uga,"Yes, several types of pills can be used to prevent pregnancy. The most commonly known and widely use","Long‑acting methods like implants and intrauterine devices (IUDs) are among the most effective, with"
4259,Eng_Uga,"P2, also known as ""Plan B"" or the ""morning-after pill,"" is a type of emergency contraception used to","Plan B or P2, also known as the ""morning-after pill,"" is intended for occasional and emergency use f"
4264,Eng_Uga,Syphilis manifests different symptoms depending on the stage of the disease. Syphilis has four stage,"""Syphilis has different symptoms depending on the stage of the disease. Syphilis has four stages:   "
4265,Eng_Uga,"Syphilis does not directly cause infertility(inability to produce), however, if left untreated, syph",Sperm Production: Sperm are produced in the testes through a process called spermatogenesis. This pr
4268,Eng_Uga,Here are some tips for managing the effects of hormonal changes:  Healthy Lifestyle: Eating a balanc,"Yes, hormones can affect your behavior and personality during puberty. The changes in hormone levels"
4270,Eng_Uga,You should test for chlamydia for early detection and institution of treatment. If not treated appro,A chlamydia also known as Chlamydial Genitourinary infection test detects the bacteria that cause ch
4274,Eng_Uga,"The best way to know that you have HIV, is to get an HIV test from a qualifed health care provider. ",Healthcare providers test your body fluids for the Neisseria gonorrhoeae bacterium. If they detect t
4276,Eng_Uga,You can get syphilis by having direct contact with a syphilis sore. The contact can occur during any,"If you are diagnosed with syphilis, you need to tell anyone you've had sexual contact with so that t"
4277,Eng_Uga,"Genital herpes or Herpes simplex virus (HSV), known as herpes, is a common infection that can cause ",Hepatitis B is a vaccine-preventable liver infection caused by Hepatitis B virus (HBV). HBV is trans
4281,Eng_Uga,"Genital Herpes or Herpes Simplex Virus (HSV), also known as Herpes originated and evolved in Africa ","Genital Herpes or Herpes Simplex Virus (HSV), also known as Herpes originated and evolved in Africa "
4288,Eng_Uga,"This is an antibody test that can be done by yourself at home or in a private setting, and you typic",Self-assessment HIV testing kits can provide accurate results when used correctly and in accordance 
4289,Eng_Uga,Healthcare providers test your body fluids for the Neisseria gonorrhoeae bacterium. If they detect t,"Yes,  a blood test can detect whether a person is HIV positive or HIV negative and it is recommended"
4290,Eng_Uga,"Financial pressure, peer pressure, availability of Antiretroviral drugs (ARVs) that keep people livi",The availability of Antiretroviral drugs (ARVs) that keep people living with HIV healthy; ignorance 
4295,Eng_Uga,"Syphilis can be categorized according to the stages. The stages of syphilis are: primary, secondary,",Syphilis is a bacterial sexually transmitted disease (STD) caused by the Treponema pallidum. Syphili
4297,Eng_Uga,If your friend has concerns about the possibility of being exposed to HIV due to kissing someone who,"The risk of HIV transmission through saliva is extremely low, and it is not considered a significant"
4299,Eng_Uga,Syphilis manifests different symptoms depending on the stage of the disease. Syphilis has four stage,"""Syphilis has different symptoms depending on the stage of the disease. Syphilis has four stages:   "
4303,Eng_Uga,There are several laboratory testing methods for Trichomonoiasis and these include 1. Microscopic ex,1.        Microscopic examination using a wet mount: 2.        Culture Test3.        Nucleic Acid Am
4305,Eng_Uga,"The best way to protect yourself from HIV is to abstain from having sex. However, if you cannot abst","Trichomoniasis can be prevented by the following ways: abstaining from sex, using condoms correctly "
4306,Eng_Uga,"Once the person gets infected with herpes simplex for the first time, they build an immune response ","Genital herpes or Herpes simplex virus (HSV), known as herpes, is a common infection that can cause "
4307,Eng_Uga,"Talking to your parents can be awkward, but they might surprise you with their understanding and can","Start by telling them you have questions about your health; they might be surprised, but it’s import"
4308,Eng_Uga,A positive test result means that there is detectable HIV in your bloodstream. You will need a retes,If an individual receives positive results for an HIV test but has difficulty accepting or believing
4312,Eng_Uga,"If you had gonorrhea and took medication in the past, you can still get it. This happens if you have","Gonorrhea is a sexually transmitted disease. If you had gonorrhea and took medication in the past, y"
4313,Eng_Uga,"It’s important to stand your ground, and if someone is pressuring you, that’s a red flag; trust your","Engaging in unprotected sex with multiple partners, especially when there is a potential risk of HIV"
4314,Eng_Uga,"Yes, there is a process for obtaining Pre-Exposure Prophylaxis (PrEP), which is a preventive medicat",HIV transmission during sexual intercourse can occur regardless of whether a man is circumcised or n
4321,Eng_Uga,The only way to completely avoid Chlamydia also known as Chlamydial Genitourinary infection is to ab,The only way to completely avoid Chlamydia also known as Chlamydial Genitourinary infection is to no
4329,Eng_Uga,"Genital Herpes or Herpes Simplex Virus (HSV), also known as Herpes is caused by two types of herpes ","Genital herpes or Herpes Simplex Virus (HSV), also known as Herpes  is a sexually transmitted infect"
4330,Eng_Uga,The best way to prevent hepatitis B is by getting vaccinated             To reduce the risk of getti,"There is a good vaccine that helps stop people from getting Hepatitis B, which can be given to both "
4333,Eng_Uga,Primary and secondary stages of syphilis infection are associated with wounds and skin rashes as the,Primary and secondary stages of syphilis infection are associated with sores and skin rashes as the 
4335,Eng_Uga,The circumstances behind the appearance and rapid spread of Syphilis through Renaissance Europe (bet,The circumstances behind the appearance and rapid spread of Syphilis through Renaissance Europe has 
4337,Eng_Uga,"Gonorrhea may affect women and men differently. In women, it may show little to no symptoms for long","A gonorrhea test can tell you if you have gonorrhea, a common sexually transmitted infection (STI). "
4339,Eng_Uga,Using an expired condom increases the risk of the condom breaking or failing during sexual intercour,"The use of protection, specifically condoms, during sexual activity is an effective way to reduce th"
4340,Eng_Uga,"Most people can have an STI without having symptoms of disease. However, some of the signs and sympt","Among women, greenish vaginal discharge may be a sign of an  infection such as Trichomoniasis or Gon"
4344,Eng_Uga,"Trichomoniasis or ""trich"" is a very common sexually transmitted diseases caused by infection with tr",The organism Trichomonas vaginalis belongs to a group of protozoa that primarily inhabit animal host
4346,Eng_Uga,"As of 2025, there is currently no vaccine for prevention of infection with Chlamydia also known as C","As of 2025, there is currently no vaccine to protect against the pathogen Chlamydia trachomatis that"
4348,Eng_Uga,Both male and female condoms can be effective in protecting against HIV infection when used correctl,Pre-exposure prophylaxis (PrEP) is a preventive medication regimen for individuals at high risk of H
4355,Eng_Uga,"Genital Herpes or Herpes Simplex Virus (HSV), also known as herpes is a highly contagious disease. I","HSV-1 is mainly transmitted via contact with the virus in sores, saliva or surfaces in or around the"
4366,Eng_Uga,"The majority of STIs can be treated medically, although not all can be cured. Chlamydia, Gonorrhea, ",There is no scientific evidence to support the claim that herbs or herbal remedies can cure HIV (Hum
4369,Eng_Uga,"1. There are two vaccines for STIs: You can ask your health care provider about these. However, the ","The best way to protect yourself from HIV is to abstain from having sex. However, if you cannot abst"
4370,Eng_Uga,"Gonorrhea can be traced back to the earliest records of the human race. The Romans, Jews and Arabs a","Gonorrhea can be traced back to the earliest records of the human race. The Romans, Jews and Arabs a"
4372,Eng_Uga,"Gonorrhea is a common, preventable and curable bacterial sexually transmitted infection that affects",Gonorrhea is a common preventable and curable bacterial Sexually Transmitted Infection that is sprea
4374,Eng_Uga,"Sexually Transmitted Infection (STI) is a virus, bacteria, fungus, or parasite people can get throug","An infection caused by a germ through playing sex. They can also be transmitted through pregnancy, c"
4377,Eng_Uga,Syphilis is a preventable disease. The best way to prevent Syphilis is to stop having sex. Using con,Syphilis is a preventable disease. The best way to prevent Syphilis is to stop having sex. Using con
4382,Eng_Uga,Hepatitis B can be prevented by a safe and effective vaccine that offers nearly 100% long-term prote,"If you miss a dose of hepatitis B vaccine, it is okay. Be sure to get the next dose as soon as possi"
4385,Eng_Uga,"Gonorrhea is sexually transmitted during vaginal, oral or anal sex without using a condom. It can al","You can get gonorrhea by having vaginal, anal, or oral sex without a condom with someone who has the"
4387,Eng_Uga,"The best way to know that you have HIV, is to get an HIV test from a qualifed health care provider. ",Visiting a qualified health care provider to know your HIV status provides you with more information
4388,Eng_Uga,"Chlamydia also known as Chlamydial Genitourinary Infection often has no symptoms, but it can cause s","Chlamydia, also known as Chlamydial Genitourinary Infection, often has no symptoms, but it can cause"
4389,Eng_Uga,"Gonorrhea is a common, preventable and curable bacterial sexually transmitted infection that affects","Gonorrhea is a common, preventable and curable bacterial sexually transmitted infection that affects"
4390,Eng_Uga,"Struggling with body image during puberty is common, given the rapid changes your body is undergoing","If you're finding it difficult to cope with hormonal changes, here are some steps you can take: Talk"
4391,Eng_Uga,Human Immunodeficiency Virus is an infection that originated in animals and passed into human bodies,Human immunodeficiency virus is an infection that originated in animals and passed into human hosts.
4392,Eng_Uga,Human immunodeficiency virus is an infection that originated in animals and passed into human hosts.,The circumstances behind the appearance and rapid spread of Syphilis through Renaissance Europe (bet
4395,Eng_Uga,The most appropriate antibiotc therapy for gonorrhea should be recommended by the primary physician ,Ceftriaxone 250 mg IM or Cefixime 400 mg single dose plus  Doxycycline 100 mg every 12 hours for 7 d
4397,Eng_Uga,Men may notice:1.        Itching or irritation inside the penis2.        Burning after peeing or eja,"Men with Trichomoniasis or trich always stay asymptomatic (with no symptoms or signs), the disease c"
4398,Eng_Uga,The disease Herpes can only be tested and confirmed at a health center. You cannot test for it at ho,There is a chances of wrong 'negative' Herpes test results when test to confirm HSV is performed. Th
4402,Eng_Uga,It’s normal to be nervous about having the talk because everyone reacts differently. But it’s best f,"Yes, being honest is important because it shows you care about their health too."
4407,Eng_Uga,Gonorrhea can be traced back to the earliest records of the human race even if Albert Neisser first ,"Gonorrhea can be traced back to the earliest records of the human race. The Romans, Jews and Arabs a"
4408,Eng_Uga,Syphilis is a bacterial sexually transmitted disease (STD) caused by the Treponema pallidum. Syphili,"Sexually Transmitted Infection (STI) is a virus, bacteria, fungus, or parasite people can get throug"
4410,Eng_Uga,The treatment of trichomoniasis or trich primarily involves the use of antibiotics to eliminate the ,1. Metronodazole  2. Tinidazole
4411,Eng_Uga,"Yes, it is possible for a person to have HIV (Human Immunodeficiency Virus) but not progress to AIDS","Yes, men can get STIs just like women, so everyone needs to be careful and get tested."
4412,Eng_Uga,The best way to prevent hepatitis B is by getting vaccinated             To reduce the risk of getti,"If you are diagnosed with hepatitis B, see your doctor to determine the best treatment for you. It w"
4413,Eng_Uga,Knowing a partner's HIV status is essential for making informed decisions about sexual health and ta,HIV (Human Immunodeficiency Virus) infection does not have specific outward physical characteristics
4416,Eng_Uga,Safe medical circumcision reduces the risk of contracting HIV virus. There are advanced research stu,The best way to protect yourself from it is to abstain from having sex. However if you cannot abstai
4417,Eng_Uga,People with gonorrhoea should notify current and recent sexual partners to help prevent the spread o,Most cases of gonorrhoea can be prevented with consistent and correct condom use in every sexual enc
4418,Eng_Uga,"Yes, it is possible for an individual to become infected with a sexually transmitted infection (STI)",HIV (Human Immunodeficiency Virus) is a virus that can lead to AIDS (Acquired Immunodeficiency Syndr
4419,Eng_Uga,A positive test result means that you are infected with Gonorrhea bacteria and you want treatment wi,"Gonorrhea may affect women and men differently. In women, it may show little to no symptoms for long"
4424,Eng_Uga,"Telling your partner that you have syphilis is important and helps both of you. Syphilis is an STI, ","Yes, being honest is important because it shows you care about their health too."
4426,Eng_Uga,"Only a healthcare provider can tell you for sure if you have gonorrhea. First, they’ll ask you quest","Only a healthcare provider can tell you for sure if you have Gonorrhea. First, they’ll ask you quest"
4434,Eng_Uga,Chlamydia or Chlamydial Genitourinary Infection is a common sexually transmitted infection that affe,Chlamydia or Chlamydial Genitourinary Infection is a common sexually transmitted infection that affe
4435,Eng_Uga,A chlamydia also known as Chlamydial Genitourinary infection test detects the bacteria that cause ch,"A chlamydia test detects the bacteria that cause chlamydia, a sexually transmitted infection (STI) s"
4437,Eng_Uga,Using condoms and getting vaccinated against HPV are great ways to help prevent STIs.,Using condoms consistently and correctly is an effective method for preventing sexually transmitted 
4438,Eng_Uga,HIV is Human Immunodeficiency Virus. It is a virus that attacks and weakens the body's immune system,AIDS  in full is Acquired Immunodeficiency Syndrome. AIDS is still a term commonly used to refer to 
4439,Eng_Uga,"Chlamydia, also known as Chlamydial Genitourinary Infection, often has no symptoms, but it can cause","Most people can have an STI without having obvious symptoms of disease. However, some of the signs a"
4440,Eng_Uga,"If you are diagnosed with HIV (Human Immunodeficiency Virus), several important things happen, and i","Most people can have an STI without having obvious symptoms of disease. However, some of the signs a"
4442,Eng_Uga,"Hormones, especially estrogen (girls) and testosterone (boys), have a big impact on your emotions du",Hormones can have a significant impact on your energy levels and sleep patterns during puberty: An i
4443,Eng_Uga,"If you find out that you have an STD, get treated and tell your partner and any partners from the la","Most people can have an STI without having symptoms of disease. However, some of the signs and sympt"
4449,Eng_Uga,The idea that sex makes a person younger is not entirely accurate in a literal sense. Engaging in se,The perception of condom use affecting sexual pleasure and sensation is a common concern among some 
4450,Eng_Uga,There are many tests that can be done for hepatitis B. Some tests are for screening if the person ha,Hepatitis B can be prevented by a safe and effective vaccine that offers nearly 100% long-term prote
4452,Eng_Uga,A Urinary Tract Infection (UTI) and a Sexually Transmitted Infection (STI) are not the same.  A STI ,The time it takes to cure or effectively treat a sexually transmitted infection (STI) depends on sev
4458,Eng_Uga,Gonorrhoa is caused by a bacteria called Neisseria Gonorrhea. Bacterial infections are treated by us,Gonorrhea can be traced back to the earliest records of the human race even if Albert Neisser first 
4461,Eng_Uga,Syphilis can stay in the body for so long without showing signs and symptoms. So if you get syphilis,Syphilis manifests different symptoms depending on the stage of the disease. Syphilis has four stage
4464,Eng_Uga,A chlamydia also known as Chlamydial Genitourinary infection test detects the bacteria that cause ch,"A chlamydia test detects the bacteria that cause chlamydia, a sexually transmitted infection (STI) s"
4465,Eng_Uga,Bullying or harassment due to puberty-related changes is unacceptable and should not be tolerated. H,"It's common for body shape to change during puberty, and it can take some time to adjust to these ch"
4466,Eng_Uga,"HIV (Human Immunodeficiency Virus) is a virus that attacks the human body's immune system, specifica",The likelihood of someone getting infected with HIV during a single sexual encounter can vary depend
4468,Eng_Uga,"Syphilis can be categorized according to the stages. The stages of syphilis are: primary, secondary,",People with HIV should test for TB regularly.                                                       
4469,Eng_Uga,There is an effective vaccine against hepatitis B which helps prevent the acquiring of the virus. Th,"""Preventive measures for HIV (Human Immunodeficiency Virus) aim to reduce the risk of HIV transmissi"
4473,Eng_Uga,The only way to completely avoid Chlamydia also known as Chlamydial Genitourinary infection is to no,The only way to completely avoid Chlamydia also known as Chlamydial Genitourinary infection is to ab
4481,Eng_Uga,HIV Discordance is when a partner in a stable relationship   tests HIV positive while the other test,HIV Discordance is when a partner in a stable relationship tests HIV positive while the other tests 
4483,Eng_Uga,Avoiding stigmatization and supporting a friend who is HIV positive is essential for their well-bein,"Dealing with friends who are infected with a contagious illness, such as HIV, COVID-19, or any other"
4487,Eng_Uga,"""Chlamydia, also known as Chlamydial Genitourinary infection, is a common STI among men and women. I",Chlamydia also known as Chlamydial Genitourinary infection can cause serious problems if left untrea
4488,Eng_Uga,The reasons why some individuals who are aware of their HIV-positive status continue to engage in be,Some people think they are not at risk while others fear the test result itself.
4491,Eng_Uga,Fertilization: Fertilization occurs when a sperm cell meets an egg cell in one of the fallopian tube,The reproductive systems of males and females have distinct structures and functions: Male Reproduct
4495,Eng_Uga,"Surviving and managing HIV/AIDS is entirely possible with proper medical care, treatment, and lifest","Because of the epidemiological synergy between HIV/AIDS and substance abuse, mental health disorders"
4497,Eng_Uga,It is important to have a discussion about safe sex as a couple. Even if the discussion is difficult,"It is important to have a discussion about safe sex as a couple. If you have a new partner, you may "
4498,Eng_Uga,The best way to prevent hepatitis B is by getting vaccinated             To reduce the risk of getti,There is an effective vaccine against hepatitis B which helps prevent the acquiring of the virus. Th
4499,Eng_Uga,Herpes can only be diagnosed at a health center. You cannot test for it at home or using any radiolo,Herpes can only be diagnosed at a health center. You cannot test for it at home or using any radiolo
4502,Eng_Uga,"Surviving and managing HIV/AIDS is entirely possible with proper medical care, treatment, and lifest","Assisting an HIV-positive person medically involves ensuring they receive appropriate healthcare, tr"
4504,Eng_Uga,"An infection caused by bacteria, viruses or parasites transmitted through sexual contact including a","There are many STIs—including chlamydia, gonorrhea. Primarily hepatitis B, HIV, and syphilis can als"
4505,Eng_Uga,Syphilis is sexually transmitted through contact with a person who has syphilis. All sexual activiti,"No, you have to abstain from sex when you have syphilis. Syphilis is sexually transmitted through co"
4518,Eng_Uga,"Antiretroviral therapy (ART), which is a combination of medications used to treat HIV (Human Immunod",Antiretroviral therapy (ARV) for the treatment of HIV/AIDS is generally available in many parts of t
4519,Eng_Uga,"Once you have the disease herpes, you should avoid sex. You may only have sex when there is no evide","Even in a monogamous relationship, there is still a possible risk of STIs, so it’s important to comm"
4522,Eng_Uga,You may need to test for syphilis if:1.	You or a sexual partner have symptoms of syphilis2.	Your sex,It is recommended to get a comprehensive STI screening at least once a year if you are sexually acti
4524,Eng_Uga,Women with untreated syphilis stand a risk of passing the disease to their unborn children during pr,"Untreated syphilis may lead to severe negative consequences, such as stillbirth, neonatal death, pre"
4527,Eng_Uga,"Teenagers who engage in sexual activity with significantly older individuals can face various legal,",Determining someone's HIV status without their consent or knowledge is unethical and potentially ill
4528,Eng_Uga,"If you have syphilis and don’t get treated, the infection can lead to a number of serious -- even li",Primary and secondary stages of syphilis infection are associated with sores and skin rashes as the 
4529,Eng_Uga,"Syphilis increases the risk of acquiring HIV infection by approximately two-fold, as well as of othe",Syphilis is a Sexually Transmitted Infection (STI) that is treatable with medication. It is caused b
4531,Eng_Uga,"HIV infection does not necessary increase the risk of getting Gonorrhea but when left untreated, HIV",Untreated gonorrhea breaks down the continuity and integrity of the genital skin by causing genital 
4532,Eng_Uga,"Yes, you can absolutely swim and exercise during your period! Many people find that exercise helps r","Dealing with period stains can be frustrating, but here are some tips: Act quickly: Rinse the stain "
4534,Eng_Uga,Antiretroviral therapy (ART) is the standard treatment for individuals living with HIV (Human Immuno,"It is true that many people living with HIV can live long and healthy lives with the virus, especial"
4537,Eng_Uga,"Chlamydia, also known as Chlamydial Genitourinary Infection, often has no symptoms, but it can cause","Chlamydia also known as Chlamydial Genitourinary Infection often has no symptoms, but it can cause s"
4541,Eng_Uga,"Most people can have an STI without having symptoms of disease. However, some of the signs and sympt","Most people can have an STI without having obvious symptoms of disease. However, some of the signs a"
4542,Eng_Uga,"Yes, vaccines are available for some STIs like HPV and Hepatitis B, so it’s a good idea.","No, there are no risks. HIV testing involves a small blood test, which will not harm you or your bab"
4549,Eng_Uga,"There are several signs that your period might be on its way: Breast tenderness or swelling, mood sw",The likelihood of conception occurring just before or during the early days of a menstrual period (w
4552,Eng_Uga,A chlamydia also known as Chlamydial Genitourinary infection test detects the bacteria that cause ch,Healthcare providers test your body fluids for the Neisseria gonorrhoeae bacterium. If they detect t
4553,Eng_Uga,"Gonorrhea is a common, preventable and curable bacterial sexually transmitted infection that affects",Gonorrhea is a common preventable and curable bacterial Sexually Transmitted Infection that is sprea
4555,Eng_Uga,1.	There are safe and highly effective vaccines for two viral STIs; Human Papillomavirus and Hepatit,"1.	The only way to avoid STIs is to abstain from sex (not have vaginal, anal, or oral sex).2.	If you"
4558,Eng_Uga,"Syphilis does not directly cause infertility (inability to produce); however, if left untreated, syp","Syphilis does not directly cause infertility, however, if left untreated, syphilis can result in rec"
4560,Eng_Uga,Chlamydia also known as Chlamydial Genitourinary infection is treatable and curable within a few day,Uncomplicated Chlamydia also known as Chlamydial Genitourinary infection can be easily cured with an
4565,Eng_Uga,"Sexual health clinics provide testing, treatment, and education about STIs and sexual health.","Active TB can almost always be cured with antibiotics. For pulmonary TB, antibiotics are usually tak"
4567,Eng_Uga,"Genital Herpes or Herpes Simplex Virus (HSV), also known as herpes if treated does not cause any oth","Genital Herpes or Herpes Simplex Virus (HSV), also known as Herpes is caused by two types of herpes "
4568,Eng_Uga,Oily hair and dandruff can occur during puberty due to hormonal changes. Here's how to manage: Oily ,"Give yourself time to heal, talk to friends for support, and focus on your own well-being."
4575,Eng_Uga,A Urinary Tract Infection (UTI) and a Sexually Transmitted Infection (STI) are not the same.  A STI ,"An infection caused by bacteria, viruses or parasites transmitted through sexual contact including a"
4576,Eng_Uga,"If you had gonorrhea and took medication in the past, you can still get it. This happens if you have",Syphilis is treatable and curable. People who suspect they may have syphilis should speak to their h
4577,Eng_Uga,The most appropriate antibiotc therapy for gonorrhea should be recommended by the primary physician ,Gonorrhoa is caused by a bacteria called Neisseria Gonorrhea. Bacterial infections are treated by us
4580,Eng_Uga,People with hepatitis B infections present varying symptoms. In acute phase (new onset of the infect,"Dark urine or clay-colored stoolsFeeling tiredFeverJoint painLoss of appetiteNausea, stomach pain, t"
4582,Eng_Uga,"Untreated syphilis may lead to severe negative consequences, such as stillbirth, neonatal death, pre","The acquisition of genital herpes during pregnancy has been associated with spontaneous abortion, in"
4586,Eng_Uga,"An infection caused by a germ through playing sex. They can also be transmitted through pregnancy, c",Sperm Production: Sperm are produced in the testes through a process called spermatogenesis. This pr
4588,Eng_Uga,Building self-confidence and self-esteem during puberty is essential for navigating this stage of li,"Yes, it's very normal to feel self-conscious about your changing body during puberty. Your body is g"
4589,Eng_Uga,"HSV-1 is mainly transmitted via contact with the virus in sores, saliva or surfaces in or around the","Financial pressure, peer pressure, availability of Antiretroviral drugs (ARVs) that keep people livi"
4592,Eng_Uga,A swab test. Your doctor or nurse uses a cotton swab to take a fluid sample from an infected place (,Healthcare providers test your body fluids for the Neisseria gonorrhoeae bacterium. If they detect t
4594,Eng_Uga,A Urinary Tract Infection (UTI) and a Sexually Transmitted Infection (STI) are not the same.  A STI ,"Getting or not getting an STD isn’t a sign of how “clean” you are, and bathing after sex doesn’t pre"
4595,Eng_Uga,Wearing a condom protects against both STIs and pregnancy because it blocks semen from entering the ,Using condoms consistently and correctly is an effective method for preventing sexually transmitted 
4596,Eng_Uga,Engaging in sexual activity with someone who is living with HIV/AIDS does carry a risk of HIV transm,"According to the World Health Organization (WHO), people with HIV who are undertaking Anti-Retrovira"
4597,Eng_Uga,"Trichomoniasis or trich is tested using several methods, which can involve laboratory tests to detec",There are several laboratory testing methods for Trichomonoiasis and these include 1. Microscopic ex
4599,Eng_Uga,"Most people with Genital Herpes or Herpes Simplex Virus (HSV), also known as herpes have no symptoms","Genital herpes or Herpes simplex virus (HSV), known as herpes, is a common infection that can cause "
4602,Eng_Uga,"Gonorrhea may affect women and men differently. In women, it may show little to no symptoms for long","The signs and symptoms of an HIV infection can vary from person to person, and the timeline for when"
4603,Eng_Uga,Chlamydia infections also known as Chlamydial Genitourinary Infections spread through sexual contact,Chlamydia infections also known as Chlamydial Genitourinary Infections spread through sexual contact
4605,Eng_Uga,The best way to protect yourself from HIV is to abstain from having sex. However if you cannot absta,The best way to protect yourself from it is to abstain from having sex. However if you cannot abstai
4608,Eng_Uga,"You may need to test for Syphilis if you or a sexual partner have symptoms of syphilis, if your sexu","If your screening test results (RPR or VDRL) are positive, it means you have antibodies that may be "
4610,Eng_Uga,Safe medical circumcision reduces the risk of contracting HIV virus. There are advanced research stu,The best way to protect yourself from it is to abstain from having sex. However if you cannot abstai
4613,Eng_Uga,"1.	There are vaccines for two STIs; . You can ask your health care provider about these. However, th","The best way to protect yourself from HIV is to abstain from having sex. However, if you cannot abst"
4618,Eng_Uga,"As of 2025, there are currently no approved vaccines against either type of the disease Herpes.",Notify all patner(s) and people you have had sex with in the last 2 months immediately so that they 
4620,Eng_Uga,The disease Herpes can only be tested and confirmed at a health center. You cannot test for it at ho,Herpes can only be diagnosed at a health centre. You cannot test for it at home or using radiologica
4623,Eng_Uga,Chlamydia infections also known as Chlamydial Genitourinary Infections spread through sexual contact,The only way to completely avoid Chlamydia also known as Chlamydial Genitourinary infection is to no
4629,Eng_Uga,Safe sex practices are measures that help reduce the risk of transmitting sexually transmitted infec,"Protecting oneself from engaging in unprotected sex, especially when faced with sexual urges, is ess"
4631,Eng_Uga,Chlamydia also known as Chlamydial Genitourinary infection is treatable and curable within a few day,Uncomplicated Chlamydia also known as Chlamydial Genitourinary infection can be easily cured with an
4632,Eng_Uga,"Yes, the use of condoms is highly recommendable during sexual activity, especially for individuals w","When a condom bursts or breaks during sexual intercourse, there is a risk of HIV transmission if one"
4633,Eng_Uga,Healthcare providers test your body fluids for the Neisseria gonorrhoeae bacterium. If they detect t,There are several tests that are used to test for Hepatitis B namely:1. Hepatitis B Surface Antigen 
4634,Eng_Uga,"PEP stands for ""Post-Exposure Prophylaxis."" It is a preventive medical treatment that is taken after","Yes, there is a process for obtaining Pre-Exposure Prophylaxis (PrEP), which is a preventive medicat"
4635,Eng_Uga,"Yes,  a blood test can detect whether a person is HIV positive or HIV negative and it is recommended",Visiting a qualified health care provider to know your HIV status provides you with more information
4636,Eng_Uga,The symptoms for HIV in the initial phase of the disease (a few weeks to months following infection),Safe medical circumcision reduces the risk of contracting HIV virus. There are advanced research stu
4637,Eng_Uga,Hormones are responsible for the many changes you're experiencing during puberty. They're the reason,"Puberty is a period of rapid growth and development, both physically and emotionally. Hormonal chang"
4641,Eng_Uga,1. Urogenital trichomoniasis  2. Oral trichomoniasis. 3. Rectal trichomoniasis,"STD stands for “sexually transmitted disease,” and STI stands for “sexually transmitted infection.” "
4644,Eng_Uga,"Gonorrhea is a common, preventable and curable bacterial sexually transmitted infection that affects","Gonorrhea is a common, preventable and curable bacterial sexually transmitted infection that affects"
4645,Eng_Uga,Have an honest discussion with your partner once you are diagnosed with syphilis. Honest talk will b,The possibility of transmitting syphilis is highest during the early stages of the disease (primary 
4647,Eng_Uga,Herpes can only be diagnosed at a health centre. You cannot test for it at home or using radiologica,"Genital Herpes or Herpes Simplex Virus (HSV), also known as herpes is a highly contagious disease. I"
4655,Eng_Uga,"Gonorrhea may affect women and men differently. In women, it may show little to no symptoms for long","Gonorrhea is a common, preventable and curable bacterial sexually transmitted infection that affects"
4657,Eng_Uga,"Yes, in many places, you can see a doctor confidentially about sexual health issues.","Not at all, doctors expect these questions and are there to help you without judgment."
4659,Eng_Uga,"Financial pressure, peer pressure, availability of Antiretroviral drugs (ARVs) that keep people livi",The availability of Antiretroviral drugs (ARVs) that keep people living with HIV healthy; ignorance 
4660,Eng_Uga,Men may notice:1.        Itching or irritation inside the penis2.        Burning after peeing or eja,a skin rash with pink or red spots that become filled with pus
4662,Eng_Uga,Facing people after an HIV-positive diagnosis can be a challenging and emotional experience. Here ar,"If you have engaged in sexual activity with someone you suspect or know to be HIV-positive, it's ess"
4667,Eng_Uga,"We don’t know if people with HIV are more likely to get COVID-19, as more research is needed to unde",Smoking has many negative health effects. People with HIV who smoke are more likely than people with
4671,Eng_Uga,The injection of syphilis if given correctly does not cause one to be lame. The injection may cause ,"No, syphilis does not make one lame. Some people who get Syphilis treatment may have signs and sympt"
4673,Eng_Uga,"The signs and symptoms of HIV include the following; Fever, fatigue, swollen lymp nodes, diarrhea, o",Someone with HIV may experience the following; Flu-like symptoms within 2 to 4 weeks after infection
4678,Eng_Uga,Human immunodeficiency virus is an infection that originated in animals and passed into human hosts.,"Genital Herpes or Herpes Simplex Virus (HSV), also known as Herpes originated and evolved in Africa "
4680,Eng_Uga,"""Chlamydia, also known as Chlamydial Genitourinary infection, is a common STI among men and women. I",Chlamydia also known as Chlamydial Genitourinary infection is a common STI among men and women. It c
4682,Eng_Uga,Handling a situation where your partner is unwilling to get tested for HIV or any other sexually tra,Living with a person who has HIV/AIDS can bring both unique challenges and opportunities for support
4685,Eng_Uga,The symptoms for HIV in the initial phase of the disease (a few weeks to months following infection),People with hepatitis B infections present varying symptoms. In acute phase (new onset of the infect
4686,Eng_Uga,"Chlamydia infections, also known as Chlamydial Genitourinary Infections, spread through sexual conta",Chlamydia infections also known as Chlamydial Genitourinary Infections spread through sexual contact
4688,Eng_Uga,"The only way to completely avoid STIs is to not have vaginal, anal, or oral sex.If you are sexually ","The only way to completely avoid Gonorrhea is to abstain from vaginal, anal, or oral sex.If you are "
4690,Eng_Uga,"Genital herpes or Herpes simplex virus (HSV), known as herpes, is a common infection that can cause ","The only way to completely avoid STIs is to not have vaginal, anal, or oral sex. If you are sexually"
4691,Eng_Uga,Syphilis is a bacterial sexually transmitted disease (STD) caused by the Treponema pallidum. Syphili,Penicillin Antibiotics when administered appropriately and in right dose is very effetive in treatin
4696,Eng_Uga,If you have had sexual intercourse and suspect that you may have contracted a sexually transmitted i,"You should go to a health center and get tested because it’s important to treat it early."
4698,Eng_Uga,It’s normal to be nervous about having the talk because everyone reacts differently. But it’s best f,"It’s tough to tell without testing, so the best way is to communicate openly and honestly about sexu"
4702,Eng_Uga, You should test for syphilis if:1.	You or a sexual partner have symptoms of syphilis2.	Your sexual ,You should get tested for syphilis if you have symptoms of syphilis or if your sexual partner was re
4711,Eng_Uga,"Acute hepatitis B infection, Chronic hepatitis B infection, Fulminant hepatitis B and asymptomatic h",There are two known types of HIV; HIV - 1 and HIV - 2
4712,Eng_Uga,People with hepatitis B infections present varying symptoms. In acute phase (new onset of the infect,"If STIs go untreated, they may result in complications such as pre-term birth, risk of infertility, "
4713,Eng_Uga,Chlamydia infections also known as Chlamydial Genitourinary Infections spread through sexual contact,Syphilis is a bacterial sexually transmitted disease (STD) caused by the Treponema pallidum. Syphili
4716,Eng_Uga,"You may need to test for Syphilis if you or a sexual partner have symptoms of syphilis, if your sexu",You may need to test for syphilis if:1.	You or a sexual partner have symptoms of syphilis2.	Your sex
4721,Eng_Uga,It's important to avoid making sweeping generalizations about individuals living with HIV/AIDS based,"There are two known types of HIV; HIV-1 and HIV-2.Overall, HIV-1 is the leading type of HIV througho"
4722,Eng_Uga,Your need for testing depends on your personal risk for getting Gonorrhea. Some people may need regu,Your need for testing depends on your personal risk for getting Gonorrhea. You should get tested reg
4723,Eng_Uga,1.        Urogenital Trichomoniasis: This is divided in two sub types;a)        Vaginal Trichomonias,"There are many STIs—including chlamydia, gonorrhea. Primarily hepatitis B, HIV, and syphilis can als"
4724,Eng_Uga,The only way to completely avoid Chlamydia also known as Chlamydial Genitourinary infection is to no,The only way to completely avoid Chlamydia also known as Chlamydial Genitourinary infection is to ab
4725,Eng_Uga,Chlamydia infections also known as Chlamydial Genitourinary Infections spread through sexual contact,"Chlamydia infections, also known as Chlamydial Genitourinary Infections, spread through sexual conta"
4726,Eng_Uga,"""Currently, Hepatitis B has no medication; treatment depends on whether it is acute (short-term) or ",There are several tests that are used to test for Hepatitis B namely:1. Hepatitis B Surface Antigen 
4734,Eng_Uga,"It's not wrong to go for testing after a short period, such as 2 weeks, if you have a specific reaso",HIV (Human Immunodeficiency Virus) is challenging to cure for several reasons: its retrovirus nature
4737,Eng_Uga,"HIV (Human Immunodeficiency Virus) is a virus that attacks the human body's immune system, specifica",HIV is a virus that attacks the human body's immune system.
4741,Eng_Uga,"Majority of STIs can be treated medically although not all can be cured. Chlamydia, Gonorrhea, Syphi","Yes, many sexually transmitted infections (STIs), apart from HIV, have cures or can be effectively t"
4749,Eng_Uga,"If you've had Gonorrhea and took medicine in the past, you can still get it again. This happens if y",Syphilis is treatable and it heals. People who suspect they may have syphilis should speak to their 
4750,Eng_Uga,The organism Trichomonas vaginalis belongs to a group of Protozoa that are believed to have orginate,Human immunodeficiency virus is an infection that originated in animals and passed into human hosts.
4751,Eng_Uga,"Good hygiene helps, but it doesn't replace the need for protection like condoms.","Getting or not getting an STD isn’t a sign of how “clean” you are, and bathing after sex doesn’t pre"
4752,Eng_Uga,Chlamydia also known as Chlamydial Genitourinary infection is treatable and curable within a few day,Uncomplicated Chlamydia also known as Chlamydial Genitourinary infection can be easily cured with an
4753,Eng_Uga,"Since the disease can be transmitted to other people when you have sex with them, you should notify ",Your partner can be informed either by you or a contact slip can be sent to them explaining that the
4759,Eng_Uga,"Genital herpes or Herpes simplex virus (HSV), known as herpes, is a common infection that can cause ","Genital Herpes or Herpes Simplex Virus (HSV), also known as Herpes is caused by two types of herpes "
4760,Eng_Uga,"Majority of STIs can be treated medically although not all can be cured. Chlamydia, Gonorrhea, Syphi","No, STIs won’t go away on their own, so you need to see a doctor for treatment."
4763,Eng_Uga,"The use of protection, specifically condoms, during sexual activity is an effective way to reduce th",There is no specific diet that can cure or directly treat sexually transmitted diseases (STDs) or bo
4766,Eng_Uga,The symptoms for HIV in the initial phase of the disease (a few weeks to months following infection),Someone with HIV may experience the following; Flu-like symptoms within 2 to 4 weeks after infection
4769,Eng_Uga,Safe medical circumcision reduces the risk of contracting HIV virus. There are advanced research stu,There is an effective vaccine against hepatitis B which helps prevent the acquiring of the virus. Th
4771,Eng_Uga,"Most people can have an STI without having obvious symptoms of disease. However, some of the signs a",A Urinary Tract Infection is unlikely to cause pain during sex. Pain during sexual intercourse is mo
4772,Eng_Uga,HSV-1 affects the oral/facial region where as HSV-2 affects the ano-genital area. It is very psooibl,"Herpes of the mouth (HSV-1) affects the mouth or areas of the face, whereasherpes of the private par"
4779,Eng_Uga,"A Chlamydia test detects the bacteria that cause Chlamydia, a sexually transmitted infection (STI), ","A chlamydia test detects the bacteria that cause chlamydia, a sexually transmitted infection (STI) s"
4781,Eng_Uga,Pre-Exposure Prophylaxis (PrEP) is effective in preventing HIV (Human Immunodeficiency Virus) transm,Pre-Exposure Prophylaxis (PrEP) is highly effective at preventing HIV when used correctly and consis
4782,Eng_Uga,"Yes, it is very normal to experience mood swings during puberty. Hormones, especially estrogen and t","Hormones, especially estrogen (girls) and testosterone (boys), have a big impact on your emotions du"
4783,Eng_Uga,"Trichomoniasis or ""trich"" is a very common sexually transmitted diseases caused by infection with tr",1.        Urogenital Trichomoniasis: This is divided in two sub types;a)        Vaginal Trichomonias
4784,Eng_Uga,"The only way to completely avoid STIs is to not have vaginal, anal, or oral sex. If you are sexually",There is an effective vaccine against hepatitis B which helps prevent the acquiring of the virus. Th
4785,Eng_Uga,"There are two known types of HIV; HIV-1 and HIV-2.Overall, HIV-1 is the leading type of HIV througho",There are two different types of HIV. These are called HIV-1 and HIV-2 which are distinct at a genet
4786,Eng_Uga,Chlamydia or Chlamydial Genitourinary Infection is a common sexually transmitted infection that affe,Chlamydia or Chlamydial Genitourinary Infection is a common sexually transmitted infection that affe
4787,Eng_Uga,"Most people can have an STI without having obvious symptoms of disease. However, some of the signs a","Most people can have an STI without having symptoms of disease. However, some of the signs and sympt"
4788,Eng_Uga,A chlamydia also known as Chlamydial Genitourinary infection test detects the bacteria that cause ch,Chlamydia or Chlamydial Genitourinary Infection is a common sexually transmitted infection that affe
4789,Eng_Uga,"Gonorrhea is caused by an infection from Neisseria gonorrhea bacteria. When caught early, most cases","Gonorrhea is classified according to what part of the body is affected (urogenital, extragenital and"
4790,Eng_Uga,"The only way to completely avoid Chlamydia, also known as Chlamydial Genitourinary infection is to a",The only way to completely avoid Chlamydia also known as Chlamydial Genitourinary infection is to no
4791,Eng_Uga,"The bacteria that cause Chlamydia can pass from one person’s mouth to their partner’s penis, vagina ","Gonorrhea is sexually transmitted during vaginal, oral or anal sex without using a condom. It can al"
4792,Eng_Uga,"Gonorrhea is a common, preventable and curable bacterial sexually transmitted infection that affects",Gonorrhoa is caused by a bacteria called Neisseria Gonorrhea. Bacterial infections are treated by us
4801,Eng_Uga,The best way to prevent hepatitis B is by getting vaccinated             To reduce the risk of getti,There is an effective vaccine against hepatitis B which helps prevent the acquiring of the virus. Th
4805,Eng_Uga,"Bathing after sex doesn’t prevent STDs, but condoms and internal condoms, do. One of the best ways t","According to the World Health Organization (WHO), people with HIV who are undertaking Anti-Retrovira"
4810,Eng_Uga,"Saliva itself is used for gonorrhea testing. Instead, throat swabs or urine samples are used to test",Gonorrhea can infect both the mouth or throat. Taking an oral gonorrhea test kit around 2 weeks afte
4811,Eng_Uga,"You may need to test for Syphilis if you or a sexual partner have symptoms of syphilis, if your sexu","You may need to test for Syphilis if you or a sexual partner have symptoms of syphilis, if your sexu"
4812,Eng_Uga,"Financial pressure, peer pressure, availability of Antiretroviral drugs (ARVs) that keep people livi","HIV (Human Immunodeficiency Virus) is a virus that attacks the human body's immune system, specifica"
4813,Eng_Uga,Human immunodeficiency virus is an infection that originated in animals and passed into human hosts.,Human immunodeficiency virus is a zoonosis – an infection that originated in animals and passed into
4816,Eng_Uga,"Yes, STI can be transmitted through any form of sex including using the mouth. The chances of spread",Trichomoniasis or trich primarily affects the urogenital tract and is caused by the protozoan parasi
4817,Eng_Uga,"In 2013, hepatitis B was thought to have originated in birds. Then in 2015, fish were thought to be ",Human immunodeficiency virus is a zoonosis – an infection that originated in animals and passed into
4819,Eng_Uga,ARVs need a higher level of adherence compared to PrEP to attain maximum success.,ARVs need a higher level of adherence compared to PrEP to attain maximum success. The woment are goo
4822,Eng_Uga,"Trichomoniasis or ""trich"" is a very common sexually transmitted diseases caused by infection with tr",Trichomoniasis or Trich is an STI caused by the protozoan Trichomonas vaginalis.
4823,Eng_Uga,"The stages of syphilis are: primary, secondary, latent and late (tertiary) syphilis. Syphilis can al","The disease has been divided into stages on the basis of clinical findings, which guide treatment an"
4824,Eng_Uga,"As of 2025, there are not vaccines for Genital Herpes or Herpes Simplex Virus (HSV), also known as h","Genital herpes or Herpes Simplex Virus (HSV), also known as Herpes  is a sexually transmitted infect"
4829,Eng_Uga,"Gonorrhea is a common, preventable and curable bacterial sexually transmitted infection that affects","Gonorrhea is a common, preventable and curable bacterial sexually transmitted infection that affects"
4830,Eng_Uga,"Gonorrhea may affect women and men differently. In women, it may show little to no symptoms for long","Gonorrhea may affect women and men differently. In women, it may show little to no symptoms for long"
4832,Eng_Uga,A chlamydia also known as Chlamydial Genitourinary infection test detects the bacteria that cause ch,"A chlamydia test detects the bacteria that cause chlamydia, a sexually transmitted infection (STI) s"
4836,Eng_Uga,Hepatitis B is a vaccine-preventable liver infection caused by Hepatitis B virus (HBV). HBV is trans,Hepatitis B is a viral infection caused by the hepatitis B virus (HBV) that attacks the liver and ca
4838,Eng_Uga,"Whether it is healthy for youth to engage in sexual activity depends on a variety of factors, includ",The decision to engage in sexual activity is a highly personal one and can vary based on individual 
4840,Eng_Uga,Chlamydia or Chlamydial Genitourinary Infection is a common sexually transmitted infection that affe,Chlamydia or Chlamydial Genitourinary Infection is a common sexually transmitted infection that affe
4842,Eng_Uga,"An infection caused by bacteria, viruses or parasites transmitted through sexual contact including a",A sexually transmitted disease (STD) develops because of an STI and the term implies that the infect
4843,Eng_Uga,"Genital Herpes or Herpes Simplex Virus (HSV), also known as Herpes originated and evolved in Africa ","Genital herpes or Herpes Simplex Virus (HSV), also known as Herpes  is a sexually transmitted infect"
4850,Eng_Uga,"Misinformation is an inaccurate interpretation of information, or facts. Some common misconceptions ",HIV misinformantion is the untruth  facts about HIV. Information about HIV is spread but in an incor
4851,Eng_Uga,"If you miss a dose of hepatitis B vaccine, it is okay. Be sure to get the next dose as soon as possi",Hepatitis B can be prevented by a safe and effective vaccine that offers nearly 100% long-term prote
4853,Eng_Uga,Herpes can only be diagnosed at a health centre. You cannot test for it at home or using radiologica,There is a risk of false negative Herpes test results when culture test is performed. Culture can ea
4856,Eng_Uga,"Most people can have an STI without having symptoms of disease. However, some of the signs and sympt","Most people can have an STI without having obvious symptoms of disease. However, some of the signs a"
4857,Eng_Uga,A chlamydia also known as Chlamydial Genitourinary infection test detects the bacteria that cause ch,Chlamydia also known as Chlamydial Genitourinary infection is treatable and curable within a few day
4858,Eng_Uga,Chlamydia or Chlamydial Genitourinary Infection is a common sexually transmitted infection that affe,Chlamydia or Chlamydial Genitourinary Infection is a common sexually transmitted infection that affe
4860,Eng_Uga,Hepatitis B can be prevented by a safe and effective vaccine that offers nearly 100% long-term prote,"If you miss a dose of hepatitis B vaccine, it is okay. Be sure to get the next dose as soon as possi"
4861,Eng_Uga,"Yes, someone with HIV may experience the following symptoms after infection: flu, headache, diarrhea",Someone with HIV may experience the following; Flu-like symptoms within 2 to 4 weeks after infection
4864,Eng_Uga,Both male and female condoms can be effective in protecting against HIV infection when used correctl,"This varies by country, but in many developing and least developed countries, HIV tends to affect wo"
4867,Eng_Uga,PrEP works to prevent the risk of transmission of HIV once an individual has been exposed to HIV for,"PrEP, which stands for Pre-Exposure Prophylaxis, is a preventive approach to reducing the risk of HI"
4868,Eng_Uga,The circumstances behind the appearance and rapid spread of Syphilis through Renaissance Europe (bet,Human immunodeficiency virus is an infection that orignated in animals and passed into human bodies.
4869,Eng_Uga,Confronting someone about their HIV status can be a sensitive and delicate matter. It's important to,"Identifying whether someone has engaged in sexual intercourse is a private and personal matter, and "
4870,Eng_Uga,"Yes,  a blood test can detect whether a person is HIV positive or HIV negative and it is recommended",Visiting a qualified health care provider to know your HIV status provides you with more information
4873,Eng_Uga,The time it takes for an individual with HIV (Human Immunodeficiency Virus) to develop AIDS (Acquire,The consistent and correct use of condoms is one of the most effective methods for reducing the risk
4876,Eng_Uga,"Some strains of gonorrhea resist the antibiotics and are hard to treat, so your doctor may give you ","Yes, this is known as drug resistance and also referred to as antimicrobial resistance. This happens"
4879,Eng_Uga,Poor adherence on ARVs which can be by stopping or taking them irregularly causes many problems.  Th,"Some ARVs can cause side effects like nausea, diarrhea, dizziness, tiredness or tingling, pain and n"
4880,Eng_Uga,Healthcare providers test your body fluids for the Neisseria gonorrhoeae bacterium. If they detect t,"Gonorrhea is a common, preventable and curable bacterial sexually transmitted infection that affects"
4881,Eng_Uga,"Yes, in many places, you can see a doctor confidentially about sexual health issues.","Yes, it helps them provide the best care for you, and they keep everything confidential!"
4884,Eng_Uga,"Syphilis can be categorized according to the stages. The stages of syphilis are: primary, secondary,","The disease has been divided into stages on the basis of clinical findings, which guide treatment an"
4892,Eng_Uga,Bullying or harassment due to puberty-related changes is unacceptable and should not be tolerated. H,"Intervene if you can do so safely, or get help from a trusted adult or authority figure, as it’s imp"
4896,Eng_Uga,When a person with HIV is on effective antiretroviral therapy (ART) and has achieved and maintained ,"Yes, the viral load of a person living with HIV plays a crucial role in their ability to transmit th"
4898,Eng_Uga,Syphilis tests screen for and confirm syphilis by looking for certain cells that fight against infec,You should get tested for syphilis if you have symptoms of syphilis or if your sexual partner was re
4904,Eng_Uga,Chlamydia infections also known as Chlamydial Genitourinary Infections spread through sexual contact,"There are many STIs—including chlamydia, gonorrhea. Primarily hepatitis B, HIV, and syphilis can als"
4905,Eng_Uga,"Engaging in sexual activity with a young girl or anyone else, regardless of age, without the use of ",Recent advances in antiretroviral therapies (ARTs) have resulted in the development of several highl
4906,Eng_Uga,It is improtant that you tell every partner that you have intimate sexual relations with after you a,Have an honest talk with your partner once you are confirmed with syphilis. it will be helpful to bo
4913,Eng_Uga,"Engaging in unprotected sex with multiple partners, especially when there is a potential risk of HIV",If you find yourself in a situation where you are tempted to engage in sexual activity but wish to a
4914,Eng_Uga,"Genital Herpes or Herpes Simplex Virus (HSV), also known as herpes is a highly contagious disease. I","HSV-1 is mainly transmitted via contact with the virus in sores, saliva or surfaces in or around the"
4915,Eng_Uga,"feeling ill or generally unwell (malaise),",a skin rash with pink or red spots that become filled with pus
4916,Eng_Uga,Sharing detailed information about HIV with your partner can reduce negative reactions and help reas,"Yes, being honest is important because it shows you care about their health too."
4917,Eng_Uga,Uncomplicated Chlamydia also known as Chlamydial Genitourinary infection can be easily cured with an,The only way to completely avoid Chlamydia also known as Chlamydial Genitourinary infection is to no
4921,Eng_Uga,Experiencing joint pain during or after sexual activity is not a common or typical symptom of sexual,"Pain during sex can be caused by dryness, infections, anxiety or tight muscles, certain medical cond"
4922,Eng_Uga,You may need to test for syphilis if:1.	You or a sexual partner have symptoms of syphilis2.	Your sex,It is recommended to get a comprehensive STI screening at least once a year if you are sexually acti
4923,Eng_Uga,"No, it is not true that being HIV positive means you will definitely die. HIV (Human Immunodeficienc","No, having HIV (Human Immunodeficiency Virus) does not mean that you will inevitably die from the vi"
4925,Eng_Uga,"Genital Herpes or Herpes Simplex Virus (HSV), also known as Herpes is caused by two types of herpes ","Genital Herpes or Herpes Simplex Virus (HSV), also known as herpes is an STI caused by two types of "
4932,Eng_Uga,"Genital Herpes or Herpes Simplex Virus (HSV), also known as Herpes originated and evolved in Africa ","In 2013, hepatitis B was thought to have originated in birds. Then in 2015, fish were thought to be "
4936,Eng_Uga,"Genital herpes or Herpes simplex virus (HSV), known as herpes, is a common infection that can cause ","Genital Herpes or Herpes Simplex Virus (HSV), also known as herpes is a highly contagious disease. I"
4937,Eng_Uga,"An infection caused by a germ through playing sex. They can also be transmitted through pregnancy, c","This is an antibody test that can be done by yourself at home or in a private setting, and you typic"
4938,Eng_Uga,The only way to completely avoid Chlamydia also known as Chlamydial Genitourinary infection is to ab,The only way to completely avoid Chlamydia also known as Chlamydial Genitourinary infection is to no
4941,Eng_Uga,Chronic HepatitisLiver CirrhosisLiver FailureLiver Cancer (Hepatocellular Carcinoma)Immune Complex D,Hepatitis B is a viral infection caused by the hepatitis B virus (HBV) that attacks the liver and ca
4942,Eng_Uga,A chlamydia also known as Chlamydial Genitourinary infection test detects the bacteria that cause ch,"A chlamydia test detects the bacteria that cause chlamydia, a sexually transmitted infection (STI) s"
4944,Eng_Uga,A Urinary Tract Infection (UTI) and a Sexually Transmitted Infection (STI) are not the same.  A STI ,"Genital Herpes or Herpes Simplex Virus (HSV), also known as herpes does not directly cause infertili"
4946,Eng_Uga,It is not inherently wrong to date or be in a relationship with a person who is living with a sexual,"An HIV-infected person can be infectious at any stage of HIV infection, including during the acute, "
4951,Eng_Uga,"Gonorrhea is a common, preventable and curable bacterial sexually transmitted infection that affects",Gonorrhea is a common preventable and curable bacterial Sexually Transmitted Infection that is sprea
4952,Eng_Uga,"A Chlamydia test detects the bacteria that cause Chlamydia, a sexually transmitted infection (STI), ",Chlamydia or Chlamydial Genitourinary Infection is a common sexually transmitted infection that affe
4957,Eng_Uga,"You may need to test for Syphilis if you or a sexual partner have symptoms of syphilis, if your sexu",Syphilis is a Sexually Transmitted Infection (STI) that is treatable with medication. It is caused b
4958,Eng_Uga,"Using condoms during sexual intercourse has several effects, both positive and protective, which con","Warm water does not protect againt Genital herpes or Herpes Simplex Virus (HSV), also known as Herpe"
4960,Eng_Uga,"No, Herpes or Herpes Simplex Viruses do not cause Cervical Cancer. Cervical cancer is caused Human P","Within itself, cancer is not a sexually transmitted disease. There are however some STDs that increa"
4965,Eng_Uga,The reasons why some individuals who are aware of their HIV-positive status continue to engage in be,HIV (Human Immunodeficiency Virus) can affect a person's life expectancy if left untreated or poorly
4966,Eng_Uga,"""Chlamydia, also known as Chlamydial Genitourinary infection, is a common STI among men and women. I","In people with testes, infertility is less likely to be caused by gonorrhea. However, untreated gono"
4967,Eng_Uga,Human immunodeficiency virus is an infection that originated in animals and passed into human hosts.,"The disease Genital Herpes or Herpes Simplex Virus (HSV), also known as Herpes originated and evolve"
4969,Eng_Uga,Chlamydia infections also known as Chlamydial Genitourinary Infections spread through sexual contact,"Chlamydia infections, also known as Chlamydial Genitourinary Infections, spread through sexual conta"
4974,Eng_Uga,If you have had sexual intercourse and suspect that you may have contracted a sexually transmitted i,"Don't freak out; schedule an appointment with a healthcare provider immediately, stay calm, and talk"
4975,Eng_Uga,Herpes can only be diagnosed at a health centre. You cannot test for it at home or using any radiolo,Herpes can only be diagnosed at a health centre. You cannot test for it at home or using radiologica
4977,Eng_Uga,"Yes, it is absolutely possible to live with HIV (Human Immunodeficiency Virus). HIV is a manageable ",There is no scientific evidence to support the claim that herbs or herbal remedies can cure HIV (Hum
4979,Eng_Uga,The best way to protect yourself from HIV is to abstain from having sex. However if you cannot absta,"The best way to protect yourself from HIV is to abstain from having sex. However, if you cannot abst"
4982,Eng_Uga,Human immunodeficiency virus is an infection that orignated in animals and passed into human bodies.,HIV is a virus that attacks and weakens the human body's immune system.
4988,Eng_Uga,"HSV-1 is mainly transmitted via contact with the virus in sores, saliva or surfaces in or around the","Genital herpes or Herpes Simplex Virus (HSV), also known as Herpes  is a sexually transmitted infect"
4989,Eng_Uga,"You may need to test for Syphilis if you or a sexual partner have symptoms of syphilis, if your sexu",You may need to test for syphilis if:1.	You or a sexual partner have symptoms of syphilis2.	Your sex
4991,Eng_Uga,A chlamydia also known as Chlamydial Genitourinary infection test detects the bacteria that cause ch,A chlamydia also known as Chlamydial Genitourinary infection test detects the bacteria that cause ch
4994,Eng_Uga,The symptoms for HIV in the initial phase of the disease (a few weeks to months following infection),White blood cells of the human body fluids are the primary location of the HIV. These cells are the 
4997,Eng_Uga,"First, consult your health worker/doctor/clinician, although the treatment for Trich/Trichomoniasis ","Currently, there's no medicine available for acute hepatitis B. If you have mild symptoms, your doct"
5011,Eng_Uga,"Yes, with appropriate medical care and interventions, an individual who is living with HIV can give ","Yes, it is possible for two HIV-positive parents to give birth to an HIV-negative child, but it requ"
5012,Eng_Uga,"Gonorrhea can be traced back to the earliest records of the human race. The Romans, Jews and Arabs a","Gonorrhea can be traced back to the earliest records of the human race. The Romans, Jews and Arabs a"
5016,Eng_Uga,Human immunodeficiency virus is an infection that orignated in animals and passed into human bodies.,Human immunodeficiency virus is a zoonosis – an infection that originated in animals and passed into
5020,Eng_Uga,Chlamydia or Chlamydial Genitourinary Infection is a common sexually transmitted infection that affe,Chlamydia or Chlamydial Genitourinary Infection is a common sexually transmitted infection that affe
5021,Eng_Uga,The only way to completely avoid STIs is to not have sex through the private parts and the mouth. If,"The only way to completely avoid STIs is to not have vaginal, anal, or oral sex. If you are sexually"
5022,Eng_Uga,Chlamydia or Chlamydial Genitourinary Infection is a common sexually transmitted infection that affe,Chlamydia or Chlamydial Genitourinary Infection is a common sexually transmitted infection that affe
5024,Eng_Uga,"If you start your period when you're not at home, don't worry! Here's what you can do: If you have a",How often you should change your menstrual products depends on your flow: Pads: Change your pad ever
5025,Eng_Uga,In Women:1.	Increased Susceptibility to Other STIs:o	HIV: Women with trichomoniasis are more suscept,In Women:1.	Increased Susceptibility to Other STIs:2.	Complications During Pregnancy:3.	Pelvic Infla
5029,Eng_Uga,"Lubes are not all the same. There are no standard formulations, and certain lubes can cause irritati","Lubes are not all the same. There are no established lube forms, and certain lubes can cause itching"
5030,Eng_Uga,You should consider doing a Herpes test when you have genital symptoms that could be related to herp,Herpes can only be diagnosed at a health centre. You cannot test for it at home or using any radiolo
5032,Eng_Uga,"Yes, HIV (Human Immunodeficiency Virus) can affect a person's mental health in various ways. The imp",HIV (Human Immunodeficiency Virus) infection does not have specific outward physical characteristics
5033,Eng_Uga,"Trichomoniasis or trich is tested using several methods, which can involve laboratory tests to detec",There are several laboratory testing methods for Trichomonoiasis and these include 1. Microscopic ex
5034,Eng_Uga,"No, Genital herpes or Herpes Simplex Virus (HSV), also known as Herpes can affect both men and women",Herpes can only be diagnosed at a health centre. You cannot test for it at home or using any radiolo
5037,Eng_Uga,"A chlamydia test detects the bacteria that cause chlamydia, a sexually transmitted infection (STI) s","Yes,  a blood test can detect whether a person is HIV positive or HIV negative and it is recommended"
5039,Eng_Uga,"There could be many reasons, like stress or anxiety, and it’s totally normal; talking to someone can",The perception that sex is becoming a more prominent aspect of contemporary lifestyles can be attrib
5041,Eng_Uga,The only way to completely avoid STIs is to not have sex through the private parts and the mouth. If,"The only way to completely avoid STIs is to not have vaginal, anal, or oral sex. If you are sexually"
5043,Eng_Uga,"The only way to completely avoid STIs is to not have vaginal, anal, or oral sex. If you are sexually",The only way to completely avoid STIs is to not have sex through the private parts and the mouth. If
5045,Eng_Uga,The only way to completely avoid Chlamydia also known as Chlamydial Genitourinary infection is to ab,"The only way to completely avoid Chlamydia, also known as Chlamydial Genitourinary infection is to a"
5047,Eng_Uga,"No, you can't catch STIs from towels; they mostly spread through sexual contact.","Yes, STI can be transmitted through any form of sex including using the mouth. The chances of spread"
5050,Eng_Uga,Chlamydia also known as Chlamydial Genitourinary infection is a common STI that can cause infection ,If you have had sexual intercourse and suspect that you may have contracted a sexually transmitted i
5054,Eng_Uga,"Hormones are like messengers in your body. During puberty, they play several important roles: They t",Hormones can influence your sexual feelings and desires during puberty. For example:  Estrogen: This
5055,Eng_Uga,If you have had sexual intercourse and suspect that you may have contracted a sexually transmitted i,"Engaging in sexual activity without a barrier method, such as a condom, is often referred to as havi"
5056,Eng_Uga,Gonorrhoa is caused by a bacteria called Neisseria Gonorrhea. Bacterial infections are treated by us,"Gonorrhea is classified according to what part of the body is affected (urogenital, extragenital and"
5061,Eng_Uga,Men may notice:1.        Itching or irritation inside the penis2.        Burning after peeing or eja,"Gonorrhea may affect women and men differently. In women, it may show little to no symptoms for long"
5065,Eng_Uga,The only way to completely avoid Chlamydia also known as Chlamydial Genitourinary infection is to no,"The only way to completely avoid Chlamydia, also known as Chlamydial Genitourinary infection is to a"
5072,Eng_Uga,The risk of contracting HIV (human immunodeficiency virus) through sexual activity depends on severa,Be honest and open by sharing your feelings while also listening to their thoughts.
5075,Eng_Uga,All adults with Gonorrhea are treated with antibiotics. Ceftriaxone antibiotic is the most recommene,Gonorrhoa is caused by a bacteria called Neisseria Gonorrhea. Bacterial infections are treated by us
5076,Eng_Uga,"Gonorrhea may affect women and men differently. In women, it may show little to no symptoms for long","Gonorrhea may affect women and men differently. In women, it may show little to no symptoms for long"
5077,Eng_Uga,Engaging in sexual activity with someone who is living with HIV/AIDS does carry a risk of HIV transm,"If you have engaged in sexual activity with someone you suspect or know to be HIV-positive, it's ess"
5078,Eng_Uga,Uncomplicated Chlamydia also known as Chlamydial Genitourinary infection can be easily cured with an,"Active TB can almost always be cured with antibiotics. For pulmonary TB, antibiotics are usually tak"
5080,Eng_Uga,While there are preventive measures and medications that can significantly reduce the risk of contra,Engaging in oral sex carries a lower chance of getting infected with HIV as compared to other forms 
5081,Eng_Uga,"Yes, there is cure for syphilis. The standard approved treatment for syphilis is Penicillin G. There",Penicillin Antibiotics when administered appropriately and in right dose is very effetive in treatin
5087,Eng_Uga,"A Chlamydia test detects the bacteria that cause Chlamydia, a sexually transmitted infection (STI), ","A chlamydia test detects the bacteria that cause chlamydia, a sexually transmitted infection (STI) s"
5089,Eng_Uga,"Hepatitis B is transmitted when blood, semen, or another body fluid from a person infected with HBV ",HIV/AIDS is not passed by mosquitoes or other insect bites. When they bite they do not inject blood.
5090,Eng_Uga,Super gonorrhea is a term used to describe strains of the bacterium Neisseria gonorrhoeae that have ,Super gonorrhea is a term used to describe a strain of the bacterium Neisseria gonorrhoeae that has 
5091,Eng_Uga,The circumstances behind the appearance and rapid spread of Syphilis through Renaissance Europe (bet,The circumstances behind the appearance and rapid spread of Syphilis through Renaissance Europe has 
5094,Eng_Uga,Pre-Exposure Prophylaxis (PrEP) is highly effective at preventing HIV when used correctly and consis,The best way to protect yourself from HIV is to abstain from having sex. However if you cannot absta
5095,Eng_Uga,"There have been multiple attempts to develop syphilis vaccine, but upto date there is no approved va","Syphilis is an STI, it does not run in families, however, it can be transmitted from mother to child"
5096,Eng_Uga,It's always good to talk to a health professional about any changes you're noticing.,"Struggling with body image during puberty is common, given the rapid changes your body is undergoing"
5099,Eng_Uga,"Gonorrhea is a common, preventable and curable bacterial sexually transmitted infection that affects",Gonorrhea is a common preventable and curable bacterial Sexually Transmitted Infection that is sprea
5100,Eng_Uga,"You can obtain contraceptives from various places including family planning centers, pharmacies and ","The use of contraceptives, when used correctly and as prescribed by healthcare professionals, is gen"
5102,Eng_Uga,"No, gonorrhoea is a different from chlamydia, though both of them are sexually transmitted infection",Gonorrhea and Chlamydia are sexually transmitted infections. It is possible to have both infections 
5104,Eng_Uga,"HSV-1 is mainly transmitted via contact with the virus in sores, saliva or surfaces in or around the","Hepatitis B is primarily spread when blood, semen, or certain other body fluids – even in microscopi"
5108,Eng_Uga,If an individual receives positive results for an HIV test but has difficulty accepting or believing,"If you test HIV positive, your healthcare provider will communicate the results with sensitivity and"
5109,Eng_Uga,"Majority of STIs can be treated medically although not all can be cured. Chlamydia, Gonorrhea, Syphi",Penicillin Antibiotics when administered appropriately and in right dose is very effetive in treatin
5110,Eng_Uga,"""Currently, Hepatitis B has no medication; treatment depends on whether it is acute (short-term) or ",Hepatitis B is an infection of the liver caused by Hepatitis B virus (HBV) that is transmitted when 
5113,Eng_Uga,"Identifying whether someone has engaged in sexual intercourse is a private and personal matter, and ","Be honest and clear about your feelings, and don't let anyone pressure you into staying in a relatio"
5114,Eng_Uga,"It's common for body shape to change during puberty, and it can take some time to adjust to these ch","Struggling with body image during puberty is common, given the rapid changes your body is undergoing"
5117,Eng_Uga,"Yes, women with untreated syphilis stand a risk of passing the disease to their unborn children duri","Getting the disease Herpes of the private parts during pregnancy has been linked to abrupt abortion,"
5118,Eng_Uga,It’s normal to be nervous about having the talk because everyone reacts differently. But it’s best f,"Yes, it’s important to be honest with your partner about your health to protect each other and show "
5125,Eng_Uga,"Gonorrhea is classified according to what part of the body is affected (urogenital, extragenital and",Gonorrhea is classified according to part affected or according to its responsiveness to treatment. 
5128,Eng_Uga,You can get syphilis by having direct contact with a syphilis sore. The contact can occur during any,Syphilis develops in stages. The symptoms vary with each stage. But the stages may overlap. And the 
5129,Eng_Uga,If you have treated for Gonorrhea and you don't get better you may need to be retested to see if the,"Gonorrhea may affect women and men differently. In women, it may show little to no symptoms for long"
5130,Eng_Uga,"Yes, birth control prevents pregnancy but does not protect against STIs, so always use condoms for p","Yes, several types of pills can be used to prevent pregnancy. The most commonly known and widely use"
5137,Eng_Uga,"Feeling embarrassed or ashamed about puberty-related topics is common due to societal taboos, lack o","Yes, it's very normal to feel self-conscious about your changing body during puberty. Your body is g"
5139,Eng_Uga,"A chlamydia test detects the bacteria that cause chlamydia, a sexually transmitted infection (STI) s",A chlamydia also known as Chlamydial Genitourinary infection test detects the bacteria that cause ch
5141,Eng_Uga,"Yes, HIV (Human Immunodeficiency Virus) can affect a person's mental health in various ways. The imp","""A diagnosis of HIV/AIDS can have a profound emotional impact on individuals and can affect their me"
5143,Eng_Uga,"Yes, this is known as drug resistance and also referred to as antimicrobial resistance. this happens",The most appropriate antibiotc therapy for gonorrhea should be recommended by the primary physician 
5149,Eng_Uga,Chlamydia or Chlamydial Genitourinary Infection is a common sexually transmitted infection that affe,"Chlamydia also known as Chlamydial Genitourinary Infection often has no symptoms, but it can cause s"
5150,Eng_Uga,"Gonorrhea is a common, preventable and curable bacterial sexually transmitted infection that affects",Gonorrhea is a common preventable and curable bacterial Sexually Transmitted Infection that is sprea
5157,Eng_Uga,"The number of HIV tests you should have to be sure of your HIV status can depend on various factors,","Yes, a blood test can detect whether a person is HIV positive or HIV negative, and it is recommended"
5161,Eng_Uga,Acute hepatitis B infectionAcute hepatitis B is a short-term illness that occurs within the first 6 ,People with hepatitis B infections present varying symptoms. In acute phase (new onset of the infect
5167,Eng_Uga,Engaging in safe sex when one partner is HIV-positive (living with HIV) and the other is HIV-negativ,"Discovering that your partner is HIV-positive can be emotionally challenging, but it's important to "
5171,Eng_Uga,It's difficult to prevent TB because it can be passed on through the air. If you have HIV and someon,HIV (Human Immunodeficiency Virus) is challenging to cure for several reasons: its retrovirus nature
5172,Eng_Uga,"Most people with Genital Herpes or Herpes Simplex Virus (HSV), also known as herpes have no symptoms","If STIs go untreated, they may result in complications such as pre-term birth, risk of infertility, "
5179,Eng_Uga,The only way to completely avoid Chlamydia also known as Chlamydial Genitourinary infection is to no,The best way to prevent hepatitis B is by getting vaccinated             To reduce the risk of getti
5183,Eng_Uga,It is unclear what the origins of the organism Chlamydia trachomatis are. The organism causes both T,It is unclear what the origins of the organism Chlamydia trachomatis are. The organism causes both T
5188,Eng_Uga,"Hepatitis B is primarily spread when blood, semen, or certain other body fluids – even in microscopi","Financial pressure, peer pressure, availability of Antiretroviral drugs (ARVs) that keep people livi"
5190,Eng_Uga,"No, it is not true that having one abortion will prevent a person from bearing a child in the future","The decision to have an abortion is deeply personal and complex, and it's influenced by various fact"
5192,Eng_Uga,Uncomplicated Chlamydia also known as Chlamydial Genitourinary infection can be easily cured with an,The only way to completely avoid Chlamydia also known as Chlamydial Genitourinary infection is to no
5193,Eng_Uga,"Gonorrhea may affect women and men differently. In women, it may show little to no symptoms for long","If STIs go untreated, they may result in complications such as pre-term birth, risk of infertility, "
5194,Eng_Uga,"If you are diagnosed with syphilis, you need to tell anyone you've had sexual contact with so that t",Syphilis is treatable and curable. People who suspect they may have syphilis should speak to their h
5195,Eng_Uga,Syphilis is treatable and it heals. People who suspect they may have syphilis should speak to their ,Syphilis is a Sexually Transmitted Infection (STI) that is treatable with medication. It is caused b
5197,Eng_Uga,"Most people can have an STI without having symptoms of disease. However, some of the signs and sympt","Signs of a sexually transmitted infection can include unusual discharge, itching, burning during uri"
5198,Eng_Uga,It is important to have a discussion about safe sex as a couple. Even if the discussion is difficult,"Yes, in many places, you can see a doctor confidentially about sexual health issues."
5200,Eng_Uga,"There is a good vaccine that helps stop people from getting Hepatitis B, which can be given to both ",There is an effective vaccine against hepatitis B which helps prevent the acquiring of the virus. Th
5205,Eng_Uga,"Genital Herpes or Herpes Simplex Virus (HSV), also known as herpes is an STI caused by two types of ","While some people with Genital Herpes or Herpes Simplex Virus (HSV), also known as herpes will never"
5207,Eng_Uga,The organism Trichomonas vaginalis belongs to a group of Protozoa that are believed to have orginate,The organism T. vaginalis belongs to a group of protozoa that live in animals and humans. It origina
5208,Eng_Uga,"As of 2025, there are currently there are no licensed vaccines against either type of the Genital He","As of 2024, there is currently no licensed vaccine to prevent infection with Gonorrhea anywhere in t"
5209,Eng_Uga,Human immunodeficiency virus is an infection that orignated in animals and passed into human bodies.,"Yes,  a blood test can detect whether a person is HIV positive or HIV negative and it is recommended"
5213,Eng_Uga,1. Urogenital trichomoniasis  2. Oral trichomoniasis. 3. Rectal trichomoniasis,"1.	The only way to avoid STIs is to abstain from sex (not have vaginal, anal, or oral sex).2.	If you"
5215,Eng_Uga,"Yes, the use of condoms is highly recommendable during sexual activity, especially for individuals w",It is certainly not a must to get tested for HIV. Choosing to get tested is a personal decision that
5216,Eng_Uga,Syphilis is treatable and curable. People who suspect they may have syphilis should speak to their h,"""Aqueous benzyl penicillin or procaine penicillin is recommended in infants with confirmed congenita"
5219,Eng_Uga,Human Immunodeficiency Virus is an infection that originated in animals and passed into human bodies,Human immunodeficiency virus is an infection that orignated in animals and passed into human bodies.
5220,Eng_Uga,"Surviving and managing HIV/AIDS is entirely possible with proper medical care, treatment, and lifest","Managing HIV involves a comprehensive approach that includes medical care, a healthy lifestyle, and "
5224,Eng_Uga,Chlamydia infections in humans are categorized depending on the mode of spread of the disease-causin,Chlamydia infections in humans are categorized depending on the mode of spread of the disease-causin
5227,Eng_Uga,"There are two known types of HIV; HIV-1 and HIV-2.Overall, HIV-1 is the leading type of HIV througho","Yes, several types of pills can be used to prevent pregnancy. The most commonly known and widely use"
5229,Eng_Uga,"Yes, some STIs can cause long-term effects, so it's important to get treated and monitored.","Stress can mess with your hormones and libido, which might affect your sexual health."
5240,Eng_Uga,"Gonorrhea may affect women and men differently. In women, it may show little to no symptoms for long","Gonorrhea may affect women and men differently. In women, it may show little to no symptoms for long"
5241,Eng_Uga,"Syphilis can be categorized according to the stages. The stages of syphilis are: primary, secondary,","The disease has been divided into stages on the basis of clinical findings, which guide treatment an"
5247,Eng_Uga,"Sexually Transmitted Infections (STIs) may not cause death directly, but some may cause serious heal",Sexually Transmitted Infections (STIs) may not cause death directly but some may cause serious healt
5251,Eng_Uga,"Genital Herpes or Herpes Simplex Virus (HSV), also known as Herpes originated and evolved in Africa ","In 2013, hepatitis B was thought to have originated in birds. Then in 2015, fish were thought to be "
5253,Eng_Uga,"Managing body hair is a personal choice, and it's important to do what makes you comfortable. Here a","Check out websites, podcasts, or books aimed at young people, read trusted resources, talk to health"
5256,Eng_Uga,"The only way to completely avoid STIs is to not have vaginal, anal, or oral sex. If you are sexually","People with symptoms of oral Genital herpes or Herpes Simplex Virus (HSV), also known as Herpes shou"
5260,Eng_Uga,Herpes is a viral infection (caused by a virus) but it is not treated with the same medications as H,"""Currently, Hepatitis B has no medication; treatment depends on whether it is acute (short-term) or "
5266,Eng_Uga,Chlamydia infections also known as Chlamydial Genitourinary Infections spread through sexual contact,The only way to completely avoid Chlamydia also known as Chlamydial Genitourinary infection is to no
5271,Eng_Uga,You should consider doing a Herpes test when you have genital symptoms that could be related to herp,"Since these diseases can be given to other people when you have sex with them, you should notify eve"
5277,Eng_Uga,"No, most cases of gonorrhoea can be prevented with consistent and correct condom use in every sexual","Erectile Dysfunction(ED) is the failure to achieve and/or sustain an erection. Oftentimes, the cause"
5278,Eng_Uga,Your need for a sexual health checkup or test depends on your own danger for getting Sexually Transm,Your need for a sexual health checkup or test depends on your own risk of getting Sexually Transmitt
5285,Eng_Uga,"Incorporating HIV patients into society is essential to reduce stigma, promote inclusivity, and supp",Reducing stigma associated with HIV and other infections within a community is crucial for promoting
5287,Eng_Uga,"Your HIV status is yours to share and you should not feel pressured to tell anyone. However, telling","Disclosing one's HIV/AIDS status is a deeply personal decision, and there are several complex reason"
5288,Eng_Uga,Preventing yourself from having sex is a personal choice that depends on your individual circumstanc,"Preventing yourself from engaging in sexual activity is a personal choice, and the methods you can u"
5290,Eng_Uga,You can get syphilis by having direct contact with a syphilis sore. The contact can occur during any,Syphilis develops in stages. The symptoms vary with each stage. But the stages may overlap. And the 
5291,Eng_Uga,"Gonorrhea is a common, preventable and curable bacterial sexually transmitted infection that affects","Gonorrhea is a common, preventable and curable bacterial sexually transmitted infection that affects"
5294,Eng_Uga,"As of 2024. there is currently no licensed vaccine to prevent Gonorrhea infection. However, there is","As of 2024, there is currently no licensed vaccine to prevent infection with Gonorrhea anywhere in t"
5296,Eng_Uga,"The disease has been divided into stages on the basis of clinical findings, which guide treatment an","There are many STIs—including chlamydia, gonorrhea. Primarily hepatitis B, HIV, and syphilis can als"
5299,Eng_Uga,Herpes can only be diagnosed at a health center. You cannot test for it at home or using any radiolo,Herpes can only be diagnosed at a health centre. You cannot test for it at home or using any radiolo
5301,Eng_Uga,"Gonorrhea is caused by an infection from Neisseria gonorrhea bacteria. When caught early, most cases","Gonorrhea is caused by bacteria Neisseria gonorrhea bacteria. When caught early, most cases of gonor"
5303,Eng_Uga,It is important to get tested for HIV at the start of a relationship because that way you will know ,If you've had sexual contact with someone who is HIV positive and are concerned about your own statu
5306,Eng_Uga,Confronting someone about their HIV status can be a sensitive and delicate matter. It's important to,"There are several professionals and individuals you can discuss HIV-related concerns with, depending"
5312,Eng_Uga,"No, there is no licensed vaccine for HIV.","Currently, there is no approved vaccine for HIV/AIDS available for public use. However, significant "
5316,Eng_Uga,"Antibiotics are usually recommended if tests have shown you have Gonorrhoea.  In most cases, treatme",Treatment typically involves one shot (injection) of ceftriaxone. Your provider will determine your 
5319,Eng_Uga,"Genital Herpes or Herpes Simplex Virus (HSV), also known as herpes is a highly contagious disease. I","Genital Herpes or Herpes Simplex Virus (HSV), also known as Herpes originated and evolved in Africa "
5331,Lug_Uga,Bamaama abalina Akawuka akaleeta Siriimu bakubirizibwa okumira obulungi eddagala erikaweweeza. Kino ,"Bw’okizuula nti omwagalwa wo alina Akawuka akaleeta Siriimu, kirungi embeera eno ogikwate n’obwegend"
5333,Lug_Uga,Enkola eweweeza ku Kawuka akaleeta Siriimu bwe bujjanjabi obw’omutindo eri abantu ssekinnoomu abawan,"Enkola ey'okuweweeza ku Kawuka akaleeta Siriimu tewonyeza ddala Kawuka kano, naye esobolera ddala ok"
5334,Lug_Uga,"Okwewala Obuwuka obuleeta Obulwadde bw'Ekikaba n’okwongera ku mutindo gw'enkola z'okwegatta, kikulu ",Obuwuka obuleeta Obulwadde bw'Ekikaba busobola okuleetera abantu ebizibu eby'enjawulo n'ekitundu oku
5335,Lug_Uga,Okukulaakulanya enkolagana ennungi n’emikwano mu kiseera ky’obuvubuka kyetaagisa nnyo ku lw'obulungi,Okwaŋŋanga okukozesa ebiragalalagala kusoomooza nnyo naye waliwo emitendera gy'osobola okuyitamu oku
5344,Lug_Uga,Abantu abamu baagala okugabana embeera yaabwe n'omuntu ate abalala tebaagala. Okubuulirako omuntu ku,Kizibu okusalawo oba olina okubuulira omubeezi wo ku bivudde mu kukeberebwa Akawuka akaleeta Siriimu
5346,Lug_Uga,Akawuka akaleeta Siriimu okusinga kasaasaanyizibwa nga kayita mu mazzi ag'omu mubiri agalimu akawuka,"Ne bwe wabaawo okuwanyisiganya amalusu, okutwalira awamu okunywegeragana tekutwalibwa ng’engeri enku"
5347,Lug_Uga,"Bw’oba ozuuliddwa nti olina Akawuka akaleeta Siriimu, kikulu okukola emitendera egiwerako egy’amangu","Siri musawo mukugu, naye nsobola okuwaayo ebimu ku bikwata ku mulamwa guno mu bulambalamba. Kikulu o"
5348,Lug_Uga,"Kya bulijjo ddala; abantu bangi bawulira ensonyi mu ngeri y’emu, naye kikulu okwogera mu lwatu ku bi",Yogerako n’omuntu omukulu gwe weesiga oba ekifo mw'osobola okuggya obubaka obwesigika ku mutimbagano
5349,Lug_Uga,"Yee, ddala, ekintu ekisinga obulungi okukola kwe kukebera omwana wo buli kiseera osobole okumanya ky","Kya bulijjo okweraliikirira n'okweraliikirira ku mwana wo. Wabula, Akawuka akaleeta Siriimu kajjanja"
5350,Lug_Uga,"Nedda, Akawuka akaleeta Siriimu tekasobola kuwonyezebwa mu ssaawa 24 oluvannyuma lw’okwegatta oba ek",PEP ddagala erimirwa okukendeeza ku katyabaga ak'okwatibwa Akawuka akaleeta Siriimu oluvannyuma lw'o
5356,Lug_Uga,Bw’oba weegatta n’omuntu alina Akawuka akaleeta Siriimu era ng’afaayo ku mbeera yo naye ng’otya okwe,Bw’oba weenyigidde mu kwegatta n’omuntu gw’oteebereza oba gw’omanyi nti alina Akawuka akaleeta Sirii
5357,Lug_Uga,Tosobola kufuna Kiramidiya kuva mu kunywegera muntu ne bw'aba ng'alina Kiramidiya w'omumiro. Engeri ,Kiramidiya era amanyiddwa nga Akawuka ka Kiramidiya akalwaza Ebitundu by'ekyama n'omuyitiro gw'omusu
5359,Lug_Uga,Obulwadde bwa Kisipi busobola okukeberebwa n’okukakasibwa mu ddwaaliro mwokka. Tosobola kumukeberera,Kisipi akwata Ebitundu by'ekyama asinga kusiigibwa ng'omuntu akwataganye n'Akawuka ka Vvayiraasi aka
5361,Lug_Uga,Kyannaku nnyo okuwulira nti wafiirwa bazadde bo. Ensaasaana y'Akawuka akaleeta Siriimu eyinza okuba ,Okuyamba omuntu ow'olubuto awanduse mu ssomero era asanga okuwakanyizikwa okuva mu bazadde be kiyinz
5362,Lug_Uga,Mazima ddala si kya tteeka kwekebeza Akawuka akaleeta Siriimu. Okusalawo okwekebeza kusalawo kwa bun,"Weetegereze okulaba oba nga waliwo okusiiwa, okubabuukirirwa, oba okuvaamu amazzi agatali ga bulijjo"
5363,Lug_Uga,"We butuukidde mu 2025, nga tewannabaawo ddagala likakasiddwa kugema kika kya Kisipi kyonna. ","Nedda, tosobola kuzaalibwa na Buwuka buleeta Bulwadde bwa Kikaba kubanga tosobola kubusikira ng'ekit"
5364,Lug_Uga,"Nedda, si kirungi kwegatta nga teweetangidde ng’oli ku ddagala lya PEP. PEP ddagala eriziyiza Akawuk",Okwenyigira mu kikolwa ky'okwegatta n’omuntu alina Akawuka akaleeta Siriimu nga teweetangidde kikute
5366,Lug_Uga,Okukebera kw'obutoffaali obuziyiza endwadde mu musaayi kutera okuzuula akawuka kano oluvannyuma lw’e,Kino kitegeeza ekiseera okuva lwe wakwatibwa akawuka okutuuka lwe kasobola okuzuulibwa mu mubiri gwo
5368,Lug_Uga,"Yee, kya bulijjo okufuna enkyukakyuka mu mbeera z'enneewulira mu kiseera ky'okuvubuka. Obusannyalaze",Obusannyalaze bw'omubiri naddala estrogen (abawala) ne testosterone (abalenzi) bukola kinene ku biro
5369,Lug_Uga,Abantu abasinga basobola okuba n'Obuwuka obuleeta Obulwadde bw'Ekikaba naye nga tebalina bubonero bw,Okukwatibwa kw'obuwuka obufunibwa okuyita ku mu kwegatta. Era busobola okusaasaanyizibwa mu biseera 
5370,Lug_Uga,"Nedda, siriimu tannafuna ddagala. Abasawo ne bannassaayansi bakyagezaako okunoonya emu.Naye eddagala",Okukola eddagala eriwangaala eriwonya Akawuka akaleeta Siriimu kibadde kigendererwa kinene eky’okuno
5373,Lug_Uga,Okuwulira nga oli wekka oba nga weeyawudde ku balala mu kiseera ky'okuvubuka kusobola okubaawo olw’e,"Okuwulira ng’okooye ng’oli mu myaka gy’obuvubuka kya bulijjo, era kitera okuva ku nsonga eziwerako. "
5374,Lug_Uga,Okumanya bw'oyimiridde kya muganyulo nnyo kubanga ojja kusobola okutandika obujjanjabi amangu singa ,"Jjukira nti buli muntu omubiri gwe gwa njawulo, era okwogera ne mukwano gwo kiyinza okukuyamba okuwu"
5376,Lug_Uga,"Okwenyigira mu kikolwa ky'okwegatta nga teweetangidde kiyinza okubeera n'emiganyulo ate n'obuzibu, e",Okwekuuma okwenyigira mu kwegatta nga teweetangidde naddala wadde nga owulidde obwagazi kikulu nnyo 
5377,Lug_Uga,"Okusinziira ku kye nnasembyeyo okumanya, tewali ddagala ligema Kawuka akaleeta Siriimu eryakakasiddw","Okwewala Obuwuka obuleeta Obulwadde bw'Ekikaba n’okwongera ku mutindo gw'enkola z'okwegatta, kikulu "
5378,Lug_Uga,"Yee, Akawuka akaleeta Siriimu kasobola okuviirako okulwala okw'amaanyi era, singa kalekebwa nga teka"," Obuwangaazi bw’omuntu alina Akawuka akaleeta Siriimu bwawukana okusinziira ku nsonga ez’enjawulo, o"
5379,Lug_Uga,Kikulu okwewala okukola okusalawo ttwalirawamu okutali kutuufu ku bantu abawangaala n'Akawuka akalee,"Akawuka akaleeta Siriimu okusinga kasiigirwa mu makubo ag’enjawulo, era akabi k’okusiigibwa okuva ku"
5380,Lug_Uga,Akawuka akaleeta Siriimu/Siriimu katwalibwa ng’embeera ey'olukonvuba era eyinza okutta omuntu kubang,"Akawuka akaleeta Siriimu vvayiraasi erumbagana abaserikale b’omubiri naddala obutoffaali bwa CD4 T, "
5381,Lug_Uga,Okulumwa omutwe emirundi egiwerako ekiro n’okutuuyana byokka si bubonero bw'Akawuka akaleeta Siriimu,"Yee, waliwo ebikozesebwa mu nkola ey'okwekeberera waka Akawuka akaleeta Siriimu era bitera okuyitibw"
5384,Lug_Uga,Bw’oba onoonya obubaka obukwata ku kuziyiza Akawuka akaleeta Siriimu era ng’oyagala okubukuuma nga b,"Abantu abatalaga bubonero bwa Kawuka kaleeta Siriimu abatera okuyitibwa ""Bassekinnoomu abalina Akawu"
5386,Lug_Uga,"Waliwo eddagala eddungi erigema era eriyamba abantu obutakwatibwa Omusujja gw'ekibumba, era erisobol",Engeri yokka ey’okwewalira ddala Kiramidiya era amanyiddwa nga Akawuka ka Kiramidiya akalwaza Ebitun
5389,Lug_Uga,"Siri mukugu mu Byamateeka oba mu Byobujjanjabi, naye nsobola okuwa agamu ku mawulire ku mitendera gy","Singa omuntu akabassanyizibwa oba okusobezebwako omuntu alina Akawuka akaleeta Siriimu, kikulu nnyo "
5390,Lug_Uga,"Yee, kisoboka omuntu alina Akawuka akaleeta Siriimu okuzaala omwana nga naye alina akawuka kano. Wab","Yee, kisoboka okukendeereza ddala ku katyabaga ka maama ali olubuto okusiiga omwana we Akawuka akale"
5394,Lug_Uga,Engeri yokka ey’okwewalira ddala Kiramidiya era amanyiddwa nga Akawuka ka Kiramidiya akalwaza Ebitun,Kiramidiya era amanyiddwa nga Akawuka ka Kiramidiya akalwaza Ebitundu by'ekyama n'omuyitiro gw'omusu
5396,Lug_Uga,"Obuwuka obumu obuleeta Endwadde z’Ekikaba buyinza obutakuttirawo naye ne bukosa obulamu bwo, ekiyinz","Nedda, Obuwuka obuleeta Obulwadde bw'Ekikaba busobola okusaasaana okuyita mu kwegatta; okukwata obuk"
5399,Lug_Uga,Okusalawo ku bikwata ku kuyonsa nga maama alina Akawuka akaleeta Siriimu kusinziira ku bintu eby’enj,Kya nnaku okuwulira nti maama wo yafa. Singa weekengera nti maama wo ayinza okuba nga yafa Akawuka a
5404,Lug_Uga,"Bw’okizuula nti omwagalwa wo alina Akawuka akaleeta Siriimu, kirungi embeera eno ogikwate n’obwegend","Kya bulijjo okweraliikirira n'okweraliikirira ku mwana wo. Wabula, Akawuka akaleeta Siriimu kajjanja"
5410,Lug_Uga,"Okusinziira ku kitongole kya Centers for Disease Control and Prevention, obubonero bw'Akawuka akalee","Eddagala eritta bbakitiiriya erya Penicillin, bwe liba nga likozeseddwa bulungi era mu ddoozi entuuf"
5411,Lug_Uga,"Nedda, amalusu gokka tegasaasaanya Kawuka kaleeta Siriimu. Akawuka akaleeta Siriimu okusinga kasiigi","Yee, Akawuka akaleeta Siriimu kasobola okusiigibwa okuyita mu kwegattira awava obubi  singa embeera "
5412,Lug_Uga,"Eddagala eriziyiza okuzaala okusinga liziyiza okufuna embuto ezitali neetegekere, ate ebikolebwa oku","Yee, enkola za kizaalaggumba ziziyiza okufuna olubuto naye si Buwuka buleeta Bulwadde bwa Kikaba, no"
5413,Lug_Uga,"Okukebera Kiramidiya kuzuula bbakitiiriya ereeta Kiramidiya, Akawuka akaleeta Obulwadde bw'Ekikaba, ",Kiramidiya era amanyiddwa nga Akawuka ka Kiramidiya akalwaza Ebitundu by'ekyama n'omuyitiro gw'omusu
5414,Lug_Uga,"Akawuka akaleeta Siriimu kamanyiddwa ng’obulwadde obukulu era, mu mbeera nnyingi, obw’entiisa olw’en",Tewali ddagala liwonyeza ddala Kawuka akaleeeta Siriimu ng’oggyeeko eddagala erikaweweezaako. Enkola
5415,Lug_Uga,"Yee, Ebiragiro byawukana okusinziira ku kifo w’obeera n’embeera gy’olimu. Bulijjo bw’oba osobola oku","Okusiiga Akawuka akaleeta Siriimu okuva ku maama okudda ku mwana, era amanyiddwa ng'okusiigibwa okw'"
5417,Lug_Uga,"Bw’okizuula nti omwagalwa wo alina Akawuka akaleeta Siriimu, kirungi embeera eno ogikwate n’obwegend","Kya bulijjo okweraliikirira n'okweraliikirira ku mwana wo. Wabula, Akawuka akaleeta Siriimu kajjanja"
5425,Lug_Uga,"Okuddukanya embeera y'Akawuka akaleeta Siriimu kuzingiramu enkola ennambulukufu omuli obujjanjabi, o",Akawuka akaleeta Siriimu kalina endagabutonde ez’enjawulo ezikasobozesa okweyubula ne kafuukamu ebik
5426,Lug_Uga,Akawuka akaleeta Siriimu kalina bingi bye kakosa obulamu bw'omuntu era bino bisobola okukosa obwagaz,Akakwate akali wakati w’okubeera n'Akawuka akaleeta Siriimu n’obwagazi bw’okwegatta  kazibuzibu era 
5438,Lug_Uga,Waliwo enkola eziwerako ennungi ez’okuziyiza embuto ng’oggyeeko obupiira n'enteekateeka y'ekizaalagg,Okukozesa obupiira mu ngeri entuufu era mu butayosa kukola nnyo mu kuziyiza okusaasaanya Akawuka aka
5439,Lug_Uga,Abavubuka abalina Akawuka akaleeta Siriimu boolekagana n'okusoomoozebwa okw'enjawulo okuyinza okukos,Okukeberebwa Akawuka akaleeta Siriimu nkola nnyangu era ya kyama. Gino gye emitendera gy'oyinza okuy
5441,Lug_Uga,Abakyala bangi abakeberebwa nga balina Akawuka akaleeta Siriimu nga bali embuto tebamanyi nti balina, Kya nnaku okuwulira embeera mw'oyita. Kikulu okukinogaanya nti bamaama tebakigenderera kusiiga baan
5442,Lug_Uga,"Bw'oba ng'owulirira emirembe mu kubeera ky'oli era ng'oyagala okukwatagana n'omuntu omulala, oyinza ","Si bwe kiri n'akatono, okwogera ku bulamu bw’okwegatta mu ssomero kuyamba buli muntu okubeera nga mu"
5443,Lug_Uga,Engeri yokka gy’oyinza okumanyaamu oba olina Akawuka akaleeta Siriimu kwe kwekebeza. Genda okunywa e,Akawuka akaleeta Siriimu tekalina bubonero bwa kungulu nga bwoleka ko kokka obusobola okukozesebwa o
5444,Lug_Uga,Enkola eweweeza ku Kawuka akaleeta Siriimu bwe bujjanjabi obw’omutindo eri abantu ssekinnoomu abawan,ARV ezijjanjaba Akawuka akaleeta Siriimu okutwalira awamu zisangibwa mu bitundu bingi okwetoloola en
5446,Lug_Uga,Okusalawo oba okukuuma oba okugenda mu maaso n’enkolagana n’omwagalwa alina Akawuka akaleeta Siriimu,"Okwenyigira mu kikolwa ky'okwegatta nga teweetangidde kiyinza okubeera n'emiganyulo ate n'obuzibu, e"
5451,Lug_Uga,Abantu abalina Akawuka akaleeta Siriimu oluusi boolekagana n’ensonga eziyinza okukosa endya yaabwe: ,"Yee, eddagala erijjanjaba Akawuka akaleeta Siriimu erimu naddala eryo eriweweeza lisobola okugezza o"
5456,Lug_Uga,Omuwendo gw’okukeberebwa Akawuka akaleeta Siriimu kw’osaanidde okuba okukola okukakasa embeera yo ey,"Mu nsi ezimu, ojja kwetaaga okukeberebwa emirundi ebiri okukakasa embeera yo ate mu ndala, ojja kwet"
5458,Lug_Uga,Okusalawo oba okukuuma oba okugenda mu maaso n’enkolagana n’omwagalwa alina Akawuka akaleeta Siriimu,Bw’oba weenyigidde mu kwegatta n’omuntu gw’oteebereza oba gw’omanyi nti alina Akawuka akaleeta Sirii
5459,Lug_Uga,Okukeberebwa Akawuka akaleeta Siriimu nkola nnyangu era ya kyama. Gino gye emitendera gy'oyinza okuy,"Yee, okukebera omusaayi kusobola okuzuula oba omuntu alina Akawuka akaleeta Siriimu oba takalina era"
5460,Lug_Uga,"Mu 2013, bannassaayansi baalowooza nti Omusujja gw'ekibumba ogwa B gwava mu binyonyi. Mu 2015, baalo",Okukebera Omusujja gw'ekibumba ogwa B kukolebwa ng'oggyibwako sampolo y'omusaayi ey'ekigero. Omusaay
5463,Lug_Uga,Okukwatibwa kw'obuwuka obufunibwa okuyita ku mu kwegatta. Era busobola okusaasaanyizibwa mu biseera ,Abantu abasinga basobola okuba n'Obuwuka obuleeta Obulwadde bw'Ekikaba naye nga tebalina bubonero bw
5467,Lug_Uga,"Yee, kya bulijjo okufuna obulumi mu lubuto mu kiseera ky'okubeera mu nsonga z'ekikyala, era kiyitibw","Yee, kisoboka omuwala okufuna olubuto singa yeegatta ng’ali mu nsonga, wadde ng’emikisa gy’okufuna o"
5468,Lug_Uga,Empeereza z'okubudaabuda abantu ku Kawuka akaleeta Siriimu ziyinza okubaawo ku bwereere oba ku ssent,Sisobola kuwa butereevu mikutu gya mutimbagano kusangibwa kubudaabudibwa ku by'Akawuka akaleeta Siri
5470,Lug_Uga,"Yee, kisobokera ddala okubeera n’Akawuka akaleeta Siriimu. Akawuka akaleeta Siriimu mbeera ya lukonv",Enkola eweweeza ku Kawuka akaleeta Siriimu bwe bujjanjabi obw’omutindo eri abantu ssekinnoomu abawan
5471,Lug_Uga,Okulondoola ennaku zo z'ogenderako mu nsonga kusobola okukuyamba okuteebereza ddi lw'ogenda okugenda,"Bw’otandika okugenda mu nsonga nga toli waka, teweeraliikiriranga! Bino by’osobola okukola: Bw’oba o"
5472,Lug_Uga,"Okusooka, weebuuze ku musawo wo, wadde ng'obujjanjabi bwa Tuliici buzingiramu okukozesa eddagala eri",Enziku kawuka akaleeta obulwadde bw'ekikaba ak'ekika kya bbakitiiriya ekeeyoleka ennyo era nga kaziy
5478,Lug_Uga,Buli ddagala lirina ebiragiro (amateeka) ku ngeri y’okulimira. Soma ebiragiro era obigoberere bulung,"Obujjanjabi obuweweeza ku Kawuka akaleeta Siriimu, obuzingiramu eddagala erijjanjaba Akawuka akaleet"
5479,Lug_Uga,Bw’oba weenyigidde mu kwegatta n’omuntu gw’oteebereza oba gw’omanyi nti alina Akawuka akaleeta Sirii,Okugaana okwegatta kusalawo okukolebwa okusinziira ku muntu ssekinnoomu era kisinziira ku mbeera omu
5482,Lug_Uga,"Yee, okukozesa obupiira kukubirizibwa nnyo mu kwegatta, naddala mu bantu abalina  ababeezi abasukka ","Okukozesa obupiira mu kwegatta kulina ebivaamu ebiwerako,  ebirungi era ebitangira, ebirina kye biga"
5483,Lug_Uga,Enziku kawuka akaleeta obulwadde bw'ekikaba ak'ekika kya bbakitiiriya ekeeyoleka ennyo era nga kaziy,"Toli wekka; abantu bangi balina Obuwuka obuleeta Obulwadde bw'Ekikaba, noolwekyo noonya obuyambi oku"
5488,Lug_Uga,"Nywerera ku ky'okkiriza nti kye kituufu era ogaane, kubanga guno mubiri gwo era ng'olina eddembe okw",Okuddamu omuntu omukulu oba omuntu yenna alaga obwagazi bw'okwegatta naawe nga toyagala kyetaagisa o
5489,Lug_Uga,"Nedda, si kituufu nti okubeera n’Akawuka akaleeta Siriimu kitegeeza nti ddala ojja kufa. Akawuka aka",Bw’oba weenyigidde mu kwegatta n’omuntu gw’oteebereza oba gw’omanyi nti alina Akawuka akaleeta Sirii
5490,Lug_Uga,Okwenyigira mu kwegatta n'omuntu awangaala n'Akawuka akaleeta Siriimu tekukuteeka mu katyabaga ka ku,Bw’oba weegatta n’omuntu alina Akawuka akaleeta Siriimu era ng’afaayo ku mbeera yo naye ng’otya okwe
5491,Lug_Uga,"Yee, okumira obulungi eddagala eriweweeza ku Kawuka akaleeta Siriimu mu kiseera ky'okuba olubuto kit","Okuwangaala n'okuweeweeza Akawuka akaleeta Siriimu kisobokera ddala n'obujjanjabi obutuufu, obujjanj"
5494,Lug_Uga,"Yee, yogerako n'omubeezi wo era mugende mwembi mu ddwaliro okwekebeza n'okufuna obujjanjabi.",Kikulu nnyo okuteesa ku by'okwegatta mu ngeri ey'obuvunaanyizibwa ng'abaagalana. Bw’oba olina omubee
5497,Lug_Uga,Okwegatta kuyinza okuba ekitundu ekya bulijjo ku bulamu bw’omuntu bwe kukolebwa mu kukkaanya n'obuvu,"Yee, kya bulijjo ddala okuba n’ebibuuzo oba ebikweraliikiriza ku by’okwegatta n’omukwano mu kiseera "
5499,Lug_Uga,Eddagala erigema Obuwuka obuleeta Obulwadde bw'Ekikaba ery'emirundi ebiri ddungi era likola bulungi.,Kiramidiya era amanyiddwa nga Akawuka ka Kiramidiya akalwaza Ebitundu by'ekyama n'omuyitiro gw'omusu
5502,Lug_Uga,Emikisa gy'okukwatibwa Akawuka akaleeta Siriimu gigenda gyeyongera buli omuwendo gw’abantu be weegat,Emikisa gy’omuntu okukwatibwa Akawuka akaleeta Siriimu mu kiseera ky’okwegatta omulundi gumu giyinza
5504,Lug_Uga,Kiramidiya oba Akawuka ka Kiramidiya akalwaza Ebitundu by'ekyama n'omuyitiro gw'omusulo Kawuka akale,"Tuliici, Bulwadde bwa Kikaba obuleetebwa akawuka ka pulotozowa/akanyuunyunsi akayitibwa Trichomonas "
5506,Lug_Uga,Kizibu okuziyiza akafuba kubanga kasobola okukwata omuntu nga kayita mu mpewo. Bw’oba olina Akawuka ,1. Waliwo eddagala erigema Obuwuka obuleeta Obulwadde bw’Ekikaba lya mirundi ebiri: Eddaglala lino o
5513,Lug_Uga,"Okunoonyereza kulaga nti singa akapiira kabeera nga kakozesebwa mu ngeri entuufu, kawa obukuumi obw'",Omuntu asobola okukwatibwa Akawuka akaleeta Siriimu singa yeegatta n'omuntu akalina nga tebakozesezz
5516,Lug_Uga,PEP ow'Akawuka akaleeta Siriimu akubirizibwa nnyo okukozasebwa abantu ssekinnoomu abadde mu mbeera e,Okusalawo okugabanako ne mikwano gyo ebikwata ku mbeera yo ku Kawuka akaleeta Siriimu oba obutakikol
5519,Lug_Uga,"Tuliici asobola okwewalibwa mu ngeri zino: okwewala okwegatta, okukozesa obupiira mu ngeri entuufu e",Engeri yokka ey’okwewalira ddala Kiramidiya era amanyiddwa nga Akawuka ka Kiramidiya akalwaza Ebitun
5521,Lug_Uga,Okubeera n’Obuwuka obuleeta Obulwadde bw’Ekikaba kisobola okwongera ku katyabaga k'okukwatibwa oba o,Singa mukwano gwo aba alina obweraliikirivu ku busobozi obw'okubeera mu katyabaga k'okukwatibwa Akaw
5522,Lug_Uga,Endowooza y'okuba nti okwegatta kuli mu kufuuka ekintu ensonga enkukunavu ennyo mu ngeri abantu b'om,Eddaala ly'okutya n'obweraliikirivu ebireetebwa Akawuka akaleeta Siriimu ne KOVIDI-19 bisobola okwaw
5528,Lug_Uga,Kisoboka okufuna Akawuka akaleeta Siriimu ng’ofunye akawuka kano omulundi gumu gwokka gw'obeereddemu,PEP ow'Akawuka akaleeta Siriimu akubirizibwa nnyo okukozasebwa abantu ssekinnoomu abadde mu mbeera e
5530,Lug_Uga,Kiramidiya era amanyiddwa nga Akawuka ka Kiramidiya akalwaza Ebitundu by'ekyama n'omuyitiro gw'omusu,Engeri yokka ey’okwewalira ddala Kiramidiya era amanyiddwa nga Akawuka ka Kiramidiya akalwaza Ebitun
5531,Lug_Uga,Kisipi asobola kuzuulibwa mu ddwaaliro mwokka. Tosobola kumukeberera waka oba ng’okozesa enkola yonn,"Tuliici asobola okwewalibwa mu ngeri zino: okwewala okwegatta, okukozesa obupiira mu ngeri entuufu e"
5532,Lug_Uga,Okukolagana n'abalwadde b'Endwadde z'Ekikaba awatali kubasosola kyetaagisa nnyo okutumbula okusaasir,"Nedda, Obuwuka obuleeta Obulwadde bw'Ekikaba busobola okusaasaana okuyita mu kwegatta; okukwata obuk"
5534,Lug_Uga,Okuwulira nga oli wekka oba nga weeyawudde ku balala mu kiseera ky'okuvubuka kusobola okubaawo olw’e,Okukulaakulanya enkolagana ennungi n’emikwano mu kiseera ky’obuvubuka kyetaagisa nnyo ku lw'obulungi
5542,Lug_Uga,"Okumatiza omubeezi wo okukozesa enkola z'okwetangira, gamba nga obupiira, mboozi nkulu okukakasa obu","Nsonyiwa nnyo okuwulira nti owulira bw’oti, naye sisobola kukuwa buyambi bwe weetaaga. Kyokka kikulu"
5543,Lug_Uga,"Yee, omuntu alina Akawuka akaleeta Siriimu asobola okuzaala omwana atalina kawuka singa aba alina ob","Singa maama ali olubuto abeera ng'alina Akawuka akaleeta Siriimu, kisoboka okukendeeza ku mikisa gy'"
5548,Lug_Uga,Okukeberebwa okw’enjawulo kukolebwa ku Buwuka obuleeta Obulwadde bw'Ekikaba. Okukeberebwa kuno kuter,Abantu abamu bakkiriza nti osobola okukwatibwa Obuwuka obuleeta Obulwadde bw'Ekikaba okuva ku kaabuy
5550,Lug_Uga,"Enziku esangibwa mu biwandiiko ebyasookera ddala ebyogera ku luse lw'omuntu. Abaluumi, Abayudaaya n’",Enziku kawuka akaleeta obulwadde bw'ekikaba ak'ekika kya bbakitiiriya ekeeyoleka ennyo era nga kaziy
5555,Lug_Uga,Ensonga lwaki abantu abamu abamanyi embeera yaabwe ey’Akawuka akaleeta Siriimu bagenda mu maaso n'ok,Endowooza y'okuba nti okwegatta kuli mu kufuuka ekintu ensonga enkukunavu ennyo mu ngeri abantu b'om
5559,Lug_Uga,"Yee,  Kisipi talemesa mwami kufunyisa mukyala lubuto noolwekyo omukyala asobola okufuna olubuto okuv",Okukwatibwa Kiramidiya kwa bulabe mu kiseera ky'okuba olubuto n'eri omwana ali mu lubuto. Asobola ok
5563,Lug_Uga,Abakyala bangi abakeberebwa nga balina Akawuka akaleeta Siriimu nga bali embuto tebamanyi nti balina,"Okugabana n'omuntu engoye ka kibeere obuwale ezoomunda oba eza bulijjo, kiyinza okukosa obulamu okus"
5564,Lug_Uga,Okwetakula (okusiiyibwa) mu bitundu by'ekyama oba ebitundu ebirala by'omubiri kayinza okuba akaboner,Kabootongo w’omutendera ogusooka n’ogwokubiri alina akakwate n’ebiwundu n’olususu okuyiwa era nga bw
5565,Lug_Uga,"P2, era emanyiddwa nga ""Ppulaani B"" oba ""empeke y'oku makya,"" kika kya nkola ya kuziyiza kuzaala eko","Okukozesa enkola ya kizaalaggumba ey'obwangu entakera oba buli kiseera, nga P2, tekubirizibwa kubeer"
5567,Lug_Uga,"""Okukwatibwa kwa Kiramidiya mu bantu kutulubawazibwa okusinziira ku nsaasaana y'ekimuleeta, ebika by",Kiramidiya era amanyiddwa nga Akawuka ka Kiramidiya akalwaza Ebitundu by'ekyama n'omuyitiro gw'omusu
5569,Lug_Uga,"Abalwadde b'Akawuka akaleeta Siriimu, okufaananako abantu bonna, balina eddembe ly’obwebange n’obuku",Kuno kwe kukebera okuzuula okubeerawo kw'obutaffaali obulwanyisa obuwuka obuleeta obulwadde mu musaa
5571,Lug_Uga,"Nedda, osobola okukwatibwa Obuwuka obuleeta Obulwadde bw'Ekikaba emirundi egisoba mu gumu, noolwekyo",Osobola okufuna Kabootongo ng’okwatagana butereevu n’ekiwundu k'oyo amulina. Enkwatagana eno esobola
5572,Lug_Uga,Okwekeberera Akawuka akaleeta Siriimu awaka kusoboka ng'okozesa obuntu obukebera akawuka Akaleeta Si,"Bw’oba okeberebwa obulwadde bw’ekikaba, obutamanyibwa mannya oluusi kikulu nnyo. Amalwaliro agamu ol"
5576,Lug_Uga,"Mu butonde, si kikyamu okuganza oba okubeera mu mukwano n’omuntu alina Obuwuka obuleeta Endwadde z'E","Kikulu okutangaaza nti abantu abawangaala n'Akawuka akaleeta Siriimu/Siriimu mu butuufu, bantu ""ba b"
5577,Lug_Uga,"Enziku eyinza okukosa abakyala n'abaami mu ngeri ez'enjawulo. Mu bakyala, eyinza okulaga obubonero o",Kiramidiya oba Akawuka ka Kiramidiya akalwaza Ebitundu by'ekyama n'omuyitiro gw'omusulo Kawuka akale
5579,Lug_Uga,Abasajja: Obuvubuka bulamba entandikwa y'okukolebwa kw'enkwaso mu nsingo z'abasajja. Abasajja bwe ba,Obuvubuka mu basajja: Obuvubuka kye kiseera ky’okukula ng’omubiri gw’omulenzi gukyuka ne gufuuka omu
5581,Lug_Uga,Enziku ey'Olukonvuba kigambo ekikozesebwa okutegeeza ebika by'Enziku ereetebwa akawuka ka bbakitiiri,Enziku ey'Olukonvuba kitegeeza ekika kya bbakitiiriya ya Neisseria ekirina obusobozi bw'obutawulira 
5582,Lug_Uga,Okwekebera Akawuka akaleeta Siriimu okw'okweyambisa obukebera obw'okutonnyezaako omusaayi bwe kuba n,Okwetangira naddala ng'okozesa obupiira mu kwegatta ngeri nnungi ey’okukendeeza ku katyabaga k’okufu
5583,Lug_Uga,Bw’oba weenyigidde mu kwegatta n’omuntu gw’oteebereza oba gw’omanyi nti alina Akawuka akaleeta Sirii,"Yee, Akawuka akaleeta Siriimu/Siriimu bisobola okuleeta enkyukakyuka mu mbeera nga ekimu ku bikosa o"
5587,Lug_Uga,"Bw’oba ozuuliddwa nti olina Akawuka akaleeta Siriimu, kikulu okukola emitendera egiwerako egy’amangu",Kino kye kiseera omukyala ow’olubuto alina Akawuka akaleeta Siriimu w’asobolera okusiiga omwana we a
5589,Lug_Uga,Okuwulira ensonyi oba okuswala ku nsonga ezikwata ku myaka gy’obuvubuka kya bulijjo olw’emizizo gy'e,"Okwogera n’abazadde oba abakuza ku nsonga z’okugenda mu nsonga kusobola okukutiisa, naye jjukira nti"
5590,Lug_Uga,Obungi bw'okusaasaana kw’Akawuka akaleeta Siriimu mu matendekero agamu oba yunivasite busobola okute,"Akawuka akaleeta Siriimu kasobola okukwata abantu ab’emyaka gyonna, omuli n’abakadde. Wadde emisinde"
5591,Lug_Uga,"Mu bufunze, yee: Obuwuka obumu obuleeta obulwadde bw'ekikaba okuli n'Enziku etajjanjabiddwa esobola ",Obulwadde bwa Kisipi mu ngeri etali ya butereevu busobola okukosa obusobozi bw’omukyala okufuna olub
5594,Lug_Uga,Tandika n’omulamwa omwangu ng’okwegatta okutali kwa bulabe; bayinza okukutegeera n'okusinga bw’osuub,Obusannyalaze bw'omubiri bwe buvunaanyizibwa ku nkyukakyuka ennyingi z'oyitamu mu kiseera ky'okuvubu
5597,Lug_Uga,"Bw’oba ng'ovaamu omusaayi mungi ng'oli mu nsonga oba ng'okufuna obulumi, kikulu okwogera n’omusawo. ",Okuddamu omuntu omukulu oba omuntu yenna alaga obwagazi bw'okwegatta naawe nga toyagala kyetaagisa o
5601,Lug_Uga,Ebitundu by’omusajja ebizaala: Ensigo: Zino ze ntula z’omusajja ezivunaanyizibwa ku kukola enkwaso n,Enkola z’okuzaala ez’abaami n’abakyala zirina obuzimbe n’emirimu egy’enjawulo: Enkola y’okuzaala ey’
5602,Lug_Uga,PEP ow'Akawuka akaleeta Siriimu akubirizibwa nnyo okukozasebwa abantu ssekinnoomu abadde mu mbeera e,Waliwo abakugu n'abantu  abawerako b'osobola okukubaganya ebirowoozo n'obweraliikirivu bwo ku bikwat
5603,Lug_Uga,Enkola z’okuziyiza Akawuka akaleeta Siriimu zigendererwamu okukendeeza ku katyabaga k’okusaasaanya n,Enkola z'okwegatta okw'okwetangira nkulu nnyo mu kutangira Akawuka akaleeta Siriimu. Zikendeeza ku k
5605,Lug_Uga,Tandika n’omulamwa omwangu ng’okwegatta okutali kwa bulabe; bayinza okukutegeera n'okusinga bw’osuub,"Si bwe kiri n'akatono, okwogera ku bulamu bw’okwegatta mu ssomero kuyamba buli muntu okubeera nga mu"
5607,Lug_Uga,Obuwuka obukwata Omuyitiro gw'Omusulo n'obwo obuleeta Obulwadde bw'Ekikaba si bwe bumu. Obuwuka obul,Kabootongo w’omutendera ogusooka n’ogwokubiri alina akakwate n’ebiwundu n’olususu okuyiwa era nga bw
5608,Lug_Uga,Emyaka gy'okutandikirako okugenda mu nsonga gyawukana okusinziira ku muntu. Gitera kutandika wakati ,Okugimuka bye biseera omubiri gwo we gukulira amangu mu bbanga ettono. Kino kiva ku busannyalaze bw'
5613,Lug_Uga,"Okuyonsa ng’olina Akawuka akaleeta Siriimu nsonga nzibu esinziira ku bintu ebiwerako, omuli obujjanj","Nedda, abantu ssekinnoomu abalina Akawuka akaleeta Siriimu tebalina kugaba musaayi. Okugaba omusaayi"
5615,Lug_Uga,Ebitundu by’omusajja ebizaala: Ensigo: Zino ze ntula z’omusajja ezivunaanyizibwa ku kukola enkwaso n,Enkola z’okuzaala ez’abaami n’abakyala zirina obuzimbe n’emirimu egy’enjawulo: Enkola y’okuzaala ey’
5617,Lug_Uga,Enkola eweweeza ku Kawuka akaleeta Siriimu bwe bujjanjabi obw’omutindo eri abantu ssekinnoomu abawan,Buli ddagala lirina ebiragiro (amateeka) ku ngeri y’okulimira. Soma ebiragiro era obigoberere bulung
5618,Lug_Uga,Waliwo abakugu n'abantu  abawerako b'osobola okukubaganya ebirowoozo n'obweraliikirivu bwo ku bikwat,"Engeri esinga ey'okwetangira okukwatibwa Akawuka akaleeta Siriimu kwe kwewala okwegatta. Wabula, bw’"
5619,Lug_Uga,Okusalawo ku bikwata ku kuyonsa nga maama alina Akawuka akaleeta Siriimu kusinziira ku bintu eby’enj,Okusalawo oba okukuuma oba okugenda mu maaso n’enkolagana n’omwagalwa alina Akawuka akaleeta Siriimu
5620,Lug_Uga,"Yee, Obuwuka obuleeta Obulwadde bw'Ekikaba obumu busobola okuvaako ebizibu by'obutazaala eby'amaanyi",Okubeera n’Obuwuka obuleeta Obulwadde bw’Ekikaba kisobola okwongera ku katyabaga k'okukwatibwa oba o
5622,Lug_Uga,Engeri y'okulabiriramu obwoya bw'oku mubiri kusalawo kwa muntu era kikulu okukola ekikuwa emirembe. ,Obuleega (obw’abawala) n'obuwale bw'omunda (bw’abalenzi) buwa obuwagizi buyamba n'okutenkeza omubiri
5624,Lug_Uga,"Nedda, abantu bangi tebalaga bubonero bwonna, nga noolwekyo okukeberebwa ye ngeri yokka ey'okumanyaa",Obusannyalaze bw'omubiri bwe buvunaanyizibwa ku nkyukakyuka ennyingi z'oyitamu mu kiseera ky'okuvubu
5626,Lug_Uga,"Yee, kisobokera ddala okubeera n’Akawuka akaleeta Siriimu. Akawuka akaleeta Siriimu mbeera ya lukonv",Akawuka akaleeta Siriimu kasobola okukosa obulamu bw’omuntu singa takajjanjabwa oba singa kakwatibwa
5627,Lug_Uga,"Yee, kya bulijjo okufuna enkyukakyuka mu mbeera zo oba okukyuka mu birowoozo mu kiseera ky'okubeera ",Waliwo obubonero obuwerako obulaga nti okugenda mu nsonga kwo kuyinza okuba nga kuli mu kkubo: Amabe
5628,Lug_Uga,"Okusinziira ku kye nnasembyeyo okumanya, tewali ddagala ligema Kawuka akaleeta Siriimu eryakakasiddw",Okuwummuzaamu okumira eddagala era ekimanyiddwa nga okutaataaganyizibwa kw'obujjanjabi kuzingiramu o
5629,Lug_Uga,"Mu 2013, bannassaayansi baalowooza nti Omusujja gw'ekibumba ogwa B gwava mu binyonyi. Mu 2015, baalo",Akawuka akaleeta siriimu n'akaleeta Omusujja gw'ekibumba ogwa B bwombi buleetebwa vvayiraasi naye ng
5630,Lug_Uga,"Yee, Enziku ejjanjabibwa n’eddagala eritta obuwuka. Bw'oba ng'okyala ku bujjanjabi bw'Enziku, teweet","Eddagala eritta bbakitiiriya erya Penicillin, bwe liba nga likozeseddwa bulungi era mu ddoozi entuuf"
5631,Lug_Uga,"Yee, kisobokera ddala okubeera n’Akawuka akaleeta Siriimu. Akawuka akaleeta Siriimu mbeera ya lukonv","Yee, kisoboka omuntu okubeera n’Akawuka akaleeta Siriimu nga tamira ddagala likaweweeza, naye kijja "
5634,Lug_Uga,Okukkiriza embeera y'ebizuuliddwa mu kukebera Akawuka akaleeta Siriimu kusobola okuba embeera enzibu,Ekiseera ky'okumira eddagala eriziyiza Akawuka akaleeta Siriimu oluvannyuma lw'okwetaba mu mbeera ek
5638,Lug_Uga,Obulwadde bwa Kabootongo Bulwadde bwa Kikaba obuleetebwa akawuka ka bbakitiiriya. Obulwadde bwa Kabo,"Eddagala eritta bbakitiiriya erya Penicillin, bwe liba nga likozeseddwa bulungi era mu ddoozi entuuf"
5640,Lug_Uga,"Bw'ozuulibwa nti olina Akawuka akaleeta Siriimu, ebintu ebikulu ebiwerako bibaawo, era kikulu nnyo o","Engeri esinga ey'okwetangira okukwatibwa Akawuka akaleeta Siriimu kwe kwewala okwegatta. Wabula, bw’"
5646,Lug_Uga,Enziku kawuka akaleeta obulwadde bw'ekikaba ak'ekika kya bbakitiiriya ekeeyoleka ennyo era nga kaziy,Kya bulijjo ddala ebitundu by’ekyama okulabika mu ngeri ey’enjawulo mu kiseera ky’obuvubuka. Ku bale
5650,Lug_Uga,"Yee, Akawuka akaleeta Siriimu we kali. Akawuka akaleeta Siriimu kanoonyerezeddwako nnyo era nga kaba","Yee, kisoboka omuntu okubeera n’Akawuka akaleeta Siriimu nga tamira ddagala likaweweeza, naye kijja "
5652,Lug_Uga,"Singa omuntu akwatibwa Akawuka akaleeta Siriimu ng’azaalibwa oba okuva ku maama okudda ku mwana, wal",Obuwuka bunnakigwanyizi bweyoleka nnyo mu bantu abalina Akawuka akaleeta Siriimu kubanga koonoona ob
5654,Lug_Uga,Okwenyigira mu kwegattira mu kamwa kubeera n'obulabe butono obw'okukwatibwa Akawuka akaleeta Siriimu, Akawuka akaleeta Siriimu tekasaasaanyizibwa kuyita nkwatagana ya bulijjo oba okukwana omukwano omug
5655,Lug_Uga,Ebitundu ebizaala gwe mugatte gw’ebitundu n'obuzimbe bw’omubiri ebikolaganira awamu okutondawo obula,"Yee, abavubuka bangi batandika okukula enviiri mu ffeesi ne ku mubiri nga bali mu myaka gy’obuvubuka"
5656,Lug_Uga,"Bw’oba ozuuliddwa nti olina Akawuka akaleeta Siriimu, kikulu okukola emitendera egiwerako egy’amangu",Bw’oba weegasse n’omuntu alina Akawuka akaleeta Siriimu oba Akawuka akaleeta Obulwadde bw'Ekikaba ak
5657,Lug_Uga,PEP kwe kujjanjaba okukolebwa mu bwangu okukendeeza ku bulabe bw’okukwatibwa Akawuka akaleeta Siriim,"PEP kye kigambo ekitegeeza ""Post-Exposure Prophylaxis."" Eno y'enkola y'ekisawo etangira okukwatibwa "
5658,Lug_Uga,Obubonero obulaga Obuwuka obuleeta Obulwadde bw'Ekikaba busobola okubaamu okuvaamu amazzi agatali ga,"Yee, abantu bangi basobola okusaasaanya Obuwuka obuleeta Obulwadde bw'Ekikaba ne bwe baba nga tebali"
5660,Lug_Uga,"Yee, kituufu omuntu agambibwa okuzuula Akawuka akaleeta Siriimu, Dr. Luc Montagnier, teyakola ddagal","Eddagala erimu eriweweeza ku kawuka akaleeta Siriimu lisobola okuleeta obuzibu nga okusesema, okuddu"
5661,Lug_Uga,Bw’oba omaze emyaka ena nga teweekebeza Kawuka kaleeta Siriimu ng'ate weenyigidde mu bikolwa by’okwe,"Okwawukanako n’abaana abakulu n’abantu abakulu, okukebera omwana okusinga okwettanirwa kwe kukebera "
5663,Lug_Uga,Akafuba akoolese obubonero kumpi bulijjo kasobola okuwonyezebwa n’eddagala eritta bbakitiiriya. Ku K,Kizibu okuziyiza akafuba kubanga kasobola okukwata omuntu nga kayita mu mpewo. Bw’oba olina Akawuka 
5664,Lug_Uga,"By'oyitamu bijja kwawukana okusinziira ku kifo w’okebereddwa. Bw’oba okebereddwa mu ddwaliro, omubuz",Kizibu okusalawo oba olina okubuulira omubeezi wo ku bivudde mu kukeberebwa Akawuka akaleeta Siriimu
5666,Lug_Uga,Singa omuntu yeenyigidde mu kwegatta okutaliimu kwetangira era nga tamanyi mbeera ya bulamu bwa mube,Kikulu nnyo okuteesa ku by'okwegatta mu ngeri ey'obuvunaanyizibwa ng'abaagalana. Bw’oba olina omubee
5667,Lug_Uga,Okuwulira ensonyi oba okuswala ku nsonga ezikwata ku myaka gy’obuvubuka kya bulijjo olw’emizizo gy'e,Okuwulira nga oli wekka oba nga weeyawudde ku balala mu kiseera ky'okuvubuka kusobola okubaawo olw’e
5668,Lug_Uga,Okukwatibwa kw'obuwuka obufunibwa okuyita ku mu kwegatta. Era busobola okusaasaanyizibwa mu biseera ,Enziku kawuka akaleeta obulwadde bw'ekikaba ak'ekika kya bbakitiiriya ekeeyoleka ennyo era nga kaziy
5670,Lug_Uga,"Okuzuula nti omubeezi wo alina Akawuka akaleeta Siriimu kusobola okukusoomooza mu ndowooza, naye kik",Babeererewo bubeerezi era obamanyise nti ofaayo.
5672,Lug_Uga,Akawuka akaleeta Siriimu kasobola okukosa obulamu bw’omuntu singa takajjanjabwa oba singa kakwatibwa,"Nedda, si kituufu nti okubeera n’Akawuka akaleeta Siriimu kitegeeza nti ddala ojja kufa. Akawuka aka"
5675,Lug_Uga,"Yee, waliwo ebikozesebwa mu nkola ey'okwekeberera waka Akawuka akaleeta Siriimu era bitera okuyitibw",Waliwo ebikozesebwa bingi ebisobola okukozesebwa okufuna obuyambi n'okuyiga ebisingawo ku Kawuka aka
5678,Lug_Uga,Emikisa gy'okubaana abooluaganda abazaalibwa taata alina Akawuka akaleeta Siriimu ne maama atakalina,Akatyabaga k'okukwatibwa Akawuka akaleeta Siriimu ng’oyita mu kwegatta kasinziira ku nsonga eziwerak
5679,Lug_Uga,Ekitongole ky’Ebyobulamu mu Nsi yonna kikola omulimu munene mu kulwanyisa Akawuka akaleeta Siriimu/S,"Okusinziira ku kye nnasembyeyo okumanya, tewali ddagala ligema Kawuka akaleeta Siriimu eryakakasiddw"
5685,Lug_Uga,"Singa ebiva mu kukebera biraga nti tolina kawuka, osobola okufuna obubaka ku ngeri gy'oyinza okusiga","Nedda, Akawuka akaleeta Siriimu tekasobola kuwonyezebwa mu ssaawa 24 oluvannyuma lw’okwegatta oba ek"
5688,Lug_Uga,"Yee, Enziku ejjanjabibwa n’eddagala eritta obuwuka. Bw'oba ng'okyala ku bujjanjabi bw'Enziku, teweet","Okusooka, weebuuze ku musawo wo, wadde ng'obujjanjabi bwa Tuliici buzingiramu okukozesa eddagala eri"
5693,Lug_Uga,"Okusinziira ku kye nnasembyeyo okumanya, tewali ddagala ligema Kawuka akaleeta Siriimu eryakakasiddw",Okukola eddagala eriwangaala eriwonya Akawuka akaleeta Siriimu kibadde kigendererwa kinene eky’okuno
5694,Lug_Uga,Ekitongole ky’Ebyobulamu mu Nsi yonna kikola omulimu munene mu kulwanyisa Akawuka akaleeta Siriimu/S,"Okusinziira ku kye nnasembyeyo okumanya, tewali ddagala ligema Kawuka akaleeta Siriimu eryakakasiddw"
5695,Lug_Uga,Akawuka akaleeta Siriimu tekasobola kusaasaanyizibwa kuyita mu kugabana bikopo oba kukwata ku bikoze,"Okukwatibwa ebika by'Akawuka akaleeta Siriimu ebisukka ku kimu kiyitibwa ""okulwalannakabirye"". Embee"
5696,Lug_Uga,"Akawuka akaleeta Siriimu vvayiraasi erumbagana abaserikale b’omubiri naddala obutoffaali bwa CD4 T, ",Okuvumbula okwakasembayo mu nzijanjaba eweweeza ku Kawuka akaleeta Siriimu evuddemu okutondawo enkol
5698,Lug_Uga,"Okwewala ebikolwa by’okwegatta mu kiseera kyo ng’omuyizi kya kusalawo kya muntu nga ye, era kikulu o",Oba kirungi abavubuka okwenyigira mu bikolwa eby’okwegatta oba nedda kisinziira ku bintu ebitali bim
5699,Lug_Uga,"Engeri esinga ey'okwetangira okukwatibwa Akawuka akaleeta Siriimu kwe kwewala okwegatta. Wabula, bw’",Kisipi asobola kuzuulibwa mu ddwaaliro mwokka. Tosobola kumukeberera waka oba ng’okozesa enkola yonn
5707,Lug_Uga,Kisoboka okufuna Akawuka akaleeta Siriimu ng’ofunye akawuka kano omulundi gumu gwokka gw'obeereddemu,"Omuntu bw’akwatibwa Akawuka akaleeta Siriimu mu butanwa, waliwo emitendera emikulu egiwerako gy’alin"
5709,Lug_Uga,Okukebera okulaga nti olina akawuka kitegeeza nti Akawuka akaleeta Siriimu kasobola okulabibwa mu mu,Kitegeeza nti okukeberebwa Akawuka akaleeta Siriimu kwe wakola kwazuula akawuka mu mubiri gwo. Kino 
5710,Lug_Uga,Kisoboka okufuna Akawuka akaleeta Siriimu ng’ofunye akawuka kano omulundi gumu gwokka gw'obeereddemu,PEP ow'Akawuka akaleeta Siriimu akubirizibwa nnyo okukozasebwa abantu ssekinnoomu abadde mu mbeera e
5712,Lug_Uga,"Okukozesa enkola ya kizaalaggumba ey'obwangu entakera oba buli kiseera, nga P2, tekubirizibwa kubeer",Ekiseera ky'okumira eddagala eriziyiza Akawuka akaleeta Siriimu oluvannyuma lw'okwetaba mu mbeera ek
5715,Lug_Uga,"Akawuka akaleeta Siriimu okusinga kakosa abaserikale b’omubiri, nga kagenderera okwonoona obutoffaal","Yee, kisoboka omuntu okubeera n’Akawuka akaleeta Siriimu nga tamira ddagala likaweweeza, naye kijja "
5717,Lug_Uga,"Obubonero bw'Akawuka akaleeta Siriimu busobola okwawukana okuva ku muntu omu okudda ku mulala, era n",Akawuka akaleeta Siriimu kasobola obutalagirawo bubonero mu ngeri nnyingi. Obubonero bwe bweyoleka b
5718,Lug_Uga,Emboozi y'okwogera ku embeera ku Kawuka akaleeta Siriimu eri omubeezi wo esobola okuba nga ya kwegen,"Engeri esinga ey'okwetangira okukwatibwa Akawuka akaleeta Siriimu kwe kwewala okwegatta. Wabula, bw’"
5719,Lug_Uga,"Bw’ofuna obubonero obutali bwa bulijjo ng'oli mu nsonga z'ekikyala, kikulu okufaayo ku mubiri gwo n’",Yogerako n’omuntu omukulu gwe weesiga oba ekifo mw'osobola okuggya obubaka obwesigika ku mutimbagano
5720,Lug_Uga,Obulwadde bwa Kisipi mu ngeri etali ya butereevu busobola okukosa obusobozi bw’omukyala okufuna olub,Okukwatibwa Kiramidiya kwa bulabe mu kiseera ky'okuba olubuto n'eri omwana ali mu lubuto. Asobola ok
5722,Lug_Uga,"Bw'oba olina Akawuka akaleeta Siriimu ng'oli lubuto, waliwo enkola ez'enjawulo ezikozesebwa okukakas","Singa maama ali olubuto abeera ng'alina Akawuka akaleeta Siriimu, kisoboka okukendeeza ku mikisa gy'"
5724,Lug_Uga,Okuzuula ekibiina ky'abantu ekiyamba abantu ssekinnoomu abawangaala oba abakoseddwa Akawuka akaleeta,Okugyisa abalwadde b'Akawuka akaleeta Siriimu mu mbeerabantu kyetaagisa okusobola okukendeeza ku kub
5725,Lug_Uga,Okwekebeza Enziku kusobola okukumanyisa oba olina obulwadde obwo obw'ekikaba. Abantu abalina Enziku ,Kiramidiya era amanyiddwa nga Akawuka ka Kiramidiya akalwaza Ebitundu by'ekyama n'omuyitiro gw'omusu
5726,Lug_Uga,Bw’oba weenyigidde mu kwegatta n’omuntu gw’oteebereza oba gw’omanyi nti alina Akawuka akaleeta Sirii,"Yee, waliyo eddagala erisobola okumirwa okutangira omuntu okukwatibwa Akawuka akaleeta Siriimu. Lino"
5727,Lug_Uga,"Kakasa nti okebera ku bibanja bya yintanenti, entambi ezigobererwa ku mitimbagano, oba ebitabo ebikw",Okukeberebwa okw’enjawulo kukolebwa ku Buwuka obuleeta Obulwadde bw'Ekikaba. Okukeberebwa kuno kuter
5728,Lug_Uga,Kino kye kiseera omukyala ow’olubuto alina Akawuka akaleeta Siriimu w’asobolera okusiiga omwana we a,PrEP ekola bulungi nnyo mu kuziyiza okusaasaana kw'Akawuka akaleeta Siriimu bw'eba ekozeseddwa bulun
5729,Lug_Uga,"Yee, Obusannyalaze bw'omubiri busobola okukosa enneeyisa yo n’obunnamuntu bwo ng’oli mu myaka gy’obu",Obusannyalaze bw'omubiri naddala estrogen (abawala) ne testosterone (abalenzi) bukola kinene ku biro
5732,Lug_Uga,Ensonga lwaki abantu abamu abamanyi embeera yaabwe ey’Akawuka akaleeta Siriimu bagenda mu maaso n'ok,"Okwasanguza embeera y'omuntu ku Kawuka akaleeta Siriimu kusalawo kwa buntu nnyo, era waliwo omugatte"
5737,Lug_Uga,"Obusannyalaze bw'omubiri bulinga babaka mu mubiri gwo. Mu kiseera ky’obuvubuka, bukola emirimu emiku",Akasu k'omubiri kava ku ntuuyo okugattibwa ne bbakitiiriya abeera ku lususu. Mu kiseera ky'obuvubuka
5738,Lug_Uga,Eddaala ly'okutya n'obweraliikirivu ebireetebwa Akawuka akaleeta Siriimu ne KOVIDI-19 bisobola okwaw,"Okwemazisa kwo kwennyini tekuleeta bulwadde mu mubiri. Mu butuufu, okwemazisa kikolwa kya kwegatta k"
5739,Lug_Uga,Obusannyalaze bw'omubiri naddala estrogen (abawala) ne testosterone (abalenzi) bukola kinene ku biro,"Yee, Akawuka akaleeta Siriimu kasobola okukosa obwongo bw'omuntu mu ngeri ez’enjawulo. Enkosa y'Akaw"
5740,Lug_Uga,Bw’oba oyagala okukyusa enneeyisa yo n’okwewala okwenyigira mu by’otwala ng’ebikolwa eby’obugwenyufu,"Enkola ey'okutangira olubuto ey'amangu, etera okuyitibwa ""Plan B"" oba ""empeke y'oku makya"" esobola o"
5743,Lug_Uga,Okukebera n'okuzuula Kabootongo ng'okozesa obutaffaali bw'omusaayi gwo obulwanyisa endwadde. Obutoff,Oyinza okwetaaga okukwekebeza Kabootongo singa:1. Ggwe oba omuntu gwe weegatta naye mubeera n'obubon
5744,Lug_Uga,Abakyala bangi abakeberebwa nga balina Akawuka akaleeta Siriimu nga bali embuto tebamanyi nti balina,Kirungi okukeberebwa Akawuka akaleeta Siriimu: omulundi gwo ogusooka okukyalira abasawo ng'oli lubut
5749,Lug_Uga,"Obujjanjabi obuweweeza ku Kawuka akaleeta Siriimu, obuzingiramu eddagala erijjanjaba Akawuka akaleet","Eddagala erimu eriweweeza ku kawuka akaleeta Siriimu lisobola okuleeta obuzibu nga okusesema, okuddu"
5751,Lug_Uga,"Nedda, tosobola kukwatibwa Kawuka akaleeta Siriimu ng'okutte bukwasi ku muntu akalina. Akawuka akale",Ekiseera omuntu omulwadde mw’asobolera okusiiga abalala Akawuka akaleeta Siriimu kiyitibwa ekiseera 
5752,Lug_Uga,"Yee, enkola za kizaalaggumba ziziyiza okufuna olubuto naye si Buwuka buleeta Bulwadde bwa Kikaba, no","Yee, enkola ya kizaalaggumba efuga obusannyalaze bw'omubiri etangira okufuna olubuto, naye olina oku"
5753,Lug_Uga,Enziku kawuka akaleeta obulwadde bw'ekikaba ak'ekika kya bbakitiiriya ekeeyoleka ennyo era nga kaziy,"Bw’oba okeberebwa obulwadde bw’ekikaba, obutamanyibwa mannya oluusi kikulu nnyo. Amalwaliro agamu ol"
5757,Lug_Uga,Okwewala okusosola n'okuyamba mukwano gwo alina Akawuka akaleeta Siriimu kikulu nnyo eri obulamu bwe,Okunywegera omuntu alina ebiwundu ebireetebwa Kabootongo ku mimwa ne mu kamwa kyongera emikisa gy’ok
5761,Lug_Uga,Kiramidiya era amanyiddwa nga Akawuka ka Kiramidiya akalwaza Ebitundu by'ekyama n'omuyitiro gw'omusu,Kiramidiya oba Akawuka ka Kiramidiya akalwaza Ebitundu by'ekyama n'omuyitiro gw'omusulo Kawuka akale
5765,Lug_Uga,"Enziku esangibwa mu biwandiiko ebyasookera ddala ebyogera ku luse lw'omuntu. Abaluumi, Abayudaaya n’",Ensibuko ya Kiramidiya temanyiddwa. Ke kawuka kaleeta obulwadde bw'amaaso obwa Tulakoma era nga ke K
5767,Lug_Uga,Kiramidiya oba Akawuka ka Kiramidiya akalwaza Ebitundu by'ekyama n'omuyitiro gw'omusulo Kawuka akale,"Enziku bulwadde bwa kikaba obusaasaanyizibwa mu kwegattira mu bukyala, mu kamwa oba ewava obubi nga "
5768,Lug_Uga,Kisipi asobola kukebererwa mu ddwaaliro mwokka. Tosobola kumukeberera waka oba ng’okozesa enkola yon,Obulwadde bwa Kisipi busobola okukeberebwa n’okukakasibwa mu ddwaaliro mwokka. Tosobola kumukeberera
5770,Lug_Uga,"Okubeera omwetegefu okwegatta kitegeeza okubeera omutebenkevu mu birowoozo ne mu mubiri, okutegeera ",Okusalawo okufuna muganzi wo omulezi mwegatte kya kusalawo kya buntu nnyo era nga tekirina kwesigama
5773,Lug_Uga,"Okusinziira ku kye nnasembyeyo okumanya, tewali ddagala ligema Kawuka akaleeta Siriimu eryakakasiddw","Nedda, tewali bujulizi bulaga nti obujjanjabi bw'Akawuka akaleeta Siriimu bukwatagana n'eddagala eri"
5775,Lug_Uga,Ensonga lwaki abantu abamu abamanyi embeera yaabwe ey’Akawuka akaleeta Siriimu bagenda mu maaso n'ok,Okuwulira okweraliikirira oba okutya olw’okutandika okuvubuka kya bulijjo ddala. Kiseera kya nkyukak
5778,Lug_Uga,"Toli wekka; abantu bangi balina Obuwuka obuleeta Obulwadde bw'Ekikaba, noolwekyo noonya obuyambi oku",Yogerako n’omuntu gwe weesiga ku ngeri gy’owuliramu asobole okuwagira n’okukuyamba okufuna ebikozese
5779,Lug_Uga,Okuyiga engeri ennungi ez'okwolesaamu ebirowoozo byo n'okukwatamu obutakkaanya kikulu nnyo mu kiseer,Kikulu nnyo okukimanya nti okuwulira ennaku oba emmeeme okwennyika oluusi n’oluusi kya bulijjo nadda
5782,Lug_Uga,"""Okuzuulibwamu Akawuka akaleeta Siriimu/Siriimu kusobola okukoseza ddala ebirowoozo by'abantu ssekin","Abantu abatalaga bubonero bwa Kawuka kaleeta Siriimu abatera okuyitibwa ""Bassekinnoomu abalina Akawu"
5789,Lug_Uga,"Nedda, Obuwuka obuleeta Obulwadde bw'Ekikaba busobola okusaasaana okuyita mu kwegatta; okukwata obuk","Tokyankalana; teekateeka olukyalo n'omusawo wo amangu ddala, sigala ng'oli mukkakkamu, era yogerako "
5793,Lug_Uga,Okukwatibwa kw'obuwuka obufunibwa okuyita ku mu kwegatta. Era busobola okusaasaanyizibwa mu biseera ,"Nedda, Obuwuka obuleeta Obulwadde bw'Ekikaba busobola okusaasaana okuyita mu kwegatta; okukwata obuk"
5797,Lug_Uga,Okukwatibwa kw'obuwuka obufunibwa okuyita ku mu kwegatta. Era busobola okusaasaanyizibwa mu biseera ,"Obuwuka obumu obuleeta Endwadde z’Ekikaba buyinza obutakuttirawo naye ne bukosa obulamu bwo, ekiyinz"
5799,Lug_Uga,"Kisipi akwata Ebitundu by'ekyama oba Akawuka ka Vvayiraasi akaleeta Kisipi, era amanyiddwa nga Kisip","Obulwadde bwa Kisipi akwata Ebitundu by'ekyama oba Akawuka ka Vvayiraasi akaleeta Kisipi, era obuman"
5802,Lug_Uga,Kiramidiya era amanyiddwa nga Akawuka ka Kiramidiya akalwaza Ebitundu by'ekyama n'omuyitiro gw'omusu,"Okukebera Kiramidiya kuzuula bbakitiiriya ereeta Kiramidiya, Akawuka akaleeta Obulwadde bw'Ekikaba, "
5804,Lug_Uga,Obusannyalaze bw'omubiri bukyuka mu myaka gy’obuvubuka kubanga omubiri gwo gwetegekera okukula n’oku,"Obusannyalaze bw'omubiri bulinga babaka mu mubiri gwo. Mu kiseera ky’obuvubuka, bukola emirimu emiku"
5806,Lug_Uga,Kabootongo w’omutendera ogusooka n’ogwokubiri alina akakwate n’ebiwundu n’olususu okuyiwa era nga bw,Kya bulijjo ddala ebitundu by’ekyama okulabika mu ngeri ey’enjawulo mu kiseera ky’obuvubuka. Ku bale
5808,Lug_Uga,Bw’oba weenyigidde mu kwegatta n’omuntu gw’oteebereza oba gw’omanyi nti alina Akawuka akaleeta Sirii,"Kya nnaku nnyo okuwulira awulira bw’ati, naye sisobola kuwa buyambi bwetaagisa. Kyokka kikulu okwoge"
5811,Lug_Uga,Okumanya omubeezi wo w'ayimiridde ku Kawuka akaleeta Siriimu kyetaagisa olw'okukola okusalawo okutuu,Akawuka akaleeta Siriimu tekalina bubonero bwa kungulu nga bwoleka ko kokka obusobola okukozesebwa o
5813,Lug_Uga,1. Waliwo eddagala erigema Obuwuka obuleeta Obulwadde bw’Ekikaba lya mirundi ebiri: Eddaglala lino o,Obujama bwokka tebuviirako Bulwadde bwa Kikaba butereevu naye buyinza okuleetawo okwongera ku katyab
5815,Lug_Uga,"Singa omuntu akabassanyizibwa oba okusobezebwako omuntu alina Akawuka akaleeta Siriimu, kikulu nnyo ","Okuwangaala n'okuweeweeza Akawuka akaleeta Siriimu kisobokera ddala n'obujjanjabi obutuufu, obujjanj"
5817,Lug_Uga,Akawuka akaleeta Siriimu vvayiraasi erwaza wamu n'okwekubisiza mu butaffaali bw'obwerinzi bw'omubiri,Kitegeeza nti okukeberebwa Akawuka akaleeta Siriimu kwe wakola kwazuula akawuka mu mubiri gwo. Kino 
5818,Lug_Uga,Obutakozesa nkola eweweeza ku Kawuka akaleeta Siriimu ng'owangaala nako kiyinza okuvaamu ebizibu eby,Si kya bulijjo nti ekika ky'enzijanjaba ekozesebwa ku Kawuka akaleeta Siriimu mu baana abato erina o
5819,Lug_Uga,Okwaŋŋanga okwennyamira n'okweraliikirira kiyinza okuba ekizibu naye wasobola okubaawo enkola ennung,"Kikulu okumanya nti okwekebeza Akawuka akaleeta Siriimu kusobola okukweraliikiriza, naye era mutende"
5820,Lug_Uga,"Nedda, abantu bangi tebalaga bubonero bwonna, nga noolwekyo okukeberebwa ye ngeri yokka ey'okumanyaa","Yee, kisoboka omuntu okukwatibwa Obuwuka obuleeta Obulwadde bw'Ekikaba oba Endwadde z'Ekikaba emirun"
5824,Lug_Uga,Bw’oba weenyigidde mu kwegatta n’omuntu gw’oteebereza oba gw’omanyi nti alina Akawuka akaleeta Sirii,"Bw’okizuula nti omwagalwa wo alina Akawuka akaleeta Siriimu, kirungi embeera eno ogikwate n’obwegend"
5825,Lug_Uga,Okwekebera Akawuka akaleeta Siriimu okw'okweyambisa obukebera obw'okutonnyezaako omusaayi bwe kuba n,"Si bwe kiri, okubeera n'Akawuka akaleeta Siriimu tekutegeeza nti ojja kufuna embeera z'obulamu endal"
5826,Lug_Uga,Okubeera n’amaka amalungi n’okwezimbira ebiseera eby’omu maaso ebirungi kisoboka ne bw’oba olina Aka,"Okulya emmere erimu ebiriisa byonna kikulu eri buli muntu, nga mw'otwalidde n'abo abalina Akawuka ak"
5827,Lug_Uga,PrEP si kugereesa; nkola ya kwetangira eya ddala era ennungamu ey’okuziyiza Akawuka akaleeta Siriimu,PEP kwe kujjanjaba okukolebwa mu bwangu okukendeeza ku bulabe bw’okukwatibwa Akawuka akaleeta Siriim
5828,Lug_Uga,"Bw’oba ozibuwalirwa okumalako n'enkyukakyuka mu busannyalaze bw'omubiri, wano waliwo emitendera gy’o","Obuvubuka kiseera kya kukula mu mubiri n’okukulaakulana mu bwongo okw'amangu, mu mubiri ne mu birowo"
5832,Lug_Uga,Obusannyalaze bw'omubiri bwe buvunaanyizibwa ku nkyukakyuka ennyingi z'oyitamu mu kiseera ky'okuvubu,Okukozesa obupiira obutayosa era mu butuufu nkola nnungi ey’okuziyiza Obuwuka obuleeta Obulwadde bw'
5833,Lug_Uga,Enkola esinga okukozesebwa mu kukebera Enziku ye ya nucleic acid amplification test ezuula obutoffaa,"Bw’oba okeberebwa obulwadde bw’ekikaba, obutamanyibwa mannya oluusi kikulu nnyo. Amalwaliro agamu ol"
5834,Lug_Uga,"Akatyabaga k'okusaasaanya Akawuka akaleeta Siriimu okuyita mu kunywegera kali wansi nnyo, era ng'oku",Akawuka akaleeta Siriimu okusinga kasiigibwa okuyita mu kukwatagana n’amazzi ag’omubiri ag’enjawulo 
5837,Lug_Uga,Okwegatta okw'okwegatta ze nkola eziyamba mu kukendeeza ku katyabaga k'okusaasaanya akawuka akaleeta,Okukwatibwa n'obutakwatibwa Bulwadde bwa Kikaba si kabonero kalaga buyonjo bwo era okunaaba oluvanny
5841,Lug_Uga,Okufuna obulwadde bwa Kisipi ow’ebitundu by’ekyama mu kiseera ng’oli lubuto kikwanyiziddwa n'okuvaam,Si kya bulijjo nti ekika ky'enzijanjaba ekozesebwa ku Kawuka akaleeta Siriimu mu baana abato erina o
5844,Lug_Uga,Kisipi akwata Ebitundu by'ekyama asinga kusiigibwa ng'omuntu akwataganye n'Akawuka ka Vvayiraasi aka,Obulwadde bwa Kisipi busobola okukeberebwa n’okukakasibwa mu ddwaaliro mwokka. Tosobola kumukeberera
5846,Lug_Uga,"Yee, omuntu alina Akawuka akaleeta Siriimu asobola okufuna obubonero buno oluvannyuma lw’okukakwatib",Yogerako mu bwesimbu n'omubeezi wo ng’omaze okukakasa nti olina Kabootongo. Kijja kubayamba mwembi. 
5847,Lug_Uga,Singa omuntu abeera nga yeekakasiza ddala nti talina Kawuka kaleeta Siriimu (ekitegeeza nti yakebere,"Yee, Akawuka akaleeta Siriimu kasobola okuviirako okulwala okw'amaanyi era, singa kalekebwa nga teka"
5848,Lug_Uga,Okukola ku nkyukakyuka ezijja ku lususu nga embalabe oba olususu okubaako ekirungo ekiseerera bituuk,Engeri y'okulabiriramu obwoya bw'oku mubiri kusalawo kwa muntu era kikulu okukola ekikuwa emirembe. 
5849,Lug_Uga,"Yee, yogerako n'omubeezi wo era mugende mwembi mu ddwaliro okwekebeza n'okufuna obujjanjabi.","Si kikyamu okugenda okwekebeza oluvannyuma lw’ekiseera ekitono, gamba nga wiiki 2, bw’oba olina enso"
5850,Lug_Uga,ARV ezijjanjaba Akawuka akaleeta Siriimu okutwalira awamu zisangibwa mu bitundu bingi okwetoloola en,"Okubeerawo kw’eddagala lya Siriimu ery’obwereere, eritera okuyitibwa eddagala eriziyiza Akawuka akal"
5854,Lug_Uga,Nakati tetumanyi oba abantu abalina Akawuka akaleeta Siriimu era nga bakoseddwa ekirwadde kya KOVIDI,Waliwo ebintu ebitonotono by’oyinza okukola okukendeeza ku katyabaga k’okufuna KOVIDI-19 singa oba o
5857,Lug_Uga,Omuwendo gw’okukeberebwa Akawuka akaleeta Siriimu kw’osaanidde okuba okukola okukakasa embeera yo ey,"Kakasa nti okebera ku bibanja bya yintanenti, entambi ezigobererwa ku mitimbagano, oba ebitabo ebikw"
5858,Lug_Uga,"Yee, okukebera omusaayi kusobola okuzuula oba omuntu alina Akawuka akaleeta Siriimu oba takalina era",Kino kye kiseera omukyala ow’olubuto alina Akawuka akaleeta Siriimu w’asobolera okusiiga omwana we a
5860,Lug_Uga,Si bwe kiri yadde n'akatono; sampolo ekuŋŋaanyizibwa okuyita mu kukufumitako ku kasongezo k'olugalo ,Kitegeeza nti okukeberebwa Akawuka akaleeta Siriimu kwe wakola kwazuula akawuka mu mubiri gwo. Kino 
5861,Lug_Uga,Akawuka akaleeta Siriimu/Siriimu katwalibwa ng’embeera ey'olukonvuba era eyinza okutta omuntu kubang,"Akawuka akaleeta Siriimu kamanyiddwa ng’obulwadde obukulu era, mu mbeera nnyingi, obw’entiisa olw’en"
5862,Lug_Uga,"Yee, singa omubeezi abeera n'Obuwuka obuleeta Obulwadde bw'Ekikaba ne muteetangira, naawe busobola o","Tokyankalana; teekateeka olukyalo n'omusawo wo amangu ddala, sigala ng'oli mukkakkamu, era yogerako "
5864,Lug_Uga,Kiramidiya era amanyiddwa nga Akawuka ka Kiramidiya akalwaza Ebitundu by'ekyama n'omuyitiro gw'omusu,"Okwewala Obuwuka obuleeta Obulwadde bw'Ekikaba n’okwongera ku mutindo gw'enkola z'okwegatta, kikulu "
5866,Lug_Uga,Akatyabaga k'okukwatibwa Akawuka akaleeta Siriimu ng’oyita mu kwegatta kasinziira ku nsonga eziwerak,"Siri musawo mukugu, naye nsobola okuwaayo ebimu ku bikwata ku mulamwa guno mu bulambalamba. Kikulu o"
5867,Lug_Uga,PrEP akozesebwa abatalina Kawuka kaleeta Siriimu naye nga bali mu katyabaga ak'amaanyi ak'okukafuna.,Akakwate akali wakati w’okubeera n'Akawuka akaleeta Siriimu n’obwagazi bw’okwegatta  kazibuzibu era 
5869,Lug_Uga,"Enzikiriza nti omuwala tasobola kufuna lubuto singa yeenyigira mu kwegatta ebbalirirwe, ndowooza nky",Omuyizi alina Akawuka akaleeta Siriimu asobola okugenda mu maaso n’okusoma kwe n’abeera mu bulamu ob
5871,Lug_Uga,"Okuwakula oba okuggyamu olubuto, oba okuggyawo olubuto, kusobola okubaawo olw’ensonga ez’enjawulo, e","Okugabana n'omuntu engoye ka kibeere obuwale ezoomunda oba eza bulijjo, kiyinza okukosa obulamu okus"
5874,Lug_Uga,Akafuba akoolese obubonero kumpi bulijjo kasobola okuwonyezebwa n’eddagala eritta bbakitiiriya. Ku K,Enkola z’okuzaala ez’abaami n’abakyala zirina obuzimbe n’emirimu egy’enjawulo: Enkola y’okuzaala ey’
5876,Lug_Uga,"Yee, okubeera ow'amazima kiyamba okubakuuma mwembi nga muli balamu bulungi era kizimba obwesigwa.","Beera mu mbeera yo eya bulijjo era otandike ng'ogamba, ""Wali olowoozezza ku kwekebeza Obuwuka obulee"
5879,Lug_Uga,"Emyaka ""emituufu"" egy'okwenyigira mu kwegatta gijja kwawukana okuva ku muntu omu okudda ku mulala ok","Yee, omuntu asobola okukeberebwa okuyita mu musaayi. Okukebera omusaayi kusobola okukakasa nti omunt"
5881,Lug_Uga,Omuntu atalina Akawuka akaleeta Siriimu asobola okwetangira okuva kw'oyo akalina ng'akozesa obupiira," Yee, kisobokera ddala omuntu atalina Kawuka kaleeta Siriimu okufumbiriganwa oba okubeera mu nkolaga"
5884,Lug_Uga,Tewali bujulizi bwa ssaayansi buwagira kigambibwa nti omuddo oba eddagala ly’ebimera lisobola okuwon,"Nedda, okukubibwa ekifaananyi kya X-ray tekiwonya oba okutta Akawuka akaleeta Siriimu. Akawuka akale"
5887,Lug_Uga,Okubeera n’amaka amalungi n’okwezimbira ebiseera eby’omu maaso ebirungi kisoboka ne bw’oba olina Aka,"Omuntu bw’agaana okukozesa akapiira nga yeegatta n'omubeezi we alina Akawuka akaleeta Siriimu, wabaa"
5888,Lug_Uga,"Okwekebeza Akawuka akaleeta Siriimu si kya buwaze mu bifo n’embeera ezisinga obungi, naye kirungi nn",Singa omuntu yazaalibwa n’Akawuka akaleeta Siriimu n’asalawo obutategeeza mukwano gwe oba omuntu omu
5891,Lug_Uga,Wadde nga waliwo enkola z'okwetangira n’eddagala erisobola okukendeereza ddala ku katyabaga k'okukwa,"Okunoonyereza kulaga nti singa akapiira kabeera nga kakozesebwa mu ngeri entuufu, kawa obukuumi obw'"
5893,Lug_Uga,"Akawuka akaleeta Siriimu vvayiraasi erumbagana abaserikale b’omubiri naddala obutoffaali bwa CD4 T, ",Ekiseera omuntu omulwadde mw’asobolera okusiiga abalala Akawuka akaleeta Siriimu kiyitibwa ekiseera 
5894,Lug_Uga,"Okuwakula oba okuggyamu olubuto, oba okuggyawo olubuto, kusobola okubaawo olw’ensonga ez’enjawulo, e","PEP kye kigambo ekitegeeza ""Post-Exposure Prophylaxis."" Eno y'enkola y'ekisawo etangira okukwatibwa "
5895,Lug_Uga,"""Kiramidiya era amanyiddwa ng'Akawuka ka Kiramidiya akalwaza Ebitundu by'ekyama n'omuyitiro gw'omusu",Kya bulijjo okutya okwogera nti olina Kiramidiya kubanga buli muntu akitwala mu ngeri ya njawulo. Na
5898,Lug_Uga,"Okwasanguza embeera y'omuntu ku Kawuka akaleeta Siriimu kusalawo kwa buntu nnyo, era ng'eddaala ly'o",Ensonga lwaki abantu abamu abamanyi embeera yaabwe ey’Akawuka akaleeta Siriimu bagenda mu maaso n'ok
5899,Lug_Uga,Kya bulijjo okwebuuza ekibuuzo kino. Abantu abasinga bafuna Akawuka akaleeta Siriimu nga bayita mu k,Akatyabaga k'okukwatibwa Akawuka akaleeta Siriimu ng’oyita mu kwegatta kasinziira ku nsonga eziwerak
5902,Lug_Uga,Okwenyigira mu kwegattira mu kamwa kubeera n'obulabe butono obw'okukwatibwa Akawuka akaleeta Siriimu,"Abantu abatalaga bubonero bwa Kawuka kaleeta Siriimu abatera okuyitibwa ""Bassekinnoomu abalina Akawu"
5904,Lug_Uga,Muwuliziganye mu lwatu era okakase nti oweebwa olukusa ku buli mutendera kwe mutuuka.,Okuyamba muganda wo oba mukwano gwo alina Obulwadde bw’Ekikaba kiyinza okuba embeera enzibuzibu era 
5905,Lug_Uga,"Okuwangaala n'okuweeweeza Akawuka akaleeta Siriimu kisobokera ddala n'obujjanjabi obutuufu, obujjanj",Obuwuka obuleeta obulwadde obwekuusa ku Kawuka akaleeta Siriimu busobola okukwata omuntu singa obwer
5907,Lug_Uga,Waliwo ebintu ebitonotono by’oyinza okukola okukendeeza ku katyabaga k’okufuna KOVIDI-19 singa oba o,Okubeera n’amaka amalungi n’okwezimbira ebiseera eby’omu maaso ebirungi kisoboka ne bw’oba olina Aka
5910,Lug_Uga,"Enzikiriza nti omuwala tasobola kufuna lubuto singa yeenyigira mu kwegatta ebbalirirwe, ndowooza nky",Ensonga lwaki abantu abamu abamanyi embeera yaabwe ey’Akawuka akaleeta Siriimu bagenda mu maaso n'ok
5912,Lug_Uga,Okubuulira omubeezi wo ebikwata ku Kawuka akaleeta Siriimu kusobola okukendeeza ku nneewulira embi g,"Kiri gy’oli, wadde ng’abantu abamu bakizuula nti okubuulira omuntu ku kawuka kano ng'enkolagana yaak"
5913,Lug_Uga,Embalabe zeeyoleka nnyo mu kiseera ky’obuvubuka olw’enkyukakyuka mu busannyalaze bw'omubiri. Obusann,Obusannyalaze bw'omubiri bukyuka mu myaka gy’obuvubuka kubanga omubiri gwo gwetegekera okukula n’oku
5914,Lug_Uga,Obulungi bw'okukola kw'eddagala ly'ekinnansi oba omuddo ebikozesebwa abasawo b’ekinnansi mu kuziyiza,"Yee, okutwalira awamu tekiba kya bulabe okukozesa eddagala eriziyiza okuzaala emirundi egiwerako mu "
5916,Lug_Uga,Akawuka akaleeta Siriimu vvayiraasi erwaza wamu n'okwekubisiza mu butaffaali bw'obwerinzi bw'omubiri,"Yee, kisoboka omuntu okuba na Kawuka akaleeta Siriimu naye ne katasuumuka kufuuka Siriimu okumallira"
5917,Lug_Uga,"""Kiramidiya era amanyiddwa ng'Akawuka ka Kiramidiya akalwaza Ebitundu by'ekyama n'omuyitiro gw'omusu",Wadde ng'abantu abamu abalina obulwadde buno obwa Kisipi akwata Ebitundu by'ekyama oba Akawuka ka Vv
5929,Lug_Uga,"Nedda, si kirungi kwegatta nga teweetangidde ng’oli ku ddagala lya PEP. PEP ddagala eriziyiza Akawuk","Okwenyigira mu kikolwa ky'okwegatta nga teweetangidde kiyinza okubeera n'emiganyulo ate n'obuzibu, e"
5932,Lug_Uga,"Okwasanguza embeera y'omuntu ku Kawuka akaleeta Siriimu kusalawo kwa buntu nnyo, era waliwo omugatte",Okuwulira okweraliikirira oba okutya olw’okutandika okuvubuka kya bulijjo ddala. Kiseera kya nkyukak
5933,Lug_Uga,Buno bwe bumu ku bukodyo bw'okulabirira enjala n'obuyonjo mu kiseera ky'okuvubuka: Okusala enjala: K,Engeri y'okulabiriramu obwoya bw'oku mubiri kusalawo kwa muntu era kikulu okukola ekikuwa emirembe. 
5934,Lug_Uga,Akawuka akaleeta Siriimu kasaasaanyizibwa okuyita mu kuwaanyisiganya amazzi g'omu mubiri. Amazzi g'o,"Akawuka akaleeta Siriimu kawuka akasobola okukwata omuntu ssekinnoomu obulamu bwe bwonna, naye enkul"
5935,Lug_Uga,Okukeberebwa okw’enjawulo kukolebwa ku Buwuka obuleeta Obulwadde bw'Ekikaba. Okukeberebwa kuno kuter,"Yee, waliwo emikutu gya yintaneeti n'ebifo ebijjanjabirwamu eby'omu kitundu ebisobola okukuwa ebikoz"
5936,Lug_Uga,Okwaŋŋanga okwennyamira n'okweraliikirira kiyinza okuba ekizibu naye wasobola okubaawo enkola ennung,Okunoonyereza okutonotono era kulaga nti ekiriisa kya lysine kiyinza okuyambako okukendeeza ku kisee
5938,Lug_Uga,"PrEP, ekitegeeza Pre-Exposure Prophylaxis, ye nkola ey'okwetangira ekendeeza ku katyabaga k’okukwati",PrEP ekola bulungi nnyo mu kuziyiza okusaasaana kw'Akawuka akaleeta Siriimu bw'eba ekozeseddwa bulun
5941,Lug_Uga,"Okwewala Obuwuka obuleeta Obulwadde bw'Ekikaba n’okwongera ku mutindo gw'enkola z'okwegatta, kikulu ",Obuwuka obuleeta obulwadde obwekuusa ku Kawuka akaleeta Siriimu busobola okukwata omuntu singa obwer
5942,Lug_Uga,Kiramidiya oba Akawuka ka Kiramidiya akalwaza Ebitundu by'ekyama n'omuyitiro gw'omusulo Kawuka akale,Kikulu nnyo okuteesa ku by'okwegatta mu ngeri ey'obuvunaanyizibwa ng'abaagalana. Bw’oba olina omubee
5943,Lug_Uga,Obupiira bw'abaami n'abakyala busobola okukola obulungi mu kutangira Akawuka akaleeta Siriimu nga bu,"Bwe kituuka ku kulonda ekika ky'akapiira, okusalawo kusinziira ku muntu ssekinnoomu ky’ayagala, ebye"
5945,Lug_Uga,Engeri yokka ey’okwewalira ddala Kiramidiya era amanyiddwa nga Akawuka ka Kiramidiya akalwaza Ebitun,Kya bulijjo okutya okwogera nti olina Kiramidiya kubanga buli muntu akitwala mu ngeri ya njawulo. Na
5946,Lug_Uga,Ekiseera ky’okwalula kw'Obulwadde bw'Ekikaba kyawukana okusinziira ku bulwadde ki. Ekiseera ky’okwal,"Okusinziira ku kitongole kya Centers for Disease Control and Prevention, obubonero bw'Akawuka akalee"
5947,Lug_Uga,Singa oba weegasse nga teweetangidde (nga tokozesezza kapiira oba enkola yonna ey'okwetangira) n'omu,Ebitundu ebizaala gwe mugatte gw’ebitundu n'obuzimbe bw’omubiri ebikolaganira awamu okutondawo obula
5949,Lug_Uga,"Okwewala Obuwuka obuleeta Obulwadde bw'Ekikaba n’okwongera ku mutindo gw'enkola z'okwegatta, kikulu ","Nedda, tosobola kukwatibwa Buwuka buleeta Bulwadde bwa Kikaba okuva mu kaabuyonjo ey’olukale oba kaa"
5950,Lug_Uga,Akawuka akaleeta Tuliici kagwa mu kibinja kya pulotozowa ekisangibwa mu nsolo ne mu bantu. Kaava mu ,"Okusooka, weebuuze ku musawo wo, wadde ng'obujjanjabi bwa Tuliici buzingiramu okukozesa eddagala eri"
5951,Lug_Uga,Buulirako buli muntu gwe weegatta naye emyezi mukaaga emabega nti olina Kabootongo.,Yogerako mu bwesimbu n'omubeezi wo ng’omaze okukakasa nti olina Kabootongo. Kijja kubayamba mwembi. 
5952,Lug_Uga,Emboozi y'okwogera ku embeera ku Kawuka akaleeta Siriimu eri omubeezi wo esobola okuba nga ya kwegen,Okubuulira omubeezi wo ebikwata ku Kawuka akaleeta Siriimu kusobola okukendeeza ku nneewulira embi g
5953,Lug_Uga,Omuntu alina Akawuka akaleeta Siriimu asobola okukasiiga ku mutendera gwonna ogw'akawuka omuli omu k,Akatyabaga k'okukwatibwa Akawuka akaleeta Siriimu ng’oyita mu kwegatta kasinziira ku nsonga eziwerak
5954,Lug_Uga,"Nedda, si kituufu nti okubeera n’Akawuka akaleeta Siriimu kitegeeza nti ddala ojja kufa. Akawuka aka",Bwe kiba bwe kityo oyinza okuba nga olaba abasawo babiri. Kikulu abasawo bombi okumanya eddagala ly’
5955,Lug_Uga,Okukozesa akapiira akaayitako kwongera ku katyabaga k'akapiira okwabika oba okulemererwa wakati mu k,"Omuntu bw’agaana okukozesa akapiira nga yeegatta n'omubeezi we alina Akawuka akaleeta Siriimu, wabaa"
5957,Lug_Uga,"Yee, Akawuka akaleeta Siriimu kasobola okuviirako okulwala okw'amaanyi era, singa kalekebwa nga teka",Akawuka akaleeta Siriimu kalina endagabutonde ez’enjawulo ezikasobozesa okweyubula ne kafuukamu ebik
5962,Lug_Uga,"Eddagala eritta bbakitiiriya erya Penicillin, bwe liba nga likozeseddwa bulungi era mu ddoozi entuuf",Oyinza okwetaaga okukwekebeza Kabootongo singa:1. Ggwe oba omuntu gwe weegatta naye mubeera n'obubon
5964,Lug_Uga,PEP kwe kujjanjaba okukolebwa mu bwangu okukendeeza ku bulabe bw’okukwatibwa Akawuka akaleeta Siriim,"Okukozesa obupiira mu kwegatta kulina ebivaamu ebiwerako,  ebirungi era ebitangira, ebirina kye biga"
5966,Lug_Uga,Kikulu nnyo okuteesa ku by'okwegatta mu ngeri ey'obuvunaanyizibwa ng'abaagalana. Bw’oba olina omubee,"Nedda si bwe kiri, Obuwuka obuleeta Obulwadde bw'Ekikaba buli wonna era nga buli muntu asobola okubu"
5978,Lug_Uga,Okwewala ekikemo ky’okwegatta kusobola okuba okuzibu naddala eri abayizi abayinza okwolekagana n’ebi,Okubeera n’obwagazi bw'okwegatta kya butonde era kya bulijjo mu bantu. Tewali kikyamu oba muze gwonn
5980,Lug_Uga,Kizibu okusalawo oba olina okubuulira omubeezi wo ku bivudde mu kukeberebwa Akawuka akaleeta Siriimu,"Nga tonnabuulirako balala, beera n’amawulire ag’ebuziba agakwata ku Kawuka akaleeta Siriimu. Omuntu "
5982,Lug_Uga,Enkola eweweeza ku Kawuka akaleeta Siriimu bwe bujjanjabi obw’omutindo eri abantu ssekinnoomu abawan,Bamaama abalina Akawuka akaleeta Siriimu bakubirizibwa okumira obulungi eddagala erikaweweeza. Kino 
5984,Lug_Uga,Enziku kawuka akaleeta obulwadde bw'ekikaba ak'ekika kya bbakitiiriya ekeeyoleka ennyo era nga kaziy,Okwekebeza Enziku kusobola okukumanyisa oba olina obulwadde obwo obw'ekikaba. Abantu abalina Enziku 
5985,Lug_Uga,Obutajjanjaba Nziku era kyongera ku mikisa gyo egy'okukwatibwa n'okusaasaanya akawuka akaleeta sirii,Omuntu alina Akawuka akaleeta Siriimu asobola okukasiiga ku mutendera gwonna ogw'akawuka omuli omu k
5987,Lug_Uga,Obulwadde bwa Kabootongo busobola okwawulibwa okusinziira ku mitendera. Emitendera gy’obulwadde bwa ,Abantu abalina Akawuka akaleeta Siriimu balina okukeberebwa akafuba buli kaseera. Waliwo engeri nnyi
5989,Lug_Uga,"Yee, Obuwuka obuleeta oObulwadde bw’Ekikaba busobola okusaasaanyizibwa mu ngeri yonna ey’okwegatta o","Okutwaliza awamu, Obuwuka obuleeta Obulwadde bw'Ekikaba tebuyinza okusaasaanyizibwa mu kuyita mu kuk"
5991,Lug_Uga,"Okukuuma ebyama kikulu nnyo bwe kituuka ku byobulamu byo, naddala singa oba weeraliikirira okukwatib",PEP kwe kujjanjaba okukolebwa mu bwangu okukendeeza ku bulabe bw’okukwatibwa Akawuka akaleeta Siriim
5994,Lug_Uga,Kikkirizibwa ddala era kikubirizibwa okunoonya okulambikibwa n'amagezi okuva mu bantu abakulu abeesi,Omusawo ajja kukubuuza ebibuuzo era ayinza okukukebera okukakasa oba olina Obuwuka obuleeta Obulwadd
5997,Lug_Uga,Ensibuko ya Kiramidiya temanyiddwa. Ke kawuka kaleeta obulwadde bw'amaaso obwa Tulakoma era nga ke K,Kiramidiya era amanyiddwa nga Akawuka ka Kiramidiya akalwaza Ebitundu by'ekyama n'omuyitiro gw'omusu
6000,Lug_Uga,"PEP kye kigambo ekitegeeza ""Post-Exposure Prophylaxis."" Eno y'enkola y'ekisawo etangira okukwatibwa ",PEP kwe kujjanjaba okukolebwa mu bwangu okukendeeza ku bulabe bw’okukwatibwa Akawuka akaleeta Siriim
6002,Lug_Uga,Enkola z’okuzaala ez’abaami n’abakyala zirina obuzimbe n’emirimu egy’enjawulo: Enkola y’okuzaala ey’,Akawuka akaleeta Siriimu ne Siriimu bisobola okukosa ennyo obulamu bw’omuntu mu ngeri ez’enjawulo mu
6005,Lug_Uga,"Yee, okukebera omusaayi kusobola okuzuula oba omuntu alina Akawuka akaleeta Siriimu oba takalina era",Abantu abalina Akawuka akaleeta Siriimu balina okukeberebwa akafuba buli kaseera. Waliwo engeri nnyi
6007,Lug_Uga,Akawuka akaleeta Siriimu kasobola okukosa obulamu bw’omuntu singa takajjanjabwa oba singa kakwatibwa,"Yee, Akawuka akaleeta Siriimu/Siriimu bisobola okuleeta enkyukakyuka mu mbeera nga ekimu ku bikosa o"
6009,Lug_Uga,Obulwadde bwa Kabootongo Bulwadde bwa Kikaba obuleetebwa akawuka ka bbakitiiriya. Obulwadde bwa Kabo,Kiramidiya oba Akawuka ka Kiramidiya akalwaza Ebitundu by'ekyama n'omuyitiro gw'omusulo Kawuka akale
6012,Lug_Uga,Abantu bangi bayinza obutafuna bubonero nga balina Obuwuka obuleeta Obulwadde bw’Ekikaba. Bw’oba wee,"Obuwuka obuleeta Obulwadde bw'Ekikaba bwa mirundi mingi omuli; Cciramidiya, Enziku, Omusujja gw'ekib"
6015,Lug_Uga,"Bw’otandika okugenda mu nsonga nga toli waka, teweeraliikiriranga! Bino by’osobola okukola: Bw’oba o",Okumira eddagala eriweweeza ku Kawuka akaleeta Siriimu ng'oli ku ssomero kisobola okukolebwa obulung
6019,Lug_Uga,"Obubonero busobola okwawukana okuva ku muntu okudda ku mulala. Wadde nga tewali bubonero bulabika, k","Obubonero bw'Akawuka akaleeta Siriimu busobola okwawukana okuva ku muntu omu okudda ku mulala, era n"
6022,Lug_Uga,"Engeri esinga ey'okwetangira okukwatibwa Akawuka akaleeta Siriimu kwe kwewala okwegatta. Wabula, bw’","Bwe kituuka ku kulonda ekika ky'akapiira, okusalawo kusinziira ku muntu ssekinnoomu ky’ayagala, ebye"
6024,Lug_Uga,PEP ddagala erimirwa okukendeeza ku katyabaga ak'okwatibwa Akawuka akaleeta Siriimu oluvannyuma lw'o,Kikubirizibwa okuddamu okwekebeza Enziku oluvannyuma lw'emyezi esatu ng'ojjanjabiddwa. Kino kiyamba 
6026,Lug_Uga,"Yee, Akawuka akaleeta Siriimu kasobola okuviirako okulwala okw'amaanyi era, singa kalekebwa nga teka","Okuyonsa ng’olina Akawuka akaleeta Siriimu nsonga nzibu esinziira ku bintu ebiwerako, omuli obujjanj"
6029,Lug_Uga,PEP ow'Akawuka akaleeta Siriimu akubirizibwa nnyo okukozasebwa abantu ssekinnoomu abadde mu mbeera e,PEP kwe kujjanjaba okukolebwa mu bwangu okukendeeza ku bulabe bw’okukwatibwa Akawuka akaleeta Siriim
6031,Lug_Uga,"Obuzibu bw'ensonga z'ekikyala: Ebizibu nga okukyukakyuka kw'ennaku z'okugenderako mu nsonga ezitali,",Okuwummuzaamu okumira eddagala era ekimanyiddwa nga okutaataaganyizibwa kw'obujjanjabi kuzingiramu o
6033,Lug_Uga,"Engeri esinga ey'okwetangira okukwatibwa Akawuka akaleeta Siriimu kwe kwewala okwegatta. Wabula, bw’","Akawuka akaleeta Siriimu kasobola okukwata abantu ab’emyaka gyonna, omuli n’abakadde. Wadde emisinde"
6037,Lug_Uga,"Nedda, si kirungi kwegatta nga teweetangidde ng’oli ku ddagala lya PEP. PEP ddagala eriziyiza Akawuk",Okwegattira awava obubi kiteeka omuntu mu katyabaga akasingako ku k'oyo eyeegattidde mu bukyala. Ebi
6040,Lug_Uga,"Mu 2013, bannassaayansi baalowooza nti Omusujja gw'ekibumba ogwa B gwava mu binyonyi. Mu 2015, baalo",Eddagala ly'Omusujja gw'ekibumba ogwa B n'ery'akawuka akaleeta siriimu si lye limu. Naye erimu lifaa
6042,Lug_Uga,Okumanya bw'oyimiridde kya muganyulo nnyo kubanga ojja kusobola okutandika obujjanjabi amangu singa ,"Kya bulijjo okweraliikirira n'okweraliikirira ku mwana wo. Wabula, Akawuka akaleeta Siriimu kajjanja"
6044,Lug_Uga,Okukeberebwa Akawuka akaleeta Siriimu nkola nnyangu era ya kyama. Gino gye emitendera gy'oyinza okuy,"Yee, kituufu nti okwosa okumira eddagala lya ARV ng'olina Akawuka akaleeta Siriimu kiyinza okwongera"
6046,Lug_Uga,"Yee, kya bulijjo okufuna enkyukakyuka mu mbeera z'enneewulira mu kiseera ky'okuvubuka. Obusannyalaze",Obusannyalaze bw'omubiri bukyuka mu myaka gy’obuvubuka kubanga omubiri gwo gwetegekera okukula n’oku
6047,Lug_Uga,"Wadde nga obupiira bukendeeza ku mikisa gy’okusiiga Kiramidiya, wakyaliwo omukisa gw'okusiiga Kirami",Olina okutegeeza omubeezi wo nga bw'olina Kisipi kubanga akawuka akaleeta obulwadde obwo ka kikaba. 
6051,Lug_Uga,"""Kiramidiya era amanyiddwa ng'Akawuka ka Kiramidiya akalwaza Ebitundu by'ekyama n'omuyitiro gw'omusu",Wadde ng'abantu abamu abalina obulwadde buno obwa Kisipi akwata Ebitundu by'ekyama oba Akawuka ka Vv
6058,Lug_Uga,"Yee, omuntu asobola okukeberebwa okuyita mu musaayi. Okukebera omusaayi kusobola okukakasa nti omunt",Osobola okufuna Kabootongo ng’okwatagana butereevu n’ekiwundu k'oyo amulina. Enkwatagana eno esobola
6063,Lug_Uga,Bw’oba weenyigidde mu kwegatta n’omuntu gw’oteebereza oba gw’omanyi nti alina Akawuka akaleeta Sirii,Okubeera n’Obuwuka obuleeta Obulwadde bw’Ekikaba kisobola okwongera ku katyabaga k'okukwatibwa oba o
6065,Lug_Uga,Empeereza z'okubudaabuda abantu ku Kawuka akaleeta Siriimu ziyinza okubaawo ku bwereere oba ku ssent,Sisobola kuwa butereevu mikutu gya mutimbagano kusangibwa kubudaabudibwa ku by'Akawuka akaleeta Siri
6068,Lug_Uga,Okufuna obujjanjabi obw’okukendeeza ku kukatyaga k’okukwatibwa Akawuka akaleeta Siriimu nga tonneeta,"PrEP, ekitegeeza Pre-Exposure Prophylaxis, ye nkola ey'okwetangira ekendeeza ku katyabaga k’okukwati"
6070,Lug_Uga,"Emyaka ""emituufu"" egy'okwenyigira mu kwegatta gijja kwawukana okuva ku muntu omu okudda ku mulala ok",Okuwulira akazito okuva mu mikwano gyo nga gukipukiriza  okwenyigira mu bikolwa by’okwegatta kusobol
6071,Lug_Uga,Okulumizibwa mu binywa kwakati mu kwegatta oba oluvannyuma lw’okwegatta si kabonero aka bulijjo mu m,"Okuvaamu olubuto kwe kufiirwa olubuto ng’omwana alimu tannatuuka kubeera mulamu nga tali mu lubuto, "
6072,Lug_Uga,Obulwadde obujjawo olw'omubiri okukwatibwa Akawuka akaleeta Siriimu zireetebwa obuwuka obw'enjawulo ,Akawuka akaleeta Siriimu/Siriimu katwalibwa ng’embeera ey'olukonvuba era eyinza okutta omuntu kubang
6073,Lug_Uga,Waliwo ebintu ebitonotono by’oyinza okukola okukendeeza ku katyabaga k’okufuna KOVIDI-19 singa oba o,Okuyamba omuntu alina Akawuka akaleeta Siriimu mu by’obujjanjabi kuzingiramu okulaba ng’afuna endabi
6075,Lug_Uga,"Abalwadde b'Akawuka akaleeta Siriimu, okufaananako abantu bonna, balina eddembe ly’obwebange n’obuku",Okuzuula ekibiina ky'abantu ekiyamba abantu ssekinnoomu abawangaala oba abakoseddwa Akawuka akaleeta
6076,Lug_Uga,"Yee, Akawuka akaleeta Siriimu/Siriimu bisobola okuleeta enkyukakyuka mu mbeera nga ekimu ku bikosa o",Omuwendo gw’okukeberebwa Akawuka akaleeta Siriimu kw’osaanidde okuba okukola okukakasa embeera yo ey
6077,Lug_Uga,"Yee, okukozesa obupiira kukubirizibwa nnyo mu kwegatta, naddala mu bantu abalina  ababeezi abasukka ","Wadde nga kituufu nti obupiira bukendeeza ku kunyumirwa, essanyu mu kwegatta kulina ebikuleeta bingi"
6079,Lug_Uga," Obuwangaazi bw’omuntu alina Akawuka akaleeta Siriimu bwawukana okusinziira ku nsonga ez’enjawulo, o","Yee, kisoboka omuntu okubeera n’Akawuka akaleeta Siriimu nga tamira ddagala likaweweeza, naye kijja "
6081,Lug_Uga,"Nedda, abantu ssekinnoomu abalina Akawuka akaleeta Siriimu tebalina kugaba musaayi. Okugaba omusaayi",Ekiseera omuntu omulwadde mw’asobolera okusiiga abalala Akawuka akaleeta Siriimu kiyitibwa ekiseera 
6086,Lug_Uga,Okubeera n’Obuwuka obuleeta Obulwadde bw’Ekikaba kisobola okwongera ku katyabaga k'okukwatibwa oba o,Abantu abasinga basobola okuba n'Obuwuka obuleeta Obulwadde bw'Ekikaba naye nga tebalina bubonero bw
6087,Lug_Uga,Ekiseera omuntu omulwadde mw’asobolera okusiiga abalala Akawuka akaleeta Siriimu kiyitibwa ekiseera ,Akawuka akaleeta Siriimu tekasobola kusaasaanyizibwa kuyita mu misale gya jjirita oba emisale egiva 
6088,Lug_Uga,Akawuka akaleeta Siriimu/Siriimu katwalibwa ng’embeera ey'olukonvuba era eyinza okutta omuntu kubang,"Akawuka akaleeta Siriimu vvayiraasi erumbagana abaserikale b’omubiri naddala obutoffaali bwa CD4 T, "
6089,Lug_Uga,Okuzimba okwekkiririzaamu n'okwessaamu ekitiibwa mu kiseera ky'obuvubuka kyetaagisa nnyo okusobola o,Okukola ku nkyukakyuka ezijja ku lususu nga embalabe oba olususu okubaako ekirungo ekiseerera bituuk
6092,Lug_Uga,Omuntu alina Akawuka akaleeta Siriimu bw'aba ku bujjanjabi obulwanyisa akawuka kano era ng'asobodde ,Akatyabaga k'okukwatibwa Akawuka akaleeta Siriimu ng’oyita mu kwegatta kasinziira ku nsonga eziwerak
6094,Lug_Uga,Abakyala bangi abakeberebwa nga balina Akawuka akaleeta Siriimu nga bali embuto tebamanyi nti balina,Kirungi okukeberebwa Akawuka akaleeta Siriimu: omulundi gwo ogusooka okukyalira abasawo ng'oli lubut
6096,Lug_Uga,Okumanya ebikukwatako kikulu nnyo mu kukula kw’omuntu era kikulu nnyo mu kuziyiza akawuka ka siriimu,Okumira eddagala ly'Akawuka akaleeta Siriimu ye ngeri esinga obulungi ey'okwetangiramu okukwatibwa o
6097,Lug_Uga,Tewali bujulizi bwa ssaayansi buwagira kigambibwa nti omuddo oba eddagala ly’ebimera lisobola okuwon,"Yee, kisoboka omuntu okubeera n’Akawuka akaleeta Siriimu nga tamira ddagala likaweweeza, naye kijja "
6105,Lug_Uga,"Ppulaani B oba P2, era emanyiddwa nga ""empeke y'oku makya,"" egendererwamu okukozesebwa obw'olumu ne ","Eddagala eritta bbakitiiriya erya Penicillin, bwe liba nga likozeseddwa bulungi era mu ddoozi entuuf"
6106,Lug_Uga,Bw’oba weenyigidde mu kwegatta n’omuntu gw’oteebereza oba gw’omanyi nti alina Akawuka akaleeta Sirii,Okutangira okusiigibwa Akawuka akaleeta Siriimu nga weegatta n’omuntu Akawuka akaleeta Siriimu kyeta
6108,Lug_Uga,"Yee, enkola ya ART ekendeeza ku misinde Akawuka akaleeta Siriimu kwe kaalulira mu mubiri. ART nkola ",Akawuka akaleeta Siriimu kalina endagabutonde ez’enjawulo ezikasobozesa okweyubula ne kafuukamu ebik
6109,Lug_Uga,"Yee, kisoboka omuntu alina Akawuka akaleeta Siriimu okuzaala omwana nga naye alina akawuka kano. Wab","Yee, kisoboka okukendeereza ddala ku katyabaga ka maama ali olubuto okusiiga omwana we Akawuka akale"
6112,Lug_Uga,"P2, era emanyiddwa nga ""Ppulaani B"" oba ""empeke y'oku makya,"" kika kya nkola ya kuziyiza kuzaala eko","Ppulaani B oba P2, era emanyiddwa nga ""empeke y'oku makya,"" egendererwamu okukozesebwa obw'olumu ne "
6113,Lug_Uga,Enziku kawuka akaleeta obulwadde bw'ekikaba ak'ekika kya bbakitiiriya ekeeyoleka ennyo era nga kaziy,Enziku ey'Olukonvuba kitegeero ekikozesebwa okutegeeza ekika kya bbakitiiriya ya Neisseria ekitawuli
6115,Lug_Uga,Waliwo ebintu ebitonotono by’oyinza okukola okukendeeza ku katyabaga k’okufuna KOVIDI-19 singa oba o,Kizibu okuziyiza akafuba kubanga kasobola okukwata omuntu nga kayita mu mpewo. Bw’oba olina Akawuka 
6116,Lug_Uga,Obulungi bw'okukola kw'eddagala ly'ekinnansi oba omuddo ebikozesebwa abasawo b’ekinnansi mu kuziyiza,Abatiini abeenyigira mu bikolwa eby'okwegatta n'abantu abakulu ennyo bayinza okusanga ebizibu eby'en
6118,Lug_Uga,Kya nnaku okuwulira nti maama wo yafa. Singa weekengera nti maama wo ayinza okuba nga yafa Akawuka a,Kyannaku nnyo okuwulira nti wafiirwa bazadde bo. Ensaasaana y'Akawuka akaleeta Siriimu eyinza okuba 
6123,Lug_Uga,Okwogera ne bazadde bo oba abakulabirira ku birowoozo byo n’ebikweraliikiriza ng’oli mu kiseera ky'o,"Okwogera n’abazadde oba abakuza ku nsonga z’okugenda mu nsonga kusobola okukutiisa, naye jjukira nti"
6124,Lug_Uga,"Kikulu okunnyonnyola nti okukozesa obuweke obuziyiza okufuna olubuto obw'embeera ey'amangu, okumanyi","Okukozesa enkola ya kizaalaggumba ey'obwangu entakera oba buli kiseera, nga P2, tekubirizibwa kubeer"
6126,Lug_Uga,"Okusinziira ku kye nnasembyeyo okumanya, tewali ddagala ligema Kawuka akaleeta Siriimu eryakakasiddw",Okukola eddagala erigema Akawuka akaleeta Siriimu erikola obulungi kizuuliddwa nti kizibu nnyo olw’e
6127,Lug_Uga,Okukkiriza embeera y'ebizuuliddwa mu kukebera Akawuka akaleeta Siriimu kusobola okuba embeera enzibu,Akatyabaga k'okukwatibwa Akawuka akaleeta Siriimu ng’oyita mu kwegatta kasinziira ku nsonga eziwerak
6130,Lug_Uga,"Omutindo gw'okumanyisa abantu ku Kawuka akaleeta Siriimu, okusomesa, ne kampeyini bisobola okwawukan",Eddagala ettuufu lijja kwawukana okusinziira ku bigobererwa mu nsi yo. Ebika ebimu eby’obujjanjabi b
6131,Lug_Uga,PrEP talina bulabe bwonna. Tewali buzibu bwa maanyi ku bulamu bulabiddwa mu bantu abatalina Kawuka k,Singa omuntu yazaalibwa n’Akawuka akaleeta Siriimu n’asalawo obutategeeza mukwano gwe oba omuntu omu
6132,Lug_Uga,Omuntu alina Akawuka akaleeta Siriimu asobola okukasiiga ku mutendera gwonna ogw'akawuka omuli omu k,Emikisa gy’omuntu okukwatibwa Akawuka akaleeta Siriimu mu kiseera ky’okwegatta omulundi gumu giyinza
6134,Lug_Uga,"Kya bulijjo okukyuka mu ndabika y'omubiri mu kiseera ky'okuvubuka, era kisobola okutwala ekiseera ok","Yee, kya bulijjo okufuna enkyukakyuka mu mbeera z'enneewulira mu kiseera ky'okuvubuka. Obusannyalaze"
6137,Lug_Uga,"Yee, ennamba z’essimu ezigaba obuweereza nnyingi n’obuweereza bw'oku mutimbagano obugaba amagezi ag'","Yee, eddagala erigema waliwo lya Buwuka buleeta Bulwadde bwa KIkaba nga Akawuka ka Vvayiraasi akalee"
6139,Lug_Uga,"Yee, enkola za kizaalaggumba ziziyiza okufuna olubuto naye si Buwuka buleeta Bulwadde bwa Kikaba, no","Nedda, Obuwuka obuleeta Obulwadde bw'Ekikaba busobola okusaasaana okuyita mu kwegatta; okukwata obuk"
6141,Lug_Uga,Kiramidiya era amanyiddwa nga Akawuka ka Kiramidiya akalwaza Ebitundu by'ekyama n'omuyitiro gw'omusu,Ekiseera ekyetaagisa okuwonya oba okujjanjaba obulungi Obuwuka obuleeta Obulwadde bw'Ekikaba kisinzi
6142,Lug_Uga,Oyinza okwetaaga okukwekebeza Kabootongo singa:1. Ggwe oba omuntu gwe weegatta naye mubeera n'obubon,Kiramidiya oba Akawuka ka Kiramidiya akalwaza Ebitundu by'ekyama n'omuyitiro gw'omusulo Kawuka akale
6144,Lug_Uga,"Tuliici, Bulwadde bwa Kikaba obuleetebwa akawuka ka pulotozowa/akanyuunyunsi akayitibwa Trichomonas ",Akawuka akaleeta Tuliici kagwa mu kibinja kya pulotozowa ekisangibwa mu nsolo ne mu bantu. Kaava mu 
6145,Lug_Uga,Tewali ddagala liwonyeza ddala Kawuka akaleeeta Siriimu ng’oggyeeko eddagala erikaweweezaako. Enkola,Okubeera n’Obuwuka obuleeta Obulwadde bw’Ekikaba kisobola okwongera ku katyabaga k'okukwatibwa oba o
6149,Lug_Uga,Engeri yokka ey’okwewalira ddala Kiramidiya era amanyiddwa nga Akawuka ka Kiramidiya akalwaza Ebitun,Okuwummuzaamu okumira eddagala era ekimanyiddwa nga okutaataaganyizibwa kw'obujjanjabi kuzingiramu o
6151,Lug_Uga,Enkola eweweeza ku Kawuka akaleeta Siriimu bwe bujjanjabi obw’omutindo eri abantu ssekinnoomu abawan,Si kya bulijjo nti ekika ky'enzijanjaba ekozesebwa ku Kawuka akaleeta Siriimu mu baana abato erina o
6153,Lug_Uga,"Okusiiga Akawuka akaleeta Siriimu okuva ku maama okudda ku mwana, era amanyiddwa ng'okusiigibwa okw'",Kino kye kiseera omukyala ow’olubuto alina Akawuka akaleeta Siriimu w’asobolera okusiiga omwana we a
6154,Lug_Uga,"Abakyala abali embuto, okufaananako n’omuntu omulala yenna, basobola okubaako kye bakola okwewala ok","Okuvaamu olubuto kwe kufiirwa olubuto ng’omwana alimu tannatuuka kubeera mulamu nga tali mu lubuto, "
6155,Lug_Uga,Obujama bwokka tebuviirako Bulwadde bwa Kikaba butereevu naye buyinza okuleetawo okwongera ku katyab,"Yee, endwadde nnyingi ez'obukaba zisobola okujjanjabibwa n'obujjanjabi obutuufu. Obujjanjabi obutuuf"
6160,Lug_Uga,Bw’oba weegatta n’omuntu alina Akawuka akaleeta Siriimu era ng’afaayo ku mbeera yo naye ng’otya okwe,"Abantu abatalaga bubonero bwa Kawuka kaleeta Siriimu abatera okuyitibwa ""Bassekinnoomu abalina Akawu"
6161,Lug_Uga,Okukebera Omusujja gw'ekibumba ogwa B kukolebwa ng'oggyibwako sampolo y'omusaayi ey'ekigero. Omusaay,Abasawo bakebera amazzi go agava mu mubiri okusobola okuzuulamu akawuka ka Neisseria akaleeta Enziku
6162,Lug_Uga,Singa mukwano gwo aba alina obweraliikirivu ku busobozi obw'okubeera mu katyabaga k'okukwatibwa Akaw,Akatyabaga k'okukwatibwa Akawuka akaleeta Siriimu ng’oyita mu kwegatta kasinziira ku nsonga eziwerak
6163,Lug_Uga,"Nedda, si kirungi kwegatta nga teweetangidde ng’oli ku ddagala lya PEP. PEP ddagala eriziyiza Akawuk",Bw’oba weegatta n’omwagalwa wo nga teweetangidde era ng'oteebereza nti ayinza okuba n’Akawuka akalee
6168,Swa_Ken,Kudumisha afya ya ngono na kuzuia maambukizi ya Ukimwi (Virusi vya Upungufu wa Kinga ya Mwili) na ma,"Kujizuia kufanya ngono ni chaguo la kibinafsi ambalo linategemea hali yako binafsi, maadili, na mape"
6172,Swa_Ken,Iwapo umegunduliwa kuwa na virusi vya ukimwi (Virusi vya Upungufu wa Kinga Mwilini) au UKIMWI (Acqui,Unapaswa kusoma maagizo kila wakati kabla ya kufanya kipimo. Fuata maagizo ya mtengenezaji wakati wa
6173,Swa_Ken,Maambukizi ya zinaa (STIs) yenyewe hayaleti moja kwa moja Ukimwi/UKIMWI (Virusi vya Upungufu wa King,"Hapana, maambukizi ya njia ya mkojo (UTI) hayaainishwi kama maambukizo ya zinaa (STI). UTI husababis"
6174,Swa_Ken,Kwa kawaida hupendekezwa kuwa wanawake walio na virusi vya ukimwi wajifungue kwa njia ya kawaida (ku,"Uamuzi wa kutoa mimba ni wa kibinafsi na mgumu sana, na unaathiriwa na mambo mbalimbali, ikiwa ni pa"
6177,Swa_Ken,"Unyanyapaa unaohusiana na Ukimwi/UKIMWI ni kikwazo kikubwa kwa kinga, matunzo na msaada kwa watu wan","Ukimwi (Virusi vya Upungufu wa Kinga Mwilini) ni virusi ambavyo huathiri kimsingi mfumo wa kinga, na"
6179,Swa_Ken,"Ikiwa matokeo ya kipimo ni hasi, unaweza kupata taarifa kuhusu jinsi ya kukaa hivyo na ikiwa wewe ni",Raha ya kujamiiana na mwenzi aliye na virusi vya ukimwi inawezekana huku ikipunguza hatari ya kuambu
6180,Swa_Ken,"Dalili za kimaumbile za maambukizo makali ya virusi vya ukimwi, pia hujulikana kama acute retroviral",Kuanza mapema kwa Ukimwi kunaweza kuambatana na dalili kama za mafua kama vile koo na baridi. Hata h
6183,Swa_Ken,Kumsaidia rafiki au mpendwa ambaye ana virusi vya ukimwi ni muhimu kwa ustawi wao na afya ya kihisia,"Kumsaidia rafiki au jamaa aliye na Ukimwi kunahitaji huruma, uelewa, na mtazamo usio wa kuhukumu. Ha"
6186,Swa_Ken,"Ni jambo la kawaida kabisa kuhisi hofu au wasiwasi kuhusu kupima Ukimwi, lakini ni muhimu kushinda h","Hapana, huwezi kupata Ukimwi kwa kumgusa tu mtu ambaye ana Ukimwi. Virusi vya UKIMWI (Virusi vya Upu"
6187,Swa_Ken,"Ni jambo la kawaida kabisa kuhisi hofu au wasiwasi kuhusu kupima Ukimwi, lakini ni muhimu kushinda h",Ikiwa unatafuta habari kuhusu uzuiaji wa virusi vya ukimwi na unataka kuiweka siri kutoka kwa wazazi
6188,Swa_Ken,"Ukimwi/UKIMWI wenyewe unaweza kuwa na athari mbalimbali kwa afya na ustawi wa jumla wa mtu binafsi, ","Ndiyo. Baadhi ya dawa za Virusi Vya Ukimwi zina madhara kama vile ndoto wazi, kukosa usingizi, wasiw"
6192,Swa_Ken,Watu wengi wanaoishi na Ukimwi wanaweza kutarajia kuishi kwa muda mrefu kama wenzao ambao hawana Uki,Iwapo wewe na mpenzi wako mmekuwa na uhusiano wa mke mmoja kwa mwaka mmoja bila kushiriki tendo la n
6195,Swa_Ken,Kushiriki tendo la ngono na mpenzi ambaye ana maambukizi ya magonjwa ya zinaa (STI) kunaweza kuleta ,"Kushiriki zana na vitu, kama vile sindano, nyembe, au vifaa vya usafi wa kibinafsi, kunaweza kuchang"
6197,Swa_Ken,"Matumizi ya vidhibiti mimba, yanapotumiwa kwa usahihi na kama ilivyoagizwa na wataalamu wa afya, kwa","Kutumia kondomu wakati wa kujamiiana kuna madhara kadhaa, mazuri na ya kinga, ambayo huchangia afya "
6198,Swa_Ken,"Ili kuepuka magonjwa ya zinaa (STIs) na kukuza afya ya ngono, ni muhimu kuchukua hatua za kuzuia na,","Kushiriki zana na vitu, kama vile sindano, nyembe, au vifaa vya usafi wa kibinafsi, kunaweza kuchang"
6199,Swa_Ken,Kuzuia maambukizi ya virusi vya ukimwi kutoka kwa mama kwenda kwa mtoto (PMTCT) ni sehemu muhimu ya ,"Ili kuzuia maambukizi ya Ukimwi, ni muhimu kuchukua hatua za kuzuia, kwani virusi vinaweza kuambukiz"
6201,Swa_Ken,Kuzuia Ukimwi/UKIMWI kunahusisha mchanganyiko wa mikakati inayolenga kupunguza hatari ya maambukizi ,"Ili kuzuia maambukizi ya Ukimwi, ni muhimu kuchukua hatua za kuzuia, kwani virusi vinaweza kuambukiz"
6202,Swa_Ken,"Kutumia kondomu wakati wa kujamiiana kuna madhara kadhaa, mazuri na ya kinga, ambayo huchangia afya ",Watu walio na UKIMWI wanahitaji upendo na utunzaji sawa unaotolewa kwa watu walio na hali nyingine m
6205,Swa_Ken,Hatari ya kumwambukiza Ukimwi kutoka kwa mama kwenda kwa mtoto ambaye hajazaliwa (maambukizi ya wima,Maambukizi ya Ukimwi wakati wa ujauzito ni wasiwasi mkubwa kwa mtoto ambaye hajazaliwa na mwanamke m
6206,Swa_Ken,"Ikiwa mtu ana Ukimwi na ni mjamzito, inawezekana kupunguza hatari ya kueneza Ukimwi kwa mtoto mchang","Ndiyo, inawezekana kwa mtu asiye na Ukimwi kupata mtoto na mwenzi aliye na Ukimwi bila kupata Ukimwi"
6212,Swa_Ken,"Hapana, mfiduo wa X-ray hautibu au kuua virusi vya UKIMWI. Ukimwi ni retrovirus ambayo huambukiza se","Upele kwenye uke unaweza kuwa na sababu mbalimbali, na wakati virusi vya ukimwi/UKIMWI na baadhi ya "
6213,Swa_Ken,"Kuzuia mimba kunahusisha kutumia njia mbalimbali za uzazi wa mpango, pia zinazojulikana kama udhibit",Nasikitika sana kusikia kuhusu hali ngumu anayokumbana nayo kijana huyu. Ni muhimu kumpa usaidizi na
6214,Swa_Ken,Kumsaidia rafiki au mpendwa ambaye ana virusi vya ukimwi ni muhimu kwa ustawi wao na afya ya kihisia,"Kumsaidia rafiki au jamaa aliye na Ukimwi kunahitaji huruma, uelewa, na mtazamo usio wa kuhukumu. Ha"
6215,Swa_Ken,"Kuishi na virusi vya ukimwi (Virusi vya Upungufu wa Kinga ya Mwili) kunaweza kudhibitiwa, na watu wa",Matarajio ya maisha ya mtu anayeishi na Ukimwi/UKIMWI yanaweza kutofautiana kulingana na mambo mbali
6217,Swa_Ken,Kukabiliana na unyogovu na wasiwasi kunaweza kuwa changamoto lakini kuna mikakati madhubuti ya kukus,"Hapana, kuwa LGBTQ (Msagaji, Mashoga, Mwenye jinsia mbili, Transgender, au Queer) hakusababishi Ukim"
6219,Swa_Ken,"Ukimwi (Virusi vya Upungufu wa Kinga Mwilini) ni virusi ambavyo huathiri kimsingi mfumo wa kinga, na",Kujua hali ya virusi vya ukimwi ya mpenzi ni muhimu kwa kufanya maamuzi sahihi kuhusu afya ya ngono 
6220,Swa_Ken,Kondomu ni njia nzuri sana ya kuzuia maambukizi ya virusi vya ukimwi (Virusi vya Upungufu wa Kinga M,Kuvaa vizuri kondomu ni njia nzuri ya kujilinda dhidi ya Virusi Vya Ukimwi. Kondomu huzuia shahawa (
6227,Swa_Ken,"Maambukizi nyemelezi husababishwa na aina mbalimbali za vijidudu (virusi, bakteria, fangasi na vimel","Ukimwi vinaweza kuambukizwa kwa njia ya kujamiiana, hata kama hakuna mpenzi aliye na majeraha au vid"
6232,Swa_Ken,"Hapana, watu ambao wana virusi vya ukimwi hawastahiki kuchangia damu. Kizuizi hiki kimewekwa ili kuz",Ndiyo. Watu wenye virusi vya ukimwi pia wanaweza kuwa na maisha ya ngono yenye afya na ya kufurahish
6233,Swa_Ken,Kuzuia maambukizi ya virusi vya ukimwi kutoka kwa mama kwenda kwa mtoto (PMTCT) ni sehemu muhimu ya ,"Ndiyo. Ni muhimu kupima virusi vya ukimwi unapokuwa mjamzito, ili kujua kama una virusi vya ukimwi.I"
6236,Swa_Ken,Wakati mtu anayeishi na virusi vya ukimwi anatumia tiba ya kurefusha maisha ya kurefusha maisha (ART,Wakati mtu aliye na Ukimwi anatumia tiba ya kurefusha maisha ya kurefusha maisha (ART) na amepata na
6237,Swa_Ken,Hakuna mlo maalum unaoweza kutibu au kutibu magonjwa ya zinaa (STDs) au kuongeza kinga kwa njia ya k,"Maambukizi ya zinaa (STIs), pia yanajulikana kama magonjwa ya zinaa (STDs), yanaweza kuwa na dalili "
6238,Swa_Ken,Kupima Ukimwi/UKIMWI ni muhimu ili kujua hali yako na kuchukua hatua zinazofaa ili kulinda afya yako,"Ili kuzuia maambukizi ya Ukimwi, ni muhimu kuchukua hatua za kuzuia, kwani virusi vinaweza kuambukiz"
6243,Swa_Ken,Inachukua muda kidogo kwa kipimo kuonyesha maambukizi ya virusi vya ukimwi. Awamu hii inaitwa hatua ,"Kabla ya dawa za Virusi Vya Ukimwi kupatikana, Wanasayansi walikuwa wakifikiri kwamba karibu nusu ya"
6249,Swa_Ken,Maziwa ya mama yana virusi vya ukimwi hivyo inaweza kupita ndani ya mwili wa mtoto ikiwa mama atanyo,"""Mwanamke anayeishi na virusi vya ukimwi anaweza kumwambukiza mtoto wake virusi wakati wa ujauzito, "
6250,Swa_Ken,"Kushiriki ngono kabla ya ndoa peke yake, haimaanishi moja kwa moja kwamba utapata virusi vya ukimwi/","Njia bora ya kuzuia virusi vya ukimwi/UKIMWI inategemea hali ya mtu binafsi, vihatarishi na mapendel"
6257,Swa_Ken,"Ndiyo, inawezekana kwa mtu kupata Ukimwi (Virusi vya Upungufu wa Kinga Mwilini) mara ya kwanza anapo",virusi vya ukimwi (Virusi vya Upungufu wa Kinga ya Mwanadamu) vinaweza kuambukizwa kwa kugusa damu y
6258,Swa_Ken,Kujiepusha na shughuli zinazoweza kusababisha maambukizi ya virusi vya ukimwi ni mojawapo ya njia bo,"Ndiyo, inawezekana kwa mtu kupata Ukimwi (Virusi vya Upungufu wa Kinga Mwilini) mara ya kwanza anapo"
6264,Swa_Ken,Hatua ifaayo ni kuzungumza na mtoa huduma wa afya aliyefunzwa ambaye atakuongoza katika mchakato wa ,Uwezekano kwamba ndugu wa baba mwenye Ukimwi na mama asiye na Ukimwi pia watakuwa na Ukimwi unategem
6265,Swa_Ken,Kuzuia maambukizi ya Ukimwi/UKIMWI kunahusisha mchanganyiko wa mikakati zaidi ya matumizi ya kondomu,"Ndiyo, pamoja na kutumia kondomu, kuna njia nyingine nyingi za kuzuia magonjwa ya zinaa (STIs) na Uk"
6269,Swa_Ken,"Kabla ya dawa za Virusi Vya Ukimwi kupatikana, Wanasayansi walikuwa wakifikiri kwamba karibu nusu ya","Muda unaochukua kwa virusi, kama vile Ukimwi (Virusi vya Upungufu wa Kinga Mwilini), kuenea ndani ya"
6272,Swa_Ken,Wanawake wenye umri wa miaka 15 na zaidi wanaopokea ART ni kati ya 74% - 94%.,Watoto kati ya miaka 0 hadi 14 wanaopokea ART nchini Kenya ni kati ya 47% - 74%.
6276,Swa_Ken,"Kwa sasa hakuna tiba ya Ukimwi, ambayo ina maana kwamba hatuwezi kuiondoa kabisa kutoka kwa mwili. H",Utafutaji wa tiba ya virusi vya ukimwi (Virusi vya Upungufu wa Kinga ya Binadamu) umekuwa ukiendelea
6278,Swa_Ken,"Ikiwa unashuku kuwa mpenzi wako anaweza kuwa na Ukimwi na ulifanya naye ngono bila kinga jana usiku,","Ndiyo. Ni muhimu kupima virusi vya ukimwi unapokuwa mjamzito, ili kujua kama una virusi vya ukimwi.I"
6280,Swa_Ken,"Ikiwa kondomu itapasuka wakati wa kujamiiana, kuna uwezekano wa hatari ya kuambukizwa Ukimwi ikiwa m","Maumivu wakati wa kujamiiana, pia inajulikana kama dyspareunia, inaweza kuwa na sababu mbalimbali, n"
6285,Swa_Ken,"Njia bora ya kuzuia virusi vya ukimwi/UKIMWI inategemea hali ya mtu binafsi, vihatarishi na mapendel",Iwapo umegunduliwa kuwa na virusi vya ukimwi (Virusi vya Upungufu wa Kinga Mwilini) au UKIMWI (Acqui
6286,Swa_Ken,"Ikiwa mtu anakataa kutumia kondomu wakati wa kujamiiana na mpenzi ambaye ana virusi vya ukimwi, kuna","Ikiwa kondomu itapasuka au kupasuka wakati wa kujamiiana, inaweza kusababisha hatari ya mimba na uwe"
6288,Swa_Ken,"Hapana, huwezi kupata Ukimwi kwa kumgusa tu mtu ambaye ana Ukimwi. Virusi vya UKIMWI (Virusi vya Upu","Ukimwi/UKIMWI vinaweza kuambukizwa kwa njia ya kujamiiana, ikijumuisha ngono ya uke, mkundu, na ya m"
6295,Swa_Ken,"Ukimwi (Virusi vya Upungufu wa Kinga ya Mwili) ni hali mbaya ya kiafya, lakini haimaanishi hukumu ya",Maambukizi ya zinaa (STIs) yenyewe hayaleti moja kwa moja Ukimwi/UKIMWI (Virusi vya Upungufu wa King
6296,Swa_Ken,"Hapana, kuwa mwembamba au kuwa na aina fulani ya mwili hakuna uhusiano wa moja kwa moja na hali ya v",Dalili za maambukizi ya Virusi Vya Ukimwi haziwezi kuonekana kwa miezi au hata miaka baada ya mtu ku
6297,Swa_Ken,"Kulingana na Shirika la Afya Duniani (WHO), watu walio na Ukimwi ambao wanafanya Tiba ya Kupambana n","Kushiriki katika ngono na mtu anayeishi na Ukimwi/UKIMWI kuna hatari ya kuambukizwa Ukimwi, lakini h"
6301,Swa_Ken,Asubuhi baada ya dawa imeundwa kwa matumizi ya mara kwa mara na si kwa matumizi ya mara kwa mara. Zi,Ni vigumu kuzuia TB kwa sababu inaweza kupitishwa kwa njia ya hewa. Ikiwa una virusi vya ukimwi na m
6305,Swa_Ken,Kugundulika kuwa na virusi vya ukimwi/UKIMWI kunaweza kuwa jambo lenye changamoto na kubadilisha mai,"Ukimwi (Virusi vya Upungufu wa Kinga Mwilini) huendelea kwa hatua mbalimbali, na isipotibiwa, inawez"
6307,Swa_Ken,Inapendekezwa kupima virusi vya ukimwi:katika miadi yako ya kwanza ya ujauzitokatika trimester ya ta,Wanawake wengi wanaopima virusi vya ukimwi wakiwa wajawazito hawajui kuwa wana virusi vya ukimwi. Hu
6308,Swa_Ken,Kushiriki hali yako ya magonjwa ya zinaa na marafiki kunaweza kuwa uamuzi wa kibinafsi na wenye chan,"Kushiriki zana na vitu, kama vile sindano, nyembe, au vifaa vya usafi wa kibinafsi, kunaweza kuchang"
6309,Swa_Ken,Hatua zinazochukuliwa kuzuia maambukizi ya Ukimwi kutoka kwa mama kwenda kwa mtoto (PMTCT) kimsingi ,Kuzuia maambukizi ya Ukimwi kutoka kwa mama kwenda kwa mtoto (PMTCT) ni sehemu muhimu ya juhudi za k
6312,Swa_Ken,Kuhusiana na watu ambao wameambukizwa magonjwa ya zinaa (STIs) bila kuwabagua ni muhimu kwa kukuza h,Kumwonya mtu kuhusu hatari ya kufanya ngono na watu walio na Ukimwi au magonjwa mengine ya zinaa (ST
6315,Swa_Ken, Seli nyeupe za damu za maji ya mwili wa binadamu ndio eneo kuu la Virusi Vya Ukimwi. Seli hizi ndiz,"Ni jambo la kawaida kabisa kuhisi hofu au wasiwasi kuhusu kupima virusi vya ukimwi, hasa kama huna u"
6317,Swa_Ken,"Ndiyo. Inawezekana kabisa kwa watu wenye virusi vya ukimwi kuwa katika mahusiano ya kiutendaji, kufa",Kujidhibiti usiingie katika uhusiano wa kimapenzi inaweza kuwa chaguo la kibinafsi na inaweza kutege
6320,Swa_Ken,Ugomvi wa Ukimwi ni wakati baadhi ya watu wamerudia kujamiiana bila kinga na wapenzi wao walioambuki,"Ngono salama inarejelea mazoea na tabia za ngono zinazopunguza hatari ya magonjwa ya zinaa (STIs), i"
6323,Swa_Ken,Unapaswa kusoma maagizo kila wakati kabla ya kufanya kipimo. Fuata maagizo ya mtengenezaji wakati wa,"Hapana, kupima kuwa na virusi vya ukimwi haimaanishi kuwa una UKIMWI. UKIMWI unatokana na virusi vya"
6324,Swa_Ken,Kutiwa damu mishipani kunaweza kuwa njia tata na inayoweza kuokoa uhai kwa mtu aliye na UKIMWI au ha,"Hapana, watu walioambukizwa Ukimwi (Virusi vya Upungufu wa Kinga Mwilini) hawapaswi kuchangia damu. "
6325,Swa_Ken,"Maambukizi ya zinaa (STIs), pia yanajulikana kama magonjwa ya zinaa (STDs), ni magonjwa ambayo kawai",Kumsaidia ndugu au rafiki ambaye ana maambukizi ya magonjwa ya zinaa (STI) inaweza kuwa hali nyeti n
6327,Swa_Ken,Ngono ya mkundu bila kinga ina uwezekano mkubwa wa kusambaza virusi vya ukimwi/UKIMWI kuliko aina ny,"UKIMWI (Acquired Immunodeficiency Syndrome) hauambukizwi yenyewe; badala yake, ni hatua ya mwisho ya"
6333,Swa_Ken,"PEP inasimamia ""Post-Exposure Prophylaxis."" Ni matibabu ya kuzuia ambayo huchukuliwa baada ya kuambu","P2, pia inajulikana kama ""Plan B"" au ""kidonge cha asubuhi,"" ni aina ya uzazi wa mpango wa dharura un"
6337,Swa_Ken,"Jaribio la kuaminika zaidi la sampuli binafsi, OraQuick, limeidhinishwa na Mamlaka ya Chakula na Daw","Ndiyo, kuna vifaa vya kupimia Ukimwi vinavyobebeka vinavyopatikana kwa matumizi ya nyumbani au katik"
6339,Swa_Ken,"Kushiriki tendo la ndoa na wapenzi wengi, bila kujali jinsia, kunaweza kuongeza hatari ya kuambukizw",Madhara ya shughuli za ngono kati ya mvulana (kawaida mdogo au mtu wa umri mdogo) na mwanamke mzee y
6341,Swa_Ken,"Matumizi ya vidhibiti mimba, yanapotumiwa kwa usahihi na kama ilivyoagizwa na wataalamu wa afya, kwa","Ikiwa msichana au mwanamke anatumia uzazi wa mpango baada ya kushika mimba, ni muhimu kufafanua ni a"
6342,Swa_Ken,Kujiepusha na shughuli zinazoweza kusababisha maambukizi ya virusi vya ukimwi ni mojawapo ya njia bo,Kuzuia magonjwa ya zinaa (STIs) kunahusisha kufuata mazoea salama ya kujamiiana na kufanya maamuzi s
6344,Swa_Ken,"Kuwa na Virusi Vya Ukimwi kunaweza kuwa chanzo cha mfadhaiko mkubwa, kunaweza kuleta changamoto kati",Maambukizi ya Ukimwi (Virusi vya Upungufu wa Kinga ya Binadamu) hayana sifa maalum za nje ambazo zin
6345,Swa_Ken,Kupunguza unyanyapaa unaohusishwa na Ukimwi na maambukizo mengine ndani ya jamii ni muhimu kwa kukuz,"Ikiwa mtu unayemjua anapambana na woga au hisia ya kueneza Ukimwi kwa wengine, ni muhimu kutoa usaid"
6347,Swa_Ken,Sina ufikiaji wa data ya wakati halisi au uwezo wa kutoa takwimu za sasa zaidi ya sasisho langu la m,Kiwango cha maambukizi ya virusi vya ukimwi kwa wanaume nchini Kenya ni kati ya 2.2% - 3.0%.
6353,Swa_Ken,Mtazamo kwamba ngono inakuwa kipengele maarufu zaidi cha mitindo ya maisha ya kisasa inaweza kuhusis,Chaguo la tiba ya kurefusha maisha (ART) kwa watoto walio na Ukimwi (virusi vya upungufu wa kinga ya
6354,Swa_Ken,Muda wa maisha wa mtu ambaye ameambukizwa virusi vya ukimwi unaweza kutofautiana kwa kiasi kikubwa k,Matarajio ya maisha ya mtu anayeishi na Ukimwi/UKIMWI yanaweza kutofautiana kulingana na mambo mbali
6356,Swa_Ken,"Vifo vinavyotokana na UKIMWI kwa wanawake wenye umri wa miaka 15 na kuendelea ni kati ya 14,000 - 31","virusi vya ukimwi (Virusi vya Upungufu wa Kinga ya Binadamu) vinaweza kuathiri watu wa rika zote, pa"
6357,Swa_Ken,PrEP ni salama. Hakuna madhara makubwa ya kiafya ambayo yameonekana kwa watu ambao hawana Ukimwi na ,Dawa ya Pre-Exposure Prophylaxis (PrEP) ina ufanisi katika kuzuia maambukizi ya virusi vya ukimwi (V
6358,Swa_Ken,"virusi vya ukimwi (Virusi vya Upungufu wa Kinga ya Mwili) huambukizwa kupitia njia maalum, na hatari",Muda unaochukua kwa virusi vya ukimwi kuenea kutoka kwa mtu aliyeambukizwa hadi kwa mtu mwingine wak
6368,Swa_Ken,Kugundulika kuwa na virusi vya ukimwi (Virusi vya Upungufu wa Kinga Mwilini) ni hali mbaya ya kiafya,"Kama vile kujamiiana nyingine yoyote, kujamiiana kwa mdomo kuna hatari ya kusambaza virusi vya ukimw"
6370,Swa_Ken,t huwasaidia wale ambao tunapima Virusi Vya Ukimwi kuwa hawana:kuwa na ufahamu wazi wa mambo yetu ya,"Iwapo utapata utambuzi mzuri wa virusi vya ukimwi, ni muhimu kuchukua hatua kadhaa za haraka ili kuh"
6373,Swa_Ken,"Hata kwa kubadilishana mate, kumbusu kwa ujumla haizingatiwi njia muhimu ya maambukizi ya Ukimwi. Ha","Kubusu kwa Kina, kwa Mdomo Wazi: Mara chache sana, maambukizi yametokea ikiwa wenzi wote wawili wana"
6374,Swa_Ken,Tiba ya kurefusha maisha (ARV) kwa ajili ya kutibu Ukimwi/UKIMWI kwa ujumla inapatikana katika sehem,Kuna rasilimali nyingi zinazopatikana kwa ajili ya kupata usaidizi na kujifunza zaidi kuhusu Ukimwi 
6376,Swa_Ken,Ushahidi unapendekeza kwamba watu walio na virusi vya ukimwi wana uwezekano mkubwa wa kuwa wagonjwa ,"Hatujui ikiwa watu walio na virusi vya ukimwi wana uwezekano mkubwa wa kupata virusi vya Korona, kwa"
6379,Swa_Ken,"Kuhisi shinikizo kutoka kwa marafiki kushiriki katika shughuli za ngono inaweza kuwa changamoto, lak","Ikiwa mtu unayemjua anapambana na woga au hisia ya kueneza Ukimwi kwa wengine, ni muhimu kutoa usaid"
6381,Swa_Ken,Ukimwi haiwezi kukuzwa au kukuzwa nje ya mwili wa binadamu katika mazingira ya maabara kwa njia sawa,"Ndiyo, inawezekana kupata matibabu baada ya mtu kupata UKIMWI (Acquired Immunodeficiency Syndrome). "
6382,Swa_Ken,"Ndiyo, inawezekana kwa mtu aliyezaliwa na virusi vya ukimwi/UKIMWI kuolewa na kupata watoto ambao ha",Kila mtu kati ya umri wa miaka 13 na 64 anapaswa kupima Virusi Vya Ukimwi angalau mara moja. Baadhi 
6383,Swa_Ken,"Kujibu mtu mzee au mtu yeyote anayeonyesha nia ya ngono kwako wakati hupendi kunahitaji uthubutu, ma","Hapana, huwezi kupata Ukimwi kwa kumgusa tu mtu ambaye ana Ukimwi. Virusi vya UKIMWI (Virusi vya Upu"
6387,Swa_Ken,"Ndiyo, inawezekana kwa mtu asiye na Ukimwi kupata mtoto na mwenzi aliye na Ukimwi bila kupata Ukimwi","Ndiyo, inawezekana kwa wazazi wawili walio na Ukimwi kuzaa mtoto asiye na Ukimwi, lakini inahitaji u"
6388,Swa_Ken,"Hapana, kuchukua dawa za kurefusha maisha (ART) kwa muda mrefu hakutibu Ukimwi (Virusi vya Upungufu ",Hakuna tiba ya Ukimwi/UKIMWI. Ukimwi (Virusi vya Upungufu wa Kinga ya Binadamu) ni maambukizo ya vir
6389,Swa_Ken,Hatari ya kuambukizwa Ukimwi au magonjwa mengine ya zinaa (STIs) kwa njia ya ngono ya mdomo kwa ujum,Kushiriki ngono ya mdomo kuna uwezekano mdogo wa kuambukizwa Ukimwi ikilinganishwa na aina nyingine 
6391,Swa_Ken,Mfanyikazi wako wa huduma ya afya atafanya kazi na wewe kuunda wakati mzuri wa kuchukua matibabu yak,Mzigo wako wa virusi utapanda kwa kasi. Hii ina maana kwamba mfumo wako wa kinga utakuwa chini ikith
6401,Swa_Ken,Utafutaji wa tiba ya virusi vya ukimwi (Virusi vya Upungufu wa Kinga ya Binadamu) umekuwa ukiendelea,virusi vya ukimwi (Virusi vya Upungufu wa Kinga ya Mwanadamu) inaaminika kuwa asili ya nyani wasio b
6404,Swa_Ken,"Hatujui ikiwa watu walio na virusi vya ukimwi wana uwezekano mkubwa wa kupata virusi vya Korona, kwa",Ushahidi unapendekeza kwamba watu walio na virusi vya ukimwi wana uwezekano mkubwa wa kuwa wagonjwa 
6405,Swa_Ken,"Ndiyo, magonjwa ya zinaa (STIs) yanaweza kuambukizwa kupitia ngono kati ya watu wa jinsia moja, waki","Maambukizi ya zinaa (STIs), pia yanajulikana kama magonjwa ya zinaa (STDs), ni magonjwa ambayo kawai"
6409,Swa_Ken,"Ndiyo, inashauriwa kupima virusi vya ukimwi ukiwa mjamzito, hata kama ulipima virusi vya ukimwi kabl","Ndio, ili ujue kama una virusi vya ukimwi kabla ya kujamiiana bila kinga na mwenzi wako ili upate mi"
6411,Swa_Ken,Ni muhimu kuelewa kwamba hakuna njia ya kubainisha hali yako ya Ukimwi bila kupima Ukimwi. Ukimwi ni,"Ndiyo, inawezekana kwa mtu kuishi na Ukimwi bila kutumia tiba ya kurefusha maisha (ART), lakini inak"
6412,Swa_Ken,Muda wa maisha wa mtu ambaye ameambukizwa virusi vya ukimwi unaweza kutofautiana kwa kiasi kikubwa k,Raha ya kujamiiana na mwenzi aliye na virusi vya ukimwi inawezekana huku ikipunguza hatari ya kuambu
6413,Swa_Ken,"Hapana. Hali yako ya virusi vya ukimwi ni taarifa za kibinafsi, na hulazimiki kumwambia mtu yeyote.",Baadhi ya watu wanapendelea kushiriki hali zao na mtu wakati wengine hawashiriki. Kushiriki na mtu k
6415,Swa_Ken,"Ndiyo, inawezekana kwa mtu asiye na Ukimwi kupata mtoto na mwenzi aliye na Ukimwi bila kupata Ukimwi","Ndiyo, inawezekana kwa mtu anayeishi na Ukimwi au UKIMWI kuolewa au kuwa na familia na mtu ambaye ha"
6416,Swa_Ken,"Ikiwa kondomu itapasuka wakati wa kujamiiana, kuna uwezekano wa hatari ya kuambukizwa Ukimwi ikiwa m","Utumiaji wa kondomu (ambazo mara nyingi hujulikana kama ""CD"" au ""kondomu"") wakati wa shughuli za ngo"
6419,Swa_Ken,Pre-Exposure Prophylaxis (PrEP) ni mkakati wa dawa za kuzuia zinazotumiwa kupunguza hatari ya maambu,"Ikitumiwa kwa usahihi, PrEP ni nzuri sana na itapunguza hatari ya wewe kupata virusi vya ukimwi kwa "
6420,Swa_Ken,HAPANA. Watu wanaotumia dawa za ART kama walivyoelekezwa watapata kiwango cha virusi cha chini sana ,HAPANA. Mimea na dawa mbadala haziwezi kuponya virusi vya ukimwi. Njia pekee ya kudhibiti virusi vya
6421,Swa_Ken,Pre-exposure prophylaxis (PrEP) ni dawa inayotumiwa na watu wasio na Ukimwi ili kupunguza hatari yao,PrEP (Pre-Exposure Prophylaxis) kwa kawaida huchukuliwa na watu ambao hawana Ukimwi lakini walio kat
6422,Swa_Ken,Virusi Vya Ukimwi (Virusi vya Upungufu wa Kinga ya Binadamu) ni virusi vinavyoshambulia mfumo wa kin,UKIMWI unasimama kwa ugonjwa wa upungufu wa kinga mwilini na ni hatua ya mwisho na kali zaidi ya maa
6423,Swa_Ken,Ukimwi/UKIMWI inachukuliwa kuwa hali ya kudumu na inayoweza kuhatarisha maisha kwa sababu inadhoofis,Kuchukua dawa za virusi vya ukimwi ni njia bora ya kuzuia kupata OI. Dawa ya virusi vya ukimwi inawe
6425,Swa_Ken,HAPANA. Imani huwasaidia watu wengi wenye virusi vya ukimwi kukabiliana na matatizo yanayoletwa na u,Utambuzi wa virusi vya ukimwi/UKIMWI unaweza kuwa na athari kubwa ya kihisia kwa watu binafsi na una
6427,Swa_Ken,Kujiepusha na shughuli zinazoweza kusababisha maambukizi ya virusi vya ukimwi ni mojawapo ya njia bo,Kuchukua dawa za virusi vya ukimwi ni njia bora ya kuzuia kupata OI. Dawa ya virusi vya ukimwi inawe
6432,Swa_Ken,"Hapana, ngono sio njia pekee ya kuambukizwa Ukimwi (Virusi vya Upungufu wa Kinga ya Binadamu). Ukimw","Mbinu ya kutoa, pia inajulikana kama ""kuvuta nje"" au ""njia ya kuvuta,"" inahusisha mpenzi wa kiume ku"
6433,Swa_Ken,Matarajio ya maisha ya mtu anayeishi na Ukimwi ambaye anatumia tiba ya kurefusha maisha (ART) yameon,Watu wengi wanaoishi na Ukimwi wanaweza kutarajia kuishi kwa muda mrefu kama wenzao ambao hawana Uki
6434,Swa_Ken,"Kushiriki tendo la ndoa na msichana mdogo au mtu mwingine yeyote, bila kujali umri, bila kutumia kin",Raha ya kujamiiana na mwenzi aliye na virusi vya ukimwi inawezekana huku ikipunguza hatari ya kuambu
6435,Swa_Ken,"Tukio la erections(kustedi) kwa wanaume ni jambo la kawaida, na wakati mwingine hutokea bila udhibit","Si vibaya kuchumbiana au kuwa na uhusiano na mtu ambaye anaishi na magonjwa ya zinaa (STI), ikiwa ni"
6436,Swa_Ken,Kujiepusha na shughuli zinazoweza kusababisha maambukizi ya virusi vya ukimwi ni mojawapo ya njia bo,Hatua za kuzuia Ukimwi (Virusi vya Upungufu wa Kinga ya Binadamu) zinalenga kupunguza hatari ya maam
6439,Swa_Ken,Kondomu zilizoharibika zinaweza kuongeza hatari ya maambukizi ya virusi vya ukimwi na magonjwa mengi,Kondomu ni nzuri sana katika kupunguza hatari ya maambukizi ya Ukimwi inapotumiwa kwa usahihi na kwa
6443,Swa_Ken,Ukimwi (Virusi vya Upungufu wa Kinga Mwilini) vinaweza kuathiri umri wa kuishi wa mtu ikiwa havitati,Kugundulika kuwa na virusi vya ukimwi (Virusi vya Upungufu wa Kinga Mwilini) ni hali mbaya ya kiafya
6444,Swa_Ken,Dawa halisi zitatofautiana kulingana na miongozo katika nchi yako. Baadhi ya aina za matibabu ya vir,"Ndiyo. Baada ya kuzaliwa, watoto wote waliozaliwa na mama walio na virusi vya ukimwi watahitaji kutu"
6447,Swa_Ken,Vizuizi vya ushauri nasaha na upimaji wa Virusi Vya Ukimwi vinaweza kujumuisha:• sijisikii kuwa na u,"Kabla ya jaribio, HCW itajitambulisha na kupata historia fupi ya afya yako ya ngono ili tu kuweka ms"
6449,Swa_Ken,"KondomuMtu yeyote anaweza kutumia kondomu, iwe una virusi vya ukimwi au huna. Na zinafaa sana! Ndio ",Inapendekezwa kupima virusi vya ukimwi:katika miadi yako ya kwanza ya ujauzitokatika trimester ya ta
6450,Swa_Ken,Ikiwa unajali kuhusu faragha na unapendelea kupima Ukimwi katika kituo tofauti ambapo kuna uwezekano,"Ndiyo, inawezekana kwa mtu asiye na Ukimwi kupata mtoto na mwenzi aliye na Ukimwi bila kupata Ukimwi"
6451,Swa_Ken,Kuzuia virusi vya ukimwi (Virusi vya Upungufu wa Kinga ya Mwanadamu) kunahusisha kuchukua hatua madh,"Iwapo mtu amegundulika kuwa na virusi vya ukimwi/UKIMWI, kuna hatua kadhaa muhimu anazopaswa kuchuku"
6455,Swa_Ken,Utafutaji wa tiba ya virusi vya ukimwi (Virusi vya Upungufu wa Kinga ya Binadamu) umekuwa ukiendelea,"Ni muhimu kufafanua kwamba watu wanaoishi na virusi vya ukimwi/UKIMWI ni watu wa ""kawaida"" kwa maana"
6456,Swa_Ken,Muda wa maisha wa mtu ambaye ameambukizwa virusi vya ukimwi unaweza kutofautiana kwa kiasi kikubwa k,"""Maambukizi ya virusi vya ukimwi (Virusi vya UKIMWI) mara nyingi huendelea kwa hatua, na dalili zina"
6457,Swa_Ken,Uwezekano wa kupata virusi vya ukimwi/UKIMWI kupitia busu la kina ni mdogo sana. Kubadilishana kwa m,"Mbinu ya kutoa, pia inajulikana kama ""kuvuta nje"" au ""njia ya kuvuta,"" inahusisha mpenzi wa kiume ku"
6458,Swa_Ken,"Mapema kipimo wakati wa ujauzito, bora zaidi. kipimo mara kwa mara ni wewe au mpenzi wako ni mjamzit","Hapana, kuwa mwembamba au kuwa na aina fulani ya mwili hakuna uhusiano wa moja kwa moja na hali ya v"
6462,Swa_Ken,Maambukizi ya Ukimwi (Virusi vya Upungufu wa Kinga ya Binadamu) hayana sifa maalum za nje ambazo zin,Sababu kwa nini baadhi ya watu ambao wanafahamu hali yao ya kuwa na Ukimwi kuendelea kujihusisha na 
6464,Swa_Ken,"Ili kupata maelezo sahihi kuhusu virusi vya ukimwi/UKIMWI nchini Kenya, unaweza kurejelea vyanzo vin","Uamuzi wa kutumia upangaji uzazi, unaojulikana pia kama kuzuia mimba, ni wa kibinafsi sana na unapas"
6465,Swa_Ken,Kuna njia moja tu ya kujua kama una Virusi Vya Ukimwi au la. Hii ni kupitia kipimo maalum cha damu a,Njia pekee ya kujua kama una Virusi Vya Ukimwi ni kupima. Kujua hali yako ya Virusi Vya Ukimwi hukus
6467,Swa_Ken,Virusi Vya Ukimwi (Virusi vya Upungufu wa Kinga ya Binadamu) ni virusi vinavyoshambulia mfumo wa kin,Neno kurejesha ubikira wa pili si la matibabu au kisayansi bali ni la kijamii au la kibinafsi. Inare
6477,Swa_Ken,Kuamua kama mtu ana virusi vya ukimwi bila yeye kufichua hali yake au bila yeye kupima virusi vya uk,"Baadhi ya watu hupata matokeo mabaya, kama vile hali yao kuenea kote kwa watu ambao hawapaswi kujua "
6482,Swa_Ken,UKIMWI unasimama kwa ugonjwa wa upungufu wa kinga mwilini na ni hatua ya mwisho na kali zaidi ya maa,Ukimwi haviwezi kuambukizwa kupitia ukatwaji wa wembe au kukatwa kwa ngozi. HIV hupatikana kupitia m
6490,Swa_Ken,"Ndiyo, inawezekana kwa mtu kupata Ukimwi (Virusi vya Upungufu wa Kinga Mwilini) mara ya kwanza anapo","Hapana, huwezi kupata Ukimwi kwa kumgusa tu mtu ambaye ana Ukimwi. Virusi vya UKIMWI (Virusi vya Upu"
6491,Swa_Ken,Uwezekano wa mtu kuambukizwa Ukimwi wakati wa kujamiiana mara moja unaweza kutofautiana kulingana na,"Kushiriki tendo la ngono na mwenzi ambaye ana Ukimwi bila kupata Ukimwi kunawezekana, lakini inahita"
6492,Swa_Ken,Hii inarejelea wakati kutoka kwa mfiduo wa virusi hadi wakati kipimo kinaweza kugundua virusi kwenye,"Ndiyo, ni muhimu kumjulisha mtu wako muhimu kuhusu hali yako ya Virusi Vya Ukimwi. Kutumia kondomu h"
6493,Swa_Ken,Hatua za kuzuia jamii zinaonyesha ufanisi wa ajabu katika kuzuia maambukizi mapya ya Ukimwi. Mbinu k,"Ndiyo, kushiriki kwa vinyago vya ngono kunaweza kusababisha kuenea kwa magonjwa ya zinaa (STIs) mion"
6495,Swa_Ken,Kumsaidia rafiki ambaye ana Ukimwi/UKIMWI kunaweza kuleta mabadiliko makubwa katika ustawi wao na ub,Kusaidia mtu aliye na Ukimwi ambaye anakabiliwa na ubaguzi katika jamii ni muhimu ili kumsaidia kuka
6498,Swa_Ken,Kinga ya Baada ya Kufichua (PEP) ni matibabu ya muda ambayo hutumiwa kupunguza hatari ya kuambukizwa,Muda wa Post-Exposure Prophylaxis (PEP) kwa Ukimwi kwa kawaida huhusisha kutumia dawa za kurefusha m
6499,Swa_Ken,Ni vigumu kuzuia TB kwa sababu inaweza kupitishwa kwa njia ya hewa. Ikiwa una virusi vya ukimwi na m,"Kwa sasa hakuna tiba ya Ukimwi, ambayo ina maana kwamba hatuwezi kuiondoa kabisa kutoka kwa mwili. H"
6502,Swa_Ken,Matumizi ya mara kwa mara na sahihi ya kondomu ni mojawapo ya mbinu bora zaidi za kupunguza hatari y,"Kugusa: Kugusa kunahusisha kuweka mikono yako, sehemu nyingine za mwili, au vinyago vya ngono kwa mw"
6503,Swa_Ken,"""Maambukizi ya virusi vya ukimwi (Virusi vya UKIMWI) mara nyingi huendelea kwa hatua, na dalili zina",Tiba ya kurefusha maisha ina uwezo wa kutibu virusi vya ukimwi hadi pale ambapo haionekani katika da
6506,Swa_Ken,virusi vya ukimwi (Virusi vya Upungufu wa Kinga Mwilini) na UKIMWI (Acquired Immunodeficiency Syndro,Tattoo na Kutoboa Mwili: Hakuna kesi zinazojulikana nchini Marekani za mtu yeyote kupata Virusi Vya 
6507,Swa_Ken,"Ndiyo, tiba ya kurefusha maisha (ART) inapunguza kiwango cha kuzidisha virusi vya ukimwi (kujirudia)","Hapana, kuwa na Ukimwi haimaanishi kuwa ndio mwisho wa maisha yako. Ukimwi (Virusi vya Upungufu wa K"
6508,Swa_Ken,"Hatujui ikiwa watu walio na virusi vya ukimwi wana uwezekano mkubwa wa kupata virusi vya Korona, kwa",Watu walio katika uhusiano wa mwenzi mmoja wako katika hatari ndogo ya kuambukizwa Virusi Vya Ukimwi
6510,Swa_Ken,Uwezekano kwamba ndugu wa baba mwenye Ukimwi na mama asiye na Ukimwi pia watakuwa na Ukimwi unategem,Kutotumia tiba ya kurefusha maisha (ARV) wakati unaishi na Ukimwi (Virusi vya Upungufu wa Kinga ya B
6511,Swa_Ken,Matumizi ya mara kwa mara na sahihi ya kondomu ni mojawapo ya mbinu bora zaidi za kupunguza hatari y,Kuna dawa unayoweza kutumia ili kuzuia kupata ukimwi baada ya kuambukizwa hivi majuzi. Zungumza na m
6513,Swa_Ken,"Sio magonjwa yote ya zinaa (STIs) yanatibika, lakini mengi yanaweza kutibiwa vyema kwa matibabu na d","Ndiyo, magonjwa mengi ya zinaa (STIs), mbali na Ukimwi, yana tiba au yanaweza kutibiwa ipasavyo kwa "
6518,Swa_Ken,Uwezekano wa mtu kuambukizwa Ukimwi wakati wa kujamiiana mara moja unaweza kutofautiana kulingana na,"Ndani yenyewe, saratani sio ugonjwa wa zinaa. Hata hivyo kuna baadhi ya magonjwa ya zinaa ambayo huo"
6519,Swa_Ken,Ni muhimu kupima virusi vya ukimwi mwanzoni mwa uhusiano kwa sababu kwa njia hiyo utajua hali yako n,"Hiyo inategemea ulipo. Katika baadhi ya maeneo, unahitaji ruhusa kwa wazazi wako’ kabla ya kupata mt"
6522,Swa_Ken,"Ndiyo, inawezekana kwa mtu kupata Ukimwi (Virusi vya Upungufu wa Kinga Mwilini) mara ya kwanza anapo","Ndiyo, inawezekana kufurahia maisha ya ngono yenye kuridhisha na ya kuridhisha ukiwa na Ukimwi. Kuwa"
6523,Swa_Ken,"Ndiyo. Mara mtoto wako anapozaliwa, atahitaji kuchukua matibabu ya virusi vya ukimwi ili kusaidia ku",Dawa halisi zitatofautiana kulingana na miongozo katika nchi yako. Baadhi ya aina za matibabu ya vir
6524,Swa_Ken,Mtazamo kwamba ngono inakuwa kipengele maarufu zaidi cha mitindo ya maisha ya kisasa inaweza kuhusis,"Tatu, zinazohusisha shughuli za ngono au uhusiano na watu watatu, si jambo geni na zimekuwepo katika"
6528,Swa_Ken,"Upimaji wa Ukimwi kwa kawaida hufanywa kwa kutumia sampuli ya damu, lakini pia kuna njia nyingine za",Unapaswa kusoma maagizo kila wakati kabla ya kufanya kipimo. Fuata maagizo ya mtengenezaji wakati wa
6529,Swa_Ken,Hii inarejelea wakati kutoka kwa mfiduo wa virusi hadi wakati kipimo kinaweza kugundua virusi kwenye,"Kabla ya dawa za Virusi Vya Ukimwi kupatikana, Wanasayansi walikuwa wakifikiri kwamba karibu nusu ya"
6533,Swa_Ken,Kinga ya baada ya Mfiduo (PEP) kwa Ukimwi kwa kawaida hupendekezwa kwa watu ambao wamekuwa na uwezek,Tiba ya kuzuia vijidudu huondoa kabisa virusi vya ukimwi kutoka kwa mwili wako ikiwa ni pamoja na ku
6534,Swa_Ken,Kutumia vifaa vya kupima Ukimwi/UKIMWI kwa kawaida huhusisha hatua zifuatazo. Tafadhali kumbuka kuwa,"Ndiyo, kuna vifaa vya kupimia Ukimwi vinavyobebeka vinavyopatikana kwa matumizi ya nyumbani au katik"
6537,Swa_Ken,Kujua kama una virusi vya ukimwi (Virusi vya Upungufu wa Kinga Mwilini) kabla ya wengine kujua kunaw,Kukabiliana na watu baada ya kugunduliwa kuwa na virusi vya ukimwi kunaweza kuwa uzoefu wa changamot
6538,Swa_Ken,"Tatu, zinazohusisha shughuli za ngono au uhusiano na watu watatu, si jambo geni na zimekuwepo katika",Mtazamo kwamba ngono inakuwa kipengele maarufu zaidi cha mitindo ya maisha ya kisasa inaweza kuhusis
6542,Swa_Ken,Kushughulikia hali ambapo mwenzi wako hataki kupima Ukimwi au maambukizi yoyote ya zinaa (STI) inawe,"Kwa bahati mbaya, hapana. Hakuna tiba iliyogunduliwa kwa Ukimwi bado. Ukimwi ni virusi vinavyoshambu"
6546,Swa_Ken,"Kwa kuwa Ukimwi hupitishwa kupitia damu, shahawa, ute wa uke au maziwa ya mama, kumkumbatia au kumbu",Kushiriki ngono ya mdomo kuna uwezekano mdogo wa kuambukizwa Ukimwi ikilinganishwa na aina nyingine 
6548,Swa_Ken,"Hapana, huwezi kupata virusi vya ukimwi (Virusi vya Upungufu wa Kinga Mwilini) kwa kushiriki vyombo,","Mimi si mtaalamu wa sheria au matibabu, lakini ninaweza kutoa maelezo ya jumla kuhusu hatua unazowez"
6558,Swa_Ken,"Ndiyo, kuna dawa na mikakati ya kuzuia ambayo inaweza kusaidia kupunguza hatari ya kupata magonjwa y","Ndiyo, kuna njia mbalimbali za kudhibiti na kuzuia magonjwa ya zinaa (STDs) na magonjwa ya zinaa (ST"
6562,Swa_Ken,virusi vya ukimwi (Virusi vya Upungufu wa Kinga Mwilini) na UKIMWI (Upungufu wa Kinga Mwilini) vinaw,"Ni muhimu kupima ikiwa wewe; wamefanya ngono bila kinga na mtu aliyeambukizwa, hivi karibuni wamegun"
6563,Swa_Ken,"Kuwa na Virusi Vya Ukimwi kunaweza kuwa chanzo cha mfadhaiko mkubwa, kunaweza kuleta changamoto kati","Ukimwi vinaweza kuathiri maisha yako ya ngono, lakini haimaanishi kwamba maisha yako ya ngono lazima"
6564,Swa_Ken,Kusaidia mtu aliye na Ukimwi ambaye anakabiliwa na ubaguzi katika jamii ni muhimu ili kumsaidia kuka,"Ikiwa mtu unayemjua anapambana na woga au hisia ya kueneza Ukimwi kwa wengine, ni muhimu kutoa usaid"
6565,Swa_Ken,"Yeyote ambaye ameambukizwa virusi vya ukimwi ama kwa kujamiiana bila kinga, kutumia sindano au kuath",PrEP inaweza kuchukuliwa na mtu yeyote hasi lakini inapendekezwa kwa watu walio katika hatari ikiwa 
6569,Swa_Ken,Ni kweli kwamba watu wengi wanaoishi na virusi vya ukimwi wanaweza kuishi maisha marefu na yenye afy,Matarajio ya maisha ya mtu anayeishi na virusi vya ukimwi (Virusi vya Upungufu wa Kinga ya Binadamu)
6571,Swa_Ken,virusi vya ukimwi katika damu ya mama inaweza kupita katika mwili wa mtoto wake wakati yeye ni mjamz,"""Mwanamke anayeishi na virusi vya ukimwi anaweza kumwambukiza mtoto wake virusi wakati wa ujauzito, "
6573,Swa_Ken,Kujidhibiti usiingie katika uhusiano wa kimapenzi inaweza kuwa chaguo la kibinafsi na inaweza kutege,"Kukuza kujistahi kwa mgonjwa wa UKIMWI ni muhimu kwa ustawi wao kwa ujumla, kwani kunaweza kuathiri "
6574,Swa_Ken,"virusi vya ukimwi (Virusi vya Upungufu wa Kinga ya Mwanadamu) hutambuliwa kama ugonjwa muhimu na, ma",Tiba ya kurefusha maisha ina uwezo wa kutibu virusi vya ukimwi hadi pale ambapo haionekani katika da
6576,Swa_Ken,"Hapana, haifai kufanya ngono bila kinga ukiwa kwenye Kinga ya Baada ya Kufichua (PEP). PEP ni tiba y","Kushiriki tendo la ngono bila njia ya kizuizi, kama vile kondomu, mara nyingi hujulikana kama ""kufan"
6577,Swa_Ken,"Kutambua kama mtu ameshiriki tendo la ngono ni jambo la kibinafsi na la kibinafsi, na inapaswa kuteg","Kujizuia kufanya ngono ni chaguo la kibinafsi ambalo linategemea hali yako binafsi, maadili, na mape"
6579,Swa_Ken,Hatua za kuzuia Ukimwi (Virusi vya Upungufu wa Kinga ya Binadamu) zinalenga kupunguza hatari ya maam,Uingiliaji kati wa tabia umeonyeshwa kuwa na uwezo wa kubadilisha tabia za hatari zinazohusiana na m
6580,Swa_Ken,Kuchukua dawa za virusi vya ukimwi ni njia bora ya kuzuia kupata OI. Dawa ya virusi vya ukimwi inawe,"Kutoa msaada wa chakula, ikiwa ni pamoja na unga kwa ajili ya uji, kwa watu wanaoishi na Ukimwi/UKIM"
6581,Swa_Ken,Matokeo ya kipimo tendaji inamaanisha kuwa kipimo hakikuwa wazi ikiwa una virusi au la. Utahitaji ku,"Hapana, kuwa na Ukimwi haimaanishi kuwa ndio mwisho wa maisha yako. Ukimwi (Virusi vya Upungufu wa K"
6585,Swa_Ken,Kumsaidia rafiki ambaye ana Ukimwi/UKIMWI kunaweza kuleta mabadiliko makubwa katika ustawi wao na ub,Kusaidia mtu aliye na Ukimwi ambaye anakabiliwa na ubaguzi katika jamii ni muhimu ili kumsaidia kuka
6586,Swa_Ken,"Ikiwa mtu amefanya ngono na hatimaye akaambukizwa Ukimwi, ni muhimu kwake kuchukua hatua za haraka k",Muda unaochukuliwa kwa mtu kupima Ukimwi baada ya kushiriki ngono bila kinga na mtu aliye na Ukimwi 
6588,Swa_Ken,"Ndiyo, ni kweli kwamba kuna aina tofauti na aina ndogo za virusi vya ukimwi (Virusi vya Upungufu wa ","Uamuzi wa kutoa mimba ni wa kibinafsi na mgumu sana, na unaathiriwa na mambo mbalimbali, ikiwa ni pa"
6589,Swa_Ken,"Ndiyo, kabisa. Jambo bora la kufanya ni kila wakati mtoto wako ajaribiwe ili ujue cha kufanya. ","Ndiyo. Ni muhimu kupima virusi vya ukimwi unapokuwa mjamzito, ili kujua kama una virusi vya ukimwi.I"
6594,Swa_Ken,"Ikiwa umefanya ngono na mtu unayeshuku au unayemfahamu kuwa na Ukimwi, ni muhimu kuchukua hatua za h",Hatua ifaayo ni kuzungumza na mtoa huduma wa afya aliyefunzwa ambaye atakuongoza katika mchakato wa 
6604,Swa_Ken,"Ndiyo, kuna njia mbalimbali za kudhibiti na kuzuia magonjwa ya zinaa (STDs) na magonjwa ya zinaa (ST","Maambukizi ya zinaa (STIs), pia yanajulikana kama magonjwa ya zinaa (STDs), ni magonjwa ambayo kawai"
6606,Swa_Ken,"Ndiyo, matumizi ya kondomu yanapendekezwa sana wakati wa shughuli za ngono, hasa kwa watu ambao hawa","Linapokuja suala la kuchagua aina ya kondomu, chaguo bora zaidi inategemea mapendekezo ya mtu binafs"
6615,Swa_Ken,Wanawake wengi wanaopima virusi vya ukimwi wakiwa wajawazito hawajui kuwa wana virusi vya ukimwi. Hu,"Ndiyo, wingi wa virusi vya mtu anayeishi na Ukimwi una jukumu muhimu katika uwezo wao wa kusambaza v"
6623,Swa_Ken,"Kugusa: Kugusa kunahusisha kuweka mikono yako, sehemu nyingine za mwili, au vinyago vya ngono kwa mw","Ndiyo, kuna hatari kubwa ya kupata virusi vya ukimwi unapofanya ngono ya mkundu bila kinga. Hii ni k"
6624,Swa_Ken,"Upatikanaji wa dawa za bure za virusi vya ukimwi, mara nyingi hujulikana kama tiba ya kurefusha mais",Hatua ya 1: Maambukizi ya Virusi Vya Ukimwi ya Papo hapoWatu wana kiasi kikubwa cha Virusi Vya Ukimw
6628,Swa_Ken,"Kuharibika kwa mimba ni kupoteza mimba kabla ya fetusi kuishi nje ya tumbo la uzazi, ambayo hutokea ",Wanawake wengi wanaopima virusi vya ukimwi wakiwa wajawazito hawajui kuwa wana virusi vya ukimwi. Hu
6631,Swa_Ken,Ndiyo! Inawezekana kupata mtoto asiye na virusi vya ukimwi kwa usalama pamoja.,"Ndiyo, inawezekana kwa wazazi wawili walio na Ukimwi kuzaa mtoto asiye na Ukimwi, lakini inahitaji u"
6632,Swa_Ken,"Utumiaji wa kondomu (ambazo mara nyingi hujulikana kama ""CD"" au ""kondomu"") wakati wa shughuli za ngo","Sio kila mtu yuko tayari kutumia kondomu, kwa hivyo usifikirie kuwa mwenzi wako atataka au kuwa na m"
6633,Swa_Ken,"Ikiwa umefanya ngono na mtu unayeshuku au unayemfahamu kuwa na Ukimwi, ni muhimu kuchukua hatua za h",Iwapo unaishi na virusi vya ukimwi na unapenda kuchumbiana au kuanzisha uhusiano wa kimapenzi na was
6634,Swa_Ken,"Baada ya takriban miongo miwili ya utafiti kuhusu afua za kuzuia maambukizi ya Ukimwi, kuna data nyi","Kumsaidia mtu aliye na Ukimwi kimatibabu kunahusisha kuhakikisha kuwa anapata huduma ya afya, matiba"
6636,Swa_Ken,Matokeo ya upimaji wa Ukimwi kwa kawaida huchukuliwa kuwa ya siri na ya faragha. Watoa huduma za afy,"Mimi si mtaalamu wa sheria au matibabu, lakini ninaweza kutoa maelezo ya jumla kuhusu hatua unazowez"
6643,Swa_Ken,Imani kwamba wanaume wako katika kiwango cha chini cha kuambukizwa Ukimwi/UKIMWI si sahihi kabisa. V,Ni kweli kwamba watu wengi wanaoishi na virusi vya ukimwi wanaweza kuishi maisha marefu na yenye afy
6644,Swa_Ken,Ndiyo. Watu wenye virusi vya ukimwi pia wanaweza kuwa na maisha ya ngono yenye afya na ya kufurahish,"Iwapo mtu amegundulika kuwa na virusi vya ukimwi/UKIMWI, kuna hatua kadhaa muhimu anazopaswa kuchuku"
6645,Swa_Ken,virusi vya ukimwi (Virusi vya Upungufu wa Kinga ya Mwanadamu) kwa ujumla haisambazwi kwa njia ya mat,virusi vya ukimwi huambukizwa kwa kubadilishana maji maji fulani ya mwili. Majimaji hayo ni pamoja n
6646,Swa_Ken,"Ni muhimu kufafanua kuwa kuwa LGBTQ+ (Msagaji, Mashoga, Mwenye Jinsia Mbili, Mbadili jinsia, Queer/K",Kiwango cha juu cha maambukizi ya Ukimwi katika baadhi ya vyuo au vyuo vikuu vinaweza kuhusishwa na 
6650,Swa_Ken,Kujiepusha na shughuli zinazoweza kusababisha maambukizi ya virusi vya ukimwi ni mojawapo ya njia bo,Ni vigumu kuzuia TB kwa sababu inaweza kupitishwa kwa njia ya hewa. Ikiwa una virusi vya ukimwi na m
6652,Swa_Ken,Kuendelea kwa maambukizi ya virusi vya ukimwi (Virusi vya Upungufu wa Kinga Mwilini) hutofautiana ka,Muda wa maisha wa mtu ambaye ameambukizwa virusi vya ukimwi unaweza kutofautiana kwa kiasi kikubwa k
6653,Swa_Ken,Kondomu ni nzuri sana katika kupunguza hatari ya maambukizi ya Ukimwi inapotumiwa kwa usahihi na kwa,"Kondomu inapopasuka au kupasuka wakati wa kujamiiana, kuna hatari ya kuambukizwa Ukimwi ikiwa mwenzi"
6664,Swa_Ken,"Aina bora ya kondomu kwako inategemea mapendeleo yako ya kibinafsi, mahitaji, na mambo yoyote maalum",Kondomu mara nyingi zinapatikana bila malipo kutoka kwa kliniki za afya ya ngono au wataalamu wa afy
6666,Swa_Ken,Kula kwa AfyaKula kwa afya ni nzuri kwa afya yako kwa ujumla. Kufuatia lishe yenye afya kuna faida k,"Ngono inaweza kuwa sehemu ya afya na ya kawaida ya maisha ya binadamu inapofanywa kwa maelewano, kwa"
6669,Swa_Ken,"Ikiwa umefanya ngono na mtu unayeshuku au unayemfahamu kuwa na Ukimwi, ni muhimu kuchukua hatua za h","Hapana, kuwa na Ukimwi haimaanishi kuwa ndio mwisho wa maisha yako. Ukimwi (Virusi vya Upungufu wa K"
6670,Swa_Ken,"Kwa watu wazima wenye umri kati ya miaka 15 - 49, ni kati ya 3.7% hadi 4.4%. Wanawake wanaoishi na v",Kiwango cha maambukizi ya virusi vya ukimwi kwa wanaume nchini Kenya ni kati ya 2.2% - 3.0%.
6673,Swa_Ken,Dalili za awali za maambukizi ya Ukimwi (Virusi vya Upungufu wa Kinga Mwilini) zinaweza kutofautiana,"Ndiyo, ni muhimu kumjulisha mtu wako muhimu kuhusu hali yako ya Virusi Vya Ukimwi. Kutumia kondomu h"
6674,Swa_Ken,"Ni kawaida tu kuwa na wasiwasi na wasiwasi kwa mtoto wako. Hata hivyo, virusi vya ukimwi inasimamiwa",virusi vya ukimwi (Virusi vya Upungufu wa Kinga ya Mwanadamu) haviwezi kuambukizwa kutoka kwa mama k
6675,Swa_Ken,"Ndiyo, inawezekana kwa wazazi wawili walio na Ukimwi kuzaa mtoto asiye na Ukimwi, lakini inahitaji u","Ndiyo, inawezekana kwa mtu aliyezaliwa na virusi vya ukimwi/UKIMWI kuolewa na kupata watoto ambao ha"
6676,Swa_Ken,Kushiriki ngono ya mdomo kuna uwezekano mdogo wa kuambukizwa Ukimwi ikilinganishwa na aina nyingine ,Matumizi sahihi na ya mara kwa mara ya mpira au kondomu za polyurethane ni njia nzuri ya kupunguza h
6680,Swa_Ken,"Utumiaji wa kondomu (ambazo mara nyingi hujulikana kama ""CD"" au ""kondomu"") wakati wa shughuli za ngo",Wanawake wengi wanaopima virusi vya ukimwi wakiwa wajawazito hawajui kuwa wana virusi vya ukimwi. Hu
6682,Swa_Ken,"Ikiwa umefanya ngono na mtu unayeshuku au unayemfahamu kuwa na Ukimwi, ni muhimu kuchukua hatua za h","Kumsaidia rafiki au jamaa aliye na Ukimwi kunahitaji huruma, uelewa, na mtazamo usio wa kuhukumu. Ha"
6684,Swa_Ken,Ni muhimu kuelewa kwamba hakuna njia ya kubainisha hali yako ya Ukimwi bila kupima Ukimwi. Ukimwi ni,Kuna njia moja tu ya kujua kama una Virusi Vya Ukimwi au la. Hii ni kupitia kipimo maalum cha damu a
